0.0025 2.0 0.0 1.9999999999999936 2.6757869868218554e-14 -1.3790593622234122e-70
0.0075 2.0 0.0 1.999999999999997 1.137558874273108e-14 -1.6758460996899557e-70
0.0125 2.0 0.0 1.9999999999999947 2.1253937513415064e-14 -2.0270559036300675e-70
0.0175 2.0 0.0 1.999999999999996 1.2992559457351843e-14 -2.44187297645711e-70
0.0225 2.0 0.0 1.999999999999995 1.7295418920951414e-14 -2.930952835662774e-70
0.0275 2.0 0.0 1.9999999999999956 1.2979750364965601e-14 -3.5066495981456865e-70
0.0325 2.0 0.0 1.999999999999995 1.3795518641425824e-14 -4.1832774258043423e-70
0.037500000000000006 2.0 0.0 1.9999999999999956 1.1246614896150737e-14 -4.9774111563089664e-70
0.042499999999999996 2.0 0.0 1.9999999999999956 1.2000068594946328e-14 -5.908231868617492e-70
0.0475 2.0 0.0 1.9999999999999956 1.0536906000912378e-14 -6.997923961638603e-70
0.052500000000000005 2.0 0.0 1.9999999999999956 1.1180541946309271e-14 -8.272131271001598e-70
0.057499999999999996 2.0 0.0 1.9999999999999956 9.713686731654195e-15 -9.760480829593164e-70
0.0625 2.0 0.0 1.9999999999999956 8.623237293952551e-15 -1.1497184111213586e-69
0.0675 2.0 0.0 1.9999999999999956 9.136344265509964e-15 -1.3521727004676061e-69
0.07250000000000001 2.0 0.0 1.9999999999999956 9.41678746944636e-15 -1.587966137231769e-69
0.0775 2.0 0.0 1.9999999999999956 8.905507979473387e-15 -1.8623512879828529e-69
0.0825 2.0 0.0 1.9999999999999956 8.060176020682859e-15 -2.1813821875023e-69
0.0875 2.0 0.0 1.9999999999999956 7.219879656509214e-15 -2.55203364775579e-69
0.0925 2.0 0.0 1.9999999999999956 6.464187426646765e-15 -2.982337976023084e-69
0.0975 2.0 0.0 1.9999999999999956 5.708932742792679e-15 -3.481541600190898e-69
0.10250000000000001 2.0 0.0 1.9999999999999956 4.484633644907967e-15 -4.0602844524737043e-69
0.1075 2.0 0.0 1.9999999999999956 4.061338372336125e-15 -4.730805365428287e-69
0.1125 2.0 0.0 1.999999999999995 5.4706497590595365e-15 -5.50717719283256e-69
0.1175 2.0 0.0 1.999999999999995 5.056070344034552e-15 -6.405575890593817e-69
0.1225 2.0 0.0 1.999999999999995 3.704662419396243e-15 -7.444588388082509e-69
0.1275 2.0 0.0 1.999999999999995 3.505667245160243e-15 -8.645564758164884e-69
0.1325 2.0 0.0 1.999999999999995 2.639963473641525e-15 -1.0033020966093977e-68
0.1375 2.0 0.0 1.999999999999995 1.9125986087384748e-15 -1.1635099356149476e-68
0.14250000000000002 2.0 0.0 1.999999999999995 1.3746333678894675e-15 -1.3484095035222095e-68
0.1475 2.0 0.0 1.999999999999995 1.3058770639513281e-15 -1.5617057450920286e-68
0.1525 2.0 0.0 1.999999999999995 7.225792579225244e-16 -1.8076477757254241e-68
0.1575 2.0 0.0 1.999999999999995 1.3561909737490164e-16 -2.0911074034827997e-68
0.1625 2.0 0.0 1.999999999999995 -2.017643988510943e-16 -2.4176688109133217e-68
0.1675 2.0 0.0 1.999999999999995 -2.0083300327279516e-16 -2.793730961763713e-68
0.17250000000000001 2.0 0.0 1.9999999999999947 8.210673069923801e-16 -3.226624514508567e-68
0.1775 2.0 0.0 1.9999999999999947 8.966555127288498e-16 -3.724745271257266e-68
0.1825 2.0 0.0 1.9999999999999942 1.3678738165819753e-15 -4.297706470952456e-68
0.1875 2.0 0.0 1.9999999999999942 1.6554193771637318e-15 -4.956512554488603e-68
0.1925 2.0 0.0 1.9999999999999942 6.40953110670059e-16 -5.7137573916047345e-68
0.1975 2.0 0.0 1.9999999999999942 -1.2887115548448706e-16 -6.583850371058892e-68
0.2025 2.0 0.0 1.9999999999999942 -4.397860141250011e-16 -7.583274223329352e-68
0.20750000000000002 2.0 0.0 1.9999999999999942 -8.888850833487657e-16 -8.73087897647848e-68
0.2125 2.0 0.0 1.9999999999999942 -1.544138491528955e-15 -1.0048217049466512e-67
0.2175 2.0 0.0 1.9999999999999942 -1.951266650785632e-15 -1.1559925172787331e-67
0.2225 2.0 0.0 1.9999999999999942 -2.2527527451871936e-15 -1.3294159604919938e-67
0.2275 2.0 0.0 1.9999999999999942 -2.5939135479887476e-15 -1.528309199714675e-67
0.2325 2.0 0.0 1.9999999999999942 -2.8336320188152345e-15 -1.75634742630506e-67
0.2375 2.0 0.0 1.9999999999999942 -3.3128776273377407e-15 -2.0177281948396558e-67
0.2425 2.0 0.0 1.9999999999999942 -3.933700822087818e-15 -2.3172446890408157e-67
0.2475 2.0 0.0 1.9999999999999942 -4.4120928439707224e-15 -2.6603691423183244e-67
0.2525 2.0 0.0 1.9999999999999942 -4.072156488597032e-15 -3.053347805148097e-67
0.2575 2.0 0.0 1.9999999999999942 -4.442960590965531e-15 -3.5033090404848925e-67
0.2625 2.0 0.0 1.9999999999999942 -4.586216168000569e-15 -4.018386342776648e-67
0.2675 2.0 0.0 1.9999999999999942 -6.1590921904843685e-15 -4.6078583193286396e-67
0.2725 2.0 0.0 1.9999999999999942 -7.007105749895356e-15 -5.2823079485558313e-67
0.2775 2.0 0.0 1.9999999999999938 -7.322095351808827e-15 -6.053803742442027e-67
0.28250000000000003 2.0 0.0 1.9999999999999942 -8.380511322387708e-15 -6.936105795160753e-67
0.2875 2.0 0.0 1.9999999999999942 -8.025332967674529e-15 -7.944900101904554e-67
0.2925 2.0 0.0 1.9999999999999942 -7.410921576564525e-15 -9.098064987789774e-67
0.2975 2.0 0.0 1.9999999999999938 -8.66069439583037e-15 -1.0415974003353164e-66
0.3025 2.0 0.0 1.9999999999999933 -1.1336952920962759e-14 -1.1921840228741437e-66
0.3075 2.0 0.0 1.999999999999993 -1.1087685295792057e-14 -1.3642107592246355e-66
0.3125 2.0 0.0 1.999999999999993 -1.2154211139773483e-14 -1.5606895560755955e-66
0.3175 2.0 0.0 1.9999999999999931 -1.373007993441581e-14 -1.7850504411534008e-66
0.3225 2.0 0.0 1.999999999999993 -1.4888650317153777e-14 -2.0411989259774092e-66
0.3275 2.0 0.0 1.999999999999993 -1.4218569647984693e-14 -2.3335812109450782e-66
0.3325 2.0 0.0 1.9999999999999931 -1.1746181202276968e-14 -2.6672582432960435e-66
0.3375 2.0 0.0 1.9999999999999942 -9.973353864424591e-15 -3.047989818704041e-66
0.3425 2.0 0.0 1.999999999999995 -6.7570525816350136e-15 -3.4823300759855237e-66
0.34750000000000003 2.0 0.0 1.999999999999995 -4.8052723614317e-15 -3.977735914151629e-66
0.35250000000000004 2.0 0.0 1.9999999999999956 -5.072833623525779e-15 -4.5426900644890787e-66
0.3575 2.0 0.0 1.9999999999999962 -2.406103038444944e-15 -5.186840780677984e-66
0.3625 2.0 0.0 1.999999999999997 7.492288179284954e-16 -5.921160370615494e-66
0.3675 2.0 0.0 1.999999999999997 3.778587269410612e-16 -6.758125088627962e-66
0.3725 2.0 0.0 1.999999999999997 -1.181086054039811e-16 -7.711919240561685e-66
0.3775 2.0 0.0 1.999999999999997 9.838895111955736e-18 -8.798666731935114e-66
0.3825 2.0 0.0 1.999999999999997 1.0359008616392436e-17 -1.0036693716650759e-65
0.3875 2.0 0.0 1.999999999999997 -3.9852770582442996e-18 -1.1446826487103051e-65
0.3925 2.0 0.0 1.999999999999997 2.8283534208207455e-19 -1.305272929327943e-65
0.3975 2.0 0.0 1.999999999999997 8.428031570819245e-20 -1.4881287396750002e-65
0.4025 2.0 0.0 1.999999999999997 -1.3587259411281716e-19 -1.696304136471897e-65
0.40750000000000003 2.0 0.0 1.999999999999997 -5.713102721142037e-20 -1.933267939995452e-65
0.41250000000000003 2.0 0.0 1.999999999999997 -6.601716132619746e-20 -2.2029595396344515e-65
0.4175 2.0 0.0 1.999999999999997 -7.158169613807824e-20 -2.5098521420441516e-65
0.4225 2.0 0.0 1.999999999999997 -7.270015221667396e-20 -2.8590244461693085e-65
0.4275 2.0 0.0 1.999999999999997 -7.712470914730386e-20 -3.2562418585272163e-65
0.4325 2.0 0.0 1.999999999999997 -8.353344983671536e-20 -3.7080485080592204e-65
0.4375 2.0 0.0 1.999999999999997 -9.147598938378869e-20 -4.221871484767452e-65
0.4425 2.0 0.0 1.999999999999997 -9.887356629089358e-20 -4.806138912666421e-65
0.4475 2.0 0.0 1.999999999999997 -1.1535081734857222e-19 -5.4704136781014575e-65
0.4525 2.0 0.0 1.999999999999997 -1.1709910631162672e-19 -6.225544872296053e-65
0.4575 2.0 0.0 1.999999999999997 -1.4204313082963027e-19 -7.083839275621506e-65
0.4625 2.0 0.0 1.999999999999997 -1.603253456553296e-19 -8.05925551450868e-65
0.4675 2.0 0.0 1.999999999999997 -1.0975128545753566e-19 -9.167623864574696e-65
0.47250000000000003 2.0 0.0 1.999999999999997 -2.9702983522907344e-19 -1.042689506051616e-64
0.47750000000000004 2.0 0.0 1.999999999999997 5.672096222474963e-20 -1.1857421910234172e-64
0.4825 2.0 0.0 1.999999999999997 -4.035967833837637e-19 -1.3482278003995889e-64
0.4875 2.0 0.0 1.999999999999997 -2.8947199773278417e-19 -1.5327618366328095e-64
0.4925 2.0 0.0 1.999999999999997 -5.795082319010842e-19 -1.7423087527021033e-64
0.4975 2.0 0.0 1.999999999999997 1.6068822365037163e-17 -1.980228119718218e-64
0.5025 2.0 0.0 1.999999999999997 -9.519330350891586e-17 -2.2503268537095473e-64
0.5075000000000001 2.0 0.0 1.999999999999997 4.161936396195e-16 -2.5569182906401962e-64
0.5125 2.0 0.0 1.9999999999999973 1.6335306582164425e-15 -2.9048890006825248e-64
0.5175000000000001 2.0 0.0 1.9999999999999973 2.0050727292073565e-15 -3.29977434782936e-64
0.5225 2.0 0.0 1.9999999999999973 1.821513234151137e-15 -3.7478439307291665e-64
0.5275000000000001 2.0 0.0 1.9999999999999973 2.0157140407686067e-15 -4.256198187061687e-64
0.5325 2.0 0.0 1.9999999999999973 1.7013550268822545e-15 -4.832877608934616e-64
0.5375000000000001 2.0 0.0 1.9999999999999973 1.6833478511252387e-15 -5.4869862030630075e-64
0.5425 2.0 0.0 1.9999999999999976 2.844564788738097e-15 -6.228831039583116e-64
0.5475000000000001 2.0 0.0 1.9999999999999982 4.2742646391945e-15 -7.07007997023945e-64
0.5525 2.0 0.0 1.9999999999999982 4.855972079917451e-15 -8.023939863812013e-64
0.5575000000000001 2.0 0.0 1.9999999999999982 4.722279725236696e-15 -9.105358007790321e-64
0.5625 2.0 0.0 1.9999999999999982 4.7485599321949495e-15 -1.0331249664820779e-63
0.5675000000000001 2.0 0.0 1.9999999999999982 4.749991367235135e-15 -1.1720755155142651e-63
0.5725 2.0 0.0 1.9999999999999982 4.747747525157954e-15 -1.329553026758476e-63
0.5775 2.0 0.0 1.9999999999999982 4.7482301848570925e-15 -1.5080074287854763e-63
0.5825 2.0 0.0 1.9999999999999982 4.748188242319943e-15 -1.7102100480687628e-63
0.5874999999999999 2.0 0.0 1.9999999999999982 4.7481550454498956e-15 -1.93929544797814e-63
0.5925 2.0 0.0 1.9999999999999982 4.748173504619621e-15 -2.198808673499352e-63
0.5974999999999999 2.0 0.0 1.9999999999999982 4.748168884074363e-15 -2.4927585949947157e-63
0.6025 2.0 0.0 1.9999999999999982 4.7481691730676625e-15 -2.825678132594467e-63
0.6074999999999999 2.0 0.0 1.9999999999999982 4.748169419819914e-15 -3.2026922422553033e-63
0.6125 2.0 0.0 1.9999999999999982 4.748169309696058e-15 -3.6295946565155e-63
0.6174999999999999 2.0 0.0 1.9999999999999982 4.748169328567864e-15 -4.112934499122416e-63
0.6225 2.0 0.0 1.9999999999999982 4.748169327532489e-15 -4.66011403475136e-63
0.6275 2.0 0.0 1.9999999999999982 4.748169324442361e-15 -5.279498974982407e-63
0.6325000000000001 2.0 0.0 1.9999999999999982 4.748169323621815e-15 -5.980542941796658e-63
0.6375 2.0 0.0 1.9999999999999982 4.748169322207843e-15 -6.77392789259667e-63
0.6425000000000001 2.0 0.0 1.9999999999999982 4.748169320917809e-15 -7.671722539004628e-63
0.6475 2.0 0.0 1.9999999999999982 4.748169319665965e-15 -8.687561048597598e-63
0.6525000000000001 2.0 0.0 1.9999999999999982 4.748169318393404e-15 -9.8368446079123e-63
0.6575 2.0 0.0 1.9999999999999982 4.748169317089323e-15 -1.1136968750482202e-62
0.6625000000000001 2.0 0.0 1.9999999999999982 4.748169315729628e-15 -1.2607579719892636e-62
0.6675 2.0 0.0 1.9999999999999982 4.748169314303451e-15 -1.4270863549939797e-62
0.6725000000000001 2.0 0.0 1.9999999999999982 4.748169312811862e-15 -1.615187200761512e-62
0.6775 2.0 0.0 1.9999999999999982 4.748169311267681e-15 -1.8278890066302197e-62
0.6825000000000001 2.0 0.0 1.9999999999999982 4.748169309694046e-15 -2.0683850163349276e-62
0.6875 2.0 0.0 1.9999999999999982 4.748169308120653e-15 -2.340279915629186e-62
0.6925000000000001 2.0 0.0 1.9999999999999982 4.748169306578873e-15 -2.6476424634394226e-62
0.6975 2.0 0.0 1.9999999999999982 4.748169305096403e-15 -2.9950648077154858e-62
0.7025 2.0 0.0 1.9999999999999982 4.748169303692226e-15 -3.3877293290426664e-62
0.7075 2.0 0.0 1.9999999999999982 4.7481693023728196e-15 -3.8314839606580805e-62
0.7124999999999999 2.0 0.0 1.9999999999999982 4.7481693011302895e-15 -4.3329270522407695e-62
0.7175 2.0 0.0 1.9999999999999982 4.748169299942819e-15 -4.899502978303451e-62
0.7224999999999999 2.0 0.0 1.9999999999999982 4.748169298777392e-15 -5.539609842069648e-62
0.7275 2.0 0.0 1.9999999999999982 4.748169297594546e-15 -6.262720794371051e-62
0.7324999999999999 2.0 0.0 1.9999999999999982 4.7481692963544104e-15 -7.079520676688199e-62
0.7375 2.0 0.0 1.9999999999999982 4.748169295022985e-15 -8.002059910505465e-62
0.7424999999999999 2.0 0.0 1.9999999999999982 4.748169293577656e-15 -9.043927794610435e-62
0.7475 2.0 0.0 1.9999999999999982 4.748169292011078e-15 -1.0220447641012123e-61
0.7525 2.0 0.0 1.9999999999999982 4.748169290332644e-15 -1.1548896482483214e-61
0.7575000000000001 2.0 0.0 1.9999999999999982 4.748169288567288e-15 -1.3048752424401321e-61
0.7625 2.0 0.0 1.9999999999999982 4.748169286751824e-15 -1.4741973095134e-61
0.7675000000000001 2.0 0.0 1.9999999999999982 4.748169284929477e-15 -1.665330907789096e-61
0.7725 2.0 0.0 1.9999999999999982 4.748169283143346e-15 -1.8810656688413255e-61
0.7775000000000001 2.0 0.0 1.9999999999999982 4.748169281430027e-15 -2.124545500366879e-61
0.7825 2.0 0.0 1.9999999999999982 4.74816927981461e-15 -2.3993132654028448e-61
0.7875000000000001 2.0 0.0 1.9999999999999982 4.748169278307789e-15 -2.70936105733644e-61
0.7925 2.0 0.0 1.9999999999999982 4.748169276905455e-15 -3.0591867667357772e-61
0.7975000000000001 2.0 0.0 1.9999999999999982 4.748169275590733e-15 -3.453857722003329e-61
0.8025 2.0 0.0 1.9999999999999982 4.748169274338017e-15 -3.899082282391101e-61
0.8075000000000001 2.0 0.0 1.9999999999999982 4.748169273118082e-15 -4.401290370271317e-61
0.8125 2.0 0.0 1.9999999999999982 4.748169271903261e-15 -4.9677240512015786e-61
0.8175000000000001 2.0 0.0 1.9999999999999982 4.748169270671758e-15 -5.606539406844133e-61
0.8225 2.0 0.0 1.9999999999999982 4.748169269410302e-15 -6.326921099026198e-61
0.8275000000000001 2.0 0.0 1.9999999999999982 4.7481692681149255e-15 -7.139211195188363e-61
0.8325 2.0 0.0 1.9999999999999982 4.748169266789824e-15 -8.055054018408806e-61
0.8374999999999999 2.0 0.0 1.9999999999999982 4.748169265444813e-15 -9.087559001715815e-61
0.8425 2.0 0.0 1.9999999999999982 4.748169264091922e-15 -1.0251483769283644e-60
0.8474999999999999 2.0 0.0 1.9999999999999982 4.74816926274198e-15 -1.156343993963718e-60
0.8525 2.0 0.0 1.9999999999999982 4.748169261401865e-15 -1.3042124451656008e-60
0.8574999999999999 2.0 0.0 1.9999999999999982 4.748169260072981e-15 -1.470857955707897e-60
0.8625 2.0 0.0 1.9999999999999982 4.748169258751004e-15 -1.6586485007756497e-60
0.8674999999999999 2.0 0.0 1.9999999999999982 4.74816925742693e-15 -1.870248639722246e-60
0.8725 2.0 0.0 1.9999999999999982 4.748169256089054e-15 -2.1086564099804027e-60
0.8775 2.0 0.0 1.9999999999999982 4.748169254725302e-15 -2.3772447792817095e-60
0.8825000000000001 2.0 0.0 1.9999999999999982 4.7481692533254796e-15 -2.679808215549553e-60
0.8875 2.0 0.0 1.9999999999999982 4.748169251883003e-15 -3.020615002001045e-60
0.8925000000000001 2.0 0.0 1.9999999999999982 4.7481692503958916e-15 -3.4044660014234095e-60
0.8975 2.0 0.0 1.9999999999999982 4.748169248866945e-15 -3.836760659254613e-60
0.9025000000000001 2.0 0.0 1.9999999999999982 4.748169247303085e-15 -4.323571131127765e-60
0.9075 2.0 0.0 1.9999999999999982 4.748169245714005e-15 -4.8717255281570484e-60
0.9125000000000001 2.0 0.0 1.9999999999999982 4.748169244110663e-15 -5.488901393850938e-60
0.9175 2.0 0.0 1.9999999999999982 4.748169242503835e-15 -6.183730661697658e-60
0.9225000000000001 2.0 0.0 1.9999999999999982 4.748169240902996e-15 -6.965917493901825e-60
0.9275 2.0 0.0 1.9999999999999982 4.7481692393157264e-15 -7.846370571437129e-60
0.9325000000000001 2.0 0.0 1.9999999999999982 4.748169237747622e-15 -8.83735159566029e-60
0.9375 2.0 0.0 1.9999999999999982 4.748169236202717e-15 -9.952641974695324e-60
0.9425000000000001 2.0 0.0 1.9999999999999982 4.748169234684209e-15 -1.1207729906319751e-59
0.9475 2.0 0.0 1.9999999999999982 4.748169233195232e-15 -1.2620020336259147e-59
0.9525000000000001 2.0 0.0 1.9999999999999982 4.74816923173936e-15 -1.4209070570032978e-59
0.9575 2.0 0.0 1.9999999999999982 4.748169230320732e-15 -1.5996854651561406e-59
0.9624999999999999 2.0 0.0 1.9999999999999982 4.7481692289436775e-15 -1.8008059997021185e-59
0.9675 2.0 0.0 1.9999999999999982 4.7481692276118184e-15 -2.0270420192544704e-59
0.9724999999999999 2.0 0.0 1.9999999999999982 4.748169226326742e-15 -2.281508833481226e-59
0.9775 2.0 0.0 1.9999999999999982 4.7481692250865816e-15 -2.5677055820174174e-59
0.9824999999999999 2.0 0.0 1.9999999999999982 4.748169223884869e-15 -2.8895622077523283e-59
0.9875 2.0 0.0 1.9999999999999982 4.748169222709957e-15 -3.2514921399973854e-59
0.9924999999999999 2.0 0.0 1.9999999999999982 4.748169221545304e-15 -3.65845137690486e-59
0.9975 2.0 0.0 1.9999999999999982 4.7481692203707695e-15 -4.11600473916389e-59
1.0025 2.0 0.0 1.9999999999999982 4.748169219164808e-15 -4.630400159505326e-59
1.0075 2.0 0.0 1.9999999999999982 4.748169217907409e-15 -5.2086519760617765e-59
1.0125000000000002 2.0 0.0 1.9999999999999982 4.7481692165833055e-15 -5.858634313440563e-59
1.0175 2.0 0.0 1.9999999999999982 4.748169215184722e-15 -6.589185764958727e-59
1.0225 2.0 0.0 1.9999999999999982 4.748169213713211e-15 -7.410226734441692e-59
1.0274999999999999 2.0 0.0 1.9999999999999982 4.74816921218016e-15 -8.33289095816411e-59
1.0325 2.0 0.0 1.9999999999999982 4.748169210605694e-15 -9.369672908890156e-59
1.0375 2.0 0.0 1.9999999999999982 4.7481692090159624e-15 -1.0534592986849285e-58
1.0425 2.0 0.0 1.9999999999999982 4.748169207439209e-15 -1.184338262938591e-58
1.0474999999999999 2.0 0.0 1.9999999999999982 4.748169205901262e-15 -1.3313691724728044e-58
1.0525 2.0 0.0 1.9999999999999982 4.748169204421234e-15 -1.4965320999076581e-58
1.0575 2.0 0.0 1.9999999999999982 4.7481692030082455e-15 -1.682048236341037e-58
1.0625 2.0 0.0 1.9999999999999982 4.748169201659869e-15 -1.8904090561110707e-58
1.0675 2.0 0.0 1.9999999999999982 4.748169200362687e-15 -2.1244089853985317e-58
1.0725 2.0 0.0 1.9999999999999982 4.748169199094865e-15 -2.3871819927515568e-58
1.0775000000000001 2.0 0.0 1.9999999999999982 4.748169197830424e-15 -2.6822425691562848e-58
1.0825 2.0 0.0 1.9999999999999982 4.748169196544326e-15 -3.0135316206505536e-58
1.0875 2.0 0.0 1.9999999999999982 4.748169195217383e-15 -3.3854678583601626e-58
1.0925 2.0 0.0 1.9999999999999982 4.74816919384e-15 -3.8030053399891585e-58
1.0975000000000001 2.0 0.0 1.9999999999999982 4.748169192414057e-15 -4.2716978940752076e-58
1.1025 2.0 0.0 1.9999999999999982 4.748169190952598e-15 -4.797771244650292e-58
1.1075 2.0 0.0 1.9999999999999982 4.748169189477334e-15 -5.388203750421153e-58
1.1125 2.0 0.0 1.9999999999999982 4.7481691880145745e-15 -6.0508167803313155e-58
1.1175000000000002 2.0 0.0 1.9999999999999982 4.7481691865903224e-15 -6.794375867753622e-58
1.1225 2.0 0.0 1.9999999999999982 4.748169185225429e-15 -7.628703920013032e-58
1.1275 2.0 0.0 1.9999999999999982 4.748169183931942e-15 -8.564807910107414e-58
1.1325 2.0 0.0 1.9999999999999982 4.748169182711235e-15 -9.615020645219129e-58
1.1375000000000002 2.0 0.0 1.9999999999999982 4.74816918155415e-15 -1.0793159393872074e-57
1.1425 2.0 0.0 1.9999999999999982 4.74816918044297e-15 -1.2114703362744166e-57
1.1475 2.0 0.0 1.9999999999999982 4.748169179354786e-15 -1.3596992247610127e-57
1.1525 2.0 0.0 1.9999999999999982 4.748169178265407e-15 -1.525944834360069e-57
1.1575 2.0 0.0 1.9999999999999982 4.748169177152927e-15 -1.7123824990974121e-57
1.1625 2.0 0.0 1.9999999999999982 4.748169176000493e-15 -1.9214484457434897e-57
1.1675 2.0 0.0 1.9999999999999982 4.748169174797923e-15 -2.155870872067407e-57
1.1724999999999999 2.0 0.0 1.9999999999999982 4.748169173542049e-15 -2.4187047019450658e-57
1.1775 2.0 0.0 1.9999999999999982 4.748169172235883e-15 -2.71337044932202e-57
1.1825 2.0 0.0 1.9999999999999982 4.7481691708870245e-15 -3.0436976734278765e-57
1.1875 2.0 0.0 1.9999999999999982 4.74816916950585e-15 -3.4139735638802406e-57
1.1925 2.0 0.0 1.9999999999999982 4.748169168103908e-15 -3.8289972570601003e-57
1.1975 2.0 0.0 1.9999999999999982 4.74816916669278e-15 -4.2941405551471405e-57
1.2025000000000001 2.0 0.0 1.9999999999999982 4.748169165283428e-15 -4.815415797296146e-57
1.2075 2.0 0.0 1.9999999999999982 4.748169163886002e-15 -5.399551719551593e-57
1.2125 2.0 0.0 1.9999999999999982 4.748169162509774e-15 -6.054078237262675e-57
1.2175 2.0 0.0 1.9999999999999982 4.7481691611629705e-15 -6.78742119212582e-57
1.2225000000000001 2.0 0.0 1.9999999999999982 4.7481691598524374e-15 -7.609008226850257e-57
1.2275 2.0 0.0 1.9999999999999982 4.7481691585829835e-15 -8.529387085197284e-57
1.2325 2.0 0.0 1.9999999999999982 4.74816915735645e-15 -9.56035778543582e-57
1.2375 2.0 0.0 1.9999999999999982 4.748169156170734e-15 -1.071512028279251e-56
1.2425000000000002 2.0 0.0 1.9999999999999982 4.7481691550190614e-15 -1.2008439423286847e-56
1.2475 2.0 0.0 1.9999999999999982 4.748169153889853e-15 -1.345682919957124e-56
1.2525 2.0 0.0 1.9999999999999982 4.7481691527673305e-15 -1.507875855151807e-56
1.2575 2.0 0.0 1.9999999999999982 4.748169151632983e-15 -1.6894881213034011e-56
1.2625000000000002 2.0 0.0 1.9999999999999982 4.748169150467803e-15 -1.8928292394916361e-56
1.2675 2.0 0.0 1.9999999999999982 4.748169149255022e-15 -2.1204815414943364e-56
1.2725 2.0 0.0 1.9999999999999982 4.7481691479828915e-15 -2.375332174445785e-56
1.2775 2.0 0.0 1.9999999999999982 4.748169146646904e-15 -2.6606088339744514e-56
1.2825 2.0 0.0 1.9999999999999982 4.748169145251046e-15 -2.9799196571048843e-56
1.2875 2.0 0.0 1.9999999999999982 4.7481691438076574e-15 -3.3372977557357843e-56
1.2925 2.0 0.0 1.9999999999999982 4.748169142335823e-15 -3.7372509266842777e-56
1.2974999999999999 2.0 0.0 1.9999999999999982 4.748169140858239e-15 -4.184817135739202e-56
1.3025 2.0 0.0 1.9999999999999982 4.748169139397165e-15 -4.685626441626008e-56
1.3075 2.0 0.0 1.9999999999999982 4.7481691379700985e-15 -5.245970102018299e-56
1.3125 2.0 0.0 1.9999999999999982 4.7481691365860216e-15 -5.872877688638674e-56
1.3175 2.0 0.0 1.9999999999999982 4.748169135243082e-15 -6.574203133032784e-56
1.3225 2.0 0.0 1.9999999999999982 4.748169133928412e-15 -7.358720729868796e-56
1.3275000000000001 2.0 0.0 1.9999999999999982 4.7481691326204304e-15 -8.236232241822964e-56
1.3325 2.0 0.0 1.9999999999999982 4.7481691312934985e-15 -9.217686380595925e-56
1.3375 2.0 0.0 1.9999999999999982 4.748169129924086e-15 -1.0315312083855977e-55
1.3425 2.0 0.0 1.9999999999999982 4.748169128497408e-15 -1.1542767169587314e-55
1.3475000000000001 2.0 0.0 1.9999999999999982 4.748169127012961e-15 -1.2915304129288525e-55
1.3525 2.0 0.0 1.9999999999999982 4.748169125487761e-15 -1.4449955021730514e-55
1.3575 2.0 0.0 1.9999999999999982 4.748169123956216e-15 -1.6165737651887193e-55
1.3625 2.0 0.0 1.9999999999999982 4.748169122466254e-15 -1.8083885467636622e-55
1.3675000000000002 2.0 0.0 1.9999999999999982 4.748169121072039e-15 -2.0228103882814273e-55
1.3725 2.0 0.0 1.9999999999999982 4.748169119824474e-15 -2.2624856042205062e-55
1.3775 2.0 0.0 1.9999999999999982 4.748169118761121e-15 -2.5303681385613632e-55
1.3825 2.0 0.0 1.9999999999999982 4.748169117897634e-15 -2.8297550748132744e-55
1.3875000000000002 2.0 0.0 1.9999999999999982 4.7481691172226134e-15 -3.1643262156309425e-55
1.3925 2.0 0.0 1.9999999999999982 4.748169116697153e-15 -3.5381881950007275e-55
1.3975 2.0 0.0 1.9999999999999982 4.748169116259477e-15 -3.9559236382471894e-55
1.4025 2.0 0.0 1.9999999999999982 4.7481691158341314e-15 -4.422645943249276e-55
1.4075 2.0 0.0 1.9999999999999982 4.7481691153440705e-15 -4.944060320892366e-55
1.4125 2.0 0.0 1.9999999999999982 4.7481691147234145e-15 -5.5265318046565485e-55
1.4175 2.0 0.0 1.9999999999999982 4.748169113928316e-15 -6.177161019150974e-55
1.4224999999999999 2.0 0.0 1.9999999999999982 4.7481691129438105e-15 -6.903868586226871e-55
1.4275 2.0 0.0 1.9999999999999982 4.7481691117851174e-15 -7.715489146057122e-55
1.4325 2.0 0.0 1.9999999999999982 4.7481691104931116e-15 -8.62187608031248e-55
1.4375 2.0 0.0 1.9999999999999982 4.748169109124706e-15 -9.634018146557815e-55
1.4425 2.0 0.0 1.9999999999999982 4.748169107740185e-15 -1.0764169368551072e-54
1.4475 2.0 0.0 1.9999999999999982 4.748169106389853e-15 -1.2025993677767173e-54
1.4525000000000001 2.0 0.0 1.9999999999999982 4.748169105102947e-15 -1.3434725968860156e-54
1.4575 2.0 0.0 1.9999999999999982 4.7481691038809954e-15 -1.5007351417753708e-54
1.4625 2.0 0.0 1.9999999999999982 4.748169102697006e-15 -1.6762805117658993e-54
1.4675 2.0 0.0 1.9999999999999982 4.748169101500849e-15 -1.8722194317837164e-54
1.4725000000000001 2.0 0.0 1.9999999999999982 4.748169100229754e-15 -2.090904580488835e-54
1.4775 2.0 0.0 1.9999999999999982 4.748169098821949e-15 -2.3349581249494153e-54
1.4825 2.0 0.0 1.9999999999999982 4.7481690972307576e-15 -2.607302365606237e-54
1.4875 2.0 0.0 1.9999999999999982 4.74816909543647e-15 -2.911193840193229e-54
1.4925000000000002 2.0 0.0 1.9999999999999982 4.7481690934535425e-15 -3.2502612740645744e-54
1.4975 2.0 0.0 1.9999999999999982 4.748169091331644e-15 -3.6285478074364736e-54
1.5025 2.0 0.0 1.9999999999999982 4.7481690891502345e-15 -4.050557977857189e-54
1.5075 2.0 0.0 1.9999999999999982 4.748169087007534e-15 -4.5213099892962975e-54
1.5125000000000002 2.0 0.0 1.9999999999999982 4.74816908500577e-15 -5.0463938581506594e-54
1.5175 2.0 0.0 1.9999999999999982 4.748169083235289e-15 -5.632036091864048e-54
1.5225 2.0 0.0 1.9999999999999982 4.748169081760389e-15 -6.285171628426679e-54
1.5275 2.0 0.0 1.9999999999999982 4.748169080609346e-15 -7.0135238455716e-54
1.5325000000000002 2.0 0.0 1.9999999999999982 4.748169079770365e-15 -7.825693537862013e-54
1.5375 2.0 0.0 1.9999999999999982 4.748169079194128e-15 -8.731257859033412e-54
1.5425 2.0 0.0 1.9999999999999982 4.748169078802458e-15 -9.740880337002507e-54
1.5474999999999999 2.0 0.0 1.9999999999999982 4.748169078501521e-15 -1.086643319101017e-53
1.5525 2.0 0.0 1.9999999999999982 4.74816907819707e-15 -1.212113331580964e-53
1.5575 2.0 0.0 1.9999999999999982 4.748169077808975e-15 -1.3519693447992853e-53
1.5625 2.0 0.0 1.9999999999999982 4.74816907728241e-15 -1.5078490196182649e-53
1.5675 2.0 0.0 1.9999999999999982 4.748169076593837e-15 -1.6815750801565838e-53
1.5725 2.0 0.0 1.9999999999999982 4.748169075750793e-15 -1.87517607001542e-53
1.5775000000000001 2.0 0.0 1.9999999999999982 4.7481690747858726e-15 -2.090909418536273e-53
1.5825 2.0 0.0 1.9999999999999982 4.748169073746384e-15 -2.331287072141755e-53
1.5875 2.0 0.0 1.9999999999999982 4.748169072681949e-15 -2.599103973739228e-53
1.5925 2.0 0.0 1.9999999999999982 4.7481690716328034e-15 -2.8974697041273723e-53
1.5975000000000001 2.0 0.0 1.9999999999999982 4.748169070621267e-15 -3.2298436336704886e-53
1.6025 2.0 0.0 1.9999999999999982 4.748169069648002e-15 -3.60007397053801e-53
1.6075 2.0 0.0 1.9999999999999982 4.748169068693664e-15 -4.0124411339753154e-53
1.6125 2.0 0.0 1.9999999999999982 4.7481690677253284e-15 -4.471705927782454e-53
1.6175000000000002 2.0 0.0 1.9999999999999982 4.748169066705972e-15 -4.983163040958636e-53
1.6225 2.0 0.0 1.9999999999999982 4.748169065604563e-15 -5.552700459827107e-53
1.6275 2.0 0.0 1.9999999999999982 4.748169064404288e-15 -6.186865439507669e-53
1.6325 2.0 0.0 1.9999999999999982 4.748169063107102e-15 -6.892937753016119e-53
1.6375000000000002 2.0 0.0 1.9999999999999982 4.7481690617335985e-15 -7.679011014248401e-53
1.6425 2.0 0.0 1.9999999999999982 4.748169060318555e-15 -8.554082957501088e-53
1.6475 2.0 0.0 1.9999999999999982 4.748169058903418e-15 -9.528155651839487e-53
1.6525 2.0 0.0 1.9999999999999982 4.748169057527928e-15 -1.0612346734583123e-52
1.6575000000000002 2.0 0.0 1.9999999999999982 4.748169056223091e-15 -1.1819012865496216e-52
1.6625 2.0 0.0 1.9999999999999982 4.748169055007408e-15 -1.3161886733165038e-52
1.6675 2.0 0.0 1.9999999999999982 4.748169053886898e-15 -1.4656229088883534e-52
1.6724999999999999 2.0 0.0 1.9999999999999982 4.7481690528591634e-15 -1.631899744255613e-52
1.6775 2.0 0.0 1.9999999999999982 4.748169051920263e-15 -1.8169033231401916e-52
1.6825 2.0 0.0 1.9999999999999982 4.748169051063675e-15 -2.02272694672809e-52
1.6875 2.0 0.0 1.9999999999999982 4.748169050308233e-15 -2.2516961084400117e-52
1.6925 2.0 0.0 1.9999999999999982 4.748169049677039e-15 -2.5063940448050248e-52
1.6975 2.0 0.0 1.9999999999999982 4.748169048970846e-15 -2.7896900749420396e-52
1.7025000000000001 2.0 0.0 1.9999999999999982 4.748169049147294e-15 -3.104771030406126e-52
1.7075 2.0 0.0 1.9999999999999982 4.748169048470761e-15 -3.455176109521521e-52
1.7125 2.0 0.0 1.9999999999999982 4.748169042767296e-15 -3.844835526125213e-52
1.7175 2.0 0.0 1.9999999999999982 4.748169075176124e-15 -4.278113362246959e-52
1.7225000000000001 2.0 0.0 1.9999999999999982 4.748168992810652e-15 -4.759855078060536e-52
1.7275 2.0 0.0 1.9999999999999982 4.748168945979297e-15 -5.295440180878982e-52
1.7325 2.0 0.0 1.9999999999999982 4.748170321016173e-15 -5.890840608547864e-52
1.7375 2.0 0.0 1.9999999999999982 4.748164246298188e-15 -6.552685441822141e-52
1.7425000000000002 2.0 0.0 1.9999999999999982 4.748175250801363e-15 -7.288332625816879e-52
1.7475 2.0 0.0 1.9999999999999982 4.748206728336662e-15 -8.105948453031782e-52
1.7525 2.0 0.0 1.9999999999999982 4.74789468523263e-15 -9.014595640492093e-52
1.7575 2.0 0.0 1.9999999999999982 4.74900725439194e-15 -1.0024330922041782e-51
1.7625000000000002 2.0 0.0 1.9999999999999982 4.746979194592009e-15 -1.1146313174602364e-51
1.7675 2.0 0.0 1.9999999999999982 4.738773994399745e-15 -1.2392923205304706e-51
1.7725 2.0 0.0 1.9999999999999982 4.8019235274340594e-15 -1.3777896445809034e-51
1.7775 2.0 0.0 1.9999999999999982 4.609597630023721e-15 -1.5316469932114e-51
1.7825000000000002 2.0 0.0 1.9999999999999982 5.183291388401339e-15 -1.7025545093932122e-51
1.7875 2.0 0.0 1.9999999999999973 7.567252718206181e-15 -1.8923868038778735e-51
1.7925 2.0 0.0 1.999999999999997 1.017754286881812e-14 -2.1032229193856256e-51
1.7974999999999999 2.0 0.0 1.9999999999999962 1.1626695465041825e-14 -2.3373684365296025e-51
1.8025 2.0 0.0 1.9999999999999956 1.3737899330913608e-14 -2.597379949139667e-51
1.8075 2.0 0.0 1.9999999999999956 1.5084822149712146e-14 -2.886092160612805e-51
1.8125 2.0 0.0 1.9999999999999956 1.465822430262082e-14 -3.206647879385634e-51
1.8175 2.0 0.0 1.9999999999999956 1.4703045285615813e-14 -3.5625312208424e-51
1.8225 2.0 0.0 1.9999999999999956 1.4744034677420464e-14 -3.957604355230819e-51
1.8275000000000001 2.0 0.0 1.9999999999999956 1.4702362794613182e-14 -4.396148176768217e-51
1.8325 2.0 0.0 1.9999999999999956 1.471483139597849e-14 -4.8829073084275276e-51
1.8375 2.0 0.0 1.9999999999999956 1.4794589760183296e-14 -5.423139900270304e-51
1.8425 2.0 0.0 1.9999999999999956 1.4529509466069223e-14 -6.022672727068181e-51
1.8475000000000001 2.0 0.0 1.9999999999999953 1.5288307398506048e-14 -6.687962143783433e-51
1.8525 2.0 0.0 1.9999999999999942 1.9379084364866694e-14 -7.426161515756004e-51
1.8575 2.0 0.0 1.9999999999999931 2.46845553922839e-14 -8.245195804758908e-51
1.8625 2.0 0.0 1.999999999999992 2.7631408775458742e-14 -9.15384406300332e-51
1.8675000000000002 2.0 0.0 1.9999999999999913 2.962391580097397e-14 -1.0161830665429556e-50
1.8725 2.0 0.0 1.9999999999999916 3.079290417953653e-14 -1.127992619690196e-50
1.8775 2.0 0.0 1.9999999999999916 3.043911390882538e-14 -1.2520059006089266e-50
1.8825 2.0 0.0 1.9999999999999916 3.0356022750556836e-14 -1.3895438542755944e-50
1.8875000000000002 2.0 0.0 1.9999999999999916 3.0333913074566513e-14 -1.5420691710867659e-50
1.8925 2.0 0.0 1.9999999999999916 3.036067354918513e-14 -1.7112013597487525e-50
1.8975 2.0 0.0 1.9999999999999916 3.048363089673298e-14 -1.8987334078016654e-50
1.9025 2.0 0.0 1.9999999999999916 3.0394369108660894e-14 -2.1066501953335872e-50
1.9075000000000002 2.0 0.0 1.9999999999999916 3.030940866612988e-14 -2.337148844519356e-50
1.9125 2.0 0.0 1.9999999999999916 3.0382955862441436e-14 -2.592661206439967e-50
1.9175 2.0 0.0 1.9999999999999916 3.045874948863921e-14 -2.875878707381227e-50
1.9224999999999999 2.0 0.0 1.9999999999999916 3.039729214099168e-14 -3.1897797996573804e-50
1.9275 2.0 0.0 1.9999999999999916 3.032438960638278e-14 -3.537660287182571e-50
1.9325 2.0 0.0 1.9999999999999916 3.038047974980208e-14 -3.9231668237369917e-50
1.9375 2.0 0.0 1.9999999999999916 3.044779003791507e-14 -4.350333912421186e-50
1.9425 2.0 0.0 1.9999999999999916 3.039074670858314e-14 -4.823624768422325e-50
1.9475 2.0 0.0 1.9999999999999916 3.034416152829126e-14 -5.34797644425476e-50
1.9525000000000001 2.0 0.0 1.9999999999999916 3.041042121530066e-14 -5.928849657417682e-50
1.9575 2.0 0.0 1.9999999999999916 3.0431636656134356e-14 -6.572283805308412e-50
1.9625 2.0 0.0 1.9999999999999911 3.1760271760986464e-14 -7.284957701652568e-50
1.9675 2.0 0.0 1.9999999999999902 3.6000977812825066e-14 -8.074256623104561e-50
1.9725000000000001 2.0 0.0 1.9999999999999898 3.8728487983049377e-14 -8.94834631455089e-50
1.9775 2.0 0.0 1.9999999999999896 3.813979552505765e-14 -9.916254667515524e-50
1.9825 2.0 0.0 1.9999999999999885 4.128837116104192e-14 -1.0987961858570925e-49
1.9875 2.0 0.0 1.9999999999999878 4.549293648237589e-14 -1.2174499814395766e-49
1.9925000000000002 2.0 0.0 1.9999999999999873 4.809876519113477e-14 -1.3488061957865739e-49
1.9975 2.0 0.0 1.999999999999986 5.102617559165061e-14 -1.4942124286054144e-49
2.0025 2.0 0.0 1.9999999999999858 5.199036704278331e-14 -1.6551578937150665e-49
2.0075000000000003 2.0 0.0 1.9999999999999858 5.3683164979634227e-14 -1.8332881520021585e-49
2.0125 2.0 0.0 1.999999999999985 5.825528606732712e-14 -2.030421360844878e-49
2.0175 2.0 0.0 1.9999999999999833 6.187162752150853e-14 -2.2485661943188978e-49
2.0225 2.0 0.0 1.9999999999999825 6.421792019966001e-14 -2.4899416040056e-49
2.0275 2.0 0.0 1.9999999999999822 6.936258801625273e-14 -2.7569986072729236e-49
2.0325 2.0 0.0 1.999999999999981 7.23597426203824e-14 -3.0524443086323915e-49
2.0375 2.0 0.0 1.9999999999999802 7.379988076287589e-14 -3.379268380360855e-49
2.0425 2.0 0.0 1.9999999999999798 7.696193222068755e-14 -3.740772251201615e-49
2.0475 2.0 0.0 1.9999999999999796 7.882972512921137e-14 -4.140601276801994e-49
2.0525 2.0 0.0 1.999999999999979 7.907484570034517e-14 -4.582780192850979e-49
2.0575 2.0 0.0 1.999999999999978 8.289429657345049e-14 -5.071752181853276e-49
2.0625 2.0 0.0 1.9999999999999771 8.763850295123575e-14 -5.612421917410396e-49
2.0675 2.0 0.0 1.999999999999977 8.967580191813428e-14 -6.210202986027784e-49
2.0725 2.0 0.0 1.999999999999976 9.113951816344604e-14 -6.871070126162433e-49
2.0775 2.0 0.0 1.9999999999999754 9.353273592926195e-14 -7.601616767800493e-49
2.0825 2.0 0.0 1.999999999999975 9.731662891485624e-14 -8.409118403682303e-49
2.0875 2.0 0.0 1.9999999999999742 9.961497983319207e-14 -9.301602375783494e-49
2.0925000000000002 2.0 0.0 1.999999999999973 1.013042366419969e-13 -1.0287924718252613e-48
2.0975 2.0 0.0 1.9999999999999725 1.0542890955678337e-13 -1.137785476121293e-48
2.1025 2.0 0.0 1.9999999999999716 1.1104047852872306e-13 -1.25821682691543e-48
2.1075 2.0 0.0 1.99999999999997 1.1390696084153738e-13 -1.3912749963683608e-48
2.1125 2.0 0.0 1.9999999999999691 1.1747116855414934e-13 -1.5382706363806926e-48
2.1175 2.0 0.0 1.9999999999999682 1.234475683896775e-13 -1.7006489968362183e-48
2.1225 2.0 0.0 1.9999999999999676 1.2647889491614695e-13 -1.880003590549424e-48
2.1275 2.0 0.0 1.9999999999999665 1.2817033734491198e-13 -2.0780912283969597e-48
2.1325000000000003 2.0 0.0 1.9999999999999654 1.3228883532271848e-13 -2.2968485601633824e-48
2.1375 2.0 0.0 1.9999999999999647 1.3614345022990737e-13 -2.5384102698320256e-48
2.1425 2.0 0.0 1.999999999999965 1.3725193791394675e-13 -2.80512908852406e-48
2.1475 2.0 0.0 1.9999999999999638 1.3888648676506034e-13 -3.099597804136223e-48
2.1525 2.0 0.0 1.999999999999963 1.417715442444836e-13 -3.4246734640958124e-48
2.1575 2.0 0.0 1.999999999999963 1.4314412670302714e-13 -3.7835039866680744e-48
2.1625 2.0 0.0 1.999999999999963 1.4308007518707557e-13 -4.1795574170777066e-48
2.1675 2.0 0.0 1.999999999999963 1.4277991957215695e-13 -4.6166540875140444e-48
2.1725000000000003 2.0 0.0 1.999999999999963 1.427513050884611e-13 -5.09900196504856e-48
2.1775 2.0 0.0 1.9999999999999623 1.4560899121347375e-13 -5.63123549882728e-48
2.1825 2.0 0.0 1.9999999999999611 1.4903214118041992e-13 -6.218458307796452e-48
2.1875 2.0 0.0 1.99999999999996 1.5282071989570913e-13 -6.866290082952759e-48
2.1925 2.0 0.0 1.9999999999999594 1.5694660111781223e-13 -7.580918113902488e-48
2.1975 2.0 0.0 1.9999999999999596 1.578774948015989e-13 -8.369153888675568e-48
2.2025 2.0 0.0 1.999999999999959 1.584256758968772e-13 -9.238495258568574e-48
2.2075 2.0 0.0 1.999999999999958 1.616142852839791e-13 -1.0197194706620675e-47
2.2125 2.0 0.0 1.9999999999999578 1.6500276624090709e-13 -1.1254334309526266e-47
2.2175000000000002 2.0 0.0 1.9999999999999576 1.6439082889981837e-13 -1.241990803874464e-47
2.2225 2.0 0.0 1.9999999999999574 1.6408162926038786e-13 -1.3704912107739754e-47
2.2275 2.0 0.0 1.9999999999999567 1.6801380134031712e-13 -1.5121444139105805e-47
2.2325 2.0 0.0 1.9999999999999558 1.717122561733244e-13 -1.6682811998344437e-47
2.2375 2.0 0.0 1.9999999999999547 1.7389529341790804e-13 -1.8403653220803882e-47
2.2425 2.0 0.0 1.999999999999954 1.756146209850665e-13 -2.0300066045389933e-47
2.2475 2.0 0.0 1.9999999999999547 1.7731936685576638e-13 -2.238975316372658e-47
2.2525 2.0 0.0 1.9999999999999543 1.781871855091445e-13 -2.4692179397247306e-47
2.2575000000000003 2.0 0.0 1.9999999999999536 1.7808442115400816e-13 -2.7228744627997664e-47
2.2625 2.0 0.0 1.999999999999953 1.819582529372241e-13 -3.0022973432510753e-47
2.2675 2.0 0.0 1.9999999999999525 1.8510356339881246e-13 -3.3100723003016986e-47
2.2725 2.0 0.0 1.9999999999999523 1.8492155016145145e-13 -3.6490411087290403e-47
2.2775 2.0 0.0 1.999999999999952 1.853821899741919e-13 -4.022326583887634e-47
2.2825 2.0 0.0 1.9999999999999523 1.8559878751639038e-13 -4.433359964429225e-47
2.2875 2.0 0.0 1.9999999999999516 1.860959958455533e-13 -4.885910918439656e-47
2.2925 2.0 0.0 1.9999999999999512 1.898597952781028e-13 -5.384120419487542e-47
2.2975000000000003 2.0 0.0 1.999999999999951 1.9229593069540304e-13 -5.932536761703947e-47
2.3025 2.0 0.0 1.9999999999999503 1.9115280603555234e-13 -6.536155007668789e-47
2.3075 2.0 0.0 1.99999999999995 1.9277048472603512e-13 -7.20046018971598e-47
2.3125 2.0 0.0 1.9999999999999494 1.9803599489220197e-13 -7.931474614496866e-47
2.3175 2.0 0.0 1.9999999999999485 1.993546249315245e-13 -8.735809652448189e-47
2.3225 2.0 0.0 1.9999999999999483 1.9876127561117245e-13 -9.620722428418306e-47
2.3275 2.0 0.0 1.9999999999999476 2.033471297861475e-13 -1.0594177867359742e-46
2.3325 2.0 0.0 1.9999999999999472 2.0686362886403066e-13 -1.1664916589943688e-46
2.3375 2.0 0.0 1.999999999999947 2.062873333223804e-13 -1.284252919747139e-46
2.3425000000000002 2.0 0.0 1.999999999999946 2.069012970236313e-13 -1.4137537533844386e-46
2.3475 2.0 0.0 1.9999999999999452 2.1351235306847228e-13 -1.5561483564950132e-46
2.3525 2.0 0.0 1.999999999999944 2.1821525077630228e-13 -1.7127026572931873e-46
2.3575 2.0 0.0 1.9999999999999436 2.186615401384165e-13 -1.8848049424843546e-46
2.3625 2.0 0.0 1.9999999999999432 2.193772290744311e-13 -2.07397747425451e-46
2.3675 2.0 0.0 1.9999999999999432 2.2170183313815001e-13 -2.2818891873777348e-46
2.3725 2.0 0.0 1.9999999999999423 2.2554132169134407e-13 -2.5103695643654677e-46
2.3775 2.0 0.0 1.999999999999941 2.2890713543479966e-13 -2.7614237951809395e-46
2.3825000000000003 2.0 0.0 1.9999999999999398 2.3251153830986037e-13 -3.037249337368942e-46
2.3875 2.0 0.0 1.9999999999999396 2.349813396358193e-13 -3.3402540025532064e-46
2.3925 2.0 0.0 1.9999999999999396 2.3621144294289284e-13 -3.673075706207639e-46
2.3975 2.0 0.0 1.999999999999939 2.370984671314286e-13 -4.038604029458916e-46
2.4025 2.0 0.0 1.9999999999999387 2.3848735979781487e-13 -4.440003754521098e-46
2.4075 2.0 0.0 1.9999999999999387 2.3858547046631556e-13 -4.8807405492497705e-46
2.4125 2.0 0.0 1.9999999999999387 2.3813091204005934e-13 -5.364608991329305e-46
2.4175 2.0 0.0 1.9999999999999387 2.387258572860765e-13 -5.895763138857503e-46
2.4225000000000003 2.0 0.0 1.999999999999938 2.4135691981176475e-13 -6.478749871642837e-46
2.4275 2.0 0.0 1.999999999999937 2.442335927896575e-13 -7.11854524650699e-46
2.4325 2.0 0.0 1.9999999999999356 2.5043688457513763e-13 -7.820594130353138e-46
2.4375 2.0 0.0 1.9999999999999338 2.585069471276637e-13 -8.590853396874958e-46
2.4425 2.0 0.0 1.999999999999933 2.612848901765656e-13 -9.435838996614228e-46
2.4475 2.0 0.0 1.999999999999933 2.611551862557776e-13 -1.0362677235777123e-45
2.4525 2.0 0.0 1.999999999999933 2.61118671114216e-13 -1.137916062691835e-45
2.4575 2.0 0.0 1.999999999999933 2.6117294126261077e-13 -1.2493808704421868e-45
2.4625 2.0 0.0 1.999999999999933 2.6113936465665855e-13 -1.3715934229804476e-45
2.4675000000000002 2.0 0.0 1.999999999999933 2.6119972720040785e-13 -1.5055715246384718e-45
2.4725 2.0 0.0 1.999999999999933 2.610637458105793e-13 -1.6524273479978758e-45
2.4775 2.0 0.0 1.9999999999999325 2.6233005279297037e-13 -1.8133759622125013e-45
2.4825 2.0 0.0 1.9999999999999316 2.669285826532236e-13 -1.9897446075131855e-45
2.4875 2.0 0.0 1.9999999999999303 2.7106474664650546e-13 -2.18298277841166e-45
2.4925 2.0 0.0 1.9999999999999298 2.734079710329147e-13 -2.3946731830392877e-45
2.4975 2.0 0.0 1.999999999999929 2.755723116685793e-13 -2.6265436513209057e-45
2.5025 2.0 0.0 1.9999999999999278 2.8077295057986114e-13 -2.880480070317775e-45
2.5075000000000003 2.0 0.0 1.999999999999927 2.8644601473239526e-13 -3.158540431097998e-45
2.5125 2.0 0.0 1.9999999999999256 2.8850937542707934e-13 -3.462970077919892e-45
2.5175 2.0 0.0 1.999999999999925 2.9033846992849627e-13 -3.7962182573795374e-45
2.5225 2.0 0.0 1.9999999999999247 2.931342145135832e-13 -4.1609560724779417e-45
2.5275 2.0 0.0 1.9999999999999243 2.9511835005696794e-13 -4.5600959543512485e-45
2.5325 2.0 0.0 1.9999999999999236 2.9547429601585147e-13 -4.996812772675157e-45
2.5375 2.0 0.0 1.9999999999999234 2.9710726940579213e-13 -5.474566714537244e-45
2.5425 2.0 0.0 1.999999999999923 2.991268159115645e-13 -5.997128070885602e-45
2.5475000000000003 2.0 0.0 1.9999999999999227 2.9983618086821594e-13 -6.568604079511208e-45
2.5525 2.0 0.0 1.9999999999999223 2.997758732057154e-13 -7.193467983945524e-45
2.5575 2.0 0.0 1.9999999999999227 3.0007518346788313e-13 -7.876590478633436e-45
2.5625 2.0 0.0 1.9999999999999227 2.9958166579903556e-13 -8.623273722320799e-45
2.5675 2.0 0.0 1.9999999999999227 2.9881047562431203e-13 -9.439288113745672e-45
2.5725 2.0 0.0 1.9999999999999227 2.9978051459921835e-13 -1.0330912036465273e-44
2.5775 2.0 0.0 1.999999999999922 3.015871896980863e-13 -1.1304974792980647e-44
2.5825 2.0 0.0 1.9999999999999212 3.074905511388193e-13 -1.2368902962212665e-44
2.5875 2.0 0.0 1.9999999999999203 3.099346191080765e-13 -1.3530770428828e-44
2.5925000000000002 2.0 0.0 1.99999999999992 3.086535820070196e-13 -1.4799352347873342e-44
2.5975 2.0 0.0 1.9999999999999192 3.137019535322392e-13 -1.6184183323624466e-44
2.6025 2.0 0.0 1.9999999999999183 3.1781501865814176e-13 -1.7695620097416967e-44
2.6075 2.0 0.0 1.9999999999999183 3.175355566318394e-13 -1.9344909055435275e-44
2.6125 2.0 0.0 1.9999999999999183 3.1578481958611526e-13 -2.114425888392383e-44
2.6175 2.0 0.0 1.9999999999999183 3.1585944063820163e-13 -2.3106918715918083e-44
2.6225 2.0 0.0 1.9999999999999183 3.16222342004061e-13 -2.5247262130239185e-44
2.6275 2.0 0.0 1.9999999999999178 3.1411280921691254e-13 -2.75808773800035e-44
2.6325000000000003 2.0 0.0 1.9999999999999176 3.128719766596889e-13 -3.01246642440922e-44
2.6375 2.0 0.0 1.9999999999999183 3.130374338075314e-13 -3.2896937910595615e-44
2.6425 2.0 0.0 1.9999999999999183 3.1237382838055953e-13 -3.5917540316060286e-44
2.6475 2.0 0.0 1.9999999999999187 3.1309303668487123e-13 -3.9207959377907097e-44
2.6525 2.0 0.0 1.9999999999999187 3.125003954551403e-13 -4.279145656951016e-44
2.6575 2.0 0.0 1.9999999999999187 3.121878071680939e-13 -4.669320329746833e-44
2.6625 2.0 0.0 1.9999999999999183 3.1208704896438164e-13 -5.094042654817987e-44
2.6675 2.0 0.0 1.9999999999999187 3.1166105231298835e-13 -5.556256427538979e-44
2.6725000000000003 2.0 0.0 1.9999999999999192 3.1090054906448214e-13 -6.059143100103167e-44
2.6775 2.0 0.0 1.9999999999999196 3.064324211588902e-13 -6.606139409794438e-44
2.6825 2.0 0.0 1.9999999999999196 3.051139908280282e-13 -7.20095612136625e-44
2.6875 2.0 0.0 1.9999999999999196 3.0596619224676875e-13 -7.847597927876126e-44
2.6925 2.0 0.0 1.9999999999999196 3.047314734243956e-13 -8.550384551967398e-44
2.6975 2.0 0.0 1.999999999999919 3.029786743191927e-13 -9.313973086333087e-44
2.7025 2.0 0.0 1.999999999999919 3.0258211558733917e-13 -1.0143381607779438e-43
2.7075 2.0 0.0 1.9999999999999192 3.0200852928025703e-13 -1.1044014093747189e-43
2.7125 2.0 0.0 1.9999999999999196 3.0236098374493394e-13 -1.202168666314927e-43
2.7175000000000002 2.0 0.0 1.9999999999999196 3.026362294494394e-13 -1.308265515470219e-43
2.7225 2.0 0.0 1.9999999999999196 3.020478092842965e-13 -1.423364404534678e-43
2.7275 2.0 0.0 1.9999999999999185 3.0389291830746943e-13 -1.5481876698504554e-43
2.7325 2.0 0.0 1.9999999999999178 3.090884204461648e-13 -1.6835106916543426e-43
2.7375 2.0 0.0 1.9999999999999165 3.1550931826689436e-13 -1.8301651753491355e-43
2.7425 2.0 0.0 1.9999999999999152 3.2112503238746384e-13 -1.9890425522359987e-43
2.7475 2.0 0.0 1.9999999999999143 3.267570163246161e-13 -2.161097490589726e-43
2.7525 2.0 0.0 1.9999999999999143 3.255703345151286e-13 -2.347351504965857e-43
2.7575000000000003 2.0 0.0 1.9999999999999138 3.251697991798176e-13 -2.5488966481388035e-43
2.7625 2.0 0.0 1.999999999999913 3.335684104575116e-13 -2.7668992660047867e-43
2.7675 2.0 0.0 1.9999999999999114 3.3929690202447094e-13 -3.002603791079871e-43
2.7725 2.0 0.0 1.9999999999999103 3.413178410180189e-13 -3.257336544776351e-43
2.7775 2.0 0.0 1.9999999999999107 3.392853066856692e-13 -3.5325095123723877e-43
2.7825 2.0 0.0 1.9999999999999118 3.352910185386359e-13 -3.8296240473698445e-43
2.7875 2.0 0.0 1.9999999999999118 3.3762190164071417e-13 -4.150274453656305e-43
2.7925 2.0 0.0 1.9999999999999085 3.494348714774561e-13 -4.4961513844042365e-43
2.7975000000000003 2.0 0.0 1.9999999999999036 3.6907525062567904e-13 -4.8690449857912895e-43
2.8025 2.0 0.0 1.999999999999902 3.738438154346847e-13 -5.270847701257914e-43
2.8075 2.0 0.0 1.9999999999999098 3.398241792585003e-13 -5.703556637904751e-43
2.8125 2.0 0.0 1.999999999999926 2.684510741569166e-13 -6.16927538059152e-43
2.8175 2.0 0.0 1.9999999999999385 2.1204460923302822e-13 -6.6702151210579465e-43
2.8225 2.0 0.0 1.999999999999927 2.6343542214266484e-13 -7.208694948686812e-43
2.8275 2.0 0.0 1.999999999999884 4.551037357253869e-13 -7.787141126068085e-43
2.8325 2.0 0.0 1.9999999999998335 6.780478096301419e-13 -8.408085145954053e-43
2.8375 2.0 0.0 1.9999999999998324 6.87557355730258e-13 -9.074160336139498e-43
2.8425000000000002 2.0 0.0 1.9999999999999263 2.719870096544224e-13 -9.788096744839266e-43
2.8475 2.0 0.0 2.0000000000000884 -4.462182017572168e-13 -1.0552714000797693e-42
2.8525 2.0 0.0 2.000000000000185 -8.800504185676082e-13 -1.1370911799114691e-42
2.8575 2.0 0.0 2.0000000000000413 -2.423376185278068e-13 -1.2245657615028027e-42
2.8625 2.0 0.0 1.9999999999996023 1.7043542162368495e-12 -1.317997119300767e-42
2.8675 2.0 0.0 1.9999999999991118 3.87734790947766e-12 -1.4176905296753581e-42
2.8725 2.0 0.0 1.9999999999990894 3.976001090114906e-12 -1.5239522136235068e-42
2.8775 2.0 0.0 1.9999999999999862 2.2462756027360645e-15 -1.6370864809864787e-42
2.8825000000000003 2.0 0.0 2.0000000000016223 -7.247104688044639e-12 -1.757392301228405e-42
2.8875 2.0 0.0 2.0000000000028377 -1.263410726809081e-11 -1.8851592159867795e-42
2.8925 2.0 0.0 2.0000000000019122 -8.534816837692071e-12 -2.0206624975789998e-42
2.8975 2.0 0.0 1.9999999999979243 9.129982999370952e-12 -2.164157445283223e-42
2.9025 2.0 0.0 1.9999999999924052 3.357916545288146e-11 -2.3158726973647096e-42
2.9075 2.0 0.0 1.9999999999898292 4.498915890411281e-11 -2.4760024213111798e-42
2.9125 2.0 0.0 1.9999999999955234 1.9766481065205237e-11 -2.644697227386271e-42
2.9175 2.0 0.0 2.000000000011016 -4.886639981863537e-11 -2.822053631203475e-42
2.9225000000000003 2.0 0.0 2.000000000029344 -1.3005880026101203e-10 -3.0081018693195784e-42
2.9275 2.0 0.0 2.000000000034733 -1.539340984092338e-10 -3.202791847601616e-42
2.9325 2.0 0.0 2.000000000010344 -4.5892201105264833e-11 -3.40597697503379e-42
2.9375 2.0 0.0 1.9999999999531775 2.0734892318553668e-10 -3.6173956053941074e-42
2.9425 2.0 0.0 1.9999999998883016 4.947379804108022e-10 -3.836649775482889e-42
2.9475 2.0 0.0 1.999999999869457 5.782180208680296e-10 -4.063180890937773e-42
2.9525 2.0 0.0 1.9999999999552607 1.981186238120257e-10 -4.2962419686918166e-42
2.9575 2.0 0.0 2.0000000001625837 -7.203025533150059e-10 -4.534865998337242e-42
2.9625 2.0 0.0 2.0000000004179936 -1.8517384227397354e-09 -4.777829932515162e-42
2.9675000000000002 2.0 0.0 2.0000000005440723 -2.4102550888993578e-09 -5.0236137583737526e-42
2.9725 2.0 0.0 2.000000000316146 -1.4005661457131663e-09 -5.270354037470267e-42
2.9775 2.0 0.0 1.9999999995975863 1.782581913027432e-09 -5.5157912295084084e-42
2.9825 2.0 0.0 1.9999999985131949 6.586296515542367e-09 -5.75721003520602e-42
2.9875 2.0 0.0 1.9999999975706366 1.076175171768587e-08 -5.991371904493634e-42
2.9925 2.0 0.0 1.999999997616298 1.0559438287485175e-08 -6.214438757164441e-42
2.9975 2.0 0.0 1.999999999539115 2.041109571373416e-09 -6.421886852958712e-42
3.0025 2.0 0.0 2.0000000037282204 -1.6515212259208203e-08 -6.608409625658215e-42
3.0075000000000003 2.0 0.0 2.0000000094367363 -4.180308107766053e-08 -6.767808159777292e-42
3.0125 2.0 0.0 2.0000000143872128 -6.373722704389804e-08 -6.89286783738512e-42
3.0175 2.0 0.0 2.000000015140669 -6.701729165226555e-08 -6.975219514881453e-42
3.0225 2.0 0.0 2.0000000087551957 -3.8688379119990344e-08 -7.005183403353713e-42
3.0275 2.0 0.0 1.9999999961200472 1.711953798521898e-08 -6.971593619530009e-42
3.0325 2.0 0.0 1.9999999884024373 5.027813918217421e-08 -6.861601145085148e-42
3.0375 2.0 0.0 2.000000030116266 -1.270324560667978e-07 -6.660452677773915e-42
3.0425 2.0 0.0 2.000000249808854 -1.0962859055448874e-06 -6.351242575878556e-42
3.0475000000000003 2.0 0.0 2.000001258733745 -5.574521631776049e-06 -5.914634784827187e-42
3.0525 2.0 0.0 2.0000041166166738 -1.8236399118740627e-05 -5.3285512883218044e-42
3.0575 2.0 0.0 2.000009009278795 -3.99094789978104e-05 -4.567823242330446e-42
3.0625 2.0 0.0 2.0000154977783393 -6.865458344012496e-05 -3.603800524878784e-42
3.0675 2.0 0.0 2.000022857315546 -0.00010125618220482978 -2.4039149633834536e-42
3.0725000000000002 2.0 0.0 2.0000302011302304 -0.00013378957901981388 -9.311919794715607e-43
3.0775 2.0 0.0 2.000036662363155 -0.0001624128328245331 8.562951864692607e-43
3.0825 2.0 0.0 2.000041656529435 -0.0001845370316072642 3.0060351482261805e-42
3.0875 2.0 0.0 2.0000450416028617 -0.0001995330324971456 5.57175912906062e-42
3.0925000000000002 2.0 0.0 2.000047078449904 -0.00020855639772210602 8.614200767226069e-42
3.0975 2.0 0.0 2.000048231319715 -0.00021366370828302766 1.2201943805728165e-41
3.1025 2.0 0.0 2.000048913220798 -0.00021668460803658682 1.6412367458280085e-41
3.1075 2.0 0.0 2.0000493579679364 -0.00021865484803774412 2.133270030267325e-41
3.1125 2.0 0.0 2.0000496609094816 -0.0002199968367328424 2.7061194723868177e-41
3.1175 2.0 0.0 2.0000498556910773 -0.00022085969501886481 3.3708435223553514e-41
3.1225 2.0 0.0 2.000049966714591 -0.00022135153942317963 4.139879534344506e-41
3.1275 2.0 0.0 2.0000500217258343 -0.0002215953466620249 5.027205953018628e-41
3.1325000000000003 2.0 0.0 2.000050042773301 -0.0002216885502269328 6.048522801596841e-41
3.1375 2.0 0.0 2.000050043822236 -0.0002216932727311148 7.221452471750234e-41
3.1425 2.0 0.0 2.0000500349008132 -0.00022165375415793335 8.565763028605943e-41
3.1475 2.0 0.0 2.000050023081555 -0.00022160123406466165 1.0103616479274605e-40
3.1525 2.0 0.0 2.000050011836334 -0.000221551468703811 1.1859844712951798e-40
3.1575 2.0 0.0 2.000050002200239 -0.00022150884241027474 1.3862256107175515e-40
3.1625 2.0 0.0 2.0000499946275667 -0.00022147521901342787 1.6141976111042752e-40
3.1675 2.0 0.0 2.0000499898015915 -0.00022145394469680468 1.8733825465126673e-40
3.1725000000000003 2.0 0.0 2.0000499883116527 -0.00022144740792470004 2.167674010271968e-40
3.1775 2.0 0.0 2.0000499898044803 -0.00022145384130902612 2.5014237201655417e-40
3.1825 2.0 0.0 2.0000499928251756 -0.0002214672165927555 2.87949323241467e-40
3.1875 2.0 0.0 2.0000499958248725 -0.00022148059835761264 3.3073113098458767e-40
3.1925 2.0 0.0 2.0000499980655295 -0.00022149044657665656 3.790937546542328e-40
3.1975000000000002 2.0 0.0 2.000049999603309 -0.0002214973225397328 4.337132914030294e-40
3.2025 2.0 0.0 2.000050000811223 -0.00022150280909805862 4.953437963209725e-40
3.2075 2.0 0.0 2.000050001902851 -0.00022150749934636105 5.648259492451483e-40
3.2125 2.0 0.0 2.0000500027407515 -0.0002215110856521779 6.430966576254081e-40
3.2175000000000002 2.0 0.0 2.000050003031327 -0.000221512469706674 7.311996941357904e-40
3.2225 2.0 0.0 2.0000500025232437 -0.00022151029161352398 8.3029747791215e-40
3.2275 2.0 0.0 2.0000500010921867 -0.0002215039643438476 9.416841195180137e-40
3.2325 2.0 0.0 2.000049998876673 -0.00022149407872548433 1.0667998620987216e-39
3.2375 2.0 0.0 2.000049996305271 -0.0002214825868129438 1.2072470647902017e-39
3.2425 2.0 0.0 2.0000499940111673 -0.00022147258140758276 1.3648078894278453e-39
3.2475 2.0 0.0 2.0000499927379276 -0.0002214670475601077 1.5414638680872948e-39
3.2525 2.0 0.0 2.000049993019733 -0.00022146799191299823 1.739417547134213e-39
3.2575000000000003 2.0 0.0 2.000049994851273 -0.00022147601569669591 1.9611164234287273e-39
3.2625 2.0 0.0 2.0000499977846884 -0.00022148928340666002 2.2092794102958995e-39
3.2675 2.0 0.0 2.0000500010872715 -0.000221503821281036 2.4869260950464172e-39
3.2725 2.0 0.0 2.0000500037892093 -0.00022151565345280379 2.797409076411002e-39
3.2775 2.0 0.0 2.0000500051180934 -0.00022152175195552142 3.144449699494115e-39
3.2825 2.0 0.0 2.0000500049255834 -0.00022152041674098236 3.5321775380030553e-39
3.2875 2.0 0.0 2.000050003458399 -0.0002215130677424712 3.965174008858363e-39
3.2925 2.0 0.0 2.0000500012071907 -0.00022150390261801102 4.448520543164129e-39
3.2975000000000003 2.0 0.0 2.0000499991684335 -0.00022149633220522362 4.987851780230542e-39
3.3025 2.0 0.0 2.0000499984211975 -0.00022149198743451966 5.5894142983097056e-39
3.3075 2.0 0.0 2.0000499991549034 -0.00022149278809084944 6.260131447299604e-39
3.3125 2.0 0.0 2.000050000705957 -0.00022149993698317746 7.007674905386313e-39
3.3175 2.0 0.0 2.000050002460332 -0.00022151071265218484 7.840543643890819e-39
3.3225000000000002 2.0 0.0 2.0000500041079112 -0.0002215193674093123 8.768151053030246e-39
3.3275 2.0 0.0 2.00005000518391 -0.0002215216364306003 9.800921056483188e-39
3.3325 2.0 0.0 2.0000500049312295 -0.0002215173977461308 1.0950394125221556e-38
3.3375 2.0 0.0 2.000050002843274 -0.00022150925254129915 1.222934419173884e-38
3.3425000000000002 2.0 0.0 2.0000499994226875 -0.00022149888536456762 1.365190756536998e-38
3.3475 2.0 0.0 2.000049996149463 -0.00022148586977485544 1.5233725058714003e-38
3.3525 2.0 0.0 2.0000499941479593 -0.0002214717023743511 1.6992098655161695e-38
3.3575 2.0 0.0 2.0000499931331004 -0.00022146267418223805 1.8946164179245045e-38
3.3625 2.0 0.0 2.000049992463361 -0.00022146399425240684 2.1117081576087347e-38
3.3675 2.0 0.0 2.0000499927361726 -0.0002214723710489963 2.3528244564869384e-38
3.3725 2.0 0.0 2.0000499949753543 -0.00022148012537672406 2.6205511605295965e-38
3.3775 2.0 0.0 2.000049998473984 -0.00022148586472157668 2.9177460306999164e-38
3.3825000000000003 2.0 0.0 2.0000500010536224 -0.0002214947194677132 3.247566762136347e-38
3.3875 2.0 0.0 2.0000500017581335 -0.00022150756681797398 3.6135018384988445e-38
3.3925 2.0 0.0 2.0000500019300924 -0.0002215169441143536 4.0194045036116863e-38
3.3975 2.0 0.0 2.0000500030039206 -0.00022151679633328246 4.469530160167011e-38
3.4025 2.0 0.0 2.0000500043460248 -0.00022151145347321308 4.968577535567025e-38
3.4075 2.0 0.0 2.000050004322647 -0.00022151000061711623 5.521733988207063e-38
3.4125 2.0 0.0 2.0000500028965016 -0.0002215139482981524 6.134725363929868e-38
3.4175 2.0 0.0 2.0000500017995986 -0.00022151602478976003 6.813870852315337e-38
3.4225000000000003 2.0 0.0 2.0000500020165477 -0.00022151141338065184 7.566143336229905e-38
3.4275 2.0 0.0 2.000050002401756 -0.0002215043702823602 8.399235776030449e-38
3.4325 2.0 0.0 2.0000500014892646 -0.00022150086603995713 9.321634222368232e-38
3.4375 2.0 0.0 2.0000499996408276 -0.0002214995294317638 1.0342698109135129e-37
3.4425 2.0 0.0 2.0000499983255815 -0.00022149490086587404 1.147274854118054e-37
3.4475000000000002 2.0 0.0 2.0000499979033473 -0.0002214869019077602 1.2723165360542082e-37
3.4525 2.0 0.0 2.000049997378485 -0.0002214813575605401 1.4106493850637928e-37
3.4575 2.0 0.0 2.000049996221496 -0.0002214814413242998 1.5636562020786409e-37
3.4625 2.0 0.0 2.0000499952659205 -0.00022148352990375105 1.7328609504207296e-37
3.4675000000000002 2.0 0.0 2.0000499954422333 -0.00022148301667078126 1.9199429202089323e-37
3.4725 2.0 0.0 2.0000499964265077 -0.00022148073946392794 2.1267522915168483e-37
3.4775 2.0 0.0 2.000049997173748 -0.00022148104175458296 2.355327232343674e-37
3.4825 2.0 0.0 2.0000499974173547 -0.00022148529005887573 2.6079126805048885e-37
3.4875 2.0 0.0 2.0000499979179587 -0.0002214905818783339 2.886980972829585e-37
3.4925 2.0 0.0 2.0000499992041094 -0.00022149487698338194 3.195254500678692e-37
3.4975 2.0 0.0 2.0000500007747495 -0.00022150006560133387 3.5357305879004193e-37
3.5025 2.0 0.0 2.0000500019304477 -0.00022150805381849847 3.911708806049433e-37
3.5075000000000003 2.0 0.0 2.0000500028106507 -0.00022151630659074988 4.326820962176601e-37
3.5125 2.0 0.0 2.0000500039293767 -0.00022152037843160903 4.7850640168858564e-37
3.5175 2.0 0.0 2.000050005012637 -0.0002215196836369745 5.290836214866425e-37
3.5225 2.0 0.0 2.0000500051234695 -0.00022151746998670495 5.848976736897976e-37
3.5275 2.0 0.0 2.0000500039473614 -0.00022151536476452103 6.464809211644787e-37
3.5325 2.0 0.0 2.000050002233289 -0.00022151132380273614 7.144189457602518e-37
3.5375 2.0 0.0 2.000050000777544 -0.00022150376334457148 7.893557860607175e-37
3.5425 2.0 0.0 2.00004999956521 -0.00022149488715264578 8.71999683064545e-37
3.5475000000000003 2.0 0.0 2.0000499982217783 -0.00022148825611802373 9.631293823582182e-37
3.5525 2.0 0.0 2.0000499968467853 -0.00022148481225976865 1.0636010459236418e-36
3.5575 2.0 0.0 2.0000499959446683 -0.00022148306537784593 1.1743558317270053e-36
3.5625 2.0 0.0 2.0000499957352966 -0.00022148215512072654 1.2964282047082334e-36
3.5675 2.0 0.0 2.000049995980551 -0.0002214827049108875 1.4309550487674519e-36
3.5725000000000002 2.0 0.0 2.0000499964872067 -0.0002214847292790917 1.5791856558781707e-36
3.5775 2.0 0.0 2.0000499973556503 -0.00022148671014754625 1.7424926755950818e-36
3.5825 2.0 0.0 2.0000499985230635 -0.0002214878378983732 1.922384116022674e-36
3.5875 2.0 0.0 2.0000499994123215 -0.0002214897942793967 2.1205164958301467e-36
3.5925000000000002 2.0 0.0 2.0000499994895833 -0.00022149445772220384 2.3387092562018817e-36
3.5975 2.0 0.0 2.000049999075979 -0.00022150036158199234 2.578960551779081e-36
3.6025 2.0 0.0 2.000049999106661 -0.00022150365068809055 2.8434645507451223e-36
3.6075 2.0 0.0 2.000049999967004 -0.00022150299632862994 3.134630386328903e-36
3.6125 2.0 0.0 2.000050001007596 -0.0002215014694076377 3.45510291523422e-36
3.6175 2.0 0.0 2.000050001439141 -0.00022150240608070332 3.8077854529553054e-36
3.6225 2.0 0.0 2.0000500012901257 -0.0002215051903864445 4.1958646717097937e-36
3.6275 2.0 0.0 2.0000500011096034 -0.00022150679581032975 4.6228378639404034e-36
3.6325000000000003 2.0 0.0 2.0000500010752376 -0.0002215060537327157 5.092542793136124e-36
3.6375 2.0 0.0 2.000050000952605 -0.00022150408037799568 5.609190374227446e-36
3.6425 2.0 0.0 2.0000500007998117 -0.00022150119450428394 6.177400448207016e-36
3.6475 2.0 0.0 2.000050001045132 -0.00022149637375926581 6.802240940042523e-36
3.6525 2.0 0.0 2.000050001637796 -0.0002214906761381555 7.489270715610836e-36
3.6575 2.0 0.0 2.0000500016368656 -0.0002214887550492726 8.244586482454509e-36
3.6625 2.0 0.0 2.00005000017895 -0.00022149445613177688 9.074874110881228e-36
3.6675 2.0 0.0 2.0000499977762924 -0.00022150519434007386 9.987464786536555e-36
3.6725000000000003 2.0 0.0 2.0000499962000777 -0.0002215127426603417 1.0990396443305471e-35
3.6775 2.0 0.0 2.0000499968461227 -0.00022151072618502613 1.20924809665765e-35
3.6825 2.0 0.0 2.000049999350071 -0.00022150082141711178 1.3303377701763015e-35
3.6875 2.0 0.0 2.0000500019365286 -0.0002214910579853293 1.4633673851942304e-35
3.6925 2.0 0.0 2.000050003032137 -0.00022148840143890321 1.6094972401819089e-35
3.6975000000000002 2.0 0.0 2.000050002432711 -0.0002214933697665285 1.7699988263400766e-35
3.7025 2.0 0.0 2.0000500010671707 -0.0002215010908112506 1.9462653402193387e-35
3.7075 2.0 0.0 2.0000499999506474 -0.00022150619657269763 2.139823177185513e-35
3.7125 2.0 0.0 2.0000499994573113 -0.00022150644158101243 2.3523444960592118e-35
3.7175000000000002 2.0 0.0 2.000049999356729 -0.0002215028687423041 2.58566095346762e-35
3.7225 2.0 0.0 2.000049999249676 -0.0002214979646307588 2.841778715398069e-35
3.7275 2.0 0.0 2.000049998912328 -0.00022149392602689792 3.1228948631897063e-35
3.7325 2.0 0.0 2.0000499983851716 -0.0002214918600757154 3.431415321824898e-35
3.7375 2.0 0.0 2.0000499978901476 -0.0002214917334641315 3.769974449954612e-35
3.7425 2.0 0.0 2.0000499976762964 -0.00022149279920180402 4.141456443700726e-35
3.7475 2.0 0.0 2.0000499978546875 -0.0002214943062961559 4.5490187200103163e-35
3.7525 2.0 0.0 2.0000499983111846 -0.0002214960568622334 4.996117460292594e-35
3.7575000000000003 2.0 0.0 2.000049998793258 -0.0002214982711020147 5.48653551136489e-35
3.7625 2.0 0.0 2.0000499991290916 -0.0002215008379004674 6.024412858462897e-35
3.7675 2.0 0.0 2.000049999359144 -0.00022150287823103135 6.614279904398632e-35
3.7725 2.0 0.0 2.0000499996185805 -0.0002215033516728773 7.261093809965952e-35
3.7775 2.0 0.0 2.000049999912277 -0.00022150211128943762 7.970278173602389e-35
3.7825 2.0 0.0 2.00005000007837 -0.00022150010017866123 8.747766353231689e-35
3.7875 2.0 0.0 2.0000499999911687 -0.00022149842816154987 9.600048760340652e-35
3.7925 2.0 0.0 2.0000499997343533 -0.0002214974764199967 1.0534224485883306e-34
3.7975000000000003 2.0 0.0 2.0000499995277803 -0.00022149699030960391 1.1558057649723699e-34
3.8025 2.0 0.0 2.000049999517507 -0.00022149674812451764 1.2680038900319797e-34
3.8075 2.0 0.0 2.0000499996766026 -0.00022149683127587247 1.3909452529387303e-34
3.8125 2.0 0.0 2.0000499998822097 -0.00022149730923379409 1.5256449707696942e-34
3.8175 2.0 0.0 2.0000500000363006 -0.0002214979404750637 1.6732128393200854e-34
3.8225000000000002 2.0 0.0 2.0000500001112633 -0.0002214983159410488 1.8348620511679897e-34
3.8275 2.0 0.0 2.000050000126248 -0.00022149824740455088 2.011918706341254e-34
3.8325 2.0 0.0 2.0000500001197996 -0.0002214979578478866 2.205832186734157e-34
3.8375 2.0 0.0 2.0000500001496038 -0.0002214978893539465 2.4181864717261646e-34
3.8425000000000002 2.0 0.0 2.0000500002909507 -0.00022149834245211935 2.6507124793119165e-34
3.8475 2.0 0.0 2.000050000594455 -0.0002214993032679498 2.9053015245081315e-34
3.8525 2.0 0.0 2.000050001023408 -0.00022150054939843461 3.1840199949102497e-34
3.8575 2.0 0.0 2.000050001447606 -0.0002215017824166294 3.489125352083537e-34
3.8625 2.0 0.0 2.00005000172305 -0.00022150260931903167 3.823083577057737e-34
3.8675 2.0 0.0 2.0000500017792406 -0.0002215025639771933 4.188588188608518e-34
3.8725 2.0 0.0 2.000050001626315 -0.00022150137318837398 4.588580974330303e-34
3.8775 2.0 0.0 2.0000500013047344 -0.00022149924241831372 5.026274586806957e-34
3.8825000000000003 2.0 0.0 2.000050000862787 -0.00022149677269098282 5.505177170564546e-34
3.8875 2.0 0.0 2.000050000374525 -0.00022149455127541158 6.029119200010419e-34
3.8925 2.0 0.0 2.000049999935176 -0.00022149284937955096 6.602282724363591e-34
3.8975 2.0 0.0 2.0000499996131293 -0.00022149165477473002 7.229233232720816e-34
3.9025 2.0 0.0 2.0000499994132506 -0.00022149085394066159 7.914954371051052e-34
3.9075 2.0 0.0 2.0000499992903125 -0.00022149035255913485 8.664885763145744e-34
3.9125 2.0 0.0 2.0000499991844745 -0.0002214901495879954 9.484964209540896e-34
3.9175 2.0 0.0 2.000049999045018 -0.00022149039379642973 1.0381668562317126e-33
3.9225000000000003 2.0 0.0 2.0000499988522895 -0.00022149130488930912 1.1362068599605353e-33
3.9275 2.0 0.0 2.0000499986474987 -0.00022149292299411424 1.243387825181047e-33
3.9325 2.0 0.0 2.0000499985322495 -0.00022149493286026674 1.3605513562124071e-33
3.9375 2.0 0.0 2.000049998597907 -0.00022149684365668784 1.4886155797128192e-33
3.9425 2.0 0.0 2.000049998826225 -0.0002214984146868549 1.6285820159321152e-33
3.9475000000000002 2.0 0.0 2.000049999074057 -0.00022149983264926041 1.7815430592542338e-33
3.9525 2.0 0.0 2.000049999199389 -0.0002215013248657928 1.9486901213748167e-33
3.9575 2.0 0.0 2.0000499992232825 -0.000221502583650645 2.131322495070423e-33
3.9625000000000004 2.0 0.0 2.000049999334868 -0.00022150278739297818 2.3308570015195362e-33
3.9675000000000002 2.0 0.0 2.0000499996862064 -0.0002215014438675584 2.548838489565188e-33
3.9725 2.0 0.0 2.000050000180637 -0.00022149920261397985 2.7869512612042567e-33
3.9775 2.0 0.0 2.0000500005181565 -0.00022149754275194248 3.0470315039794306e-33
3.9825 2.0 0.0 2.0000500004905746 -0.00022149742265742167 3.331080817888557e-33
3.9875 2.0 0.0 2.000050000205726 -0.0002214983195843324 3.6412809319511946e-33
3.9925 2.0 0.0 2.000049999967488 -0.0002214988333804676 3.980009713735774e-33
3.9975 2.0 0.0 2.0000499999334425 -0.00022149826409147402 4.349858584005959e-33
4.0024999999999995 2.0 0.0 2.0000499999472203 -0.00022149737188276628 4.753651458246893e-33
4.0075 2.0 0.0 2.000049999746877 -0.0002214974281702479 5.1944653472508695e-33
4.012499999999999 2.0 0.0 2.0000499993062224 -0.00022149865991413133 5.675652760230583e-33
4.0175 2.0 0.0 2.0000499989060496 -0.0002214999004784594 6.200866066183668e-33
4.022500000000001 2.0 0.0 2.0000499988469103 -0.00022149984998625423 6.774083982499077e-33
4.0275 2.0 0.0 2.0000499991281186 -0.00022149850036190503 7.399640374203386e-33
4.032500000000001 2.0 0.0 2.000049999448998 -0.0002214971346542696 8.082255562843402e-33
4.0375 2.0 0.0 2.000049999518896 -0.00022149695570626603 8.82707036091572e-33
4.0425 2.0 0.0 2.00004999932984 -0.00022149788535267767 9.639683066098964e-33
4.047499999999999 2.0 0.0 2.0000499991155296 -0.00022149877086980444 1.0526189669401779e-32
4.0525 2.0 0.0 2.000049999079337 -0.0002214986349889398 1.1493227552887095e-32
4.0575 2.0 0.0 2.000049999201496 -0.00022149758019813598 1.2548022975953696e-32
4.0625 2.0 0.0 2.000049999305542 -0.00022149652118358284 1.3698442674456298e-32
4.067500000000001 2.0 0.0 2.000049999269534 -0.00022149622736453658 1.4953049924323234e-32
4.0725 2.0 0.0 2.0000499991453475 -0.00022149672000704548 1.6321165451012505e-32
4.077500000000001 2.0 0.0 2.0000499990894203 -0.00022149747608535964 1.7812933598301942e-32
4.0825 2.0 0.0 2.000049999209279 -0.0002214980211191502 1.9439394204709194e-32
4.0875 2.0 0.0 2.000049999480357 -0.00022149827053529112 2.1212560673577565e-32
4.092499999999999 2.0 0.0 2.0000499997841867 -0.0002214984141237243 2.314550476367546e-32
4.0975 2.0 0.0 2.000050000004777 -0.0002214986080350094 2.525244867141766e-32
4.1025 2.0 0.0 2.000050000095695 -0.00022149881409090587 2.7548865023677956e-32
4.1075 2.0 0.0 2.000050000081425 -0.00022149888770720664 3.005158545204233e-32
4.112500000000001 2.0 0.0 2.0000500000161012 -0.00022149876797518948 3.2778918475463313e-32
4.1175 2.0 0.0 2.000049999944912 -0.0002214985633920501 3.575077747907442e-32
4.1225000000000005 2.0 0.0 2.000049999893559 -0.0002214984580314019 3.898881964268927e-32
4.1274999999999995 2.0 0.0 2.0000499998759134 -0.00022149854601747457 4.251659674370321e-32
4.1325 2.0 0.0 2.0000499998958747 -0.00022149876104329675 4.6359718836213585e-32
4.137499999999999 2.0 0.0 2.0000499999382884 -0.0002214989508858609 5.05460318915081e-32
4.1425 2.0 0.0 2.0000499999675347 -0.00022149899519308139 5.510581057537891e-32
4.147500000000001 2.0 0.0 2.000049999947297 -0.00022149885167854365 6.007196743529833e-32
4.1525 2.0 0.0 2.0000499998673793 -0.00022149853104879715 6.548027987617744e-32
4.157500000000001 2.0 0.0 2.0000499997513836 -0.000221498077849732 7.136963641770696e-32
4.1625 2.0 0.0 2.0000499996391756 -0.00022149758527224394 7.778230384986794e-32
4.1675 2.0 0.0 2.000049999563533 -0.00022149719367203346 8.476421703701189e-32
4.172499999999999 2.0 0.0 2.0000499995403045 -0.00022149703546352572 9.236529326542577e-32
4.1775 2.0 0.0 2.000049999571562 -0.00022149716500720562 1.006397731858521e-31
4.1825 2.0 0.0 2.0000499996498373 -0.00022149753672590758 1.096465905714308e-31
4.1875 2.0 0.0 2.000049999758559 -0.00022149804026045088 1.1944977329459876e-31
4.192500000000001 2.0 0.0 2.0000499998733616 -0.0002214985491246218 1.3011887812410308e-31
4.1975 2.0 0.0 2.0000499999675356 -0.00022149894938989817 1.4172946215713858e-31
4.202500000000001 2.0 0.0 2.000050000018592 -0.00022149915309673955 1.5436359393282016e-31
4.2075 2.0 0.0 2.0000500000125196 -0.00022149911067839554 1.6811040752286936e-31
4.2125 2.0 0.0 2.000049999946321 -0.00022149882033355755 1.8306670316567107e-31
4.217499999999999 2.0 0.0 2.000049999829976 -0.00022149832636421084 1.9933759830144953e-31
4.2225 2.0 0.0 2.000049999685815 -0.00022149770976788902 2.1703723318201023e-31
4.2275 2.0 0.0 2.0000499995429735 -0.00022149707784597844 2.3628953556898785e-31
4.2325 2.0 0.0 2.000049999428565 -0.00022149654848796867 2.5722904940321664e-31
4.237500000000001 2.0 0.0 2.0000499993601926 -0.00022149622084293845 2.8000183272523375e-31
4.2425 2.0 0.0 2.0000499993425946 -0.00022149613888742002 3.0476643055727105e-31
4.2475000000000005 2.0 0.0 2.0000499993679695 -0.00022149627036794527 3.316949289210958e-31
4.2524999999999995 2.0 0.0 2.0000499994188488 -0.0002214965193562561 3.6097409666763904e-31
4.2575 2.0 0.0 2.0000499994737355 -0.00022149676993828013 3.9280662233637315e-31
4.262499999999999 2.0 0.0 2.0000499995153334 -0.00022149694012200347 4.274124538469331e-31
4.2675 2.0 0.0 2.000049999538664 -0.0002214970204663036 4.650302494578309e-31
4.272500000000001 2.0 0.0 2.0000499995545757 -0.00022149707835243554 5.05918949108776e-31
4.2775 2.0 0.0 2.000049999585226 -0.0002214972224461718 5.5035947600006185e-31
4.282500000000001 2.0 0.0 2.000049999652008 -0.0002214975404135877 5.986565790576215e-31
4.2875 2.0 0.0 2.000049999760843 -0.00022149803909923357 6.511408277905352e-31
4.2925 2.0 0.0 2.00004999989266 -0.00022149861900635107 7.081707719749912e-31
4.297499999999999 2.0 0.0 2.0000500000059893 -0.0002214990997275191 7.701352795982191e-31
4.3025 2.0 0.0 2.000050000053017 -0.00022149928868140035 8.374560675761517e-31
4.3075 2.0 0.0 2.0000500000024926 -0.00022149906506186413 9.105904409227142e-31
4.3125 2.0 0.0 2.000049999857631 -0.00022149844284869992 9.90034257306422e-31
4.317500000000001 2.0 0.0 2.0000499996587546 -0.00022149758294574172 1.0763251352859663e-30
4.3225 2.0 0.0 2.0000499994684007 -0.00022149674355899192 1.1700459259796733e-30
4.327500000000001 2.0 0.0 2.000049999345955 -0.00022149618458308307 1.2718284695034696e-30
4.3325 2.0 0.0 2.0000499993239655 -0.00022149606506371235 1.3823576592131695e-30
4.3375 2.0 0.0 2.000049999396797 -0.00022149637946442842 1.5023758386263738e-30
4.342499999999999 2.0 0.0 2.000049999525628 -0.00022149696281185765 1.6326875578776417e-30
4.3475 2.0 0.0 2.0000499996561416 -0.00022149756317194102 1.7741647187004173e-30
4.352500000000001 2.0 0.0 2.000049999740363 -0.00022149794839815642 1.9277521392300267e-30
4.3575 2.0 0.0 2.000049999753692 -0.00022149799884655839 2.0944735724094414e-30
4.362500000000001 2.0 0.0 2.0000499997015044 -0.00022149774601188163 2.2754382144570334e-30
4.3675 2.0 0.0 2.0000499996142587 -0.00022149734404112396 2.4718477427421807e-30
4.3725000000000005 2.0 0.0 2.0000499995339207 -0.00022149699250808666 2.6850039255314234e-30
4.3774999999999995 2.0 0.0 2.0000499994969254 -0.0002214968488242026 2.9163168494190193e-30
4.3825 2.0 0.0 2.0000499995198604 -0.00022149696842902914 3.167313813877544e-30
4.387499999999999 2.0 0.0 2.000049999593361 -0.00022149729393382349 3.439648946257551e-30
4.3925 2.0 0.0 2.0000499996871515 -0.00022149769148845726 3.735113594771191e-30
4.397500000000001 2.0 0.0 2.0000499997646415 -0.00022149801502050674 4.055647561515679e-30
4.4025 2.0 0.0 2.0000499998009076 -0.00022149817155768542 4.403351242475823e-30
4.407500000000001 2.0 0.0 2.0000499997954964 -0.00022149816257998378 4.780498746694378e-30
4.4125 2.0 0.0 2.000049999773256 -0.00022149808476505683 5.1895520724616134e-30
4.4175 2.0 0.0 2.0000499997719237 -0.00022149808695215263 5.633176424475656e-30
4.422499999999999 2.0 0.0 2.000049999821936 -0.00022149829690093874 6.1142567624867906e-30
4.4275 2.0 0.0 2.000049999928277 -0.0002214987470616125 6.635915679020803e-30
4.4325 2.0 0.0 2.000050000063644 -0.000221499335074802 7.201532711384913e-30
4.4375 2.0 0.0 2.000050000176977 -0.00022149984503707493 7.814765201370724e-30
4.442500000000001 2.0 0.0 2.0000500002140016 -0.00022150002943278863 8.47957082489789e-30
4.4475 2.0 0.0 2.000050000140765 -0.00022149971972621998 9.200231923345811e-30
4.452500000000001 2.0 0.0 2.0000499999596744 -0.00022149891355461153 9.981381778572187e-30
4.4575 2.0 0.0 2.0000499997108934 -0.0002214977924646265 1.0828032984616972e-29
4.4625 2.0 0.0 2.000049999458357 -0.00022149665661537046 1.1745608080974023e-29
4.467499999999999 2.0 0.0 2.0000499992662233 -0.00022149580537065563 1.27399726250565e-29
4.4725 2.0 0.0 2.00004999917569 -0.00022149542118659224 1.3817470895242147e-29
4.477500000000001 2.0 0.0 2.0000499991919027 -0.00022149551176675348 1.4984964430646602e-29
4.4825 2.0 0.0 2.0000499992862193 -0.00022149593358851828 1.6249873629702947e-29
4.487500000000001 2.0 0.0 2.0000499994121297 -0.0002214964771821129 1.7620222646721333e-29
4.4925 2.0 0.0 2.000049999526823 -0.00022149696560356814 1.9104687844023646e-29
4.4975000000000005 2.0 0.0 2.000049999607896 -0.0002214973170620669 2.0712650077058554e-29
4.5024999999999995 2.0 0.0 2.0000499996575747 -0.00022149754810733683 2.2454251111191988e-29
4.5075 2.0 0.0 2.0000499996937156 -0.00022149772797512167 2.4340454491803944e-29
4.512499999999999 2.0 0.0 2.0000499997340944 -0.00022149791783590875 2.638311121393388e-29
4.5175 2.0 0.0 2.0000499997837267 -0.0002214981302569148 2.8595030564252187e-29
4.522500000000001 2.0 0.0 2.000049999832397 -0.0002214983267347041 3.099005653658577e-29
4.5275 2.0 0.0 2.000049999862766 -0.00022149844745474016 3.358315025289972e-29
4.532500000000001 2.0 0.0 2.000049999862748 -0.0002214984510345569 3.6390478854543965e-29
4.5375 2.0 0.0 2.0000499998336942 -0.0002214983400580538 3.942951136397047e-29
4.5425 2.0 0.0 2.000049999789299 -0.00022149815937586408 4.271912205521877e-29
4.547499999999999 2.0 0.0 2.00004999974668 -0.00022149797068341496 4.627970191229873e-29
4.5525 2.0 0.0 2.000049999716105 -0.00022149781949344413 5.0133278798630625e-29
4.5575 2.0 0.0 2.000049999696125 -0.00022149771341589854 5.430364700784712e-29
4.5625 2.0 0.0 2.00004999967664 -0.00022149762323889801 5.881650691709571e-29
4.567500000000001 2.0 0.0 2.000049999646995 -0.00022149750506334097 6.369961551842543e-29
4.5725 2.0 0.0 2.000049999603378 -0.00022149733025763057 6.898294866246769e-29
4.577500000000001 2.0 0.0 2.000049999551196 -0.00022149710644140034 7.46988759115352e-29
4.5825 2.0 0.0 2.0000499995021084 -0.0002214968788382766 8.088234896679662e-29
4.5875 2.0 0.0 2.000049999468844 -0.0002214967129268403 8.757110470686863e-29
4.592499999999999 2.0 0.0 2.0000499994613534 -0.00022149666926152018 9.48058839529872e-29
4.5975 2.0 0.0 2.0000499994856242 -0.0002214967836042172 1.0263066715976736e-28
4.602500000000001 2.0 0.0 2.0000499995438155 -0.00022149705937764025 1.1109292832028792e-28
4.6075 2.0 0.0 2.000049999633588 -0.00022149747023108858 1.2024390847086003e-28
4.612500000000001 2.0 0.0 2.000049999746094 -0.00022149796534850968 1.3013891028435411e-28
4.6175 2.0 0.0 2.0000499998643817 -0.00022149847266153693 1.4083761535211725e-28
4.6225000000000005 2.0 0.0 2.00004999996482 -0.00022149890238169827 1.5240442587399772e-28
4.6274999999999995 2.0 0.0 2.0000500000226484 -0.00022149915830072035 1.6490883260386665e-28
4.6325 2.0 0.0 2.00005000001996 -0.0002214991612205654 1.7842581103573258e-28
4.637499999999999 2.0 0.0 2.000049999952471 -0.00022149887891107368 1.9303624796275626e-28
4.6425 2.0 0.0 2.0000499998317025 -0.00022149834763369902 2.088274007000168e-28
4.647500000000001 2.0 0.0 2.0000499996815497 -0.00022149767003047056 2.25893391431341e-28
4.6525 2.0 0.0 2.000049999530952 -0.00022149698542804513 2.443357393229416e-28
4.657500000000001 2.0 0.0 2.000049999405924 -0.0002214964245575764 2.642639332417327e-28
4.6625 2.0 0.0 2.000049999323865 -0.00022149607058178354 2.8579604812573865e-28
4.6675 2.0 0.0 2.0000499992914866 -0.00022149594462763926 3.0905940827894414e-28
4.672499999999999 2.0 0.0 2.0000499993059977 -0.00022149601877425844 3.341913011034374e-28
4.6775 2.0 0.0 2.0000499993581604 -0.00022149624340961514 3.613397450406167e-28
4.6825 2.0 0.0 2.0000499994356513 -0.00022149656978106056 3.9066431576962994e-28
4.6875 2.0 0.0 2.000049999525587 -0.0002214969558589047 4.223370350087268e-28
4.692500000000001 2.0 0.0 2.000049999615733 -0.00022149735830127905 4.565433265830326e-28
4.6975 2.0 0.0 2.000049999694734 -0.00022149772392480598 4.934830447637118e-28
4.702500000000001 2.0 0.0 2.0000499997522923 -0.0002214979931641418 5.3337158024912315e-28
4.7075 2.0 0.0 2.0000499997802823 -0.0002214981174163228 5.76441049550051e-28
4.7125 2.0 0.0 2.000049999775025 -0.00022149808026197156 6.2294157396157685e-28
4.717499999999999 2.0 0.0 2.000049999739773 -0.00022149790846614598 6.7314265475319185e-28
4.7225 2.0 0.0 2.0000499996855696 -0.00022149766477627312 7.273346516915512e-28
4.727500000000001 2.0 0.0 2.000049999628982 -0.00022149742563895995 7.85830372525529e-28
4.7325 2.0 0.0 2.0000499995868144 -0.00022149725516562653 8.489667816171017e-28
4.737500000000001 2.0 0.0 2.0000499995699372 -0.00022149718703175092 9.17106836493174e-28
4.7425 2.0 0.0 2.0000499995793284 -0.0002214972197717233 9.90641461727597e-28
4.7475000000000005 2.0 0.0 2.0000499996065066 -0.00022149732376141112 1.069991670242411e-27
4.7524999999999995 2.0 0.0 2.0000499996381365 -0.0002214974545031749 1.1556108428432618e-27
4.7575 2.0 0.0 2.0000499996622323 -0.0002214975671645032 1.2479871775836307e-27
4.762499999999999 2.0 0.0 2.0000499996726715 -0.0002214976292944842 1.3476463213843163e-27
4.7675 2.0 0.0 2.0000499996700585 -0.00022149762944530246 1.4551541972281108e-27
4.772500000000001 2.0 0.0 2.0000499996593426 -0.00022149757918326339 1.5711200412022378e-27
4.7775 2.0 0.0 2.000049999646337 -0.00022149750683999703 1.6961996646843843e-27
4.782500000000001 2.0 0.0 2.0000499996353405 -0.00022149744459015578 1.83109895806019e-27
4.7875 2.0 0.0 2.0000499996286374 -0.00022149741454347235 1.976577653529029e-27
4.7925 2.0 0.0 2.000049999627151 -0.00022149742101001892 2.133453365807931e-27
4.797499999999999 2.0 0.0 2.0000499996309955 -0.00022149745283543308 2.3026059308789834e-27
4.8025 2.0 0.0 2.000049999639391 -0.0002214974934471459 2.4849820643601936e-27
4.8075 2.0 0.0 2.000049999650407 -0.00022149753135290663 2.681600362607449e-27
4.8125 2.0 0.0 2.0000499996613286 -0.00022149756427489658 2.893556671295461e-27
4.817500000000001 2.0 0.0 2.000049999669807 -0.00022149759552989273 3.1220298479737335e-27
4.8225 2.0 0.0 2.0000499996750527 -0.0002214976271190418 3.3682879469660336e-27
4.827500000000001 2.0 0.0 2.000049999678064 -0.00022149765592999055 3.633694856983934e-27
4.8325 2.0 0.0 2.0000499996805976 -0.0002214976759894028 3.919717423960374e-27
4.8375 2.0 0.0 2.0000499996836774 -0.00022149768404967798 4.227933093900043e-27
4.842499999999999 2.0 0.0 2.000049999686836 -0.00022149768309058884 4.560038112980245e-27
4.8475 2.0 0.0 2.0000499996887307 -0.00022149768046322187 4.917856324753382e-27
4.852500000000001 2.0 0.0 2.0000499996885557 -0.00022149768229609107 5.303348607083947e-27
4.8575 2.0 0.0 2.0000499996869787 -0.00022149768910727338 5.718622994439696e-27
4.862500000000001 2.0 0.0 2.000049999685727 -0.00022149769622975448 6.165945534335626e-27
4.8675 2.0 0.0 2.0000499996861105 -0.0002214976982552477 6.64775193012921e-27
4.8725000000000005 2.0 0.0 2.0000499996877736 -0.00022149769340953684 7.166660026001803e-27
4.8774999999999995 2.0 0.0 2.0000499996888705 -0.00022149768440925935 7.725483193830189e-27
4.8825 2.0 0.0 2.000049999687717 -0.00022149767605144082 8.327244685803272e-27
4.887499999999999 2.0 0.0 2.0000499996846406 -0.000221497672577127 8.975193021048755e-27
4.8925 2.0 0.0 2.0000499996823695 -0.00022149767698882464 9.672818479264584e-27
4.897500000000001 2.0 0.0 2.0000499996841787 -0.00022149769095450232 1.042387077937629e-26
4.9025 2.0 0.0 2.000049999690745 -0.00022149771227072897 1.1232378026627623e-26
4.907500000000001 2.0 0.0 2.000049999698052 -0.00022149773011634935 1.2102667017243472e-26
4.9125 2.0 0.0 2.0000499996986263 -0.00022149772428918993 1.3039384995923398e-26
4.9175 2.0 0.0 2.0000499996866528 -0.00022149767640253841 1.4047522967965495e-26
4.922499999999999 2.0 0.0 2.000049999664631 -0.0002214975928773475 1.513244067477455e-26
4.9275 2.0 0.0 2.0000499996467687 -0.00022149752417433512 1.6299893348955272e-26
4.9325 2.0 0.0 2.000049999654177 -0.00022149755461859717 1.7556060373101396e-26
4.9375 2.0 0.0 2.000049999700573 -0.00022149774717074267 1.890757597486316e-26
4.942500000000001 2.0 0.0 2.000049999774159 -0.00022149806114783683 2.0361562099871483e-26
4.9475 2.0 0.0 2.0000499998284456 -0.0002214983012379544 2.192566361371712e-26
4.952500000000001 2.0 0.0 2.0000499997962935 -0.0002214981702922497 2.360808599442835e-26
4.9575 2.0 0.0 2.000049999632371 -0.00022149745721919303 2.5417635687795335e-26
4.9625 2.0 0.0 2.0000499993696845 -0.00022149629661154428 2.736376330955119e-26
4.967499999999999 2.0 0.0 2.0000499991546308 -0.0002214953343453644 2.94566098907892e-26
4.9725 2.0 0.0 2.0000499992172474 -0.00022149559806708917 3.170705637624209e-26
4.977500000000001 2.0 0.0 2.000049999752836 -0.00022149796511069814 3.4126776599090355e-26
4.9825 2.0 0.0 2.0000500007397726 -0.00022150234458228403 3.672829397099478e-26
4.987500000000001 2.0 0.0 2.0000500017794165 -0.00022150696396999246 3.952504214199791e-26
4.9925 2.0 0.0 2.0000500020865246 -0.00022150833235196564 4.2531429901938497e-26
4.9975000000000005 2.0 0.0 2.00005000074545 -0.00022150238598156837 4.5762910613174555e-26
5.0024999999999995 2.0 0.0 2.000049997251081 -0.00022148689333258175 4.9236056483627193e-26
5.0075 2.0 0.0 2.0000499921840538 -0.000221464436759679 5.296863800975406e-26
5.012499999999999 2.0 0.0 2.0000499876657907 -0.00022144441824558677 5.697970894083752e-26
5.0175 2.0 0.0 2.0000499870439095 -0.000221441733284772 6.128969713929066e-26
5.022500000000001 2.0 0.0 2.0000499932512597 -0.00022146929204302192 6.592050173635612e-26
5.0275 2.0 0.0 2.0000500054426875 -0.00022152309438220585 7.089559700896064e-26
5.032500000000001 2.0 0.0 2.000050012399699 -0.0002215530366115377 7.624014343144673e-26
5.0375 2.0 0.0 2.0000499692652225 -0.0002213692407824254 8.198110638568598e-26
5.0425 2.0 0.0 2.0000497459954105 -0.00022038410637978547 8.814738304480259e-26
5.047499999999999 2.0 0.0 2.0000487240593454 -0.00021584807578958634 9.476993797934132e-26
5.0525 2.0 0.0 2.000045855982575 -0.00020314066945388454 1.018819480706212e-25
5.0575 2.0 0.0 2.000040964125632 -0.00018147051895173096 1.0951895735396595e-25
5.0625 2.0 0.0 2.0000344826468703 -0.00015275604636075794 1.177190424551076e-25
5.067500000000001 2.0 0.0 2.0000271299802708 -0.00012018454164938667 1.2652298932592846e-25
5.0725 2.0 0.0 2.0000197911977384 -8.767350603649683e-05 1.3597448203147922e-25
5.077500000000001 2.0 0.0 2.0000133351385756 -5.907353103865475e-05 1.461203043887591e-25
5.0825 2.0 0.0 2.000008349251165 -3.6986496509403024e-05 1.570105553092213e-25
5.0875 2.0 0.0 2.00000497703918 -2.2047896206194266e-05 1.6869887875189862e-25
5.092499999999999 2.0 0.0 2.0000029557171723 -1.3093590720059883e-05 1.8124270925198753e-25
5.0975 2.0 0.0 2.0000018149216268 -8.039955355775269e-06 1.9470353405172665e-25
5.102500000000001 2.0 0.0 2.000001135565621 -5.030380853752255e-06 2.09147172925707e-25
5.1075 2.0 0.0 2.0000006829824235 -3.0255126771276498e-06 2.246440768625589e-25
5.112500000000001 2.0 0.0 2.000000366132642 -1.6219852223734393e-06 2.4126964683866886e-25
5.1175 2.0 0.0 2.000000157844443 -6.992938755322371e-07 2.5910457399789224e-25
5.1225000000000005 2.0 0.0 2.0000000374431046 -1.659731858929629e-07 2.782352026345653e-25
5.1274999999999995 2.0 0.0 1.9999999768155619 1.0268250312534533e-07 2.9875391746495724e-25
5.1325 2.0 0.0 1.9999999525984762 2.1002846863891392e-07 3.2075955676619366e-25
5.137499999999999 2.0 0.0 1.9999999506379131 2.1873665438020236e-07 3.443578530603814e-25
5.1425 2.0 0.0 1.9999999608430796 1.734992710094663e-07 3.696619031272863e-25
5.147500000000001 2.0 0.0 1.9999999750454822 1.1051975117665866e-07 3.967926692397841e-25
5.1525 2.0 0.0 1.999999988253049 5.1965066969179774e-08 4.258795136348367e-25
5.157500000000001 2.0 0.0 1.9999999986390473 5.9732835901920915e-09 4.570607683576115e-25
5.1625 2.0 0.0 2.0000000058985883 -2.6119886394268854e-08 4.90484342748818e-25
5.1675 2.0 0.0 2.00000001003152 -4.437043353453885e-08 5.263083709860638e-25
5.172499999999999 2.0 0.0 2.0000000111472405 -4.9323913163419345e-08 5.647019022381491e-25
5.1775 2.0 0.0 2.0000000097471107 -4.31849391910592e-08 6.058456361492504e-25
5.1825 2.0 0.0 2.0000000068951946 -3.06032901127695e-08 6.499327065358479e-25
5.1875 2.0 0.0 2.0000000038856247 -1.728004432906626e-08 6.971695163562433e-25
5.192500000000001 2.0 0.0 2.0000000015679924 -6.96743953440991e-09 7.477766271985709e-25
5.1975 2.0 0.0 2.0000000000038014 3.205348766559079e-11 8.0198970673081595e-25
5.202500000000001 2.0 0.0 1.9999999988115955 5.3314906132263044e-09 8.600605377652505e-25
5.2075 2.0 0.0 1.9999999977341265 1.0056867791730337e-08 9.222580928099292e-25
5.2125 2.0 0.0 1.9999999968582198 1.3881765910373237e-08 9.888696782141118e-25
5.217499999999999 2.0 0.0 1.9999999964826878 1.5514302514927938e-08 1.0602021522600994e-24
5.2225 2.0 0.0 1.999999996918566 1.359966976575635e-08 1.136583221815901e-24
5.227500000000001 2.0 0.0 1.9999999983252947 7.439692729019751e-09 1.218362822437181e-24
5.2325 2.0 0.0 2.0000000005825678 -2.509132703715951e-09 1.3059145870992132e-24
5.237500000000001 2.0 0.0 2.000000003252091 -1.4365809330137904e-08 1.3996374090457433e-24
5.2425 2.0 0.0 2.0000000056535314 -2.5065763055705004e-08 1.4999571045662512e-24
5.2475000000000005 2.0 0.0 2.000000007045516 -3.126833850092037e-08 1.6073281818560618e-24
5.2524999999999995 2.0 0.0 2.0000000068879316 -3.056883039776043e-08 1.7222357224736173e-24
5.2575 2.0 0.0 2.0000000050796842 -2.251059612468808e-08 1.8451973822920415e-24
5.262499999999999 2.0 0.0 2.0000000020413164 -8.993651595497107e-09 1.9767655192418878e-24
5.2675 2.0 0.0 1.9999999986078472 6.2165536635799485e-09 2.117529455568358e-24
5.272500000000001 2.0 0.0 1.9999999957648293 1.876285194136296e-08 2.2681178827696525e-24
5.2775 2.0 0.0 1.999999994302278 2.520709754738292e-08 2.4292014178571168e-24
5.282500000000001 2.0 0.0 1.9999999945253002 2.421424766133054e-08 2.6014953200714587e-24
5.2875 2.0 0.0 1.9999999961513872 1.7007623558078743e-08 2.785762377711515e-24
5.2925 2.0 0.0 1.9999999984330297 6.907789080106439e-09 2.9828159752840022e-24
5.297499999999999 2.0 0.0 2.000000000443485 -1.922055400305752e-09 3.193523351757823e-24
5.3025 2.0 0.0 2.000000001402331 -6.084325963451392e-09 3.418809061319437e-24
5.3075 2.0 0.0 2.000000000946544 -4.163513950558148e-09 3.65965864866166e-24
5.3125 2.0 0.0 1.9999999992792543 3.0044624756505752e-09 3.91712255151615e-24
5.317500000000001 2.0 0.0 1.9999999970831748 1.2754683788424224e-08 4.1923202438438796e-24
5.3225 2.0 0.0 1.9999999952049583 2.1338921025651415e-08 4.486444633843359e-24
5.327500000000001 2.0 0.0 1.9999999943491713 2.520378919162644e-08 4.8007667317181865e-24
5.3325 2.0 0.0 1.9999999949209826 2.2473123987343275e-08 5.1366406029619754e-24
5.3375 2.0 0.0 1.999999996914125 1.3494063825263637e-08 5.495508623785668e-24
5.342499999999999 2.0 0.0 1.9999999998718707 3.5390148378901305e-10 5.878907056207231e-24
5.3475 2.0 0.0 2.000000003063853 -1.376196977990485e-08 6.288471961279439e-24
5.352500000000001 2.0 0.0 2.0000000057389795 -2.5433156007755096e-08 6.725945469915108e-24
5.3575 2.0 0.0 2.000000007273485 -3.223390623570056e-08 7.193182431817096e-24
5.362500000000001 2.0 0.0 2.0000000073474284 -3.3202968582103295e-08 7.692157464105311e-24
5.3675 2.0 0.0 2.0000000061330176 -2.8353112571063418e-08 8.224972422371393e-24
5.3725000000000005 2.0 0.0 2.0000000041402655 -1.879952187130351e-08 8.793864318092014e-24
5.3774999999999995 2.0 0.0 2.0000000018056125 -7.379530573916095e-09 9.40121370756911e-24
5.3825 2.0 0.0 1.9999999994208206 2.477254517757485e-09 1.0049553578880024e-23
5.387499999999999 2.0 0.0 1.9999999974220208 9.274376360948712e-09 1.0741578764671479e-23
5.3925 2.0 0.0 1.999999996332179 1.3886443541096188e-08 1.1480155910065557e-23
5.397500000000001 2.0 0.0 1.999999996205939 1.707941266350558e-08 1.2268334026416762e-23
5.4025 2.0 0.0 1.999999996423367 1.794196715585756e-08 1.3109355663217706e-23
5.407500000000001 2.0 0.0 1.9999999963664183 1.588068655356072e-08 1.4006668732058246e-23
5.4125 2.0 0.0 1.9999999961798833 1.3049302396560798e-08 1.4963939018217394e-23
5.4175 2.0 0.0 1.999999996486297 1.256401533492338e-08 1.5985063417228636e-23
5.422499999999999 2.0 0.0 1.9999999973587435 1.4027430815669326e-08 1.7074183935557026e-23
5.4275 2.0 0.0 1.9999999981059635 1.3160069736767224e-08 1.8235702496436616e-23
5.4325 2.0 0.0 1.9999999983492571 7.3614801864843e-09 1.9474296593852878e-23
5.4375 2.0 0.0 1.9999999987734247 -3.501830708240933e-10 2.0794935839713404e-23
5.442500000000001 2.0 0.0 2.0000000001930642 -5.3184737110216825e-09 2.220289945133551e-23
5.4475 2.0 0.0 2.0000000021813698 -7.670790519977762e-09 2.370379472857553e-23
5.452500000000001 2.0 0.0 2.0000000034213503 -1.142951650241528e-08 2.5303576572181187e-23
5.4575 2.0 0.0 2.0000000034421763 -1.745500147931213e-08 2.7008568097265507e-23
5.4625 2.0 0.0 2.0000000032175422 -2.1114433826158365e-08 2.8825482398236007e-23
5.467499999999999 2.0 0.0 2.0000000036845793 -1.87062698386258e-08 3.076144552395874e-23
5.4725 2.0 0.0 2.000000004325977 -1.3275202757919833e-08 3.282402072453069e-23
5.477500000000001 2.0 0.0 2.00000000391877 -1.0775111084768522e-08 3.502123403361768e-23
5.4825 2.0 0.0 2.000000002368477 -1.1658502335725461e-08 3.736160125305046e-23
5.487500000000001 2.0 0.0 2.0000000008920047 -1.0170636402802235e-08 3.985415640911204e-23
5.4925 2.0 0.0 2.0000000002309744 -2.6967992463185907e-09 4.250848175277013e-23
5.4975000000000005 2.0 0.0 1.9999999995726643 6.93711376536767e-09 4.533473937902625e-23
5.5024999999999995 2.0 0.0 1.9999999978672138 1.2966789062612745e-08 4.834370454345307e-23
5.5075 2.0 0.0 1.9999999955923147 1.5557572347951766e-08 5.154680075702872e-23
5.512499999999999 2.0 0.0 1.9999999942707256 1.911783014206608e-08 5.495613674335928e-23
5.5175 2.0 0.0 1.9999999944421143 2.3981950716472122e-08 5.858454534551444e-23
5.522500000000001 2.0 0.0 1.9999999951392609 2.4731980050101204e-08 6.244562447272041e-23
5.5275 2.0 0.0 1.9999999955834689 1.806836346938232e-08 6.655378018034868e-23
5.532500000000001 2.0 0.0 1.999999996412176 8.229098035240477e-09 7.092427197969432e-23
5.5375 2.0 0.0 1.9999999985296024 1.5294329872801034e-09 7.557326047715962e-23
5.5425 2.0 0.0 2.00000000136985 -1.890432831013348e-09 8.051785744558815e-23
5.547499999999999 2.0 0.0 2.0000000032877754 -6.9112159129484644e-09 8.57761784334579e-23
5.5525 2.0 0.0 2.00000000358874 -1.4867024314014398e-08 9.136739802072371e-23
5.5575 2.0 0.0 2.000000003260654 -2.053580889541536e-08 9.731180783290456e-23
5.5625 2.0 0.0 2.0000000034129575 -1.9065839788833054e-08 1.0363087742791856e-22
5.567500000000001 2.0 0.0 2.00000000375974 -1.2557277116458421e-08 1.1034731817274071e-22
5.5725 2.0 0.0 2.0000000032589096 -6.986019337201431e-09 1.1748515022953874e-22
5.577500000000001 2.0 0.0 2.0000000017659034 -4.575802338159781e-09 1.2506977277325665e-22
5.5825 2.0 0.0 2.000000000239437 -2.5755454253772825e-09 1.3312803756463564e-22
5.5875 2.0 0.0 1.9999999994007749 1.0726677472029668e-09 1.4168832600462197e-22
5.592499999999999 2.0 0.0 1.9999999989671555 4.5032635278697335e-09 1.507806297974583e-22
5.5975 2.0 0.0 1.999999998432443 5.396420354486062e-09 1.6043663535107573e-22
5.602500000000001 2.0 0.0 1.9999999979745264 4.851250198091735e-09 1.706898120439705e-22
5.6075 2.0 0.0 1.9999999981151402 5.6331669594626924e-09 1.8157550448817697e-22
5.612500000000001 2.0 0.0 1.9999999988066937 7.894208835736778e-09 1.9313102891756649e-22
5.6175 2.0 0.0 1.9999999993707178 8.788665193047953e-09 2.0539577382981124e-22
5.6225000000000005 2.0 0.0 1.9999999993116828 6.143408396654628e-09 2.184113050089324e-22
5.6274999999999995 2.0 0.0 1.999999998854607 1.0383180608167751e-09 2.322214750527618e-22
5.6325 2.0 0.0 1.9999999986403618 -3.333969304082667e-09 2.4687253752674255e-22
5.637499999999999 2.0 0.0 1.9999999991007733 -4.362663932165488e-09 2.624132658610087e-22
5.6425 2.0 0.0 2.000000000117953 -1.6710805382991234e-09 2.7889507710276775e-22
5.647500000000001 2.0 0.0 2.000000001054212 2.688832565808795e-09 2.963721606292097e-22
5.6525 2.0 0.0 2.000000001108174 5.445625290885256e-09 3.149016119187299e-22
5.657500000000001 2.0 0.0 1.9999999999639955 4.762376862951243e-09 3.3454357146877787e-22
5.6625 2.0 0.0 1.9999999982721026 2.4136921213520686e-09 3.5536136893775927e-22
5.6675 2.0 0.0 1.9999999972596916 2.3941219554443628e-09 3.7742167257596706e-22
5.672499999999999 2.0 0.0 1.9999999975899905 6.344554461042989e-09 4.0079464399546148e-22
5.6775 2.0 0.0 1.9999999986857393 1.0997028455820164e-08 4.25554098312379e-22
5.6825 2.0 0.0 1.9999999994040492 1.1371214869678332e-08 4.517776696754499e-22
5.6875 2.0 0.0 1.9999999993199054 6.3712352992602956e-09 4.795469821729646e-22
5.692500000000001 2.0 0.0 1.9999999990850088 3.5022255653121354e-11 5.089478260853442e-22
5.6975 2.0 0.0 1.9999999995090603 -2.9599947529410726e-09 5.400703394225002e-22
5.702500000000001 2.0 0.0 2.0000000005687966 -2.0226956302507443e-09 5.73009194653857e-22
5.7075 2.0 0.0 2.0000000014674173 -5.055598777204639e-10 6.078637905031894e-22
5.7125 2.0 0.0 2.0000000015018875 -1.7534912442739207e-09 6.44738448641507e-22
5.717499999999999 2.0 0.0 2.0000000007253305 -5.914521019560851e-09 6.83742615066489e-22
5.7225 2.0 0.0 1.9999999998779279 -9.984001162974346e-09 7.2499106590866415e-22
5.727500000000001 2.0 0.0 1.9999999997950022 -1.0278576293584223e-08 7.686041173493438e-22
5.7325 2.0 0.0 2.000000000726335 -5.4746604380246535e-09 8.147078392756631e-22
5.737500000000001 2.0 0.0 2.0000000019970576 1.734025961671444e-09 8.634342722308051e-22
5.7425 2.0 0.0 2.0000000023943114 6.144406549279101e-09 9.149216471436915e-22
5.7475000000000005 2.0 0.0 2.0000000011925705 4.44683305371106e-09 9.693146072414637e-22
5.7524999999999995 2.0 0.0 1.999999998954455 -1.2568252958932057e-09 1.0267644314576777e-21
5.7575 2.0 0.0 1.9999999971892455 -4.868776347268919e-09 1.087429258551161e-21
5.762499999999999 2.0 0.0 1.9999999970389077 -1.961985612689991e-09 1.151474311041249e-21
5.7675 2.0 0.0 1.9999999982671206 5.8982582090928545e-09 1.2190721179470646e-21
5.772500000000001 2.0 0.0 1.9999999995619522 1.2598768424196095e-08 1.2904027351866471e-21
5.7775 2.0 0.0 1.999999999796795 1.3107538951175816e-08 1.3656539623501385e-21
5.782500000000001 2.0 0.0 1.9999999989858916 7.704960485471268e-09 1.4450215544038003e-21
5.7875 2.0 0.0 1.999999998111918 1.1848559309946934e-09 1.5287094267106103e-21
5.7925 2.0 0.0 1.9999999981323584 -1.6139328112935932e-09 1.6169298515671295e-21
5.797499999999999 2.0 0.0 1.9999999991294937 3.114414002343588e-10 1.709903644250888e-21
5.8025 2.0 0.0 2.000000000315371 3.993451558092117e-09 1.807860336351817e-21
5.8075 2.0 0.0 2.0000000008089907 5.7729807742275886e-09 1.911038333916793e-21
5.8125 2.0 0.0 2.0000000004337912 4.7376206029966965e-09 2.0196850576742936e-21
5.817500000000001 2.0 0.0 1.9999999997863556 3.0630448408836235e-09 2.1340570623169867e-21
5.8225 2.0 0.0 1.9999999995506947 3.165045727968577e-09 2.254420131508484e-21
5.827500000000001 2.0 0.0 1.9999999997990265 4.8753354286759555e-09 2.381049344940791e-21
5.8325 2.0 0.0 1.999999999999193 5.708456536967766e-09 2.5142291133985484e-21
5.8375 2.0 0.0 1.9999999996492264 3.739204310763733e-09 2.65425317738774e-21
5.842499999999999 2.0 0.0 1.9999999988122155 -1.792199255887585e-10 2.8014245644485816e-21
5.8475 2.0 0.0 1.999999998034427 -3.085187964655611e-09 2.9560554998041398e-21
5.852500000000001 2.0 0.0 1.9999999978295198 -2.5022978052151997e-09 3.1184672644814813e-21
5.8575 2.0 0.0 1.9999999982605545 1.5632169822747021e-09 3.288989994491357e-21
5.862500000000001 2.0 0.0 1.9999999989200994 6.637211161101062e-09 3.467962414050767e-21
5.8675 2.0 0.0 1.999999999245453 9.476882595232308e-09 3.655731495182913e-21
5.8725000000000005 2.0 0.0 1.9999999989424189 8.29482705209423e-09 3.852652035329693e-21
5.8774999999999995 2.0 0.0 1.99999999824978 4.138217631444092e-09 4.059086143847489e-21
5.8825 2.0 0.0 1.9999999978060394 2.6315807191064673e-10 4.275402627440366e-21
5.887499999999999 2.0 0.0 1.9999999981332846 -4.019461200423348e-10 4.50197626369326e-21
5.8925 2.0 0.0 1.999999999154626 2.286939969350212e-09 4.739186950912706e-21
5.897500000000001 2.0 0.0 2.000000000235006 5.659073896656112e-09 4.9874187214435496e-21
5.9025 2.0 0.0 2.000000000746396 6.738043507105962e-09 5.247058604516868e-21
5.907500000000001 2.0 0.0 2.00000000059809 4.795117381361405e-09 5.518495323475777e-21
5.9125 2.0 0.0 2.0000000002188 1.542740782364984e-09 5.8021178109256694e-21
5.9175 2.0 0.0 2.0000000000808784 -7.935932720658592e-10 6.0983135239561306e-21
5.922499999999999 2.0 0.0 2.0000000002908367 -1.3061977189099659e-09 6.407466540065517e-21
5.9275 2.0 0.0 2.0000000005899494 -6.020616893573526e-10 6.7299554127967935e-21
5.9325 2.0 0.0 2.000000000646896 2.2547751337205512e-10 7.066150764332412e-21
5.9375 2.0 0.0 2.0000000003293996 6.098304226336183e-10 7.416412590413098e-21
5.942500000000001 2.0 0.0 1.9999999997796245 8.264724978305304e-10 7.781087250907067e-21
5.9475 2.0 0.0 1.9999999992937099 1.6076622718531218e-09 8.16050411716967e-21
5.952500000000001 2.0 0.0 1.9999999990879083 3.3311740081269836e-09 8.554971844979406e-21
5.9575 2.0 0.0 1.999999999110035 5.369930298621497e-09 8.964774239299528e-21
5.9625 2.0 0.0 1.9999999990881234 6.376894629913203e-09 9.390165674396287e-21
5.967499999999999 2.0 0.0 1.9999999988319868 5.574046877457512e-09 9.831366029910307e-21
5.9725 2.0 0.0 1.9999999985002974 3.831348778744285e-09 1.0288555100337654e-20
5.977500000000001 2.0 0.0 1.99999999849617 3.115121473785421e-09 1.0761866431986541e-20
5.9825 2.0 0.0 1.9999999990287411 4.51128787710178e-09 1.1251380537854135e-20
5.987500000000001 2.0 0.0 1.9999999997945792 6.826643990579611e-09 1.1757117436957047e-20
5.9925 2.0 0.0 2.0000000001691802 7.458376829048546e-09 1.2279028460465198e-20
5.9975000000000005 2.0 0.0 1.9999999997708333 4.890588934220237e-09 1.2816987262494864e-20
6.0024999999999995 2.0 0.0 1.999999998845742 3.69291151823338e-10 1.3370779968583754e-20
6.0075 2.0 0.0 1.9999999980875076 -2.9363425887533337e-09 1.394009438970567e-20
6.0125 2.0 0.0 1.999999998058927 -2.519794958825033e-09 1.4524508224114695e-20
6.0175 2.0 0.0 1.9999999987443446 1.4791552611748732e-09 1.5123476163367573e-20
6.022500000000001 2.0 0.0 1.9999999995981157 6.502497476219064e-09 1.573631581247634e-20
6.0275 2.0 0.0 1.9999999999944045 9.578851314089635e-09 1.636219232730091e-20
6.032500000000001 2.0 0.0 1.999999999680052 9.340652398059261e-09 1.7000101664959452e-20
6.0375 2.0 0.0 1.9999999989031116 6.61592101273955e-09 1.76488523351619e-20
6.0425 2.0 0.0 1.9999999981892111 3.488780228989879e-09 1.830704553196227e-20
6.047499999999999 2.0 0.0 1.9999999979812353 1.7803457174919157e-09 1.8973053516390185e-20
6.0525 2.0 0.0 1.9999999983940964 2.0379171250929704e-09 1.9644996110776405e-20
6.0575 2.0 0.0 1.9999999992064925 3.531271550820877e-09 2.0320715155225283e-20
6.0625 2.0 0.0 2.00000000004435 5.02618221560191e-09 2.0997746765631944e-20
6.067500000000001 2.0 0.0 2.0000000006082703 5.685641061493092e-09 2.1673291220776476e-20
6.0725 2.0 0.0 2.000000000798953 5.4899875245307376e-09 2.2344180293352276e-20
6.077500000000001 2.0 0.0 2.0000000006875753 4.993138288338957e-09 2.3006841826218516e-20
6.0825 2.0 0.0 2.00000000039711 4.745617927387975e-09 2.365726134064557e-20
6.0875 2.0 0.0 2.0000000000113762 4.909868050354512e-09 2.4290940447810965e-20
6.092499999999999 2.0 0.0 1.9999999995698667 5.305745141252936e-09 2.490285181819137e-20
6.0975 2.0 0.0 1.999999999107615 5.6755424052986505e-09 2.5487390445767214e-20
6.102500000000001 2.0 0.0 1.9999999986709602 5.838226632846606e-09 2.6038320924966875e-20
6.1075 2.0 0.0 1.999999998298425 5.673097469631097e-09 2.6548720438027437e-20
6.112500000000001 2.0 0.0 1.9999999980078247 5.110224250954808e-09 2.7010917128765656e-20
6.1175 2.0 0.0 1.9999999978089251 4.20806633010419e-09 2.74164235156174e-20
6.1225000000000005 2.0 0.0 1.9999999977133303 3.1861193158543656e-09 2.7755864572082737e-20
6.1274999999999995 2.0 0.0 1.9999999977184193 2.3076743695742766e-09 2.801890007629636e-20
6.1325 2.0 0.0 1.999999997788418 1.7243967168940473e-09 2.8194140803258544e-20
6.1375 2.0 0.0 1.9999999978680436 1.460427654497158e-09 2.8269058103138997e-20
6.1425 2.0 0.0 1.99999999792244 1.5311969836976973e-09 2.8229886376939946e-20
6.147500000000001 2.0 0.0 1.9999999979608971 2.0223170522953786e-09 2.806151792648458e-20
6.1525 2.0 0.0 1.9999999980190957 3.015635887277599e-09 2.774738961909743e-20
6.157500000000001 2.0 0.0 1.9999999981209742 4.4451138789520206e-09 2.726936076826462e-20
6.1625 2.0 0.0 1.9999999982616838 6.0563222230437116e-09 2.6607581589896417e-20
6.1675 2.0 0.0 1.9999999984269299 7.535308095922377e-09 2.574035154933998e-20
6.172499999999999 2.0 0.0 1.9999999986194898 8.680362241496753e-09 2.4643966866886597e-20
6.1775 2.0 0.0 1.9999999988500756 9.424573667649535e-09 2.3292556398932124e-20
6.1825 2.0 0.0 1.9999999990922974 9.691798323663775e-09 2.1657905058053748e-20
6.1875 2.0 0.0 1.9999999992608892 9.320371987001051e-09 1.970926387775956e-20
6.192500000000001 2.0 0.0 1.9999999992670292 8.268241708161034e-09 1.741314576641656e-20
6.1975 2.0 0.0 1.9999999991139548 6.9331764500649245e-09 1.4733105929551304e-20
6.202500000000001 2.0 0.0 1.9999999989217776 6.123967107648766e-09 1.1629505870119443e-20
6.2075 2.0 0.0 1.9999999988275814 6.496747695047306e-09 8.059259802220545e-21
6.2125 2.0 0.0 1.9999999988532418 7.921789059050927e-09 3.9755622346984e-21
6.217499999999999 2.0 0.0 1.9999999988891313 9.469270261972825e-09 -6.7240460301459435e-22
6.2225 2.0 0.0 1.9999999988187738 1.0115497089801503e-08 -5.939784910139598e-21
6.227500000000001 2.0 0.0 1.9999999986469674 9.508245210675654e-09 -1.1886386551558408e-20
6.2325 2.0 0.0 1.9999999984911896 8.093927560550013e-09 -1.8577042996958164e-20
6.237500000000001 2.0 0.0 1.999999998454756 6.617422221806989e-09 -2.60820016846176e-20
6.2425 2.0 0.0 1.9999999985248582 5.59326062923556e-09 -3.447734064747373e-20
6.2475000000000005 2.0 0.0 1.9999999985920158 5.193632354531536e-09 -4.384541536176779e-20
6.2524999999999995 2.0 0.0 1.9999999985489707 5.436461428378474e-09 -5.42753379088525e-20
6.2575 2.0 0.0 1.9999999983644787 6.306908577410392e-09 -6.586349067971357e-20
6.2625 2.0 0.0 1.9999999980844578 7.687581685246305e-09 -7.871407699921798e-20
6.2675 2.0 0.0 1.9999999977913947 9.272091346221105e-09 -9.293971120439745e-20
6.272500000000001 2.0 0.0 1.9999999975666563 1.0629271493461878e-08 -1.0866205087797007e-19
6.2775 2.0 0.0 1.999999997467783 1.1382257839487114e-08 -1.2601247411609931e-19
6.282500000000001 2.0 0.0 1.9999999975141287 1.1361623685604689e-08 -1.451328048983946e-19
6.2875 2.0 0.0 1.9999999976818859 1.0652866674270861e-08 -1.6617608982886256e-19
6.2925 2.0 0.0 1.9999999979145766 9.545147184339927e-09 -1.8930742973045924e-19
6.297499999999999 2.0 0.0 1.999999998145034 8.414866421124004e-09 -2.14704869802523e-19
6.3025 2.0 0.0 1.999999998316621 7.585022322140277e-09 -2.4256035229216377e-19
6.3075 2.0 0.0 1.9999999983961418 7.219704491432555e-09 -2.73080735886644e-19
6.3125 2.0 0.0 1.99999999837867 7.30389602442228e-09 -3.06488886306849e-19
6.317500000000001 2.0 0.0 1.9999999982851773 7.703027555749449e-09 -3.4302484287100724e-19
6.3225 2.0 0.0 1.9999999981524526 8.247137068680143e-09 -3.8294706610575184e-19
6.327500000000001 2.0 0.0 1.9999999980183807 8.790475212236255e-09 -4.26533771808331e-19
6.3325 2.0 0.0 1.999999997909913 9.237206329942112e-09 -4.740843573105156e-19
6.3375 2.0 0.0 1.9999999978387106 9.546247649162895e-09 -5.25920926063927e-19
6.342499999999999 2.0 0.0 1.9999999978029106 9.7237829116387e-09 -5.823899170570072e-19
6.3475 2.0 0.0 1.9999999977909946 9.80690925983723e-09 -6.438638459903456e-19
6.352500000000001 2.0 0.0 1.9999999977864944 9.846028682833956e-09 -7.107431655771823e-19
6.3575 2.0 0.0 1.9999999977741418 9.892531159880479e-09 -7.83458252805e-19
6.362500000000001 2.0 0.0 1.9999999977459897 9.988144517074505e-09 -8.624715314906395e-19
6.3675 2.0 0.0 1.9999999977040082 1.0150020432315625e-08 -9.482797389885665e-19
6.3725000000000005 2.0 0.0 1.9999999976573994 1.0358524224090538e-08 -1.0414163464724083e-18
6.3774999999999995 2.0 0.0 1.9999999976164156 1.0564632692150535e-08 -1.142454142802355e-18
6.3825 2.0 0.0 1.9999999975860236 1.0722757771097325e-08 -1.2520079926225654e-18
6.3875 2.0 0.0 1.9999999975619507 1.0830962696179503e-08 -1.3707377799990646e-18
6.3925 2.0 0.0 1.9999999975306673 1.0948576946688744e-08 -1.4993515496193007e-18
6.397500000000001 2.0 0.0 1.9999999974742657 1.1173128519337175e-08 -1.6386088583244696e-18
6.4025 2.0 0.0 1.9999999973794538 1.1584364703774655e-08 -1.7893243505437943e-18
6.407500000000001 2.0 0.0 1.9999999972470688 1.2185277692256879e-08 -1.952371572045065e-18
6.4125 2.0 0.0 1.99999999709671 1.287625031093784e-08 -2.1286870373103242e-18
6.4175 2.0 0.0 1.9999999969624218 1.3484530978864735e-08 -2.319274566798071e-18
6.422499999999999 2.0 0.0 1.9999999968794677 1.3841551020118358e-08 -2.5252099113564493e-18
6.4275 2.0 0.0 1.9999999968672173 1.3870268718693288e-08 -2.747645682122861e-18
6.4325 2.0 0.0 1.9999999969165567 1.3633869048449528e-08 -2.987816605371931e-18
6.4375 2.0 0.0 1.999999996989838 1.3315417285770038e-08 -3.2470451229757577e-18
6.442500000000001 2.0 0.0 1.9999999970360953 1.3135276506832453e-08 -3.526747360406797e-18
6.4475 2.0 0.0 1.999999997015729 1.3246548827361663e-08 -3.828439485559401e-18
6.452500000000001 2.0 0.0 1.9999999969220144 1.3660170396660162e-08 -4.1537444830917074e-18
6.4575 2.0 0.0 1.9999999967867965 1.4236586478534095e-08 -4.504399370495026e-18
6.4625 2.0 0.0 1.999999996665817 1.47490090064507e-08 -4.88226288370011e-18
6.467499999999999 2.0 0.0 1.9999999966107638 1.4989077145098045e-08 -5.289323661716115e-18
6.4725 2.0 0.0 1.9999999966431243 1.4864591793699198e-08 -5.7277089615956844e-18
6.477500000000001 2.0 0.0 1.9999999967441042 1.4441884006591724e-08 -6.199693936909455e-18
6.4825 2.0 0.0 1.9999999968656446 1.391207416444743e-08 -6.707711514926811e-18
6.487500000000001 2.0 0.0 1.999999996955541 1.3498935917507895e-08 -7.254362909822111e-18
6.4925 2.0 0.0 1.9999999969820128 1.3356553618743976e-08 -7.842428811472353e-18
6.4975000000000005 2.0 0.0 1.9999999969443312 1.3510436998852168e-08 -8.474881291799765e-18
6.5024999999999995 2.0 0.0 1.999999996865085 1.387199657108635e-08 -9.154896473121207e-18
6.5075 2.0 0.0 1.9999999967706743 1.4314805961741076e-08 -9.885868005642797e-18
6.5125 2.0 0.0 1.999999996672886 1.4764762724519752e-08 -1.067142140404454e-17
6.5175 2.0 0.0 1.9999999965626412 1.5247313409246365e-08 -1.1515429296095242e-17
6.522500000000001 2.0 0.0 1.9999999964189958 1.5860642503621508e-08 -1.2422027639381316e-17
6.5275 2.0 0.0 1.999999996227324 1.669009033991595e-08 -1.339563296557488e-17
6.532500000000001 2.0 0.0 1.9999999959955592 1.771784256389607e-08 -1.4440960715197046e-17
6.5375 2.0 0.0 1.9999999957586994 1.8787699727561656e-08 -1.55630447295512e-17
6.5425 2.0 0.0 1.999999995568289 1.965292006536842e-08 -1.676725797046535e-17
6.547499999999999 2.0 0.0 1.9999999954715246 2.0085192307821536e-08 -1.8059334542626272e-17
6.5525 2.0 0.0 1.9999999954900318 1.9985633523316254e-08 -1.9445393097725782e-17
6.5575 2.0 0.0 1.999999995608652 1.9437065144766637e-08 -2.0931961704267102e-17
6.5625 2.0 0.0 1.9999999957798225 1.8670644050227242e-08 -2.2526004271834337e-17
6.567500000000001 2.0 0.0 1.9999999959417396 1.796727952650573e-08 -2.423494862380481e-17
6.5725 2.0 0.0 1.9999999960420212 1.7546565992035633e-08 -2.6066716317997595e-17
6.577500000000001 2.0 0.0 1.9999999960561328 1.749629718350049e-08 -2.802975432056292e-17
6.5825 2.0 0.0 1.999999995992605 1.7767901996438153e-08 -3.0133068644533184e-17
6.5875 2.0 0.0 1.999999995883683 1.8227378288592506e-08 -3.2386260070975655e-17
6.592499999999999 2.0 0.0 1.999999995767074 1.8728186077145366e-08 -3.47995620774889e-17
6.5975 2.0 0.0 1.9999999956682903 1.9171221063477398e-08 -3.7383881106066165e-17
6.602500000000001 2.0 0.0 1.9999999955917618 1.953189381692991e-08 -4.0150839309936e-17
6.6075 2.0 0.0 1.9999999955235397 1.9852693507408824e-08 -4.311281992709876e-17
6.612500000000001 2.0 0.0 1.9999999954422383 2.0211905808761754e-08 -4.6283015436768435e-17
6.6175 2.0 0.0 1.9999999953314438 2.068322402300733e-08 -4.967547866390718e-17
6.6225000000000005 2.0 0.0 1.9999999951875311 2.130010602419299e-08 -5.3305177006573534e-17
6.6274999999999995 2.0 0.0 1.999999995020593 2.203612248553801e-08 -5.718804997075302e-17
6.6325 2.0 0.0 1.999999994850084 2.2808057854251246e-08 -6.134107020799075e-17
6.6375 2.0 0.0 1.9999999946985507 2.350115942073266e-08 -6.578230826221413e-17
6.6425 2.0 0.0 1.9999999945860951 2.400700381570606e-08 -7.053100124398755e-17
6.647500000000001 2.0 0.0 1.9999999945263807 2.425837984136739e-08 -7.560762566279464e-17
6.6525 2.0 0.0 1.999999994523878 2.424730898572935e-08 -8.103397466108141e-17
6.657500000000001 2.0 0.0 1.9999999945722775 2.4021445977574072e-08 -8.683323990761896e-17
6.6625 2.0 0.0 1.9999999946547748 2.3665277287656246e-08 -9.303009842227549e-17
6.6675 2.0 0.0 1.9999999947470202 2.327826287940271e-08 -9.965080461976003e-17
6.672499999999999 2.0 0.0 1.999999994822439 2.2958872307593976e-08 -1.067232878759767e-16
6.6775 1.9999999999999998 0.0 1.9999999948582154 2.279522045788971e-08 -1.1427725593789458e-16
6.6825 1.9999999999999998 0.0 1.999999994839735 2.2856792935382154e-08 -1.2234430451569445e-16
6.6875 1.9999999999999998 0.0 1.9999999947622498 2.3182701460916833e-08 -1.3095803341512223e-16
6.692500000000001 1.9999999999999998 0.0 1.9999999946301807 2.376867717466454e-08 -1.4015416958789348e-16
6.6975 1.9999999999999998 0.0 1.999999994455444 2.4560951162479566e-08 -1.4997069749917564e-16
6.702500000000001 1.9999999999999998 0.0 1.9999999942557811 2.546467132855793e-08 -1.6044799723346216e-16
6.7075 1.9999999999999998 0.0 1.999999994052808 2.636704996991397e-08 -1.7162899078350175e-16
6.7125 1.9999999999999998 0.0 1.9999999938687785 2.7166761841946376e-08 -1.835592969918481e-16
6.717499999999999 1.9999999999999998 0.0 1.999999993721799 2.7797467884543292e-08 -1.962873956404341e-16
6.7225 1.9999999999999998 0.0 1.9999999936208919 2.8237286458910707e-08 -2.0986480121125364e-16
6.727500000000001 1.9999999999999998 0.0 1.9999999935634392 2.850408570787195e-08 -2.2434624686989787e-16
6.7325 1.9999999999999998 0.0 1.9999999935368478 2.8642628176668852e-08 -2.3978987925439324e-16
6.737500000000001 1.9999999999999998 0.0 1.999999993523975 2.871042896678678e-08 -2.562574646837114e-16
6.7425 1.9999999999999998 0.0 1.9999999935095165 2.8765808509045026e-08 -2.738146074341061e-16
6.7475000000000005 1.9999999999999998 0.0 1.9999999934840265 2.8858417251476475e-08 -2.925309807671834e-16
6.7524999999999995 1.9999999999999998 0.0 1.9999999934439556 2.9022036298727657e-08 -3.124805714308032e-16
6.7575 1.9999999999999996 0.0 1.999999993388819 2.927107388780354e-08 -3.337419383936668e-16
6.7625 1.9999999999999996 0.0 1.9999999933182717 2.9602681029149042e-08 -3.5639848661564606e-16
6.7675 1.9999999999999996 0.0 1.9999999932313643 3.000403826576626e-08 -3.805387566999804e-16
6.772500000000001 1.9999999999999996 0.0 1.9999999931280867 3.0460712409211065e-08 -4.0625673131913603e-16
6.7775 1.9999999999999996 0.0 1.999999993011345 3.096068891002206e-08 -4.3365215935479206e-16
6.782500000000001 1.9999999999999996 0.0 1.9999999928873093 3.149197755189404e-08 -4.628308987433753e-16
6.7875 1.9999999999999996 0.0 1.9999999927635475 3.203716176762832e-08 -4.939052790719221e-16
6.7925 1.9999999999999996 0.0 1.9999999926462426 3.25714514317199e-08 -5.269944850259868e-16
6.797499999999999 1.9999999999999993 0.0 1.9999999925383927 3.306844441537739e-08 -5.622249618500429e-16
6.8025 1.9999999999999993 0.0 1.9999999924399563 3.351124738515151e-08 -5.99730844043971e-16
6.8075 1.9999999999999993 0.0 1.9999999923492675 3.3901370457043704e-08 -6.396544085842307e-16
6.8125 1.9999999999999993 0.0 1.9999999922642502 3.425845490895095e-08 -6.821465540280686e-16
6.817500000000001 1.9999999999999993 0.0 1.9999999921825615 3.4610241032990204e-08 -7.273673069312507e-16
6.8225 1.9999999999999993 0.0 1.999999992101091 3.497935969051563e-08 -7.75486357086492e-16
6.827500000000001 1.9999999999999991 0.0 1.9999999920159581 3.537555973481672e-08 -8.266836231702492e-16
6.8325 1.9999999999999991 0.0 1.9999999919236584 3.5797380728711704e-08 -8.811498504694486e-16
6.8375 1.9999999999999991 0.0 1.9999999918227314 3.623988486731736e-08 -9.390872424494704e-16
6.842499999999999 1.999999999999999 0.0 1.9999999917145908 3.670102231861547e-08 -1.0007101280168938e-15
6.8475 1.999999999999999 0.0 1.9999999916026523 3.718162440486316e-08 -1.066245666429999e-15
6.852500000000001 1.999999999999999 0.0 1.9999999914902546 3.768039684419198e-08 -1.135934591911706e-15
6.8575 1.999999999999999 0.0 1.9999999913788762 3.818988493169298e-08 -1.2100320001293455e-15
6.862500000000001 1.9999999999999987 0.0 1.9999999912679503 3.869823514628498e-08 -1.288808178818708e-15
6.8675 1.9999999999999987 0.0 1.999999991156224 3.919598110616151e-08 -1.372549484949523e-15
6.8725000000000005 1.9999999999999984 0.0 1.9999999910433837 3.968214101011346e-08 -1.4615592709560014e-15
6.8774999999999995 1.9999999999999984 0.0 1.99999999093051 4.016418447946256e-08 -1.5561588626868561e-15
6.8825 1.9999999999999984 0.0 1.9999999908190569 4.065161127022795e-08 -1.656688591869508e-15
6.8875 1.9999999999999982 0.0 1.999999990709352 4.114845584077724e-08 -1.763508886027102e-15
6.8925 1.9999999999999982 0.0 1.9999999906000454 4.1650948588786184e-08 -1.877001418941907e-15
6.897500000000001 1.999999999999998 0.0 1.9999999904890489 4.215209824066151e-08 -1.9975703249176194e-15
6.9025 1.9999999999999978 0.0 1.999999990375163 4.2648910622104736e-08 -2.125643480262785e-15
6.907500000000001 1.9999999999999978 0.0 1.9999999902589638 4.314576710383787e-08 -2.261673855594938e-15
6.9125 1.9999999999999976 0.0 1.9999999901421592 4.365101817580331e-08 -2.4061409427494602e-15
6.9175 1.9999999999999973 0.0 1.9999999900259968 4.416988827968021e-08 -2.5595522602749247e-15
6.922499999999999 1.9999999999999973 0.0 1.9999999899101188 4.470005073882236e-08 -2.722444941698538e-15
6.9275 1.9999999999999971 0.0 1.9999999897928706 4.52338245897414e-08 -2.895387410963418e-15
6.9325 1.999999999999997 0.0 1.9999999896727685 4.5765058174453005e-08 -3.0789811496621107e-15
6.9375 1.9999999999999967 0.0 1.9999999895498122 4.6294570299127926e-08 -3.273862560930351e-15
6.942500000000001 1.9999999999999964 0.0 1.9999999894254772 4.6829370549544555e-08 -3.4807049351111373e-15
6.9475 1.9999999999999962 0.0 1.9999999893013924 4.737641280856101e-08 -3.700220522561197e-15
6.952500000000001 1.999999999999996 0.0 1.999999989177891 4.793645326623347e-08 -3.933162719245543e-15
6.9575 1.9999999999999958 0.0 1.9999999890537126 4.850348213233334e-08 -4.1803283710504954e-15
6.9625 1.9999999999999956 0.0 1.9999999889271172 4.90701629858269e-08 -4.442560203050163e-15
6.967499999999999 1.9999999999999953 0.0 1.9999999887974207 4.9634405288099926e-08 -4.7207493802717335e-15
6.9725 1.999999999999995 0.0 1.9999999886655795 5.020122752236384e-08 -5.015838206841508e-15
6.977500000000001 1.9999999999999947 0.0 1.9999999885333213 5.0778281903695335e-08 -5.328822970734338e-15
6.9825 1.9999999999999944 0.0 1.9999999884016013 5.136908018098884e-08 -5.660756941718281e-15
6.987500000000001 1.999999999999994 0.0 1.9999999882697568 5.196995593282237e-08 -6.0127535304639905e-15
6.9925 1.9999999999999936 0.0 1.999999988136099 5.257341113166933e-08 -6.385989617187698e-15
6.9975000000000005 1.9999999999999931 0.0 1.999999987999406 5.317483685771488e-08 -6.781709058619565e-15
7.0024999999999995 1.999999999999993 0.0 1.9999999878599937 5.377660775458682e-08 -7.20122638252128e-15
7.0075 1.9999999999999925 0.0 1.9999999877194121 5.43859494630469e-08 -7.645930679444714e-15
7.0125 1.9999999999999918 0.0 1.999999987579057 5.5008536576972226e-08 -8.117289701896794e-15
7.0175 1.9999999999999913 0.0 1.9999999874389294 5.5643509845244177e-08 -8.616854181589128e-15
7.022500000000001 1.999999999999991 0.0 1.999999987297638 5.62843286738685e-08 -9.146262375972822e-15
7.0275 1.9999999999999902 0.0 1.9999999871536314 5.692465768426913e-08 -9.707244855816822e-15
7.032500000000001 1.9999999999999898 0.0 1.999999987006563 5.7564012301776097e-08 -1.0301629546169048e-14
7.0375 1.9999999999999891 0.0 1.9999999868575793 5.820817863677814e-08 -1.0931347033642366e-14
7.0425 1.9999999999999885 0.0 1.9999999867082843 5.886407319215545e-08 -1.1598436153612626e-14
7.047499999999999 1.9999999999999878 0.0 1.9999999865593108 5.953365525820381e-08 -1.230504987157115e-14
7.0525 1.999999999999987 0.0 1.9999999864097566 6.02122649519413e-08 -1.3053461473584923e-14
7.0575 1.9999999999999862 0.0 1.9999999862579867 6.089283984267934e-08 -1.3846071081534564e-14
7.0625 1.9999999999999853 0.0 1.9999999861030728 6.157224247289907e-08 -1.4685412509578057e-14
7.067500000000001 1.9999999999999845 0.0 1.9999999859456035 6.225404645133247e-08 -1.557416047907812e-14
7.0725 1.9999999999999836 0.0 1.9999999857871416 6.29453497678318e-08 -1.6515138210074053e-14
7.077500000000001 1.9999999999999825 0.0 1.9999999856288295 6.365049576619461e-08 -1.7511325408258718e-14
7.0825 1.9999999999999813 0.0 1.999999985470372 6.436728266335899e-08 -1.8565866667326356e-14
7.0875 1.9999999999999802 0.0 1.9999999853102963 6.508899803567492e-08 -1.968208030753711e-14
7.092499999999999 1.9999999999999791 0.0 1.9999999851472554 6.58104535986389e-08 -2.0863467672323244e-14
7.0975 1.9999999999999778 0.0 1.9999999849812107 6.653261930708057e-08 -2.2113722905840286e-14
7.102500000000001 1.9999999999999765 0.0 1.9999999848134467 6.72617521279149e-08 -2.343674323543681e-14
7.1075 1.9999999999999751 0.0 1.999999984645419 6.800384665905843e-08 -2.4836639784191228e-14
7.112500000000001 1.9999999999999736 0.0 1.9999999844774534 6.875935712035589e-08 -2.6317748939851047e-14
7.1175 1.999999999999972 0.0 1.9999999843084546 6.952287304773074e-08 -2.788464430776476e-14
7.1225000000000005 1.9999999999999705 0.0 1.9999999841368807 7.028801224909327e-08 -2.9542149276729645e-14
7.1274999999999995 1.9999999999999687 0.0 1.9999999839620992 7.105313451791205e-08 -3.1295350228023704e-14
7.1325 1.999999999999967 0.0 1.999999983784932 7.182279982760223e-08 -3.314961041935884e-14
7.1375 1.999999999999965 0.0 1.9999999836069071 7.260370696800074e-08 -3.5110584576960147e-14
7.1425 1.999999999999963 0.0 1.9999999834288924 7.339877549738727e-08 -3.718423423057937e-14
7.147500000000001 1.9999999999999607 0.0 1.9999999832503248 7.420463206779367e-08 -3.937684382785967e-14
7.1525 1.9999999999999583 0.0 1.9999999830697073 7.501469568267083e-08 -4.1695037666202216e-14
7.157500000000001 1.9999999999999558 0.0 1.9999999828859354 7.582508773278392e-08 -4.4145797682075265e-14
7.1625 1.9999999999999534 0.0 1.999999982699259 7.663809083426634e-08 -4.6736482139555124e-14
7.1675 1.9999999999999505 0.0 1.99999998251104 7.746010161470255e-08 -4.947484526188338e-14
7.172499999999999 1.9999999999999476 0.0 1.999999982322532 7.8295966192503e-08 -5.236905785181357e-14
7.1775 1.9999999999999445 0.0 1.9999999821337626 7.914474051497117e-08 -5.5427728948711055e-14
7.1825 1.9999999999999414 0.0 1.9999999819435081 8.00006187657235e-08 -5.865992857253592e-14
7.1875 1.9999999999999378 0.0 1.9999999817503769 8.085816976967392e-08 -6.207521160722045e-14
7.192500000000001 1.9999999999999343 0.0 1.999999981554032 8.17171891981513e-08 -6.56836428783374e-14
7.1975 1.9999999999999305 0.0 1.9999999813554703 8.258288100470386e-08 -6.949582348250937e-14
7.202500000000001 1.9999999999999265 0.0 1.9999999811561224 8.346123235810626e-08 -7.352291842866646e-14
7.2075 1.9999999999999223 0.0 1.9999999809565776 8.435374847964204e-08 -7.77766856539771e-14
7.2125 1.9999999999999176 0.0 1.9999999807560558 8.525619654949795e-08 -8.226950648023434e-14
7.217499999999999 1.999999999999913 0.0 1.9999999805530997 8.616243685807203e-08 -8.701441757939247e-14
7.2225 1.999999999999908 0.0 1.999999980346859 8.706994080727615e-08 -9.202514452019274e-14
7.227500000000001 1.9999999999999027 0.0 1.9999999801378259 8.798203779081144e-08 -9.73161369709874e-14
7.2325 1.9999999999998972 0.0 1.9999999799273835 8.89049527602856e-08 -1.0290260563738269e-13
7.237500000000001 1.9999999999998912 0.0 1.999999979716566 8.984230791938291e-08 -1.0880056101682564e-13
7.2425 1.999999999999885 0.0 1.9999999795051364 9.079197343352636e-08 -1.1502685405597978e-13
7.2475000000000005 1.9999999999998783 0.0 1.999999979291795 9.174804191832909e-08 -1.21599218800672e-13
7.2524999999999995 1.9999999999998714 0.0 1.9999999790753276 9.270614425786805e-08 -1.2853631713213784e-13
7.2575 1.999999999999864 0.0 1.9999999788556677 9.366735899054024e-08 -1.3585778568762728e-13
7.2625 1.9999999999998563 0.0 1.9999999786339413 9.463725582804866e-08 -1.4358428506770407e-13
7.2675 1.9999999999998483 0.0 1.9999999784114517 9.562095410164612e-08 -1.5173755143728136e-13
7.272500000000001 1.9999999999998397 0.0 1.9999999781885143 9.661862625637323e-08 -1.6034045063210607e-13
7.2775 1.9999999999998306 0.0 1.999999977964176 9.762542718190777e-08 -1.6941703488745319e-13
7.282500000000001 1.999999999999821 0.0 1.9999999777370583 9.86358789978003e-08 -1.7899260231097566e-13
7.2875 1.9999999999998108 0.0 1.9999999775065687 9.964877997098448e-08 -1.8909375922699539e-13
7.2925 1.9999999999998002 0.0 1.9999999772734123 1.0066827577969224e-07 -1.9974848552530368e-13
7.297499999999999 1.999999999999789 0.0 1.999999977038948 1.017001812010782e-07 -2.109862031532009e-13
7.3025 1.999999999999777 0.0 1.99999997680397 1.0274684651234605e-07 -2.2283784789587432e-13
7.3075 1.9999999999997646 0.0 1.9999999765680003 1.0380514775610776e-07 -2.353359445963221e-13
7.3125 1.9999999999997515 0.0 1.9999999763297105 1.048693501765148e-07 -2.4851468597291215e-13
7.317500000000001 1.9999999999997375 0.0 1.9999999760880942 1.0593627105751608e-07 -2.6241001519938417e-13
7.3225 1.9999999999997229 0.0 1.9999999758433462 1.0700812127042855e-07 -2.7705971241940746e-13
7.327500000000001 1.9999999999997076 0.0 1.9999999755966686 1.0809052990914285e-07 -2.9250348537531406e-13
7.3325 1.9999999999996911 0.0 1.9999999753491948 1.0918755743936027e-07 -3.0878306433827817e-13
7.3375 1.999999999999674 0.0 1.9999999751009756 1.1029815029139454e-07 -3.2594230153560294e-13
7.342499999999999 1.999999999999656 0.0 1.9999999748509356 1.1141716402172397e-07 -3.4402727527889314e-13
7.3475 1.999999999999637 0.0 1.99999997459782 1.1254001926785558e-07 -3.6308639900604673e-13
7.352500000000001 1.9999999999996168 0.0 1.9999999743412973 1.1366679810855414e-07 -3.8317053545879666e-13
7.3575 1.9999999999995957 0.0 1.9999999740822338 1.1480216900859703e-07 -4.043331162273894e-13
7.362500000000001 1.9999999999995735 0.0 1.9999999738219114 1.1595124901404945e-07 -4.2663026690368756e-13
7.3675 1.99999999999955 0.0 1.9999999735608818 1.1711509867522724e-07 -4.501209380942697e-13
7.3725000000000005 1.999999999999525 0.0 1.9999999732984728 1.1828985846602146e-07 -4.748670425561024e-13
7.3774999999999995 1.999999999999499 0.0 1.9999999730333835 1.1947026159478309e-07 -5.009335987280911e-13
7.3825 1.9999999999994715 0.0 1.9999999727648263 1.206543630513717e-07 -5.28388880943862e-13
7.3875 1.9999999999994427 0.0 1.9999999724932125 1.2184527301370018e-07 -5.573045766227573e-13
7.3925 1.9999999999994122 0.0 1.9999999722197712 1.2304839752500594e-07 -5.877559507489949e-13
7.397500000000001 1.9999999999993803 0.0 1.9999999719454469 1.2426666726764422e-07 -6.198220179615804e-13
7.4025 1.9999999999993465 0.0 1.9999999716700567 1.2549799434750798e-07 -6.535857225913627e-13
7.407500000000001 1.9999999999993108 0.0 1.9999999713924483 1.2673720965389593e-07 -6.891341269957533e-13
7.4125 1.9999999999992735 0.0 1.9999999711115168 1.2798071679099273e-07 -7.265586085558583e-13
7.4175 1.999999999999234 0.0 1.9999999708271758 1.2922971903378268e-07 -7.659550657166598e-13
7.422499999999999 1.9999999999991926 0.0 1.999999970540414 1.3048914734783331e-07 -8.074241334658963e-13
7.4275 1.999999999999149 0.0 1.9999999702524058 1.3176328794780363e-07 -8.51071408664501e-13
7.4325 1.999999999999103 0.0 1.9999999699634614 1.3305203809509917e-07 -8.970076856577184e-13
7.4375 1.9999999999990548 0.0 1.999999969672745 1.3435107033140527e-07 -9.453492026144965e-13
7.442500000000001 1.9999999999990037 0.0 1.9999999693790147 1.3565575370868347e-07 -9.962178990605007e-13
7.4475 1.9999999999989502 0.0 1.999999969081714 1.3696531404036036e-07 -1.0497416850895364e-12
7.452500000000001 1.999999999998894 0.0 1.9999999687814518 1.3828352848776769e-07 -1.1060547227580813e-12
7.4575 1.9999999999988347 0.0 1.999999968479445 1.3961536389187671e-07 -1.1652977201876508e-12
7.4625 1.9999999999987723 0.0 1.9999999681764309 1.4096259572195212e-07 -1.2276182389220713e-12
7.467499999999999 1.9999999999987068 0.0 1.99999996787201 1.4232230055842052e-07 -1.2931710151075728e-12
7.4725 1.999999999998638 0.0 1.999999967564993 1.4368953681714078e-07 -1.3621182950882131e-12
7.477500000000001 1.9999999999985654 0.0 1.9999999672544533 1.4506180121479906e-07 -1.4346301860312815e-12
7.4825 1.9999999999984892 0.0 1.999999966940533 1.4644126609849772e-07 -1.510885022223763e-12
7.487500000000001 1.9999999999984088 0.0 1.9999999666243014 1.4783284575567204e-07 -1.5910697477054735e-12
7.4925 1.9999999999983247 0.0 1.999999966306794 1.4923984373499086e-07 -1.6753803159313343e-12
7.4975000000000005 1.999999999998236 0.0 1.9999999659880883 1.5066107617656287e-07 -1.7640221071837443e-12
7.5024999999999995 2.000099999998143 0.0 1.999999965667232 1.520920081033911e-07 -1.8572103644830703e-12
7.5075 2.000099999998045 0.0 1.9999999653430833 1.5352885291653543e-07 -1.9551706487759448e-12
7.5125 2.000099999997942 0.0 1.9999999650153144 1.5497196460730012e-07 -2.0581393142097944e-12
7.5175 2.000099999997834 0.0 1.9999999646846827 1.564255212303056e-07 -2.1663640043359462e-12
7.522500000000001 2.00009999999772 0.0 1.9999999643523472 1.5789382445699105e-07 -2.280104170115116e-12
7.5275 2.0000999999976004 0.0 1.9999999640188306 1.5937751713480893e-07 -2.399631610634324e-12
7.532500000000001 2.0000999999974747 0.0 1.9999999636835524 1.608730847160087e-07 -2.5252310374798313e-12
7.5375 2.000099999997343 0.0 1.9999999633453394 1.6237606096384742e-07 -2.657200663746494e-12
7.5425 2.0000999999972042 0.0 1.999999963003459 1.6388503610875555e-07 -2.7958528187037924e-12
7.547499999999999 2.0000999999970586 0.0 1.9999999626582565 1.6540291837503843e-07 -2.9415145891762422e-12
7.5525 2.0000999999969054 0.0 1.9999999623108344 1.669343395515555e-07 -3.0945284887389438e-12
7.5575 2.000099999996745 0.0 1.999999961962065 1.6848156398683025e-07 -3.255253155869184e-12
7.5625 2.000099999996576 0.0 1.9999999616118103 1.7004254795665538e-07 -3.424064082240977e-12
7.567500000000001 2.0000999999963986 0.0 1.9999999612590393 1.716128149089379e-07 -3.6013543723931115e-12
7.5725 2.0000999999962126 0.0 1.9999999609027397 1.7318950650046787e-07 -3.787535536049063e-12
7.577500000000001 2.000099999996017 0.0 1.9999999605428016 1.7477393781885217e-07 -3.983038314416226e-12
7.5825 2.000099999995812 0.0 1.9999999601801046 1.763704262360222e-07 -4.188313541840342e-12
7.5875 2.000099999995596 0.0 1.9999999598157214 1.779824711749262e-07 -4.403833044246174e-12
7.592499999999999 2.00009999999537 0.0 1.9999999594499616 1.7960968350707476e-07 -4.630090575845237e-12
7.5975 2.0000999999951325 0.0 1.9999999590820905 1.8124821066083399e-07 -4.867602795651864e-12
7.602500000000001 2.000099999994883 0.0 1.9999999587109794 1.8289422050762756e-07 -5.116910285401274e-12
7.6075 2.0000999999946214 0.0 1.9999999583360961 1.8454734523013912e-07 -5.378578610527667e-12
7.612500000000001 2.000099999994347 0.0 1.9999999579579668 1.8621100942384584e-07 -5.653199425919127e-12
7.6175 2.0000999999940587 0.0 1.9999999575776948 1.878893786256739e-07 -5.9413916282289025e-12
7.6225000000000005 2.0000999999937563 0.0 1.9999999571959743 1.8958368462070855e-07 -6.2438025565929505e-12
7.6274999999999995 2.000099999993439 0.0 1.9999999568124682 1.912911972851095e-07 -6.561109243664901e-12
7.6325 2.000099999993106 0.0 1.999999956426105 1.9300771972489656e-07 -6.89401971895707e-12
7.6375 2.0000999999927567 0.0 1.999999956036023 1.9473137193326807e-07 -7.243274366541262e-12
7.6425 2.0000999999923903 0.0 1.9999999556423238 1.9646427446000905e-07 -7.609647339245586e-12
7.647500000000001 2.000099999992006 0.0 1.9999999552459669 1.9821065773820073e-07 -7.993948031554159e-12
7.6525 2.000099999991603 0.0 1.999999954847908 1.9997311196582923e-07 -8.397022613500371e-12
7.657500000000001 2.00009999999118 0.0 1.9999999544482447 2.017503321807228e-07 -8.81975562792728e-12
7.6625 2.000099999990737 0.0 1.9999999540461277 2.0353836172735806e-07 -9.263071653569137e-12
7.6675 2.000099999990272 0.0 1.9999999536405109 2.0533415779248873e-07 -9.727937036503535e-12
7.672499999999999 2.000099999989785 0.0 1.9999999532310697 2.0713831574559436e-07 -1.0215361692605173e-11
7.6775 2.0000999999892737 0.0 1.9999999528184773 2.0895453205068492e-07 -1.0726400983735886e-11
7.6825 2.000099999988738 0.0 1.999999952403798 2.1078631675106282e-07 -1.1262157670491256e-11
7.6875 2.0000999999881763 0.0 1.9999999519875298 2.1263391031928427e-07 -1.182378394443425e-11
7.692500000000001 2.0000999999875875 0.0 1.999999951569161 2.14494137852415e-07 -1.2412483542840183e-11
7.6975 2.0000999999869706 0.0 1.99999995114762 2.1636330449669346e-07 -1.3029513949088122e-11
7.702500000000001 2.000099999986324 0.0 1.9999999507222177 2.1824049999755262e-07 -1.3676188681943295e-11
7.7075 2.0000999999856464 0.0 1.999999950293251 2.201284077477863e-07 -1.435387967708087e-11
7.7125 2.0000999999849363 0.0 1.9999999498617245 2.220309178478546e-07 -1.5064019764329204e-11
7.717499999999999 2.000099999984192 0.0 1.9999999494284517 2.2394968210758579e-07 -1.580810524421504e-11
7.7225 2.0000999999834126 0.0 1.99999994899333 2.2588269512265094e-07 -1.6587698567531552e-11
7.727500000000001 2.0000999999825955 0.0 1.9999999485554263 2.2782614125917713e-07 -1.7404431121762396e-11
7.7325 2.00009999998174 0.0 1.999999948113799 2.2977783265481863e-07 -1.826000612833668e-11
7.737500000000001 2.000099999980844 0.0 1.9999999476683252 2.317391688928309e-07 -1.91562016548182e-11
7.7425 2.000099999979905 0.0 1.9999999472197962 2.337138812897779e-07 -2.009487374626786e-11
7.7475000000000005 2.000099999978922 0.0 1.9999999467692067 2.3570470900593924e-07 -2.1077959680170624e-11
7.7524999999999995 2.0000999999778926 0.0 1.999999946316864 2.3771100630449156e-07 -2.2107481349449495e-11
7.7575 2.0000999999768148 0.0 1.9999999458621136 2.3972937529592753e-07 -2.3185548778257398e-11
7.7625 2.000099999975686 0.0 1.999999945403916 2.4175673285827e-07 -2.4314363775371634e-11
7.7675 2.0000999999745037 0.0 1.9999999449417618 2.4379307734909444e-07 -2.5496223730197146e-11
7.772500000000001 2.0000999999732665 0.0 1.9999999444761136 2.458414805016585e-07 -2.6733525556528764e-11
7.7775 2.0000999999719715 0.0 1.9999999440079832 2.479053494801314e-07 -2.8028769789401454e-11
7.782500000000001 2.0000999999706157 0.0 1.9999999435380258 2.4998541476206757e-07 -2.9384564840531745e-11
7.7875 2.0000999999691964 0.0 1.999999943065954 2.5207912784356956e-07 -3.0803631418017366e-11
7.7925 2.0000999999677114 0.0 1.9999999425907895 2.5418298771073936e-07 -3.2288807116166875e-11
7.797499999999999 2.000099999966157 0.0 1.9999999421117283 2.56295680359504e-07 -3.3843051181490444e-11
7.8025 2.000099999964531 0.0 1.999999941628843 2.5841924570175713e-07 -3.546944946110502e-11
7.807500000000001 2.000099999962829 0.0 1.9999999411430072 2.6055724662665553e-07 -3.717121953997428e-11
7.8125 2.0000999999610483 0.0 1.9999999406551099 2.6271161034620663e-07 -3.895171607363096e-11
7.817500000000001 2.0000999999591857 0.0 1.999999940165261 2.648809442143292e-07 -4.0814436323225724e-11
7.8225 2.000099999957237 0.0 1.9999999396726904 2.6706183371739904e-07 -4.2763025899949653e-11
7.827500000000001 2.0000999999551987 0.0 1.9999999391764276 2.6925192195559736e-07 -4.48012847261243e-11
7.8325 2.000099999953067 0.0 1.9999999386761558 2.7145200504090013e-07 -4.693317322043751e-11
7.8375 2.0000999999508373 0.0 1.9999999381724805 2.7366530776041346e-07 -4.916281871507737e-11
7.842499999999999 2.0000999999485054 0.0 1.9999999376663828 2.758946058301807e-07 -5.149452211270269e-11
7.8475 2.0000999999460674 0.0 1.9999999371583415 2.781397817134758e-07 -5.393276479147973e-11
7.852500000000001 2.000099999943518 0.0 1.9999999366479018 2.803979694849627e-07 -5.648221576661139e-11
7.8575 2.0000999999408524 0.0 1.9999999361340766 2.8266615809650597e-07 -5.914773911708127e-11
7.862500000000001 2.0000999999380658 0.0 1.999999935616217 2.8494387815418387e-07 -6.193440168656448e-11
7.8675 2.0000999999351525 0.0 1.9999999350945772 2.872336024914344e-07 -6.484748106772362e-11
7.8725000000000005 2.0000999999321074 0.0 1.9999999345700774 2.895385261661728e-07 -6.789247387940221e-11
7.8774999999999995 2.000099999928925 0.0 1.999999934043479 2.9185973171313355e-07 -7.107510434646309e-11
7.8825 2.000099999925599 0.0 1.9999999335147005 2.9419526438612606e-07 -7.440133319235072e-11
7.8875 2.000099999922123 0.0 1.9999999329828873 2.965419174523444e-07 -7.787736685468733e-11
7.8925 2.0000999999184903 0.0 1.999999932447163 2.9889810193541814e-07 -8.150966703457227e-11
7.897500000000001 2.000099999914695 0.0 1.9999999319074007 3.012652424111626e-07 -8.530496059049113e-11
7.9025 2.00009999991073 0.0 1.9999999313643237 3.036464984183256e-07 -8.927024978809027e-11
7.907500000000001 2.0000999999065874 0.0 1.9999999308188487 3.0604394306701843e-07 -9.341282291738263e-11
7.9125 2.0000999999022597 0.0 1.9999999302712685 3.0845674147929294e-07 -9.774026528922682e-11
7.9175 2.00009999989774 0.0 1.9999999297209845 3.1088193067360523e-07 -1.0226047062332564e-10
7.922499999999999 2.0000999998930182 0.0 1.9999999291670358 3.1331706990267646e-07 -1.0698165284022763e-10
7.9275 2.000099999888088 0.0 1.999999928608943 3.157624169518903e-07 -1.1191235827024592e-10
7.932500000000001 2.0000999998829387 0.0 1.9999999280471226 3.1822068022239753e-07 -1.1706147829246761e-10
7.9375 2.0000999998775617 0.0 1.9999999274825018 3.2069458363364173e-07 -1.224382624174479e-10
7.942500000000001 2.000099999871948 0.0 1.999999926915688 3.231844510548118e-07 -1.280523318275012e-10
7.9475 2.0000999998660864 0.0 1.9999999263464225 3.256879343829043e-07 -1.3391369338884717e-10
7.952500000000001 2.0000999998599673 0.0 1.9999999257738048 3.282021410685632e-07 -1.4003275415031064e-10
7.9575 2.0000999998535796 0.0 1.9999999251970841 3.307262259268347e-07 -1.4642033634353768e-10
7.9625 2.0000999998469124 0.0 1.9999999246163132 3.3326210669913657e-07 -1.5308769290020031e-10
7.967499999999999 2.0000999998399536 0.0 1.99999992403229 3.3581272882229835e-07 -1.6004652350190155e-10
7.9725 2.000099999832691 0.0 1.9999999234458348 3.383794367033984e-07 -1.6730899117904307e-10
7.977500000000001 2.0000999998251126 0.0 1.9999999228570533 3.409607995601651e-07 -1.7488773947514955e-10
7.9825 2.000099999817204 0.0 1.9999999222652345 3.435539060924612e-07 -1.8279591019369094e-10
7.987500000000001 2.000099999808953 0.0 1.9999999216694766 3.4615696810338374e-07 -1.9104716174475952e-10
7.9925 2.0000999998003444 0.0 1.9999999210694748 3.4877089019007564e-07 -1.996556881093677e-10
7.9975000000000005 2.000099999791364 0.0 1.9999999204657792 3.5139843874779603e-07 -2.086362384396456e-10
8.002500000000001 2.000099999781996 0.0 1.999999919859286 3.540417634217084e-07 -2.1800413731348e-10
8.0075 2.0000999997722246 0.0 1.999999919250432 3.5670047075099886e-07 -2.2777530566271783e-10
8.0125 2.0000999997620337 0.0 1.9999999186387996 3.593720014698178e-07 -2.3796628239439146e-10
8.0175 2.0000999997514057 0.0 1.9999999180234758 3.6205392133953583e-07 -2.4859424672484886e-10
8.0225 2.000099999740323 0.0 1.9999999174038494 3.647460797200171e-07 -2.596770412471583e-10
8.0275 2.000099999728767 0.0 1.99999991678014 3.674507071409419e-07 -2.712331957525793e-10
8.032499999999999 2.0000999997167184 0.0 1.9999999161531836 3.7017038800472736e-07 -2.832819518272967e-10
8.037500000000001 2.000099999704157 0.0 1.9999999155236727 3.7290575802938097e-07 -2.9584328824608817e-10
8.0425 2.000099999691062 0.0 1.9999999148915308 3.7565494159967956e-07 -3.089379471849694e-10
8.0475 2.0000999996774125 0.0 1.9999999142559677 3.784152310732205e-07 -3.225874612755243e-10
8.0525 2.000099999663186 0.0 1.9999999136161686 3.811854890803288e-07 -3.368141815236856e-10
8.057500000000001 2.000099999648359 0.0 1.9999999129719974 3.8396713715741997e-07 -3.516413061165494e-10
8.0625 2.000099999632907 0.0 1.999999912324098 3.8676284668250914e-07 -3.6709291014105447e-10
8.067499999999999 2.0000999996168063 0.0 1.999999911673302 3.8957413026659416e-07 -3.8319397623883146e-10
8.0725 2.0000999996000295 0.0 1.99999991101987 3.923999984079231e-07 -3.999704262219613e-10
8.0775 2.000099999582551 0.0 1.9999999103632473 3.9523783654982335e-07 -4.174491536748263e-10
8.0825 2.000099999564342 0.0 1.999999909702541 3.98085725879544e-07 -4.356580575677033e-10
8.0875 2.000099999545374 0.0 1.9999999090372897 4.0094412771699733e-07 -4.546260769081381e-10
8.092500000000001 2.000099999525617 0.0 1.999999908367851 4.038154338564431e-07 -4.743832264564636e-10
8.0975 2.0000999995050392 0.0 1.9999999076950572 4.067017883887196e-07 -4.949606335325046e-10
8.1025 2.0000999994836097 0.0 1.999999907019454 4.0960316935104033e-07 -5.163905759406383e-10
8.1075 2.000099999461294 0.0 1.9999999063407956 4.1251739500275145e-07 -5.387065210409124e-10
8.1125 2.000099999438057 0.0 1.9999999056582427 4.154420627759597e-07 -5.619431659943075e-10
8.1175 2.0000999994138637 0.0 1.9999999049710844 4.1837667160148187e-07 -5.861364792106104e-10
8.1225 2.0000999993886763 0.0 1.999999904279341 4.213230121471173e-07 -6.113237430277278e-10
8.127500000000001 2.0000999993624564 0.0 1.999999903583715 4.242835316547552e-07 -6.375435976515084e-10
8.1325 2.000099999335164 0.0 1.999999902884935 4.2725911930161785e-07 -6.648360863857274e-10
8.1375 2.0000999993067574 0.0 1.9999999021830837 4.3024829962086006e-07 -6.932427021819997e-10
8.1425 2.0000999992771935 0.0 1.9999999014774992 4.3324852881112246e-07 -7.228064355397477e-10
8.1475 2.0000999992464283 0.0 1.999999900767334 4.3625845039333214e-07 -7.535718237866195e-10
8.1525 2.0000999992144153 0.0 1.999999900052274 4.392790592590319e-07 -7.855850017701686e-10
8.157499999999999 2.0000999991811064 0.0 1.999999899332781 4.423127525677687e-07 -8.188937539916343e-10
8.162500000000001 2.0000999991464523 0.0 1.999999898609644 4.4536116339641814e-07 -8.535475682129716e-10
8.1675 2.0000999991104025 0.0 1.9999998978832425 4.484236625587723e-07 -8.895976905683922e-10
8.1725 2.0000999990729027 0.0 1.9999998971531767 4.5149790140032317e-07 -9.270971822122753e-10
8.1775 2.0000999990338992 0.0 1.9999998964185872 4.545818928188367e-07 -9.661009775345936e-10
8.182500000000001 2.0000999989933343 0.0 1.9999998956788796 4.5767573407809934e-07 -1.006665943975909e-09
8.1875 2.000099998951149 0.0 1.9999998949342044 4.607814637457163e-07 -1.04885094347367e-09
8.192499999999999 2.000099998907283 0.0 1.9999998941852755 4.63901195168842e-07 -1.0927168955716983e-09
8.1975 2.0000999988616734 0.0 1.999999893432693 4.6703518968822475e-07 -1.138326842224505e-09
8.2025 2.000099998814254 0.0 1.9999998926763671 4.701815798857931e-07 -1.1857460143283563e-09
8.2075 2.0000999987649584 0.0 1.9999998919155526 4.73338017313538e-07 -1.2350419000107067e-09
8.2125 2.000099998713716 0.0 1.9999998911494643 4.7650372639433357e-07 -1.2862843147096084e-09
8.217500000000001 2.000099998660455 0.0 1.9999998903779177 4.796801340470109e-07 -1.339545473074084e-09
8.2225 2.0000999986051 0.0 1.9999998896014364 4.828695433402809e-07 -1.3949000627169356e-09
8.2275 2.000099998547575 0.0 1.999999888820729 4.860730194898207e-07 -1.4524253198504804e-09
8.2325 2.000099998487799 0.0 1.9999998880360046 4.892893885071758e-07 -1.5122011068355999e-09
8.2375 2.00009999842569 0.0 1.9999998872467324 4.92516252063274e-07 -1.5743099916739913e-09
8.2425 2.0000999983611627 0.0 1.9999998864520523 4.957520890037422e-07 -1.6388373294732162e-09
8.2475 2.0000999982941288 0.0 1.9999998856514745 4.989975491156918e-07 -1.7058713459132313e-09
8.252500000000001 2.000099998224497 0.0 1.999999884845242 5.022548108891665e-07 -1.7755032227424334e-09
8.2575 2.000099998152173 0.0 1.999999884034045 5.055255779462002e-07 -1.8478271853309324e-09
8.2625 2.0000999980770593 0.0 1.9999998832183352 5.088094901026391e-07 -1.9229405923075456e-09
8.2675 2.000099997999056 0.0 1.9999998823978564 5.121044039416876e-07 -2.000944027306046e-09
8.2725 2.000099997918059 0.0 1.9999998815717992 5.15408261636018e-07 -2.08194139284537e-09
8.2775 2.00009999783396 0.0 1.9999998807394408 5.187208607050794e-07 -2.1660400063676232e-09
8.282499999999999 2.0000999977466494 0.0 1.9999998799007026 5.220439760916304e-07 -2.253350698455875e-09
8.287500000000001 2.000099997656012 0.0 1.9999998790561295 5.25379698168886e-07 -2.343987913252887e-09
8.2925 2.0000999975619305 0.0 1.9999998782063204 5.287284891634016e-07 -2.43806981109998e-09
8.2975 2.000099997464282 0.0 1.9999998773513097 5.320887175593306e-07 -2.535718373415076e-09
8.3025 2.0000999973629408 0.0 1.9999998764904443 5.354580601837605e-07 -2.637059509824731e-09
8.307500000000001 2.000099997257777 0.0 1.9999998756228703 5.388355219085968e-07 -2.7422231675656128e-09
8.3125 2.0000999971486566 0.0 1.999999874748188 5.422222521963167e-07 -2.8513434431676317e-09
8.317499999999999 2.0000999970354414 0.0 1.9999998738666964 5.45620442415995e-07 -2.9645586964291464e-09
8.3225 2.0000999969179882 0.0 1.9999998729790223 5.490312817743933e-07 -3.082011666691992e-09
8.3275 2.0000999967961506 0.0 1.999999872085453 5.5245381670484e-07 -3.203849591422242e-09
8.3325 2.0000999966697757 0.0 1.9999998711855729 5.558857478342432e-07 -3.3302243270997155e-09
8.3375 2.0000999965387076 0.0 1.9999998702785164 5.593254194822319e-07 -3.4612924724165178e-09
8.342500000000001 2.000099996402785 0.0 1.9999998693636112 5.627732307867918e-07 -3.5972154937812763e-09
8.3475 2.00009999626184 0.0 1.9999998684408442 5.662311985723498e-07 -3.7381598531239235e-09
8.3525 2.000099996115703 0.0 1.9999998675107413 5.697010613875192e-07 -3.88429713799134e-09
8.3575 2.000099995964196 0.0 1.9999998665737682 5.731826325489069e-07 -4.035804193920797e-09
8.3625 2.000099995807137 0.0 1.9999998656297797 5.766739010813361e-07 -4.1928632590745826e-09
8.3675 2.000099995644338 0.0 1.9999998646780093 5.801727555995188e-07 -4.35566210111524e-09
8.3725 2.000099995475606 0.0 1.9999998637175995 5.836788000877781e-07 -4.524394156296291e-09
8.377500000000001 2.0000999953007415 0.0 1.9999998627482072 5.871936205325871e-07 -4.699258670738348e-09
8.3825 2.0000999951195393 0.0 1.9999998617701449 5.907192722469528e-07 -4.8804608438567945e-09
8.3875 2.000099994931788 0.0 1.9999998607839446 5.942563400122837e-07 -5.068211973901572e-09
8.3925 2.0000999947372704 0.0 1.99999985978972 5.978033173634551e-07 -5.262729605563524e-09
8.3975 2.0000999945357623 0.0 1.9999998587868923 6.013578898212525e-07 -5.464237679597247e-09
8.4025 2.0000999943270332 0.0 1.999999857774529 6.049189204564599e-07 -5.672966684403895e-09
8.407499999999999 2.000099994110846 0.0 1.9999998567519826 6.084873798293893e-07 -5.889153809511428e-09
8.412500000000001 2.000099993886957 0.0 1.9999998557192713 6.120653809371677e-07 -6.113043100881915e-09
8.4175 2.0000999936551143 0.0 1.9999998546768696 6.156541706428036e-07 -6.344885617969572e-09
8.4225 2.0000999934150605 0.0 1.9999998536250874 6.192529130532112e-07 -6.584939592447668e-09
8.4275 2.0000999931665295 0.0 1.9999998525635885 6.228593479175389e-07 -6.833470588509472e-09
8.432500000000001 2.0000999929092482 0.0 1.99999985149148 6.264717216909401e-07 -7.090751664645808e-09
8.4375 2.0000999926429364 0.0 1.9999998504078802 6.300902743586062e-07 -7.357063536790531e-09
8.442499999999999 2.0000999923673053 0.0 1.9999998493124695 6.337169162704402e-07 -7.632694742716465e-09
8.4475 2.0000999920820584 0.0 1.9999998482055434 6.373533977954944e-07 -7.91794180755501e-09
8.4525 2.000099991786891 0.0 1.9999998470875093 6.409996244130518e-07 -8.213109410302858e-09
8.4575 2.0000999914814894 0.0 1.9999998459582828 6.446536375936582e-07 -8.518510551169574e-09
8.4625 2.0000999911655333 0.0 1.9999998448171092 6.483132812466444e-07 -8.834466719608285e-09
8.467500000000001 2.000099990838692 0.0 1.99999984366297 6.519780358754061e-07 -9.16130806285844e-09
8.4725 2.0000999905006265 0.0 1.9999998424952141 6.55649379943541e-07 -9.49937355482281e-09
8.4775 2.000099990150989 0.0 1.9999998413138602 6.593293421269186e-07 -9.849011165082799e-09
8.4825 2.000099989789422 0.0 1.9999998401192978 6.630185495724645e-07 -1.0210578027846662e-08
8.4875 2.0000999894155593 0.0 1.9999998389116507 6.667155511952591e-07 -1.0584440610609571e-08
8.4925 2.0000999890290254 0.0 1.9999998376903718 6.70418014970929e-07 -1.0970974882292584e-08
8.4975 2.0000999886294335 0.0 1.9999998364544171 6.741247184265911e-07 -1.1370566480610761e-08
8.502500000000001 2.0000999882163892 0.0 1.9999998352028547 6.778365390784907e-07 -1.178361087840383e-08
8.5075 2.0000999877894867 0.0 1.9999998339353662 6.815555373557392e-07 -1.2210513548651455e-08
8.5125 2.00009998734831 0.0 1.9999998326521968 6.852829710101986e-07 -1.2651690127873112e-08
8.5175 2.0000999868924336 0.0 1.9999998313535974 6.890180313222415e-07 -1.3107566577597017e-08
8.5225 2.0000999864214206 0.0 1.9999998300392556 6.92758451201874e-07 -1.3578579343564127e-08
8.5275 2.0000999859348245 0.0 1.999999828708209 6.965024396704806e-07 -1.4065175512314868e-08
8.532499999999999 2.000099985432187 0.0 1.9999998273593278 7.002501801958825e-07 -1.4567812964784217e-08
8.537500000000001 2.0000999849130396 0.0 1.99999982599194 7.040035308787392e-07 -1.5086960526510765e-08
8.5425 2.000099984376902 0.0 1.9999998246060413 7.077642047200678e-07 -1.5623098114042834e-08
8.5475 2.0000999838232834 0.0 1.9999998232019027 7.115320917429335e-07 -1.6176716877107367e-08
8.5525 2.0000999832516806 0.0 1.9999998217794277 7.153052307065435e-07 -1.674831933607295e-08
8.557500000000001 2.0000999826615806 0.0 1.9999998203378184 7.190814435794188e-07 -1.7338419514223876e-08
8.5625 2.000099982052457 0.0 1.999999818875855 7.228601760495632e-07 -1.794754306433284e-08
8.567499999999999 2.0000999814237725 0.0 1.9999998173925397 7.266428624933583e-07 -1.8576227388992847e-08
8.572500000000002 2.000099980774978 0.0 1.9999998158875378 7.304314838132269e-07 -1.9225021754140523e-08
8.5775 2.000099980105513 0.0 1.9999998143610194 7.342266335936393e-07 -1.9894487395174985e-08
8.5825 2.0000999794148027 0.0 1.9999998128130438 7.380268339071462e-07 -2.0585197615052863e-08
8.5875 2.0000999787022624 0.0 1.9999998112430286 7.418297424005542e-07 -2.1297737873694268e-08
8.592500000000001 2.0000999779672943 0.0 1.999999809649776 7.456341401370153e-07 -2.2032705868016923e-08
8.5975 2.0000999772092887 0.0 1.999999808032034 7.494408699159532e-07 -2.2790711601876012e-08
8.6025 2.000099976427623 0.0 1.9999998063891034 7.532519300784404e-07 -2.3572377445152076e-08
8.6075 2.0000999756216618 0.0 1.999999804720938 7.570685175508234e-07 -2.4378338181193377e-08
8.6125 2.000099974790759 0.0 1.999999803027659 7.608897829475817e-07 -2.5209241041782595e-08
8.6175 2.000099973934254 0.0 1.9999998013089044 7.647134620654909e-07 -2.6065745728761123e-08
8.6225 2.0000999730514755 0.0 1.999999799563596 7.685377775433883e-07 -2.694852442139948e-08
8.627500000000001 2.0000999721417383 0.0 1.9999997977903314 7.723628940942919e-07 -2.785826176856065e-08
8.6325 2.000099971204345 0.0 1.9999997959880584 7.761906059684155e-07 -2.8795654864666076e-08
8.6375 2.000099970238587 0.0 1.9999997941564258 7.800225505976586e-07 -2.976141320842326e-08
8.6425 2.0000999692437413 0.0 1.9999997922955028 7.838585728754282e-07 -3.0756258643226573e-08
8.6475 2.0000999682190748 0.0 1.9999997904051114 7.876967021443274e-07 -3.1780925278099106e-08
8.6525 2.0000999671638406 0.0 1.9999997884843665 7.91534790759805e-07 -3.283615938799273e-08
8.657499999999999 2.000099966077281 0.0 1.9999997865318326 7.953722970519923e-07 -3.392271929220892e-08
8.662500000000001 2.000099964958625 0.0 1.9999997845461617 7.992106052093435e-07 -3.5041375209650534e-08
8.6675 2.000099963807091 0.0 1.999999782526646 8.030516033668549e-07 -3.6192909089557355e-08
8.6725 2.000099962621886 0.0 1.9999997804731922 8.068957989770333e-07 -3.7378114416333894e-08
8.6775 2.000099961402204 0.0 1.999999778385735 8.107417048589693e-07 -3.859779598699303e-08
8.682500000000001 2.0000999601472302 0.0 1.9999997762636166 8.145870199988871e-07 -3.985276965970181e-08
8.6875 2.000099958856138 0.0 1.9999997741054811 8.184305516653109e-07 -4.114386207184302e-08
8.692499999999999 2.00009995752809 0.0 1.9999997719097846 8.222731188602968e-07 -4.247191032593809e-08
8.697500000000002 2.0000999561622383 0.0 1.9999997696754623 8.261166184516964e-07 -4.3837761641711484e-08
8.7025 2.000099954757727 0.0 1.9999997674021652 8.299621393993115e-07 -4.5242272972503835e-08
8.7075 2.0000999533136894 0.0 1.999999765089847 8.338088037123157e-07 -4.6686310584184514e-08
8.7125 2.0000999518292506 0.0 1.9999997627380743 8.376543861969445e-07 -4.817074959460682e-08
8.717500000000001 2.0000999503035266 0.0 1.9999997603456712 8.414971621612554e-07 -4.9696473471604737e-08
8.7225 2.0000999487356266 0.0 1.9999997579110182 8.453372820451257e-07 -5.126437348743397e-08
8.7275 2.000099947124652 0.0 1.9999997554327442 8.491764439474866e-07 -5.2875348127480146e-08
8.7325 2.0000999454696977 0.0 1.9999997529101878 8.530161711836739e-07 -5.4530302450969e-08
8.7375 2.0000999437698526 0.0 1.9999997503432252 8.568562517028322e-07 -5.623014740133098e-08
8.7425 2.000099942024201 0.0 1.9999997477316076 8.606947547011072e-07 -5.797579906378231e-08
8.7475 2.0000999402318222 0.0 1.999999745074411 8.645295940836698e-07 -5.976817786758703e-08
8.752500000000001 2.0000999383917923 0.0 1.9999997423700786 8.683602203845762e-07 -6.160820773036205e-08
8.7575 2.000099936503185 0.0 1.9999997396170308 8.721879253514884e-07 -6.349681514170826e-08
8.7625 2.000099934565072 0.0 1.999999736814289 8.760144720289602e-07 -6.543492818332685e-08
8.7675 2.0000999325765245 0.0 1.9999997339615654 8.798403094650077e-07 -6.742347548268197e-08
8.7725 2.000099930536615 0.0 1.9999997310587365 8.83663993002694e-07 -6.946338509716447e-08
8.7775 2.000099928444417 0.0 1.9999997281051678 8.874832909843746e-07 -7.155558332559918e-08
8.782499999999999 2.0000999262990065 0.0 1.9999997250994999 8.912970037073156e-07 -7.370099344381876e-08
8.787500000000001 2.000099924099466 0.0 1.9999997220400847 8.951058428704379e-07 -7.59005343609066e-08
8.7925 2.000099921844881 0.0 1.999999718925679 8.989115825167992e-07 -7.815511919258948e-08
8.7975 2.0000999195343465 0.0 1.9999997157557856 9.027152545568754e-07 -8.046565374815384e-08
8.8025 2.000099917166965 0.0 1.9999997125303337 9.065160241487024e-07 -8.28330349270856e-08
8.807500000000001 2.0000999147418512 0.0 1.9999997092489918 9.103117575717975e-07 -8.525814902154089e-08
8.8125 2.00009991225813 0.0 1.9999997059107175 9.141007371560723e-07 -8.774186992060323e-08
8.817499999999999 2.000099909714943 0.0 1.9999997025139586 9.178830005674804e-07 -9.02850572121356e-08
8.822500000000002 2.000099907111446 0.0 1.9999996990573188 9.216601004651406e-07 -9.288855417789123e-08
8.8275 2.0000999044468144 0.0 1.9999996955400974 9.254334863478962e-07 -9.555318567739621e-08
8.8325 2.0000999017202443 0.0 1.9999996919622258 9.292029981739036e-07 -9.827975591599011e-08
8.8375 2.000099898930954 0.0 1.999999688323661 9.329668087247445e-07 -1.0106904609219183e-07
8.842500000000001 2.000099896078188 0.0 1.9999996846237786 9.367228557815559e-07 -1.0392181191945312e-07
8.8475 2.0000998931612193 0.0 1.9999996808613074 9.404704849879237e-07 -1.0683878101717262e-07
8.8525 2.00009989017935 0.0 1.9999996770348654 9.442108269562175e-07 -1.0982065016566318e-07
8.8575 2.0000998871319178 0.0 1.9999996731436194 9.47945564047725e-07 -1.1286808241959665e-07
8.8625 2.000099884018296 0.0 1.9999996691874853 9.516752005852093e-07 -1.1598170407426578e-07
8.8675 2.0000998808378987 0.0 1.999999665166697 9.553983998401652e-07 -1.1916210147882653e-07
8.8725 2.0000998775901824 0.0 1.999999661081129 9.591129644111569e-07 -1.224098176904781e-07
8.877500000000001 2.000099874274651 0.0 1.9999996569299785 9.628175960805317e-07 -1.2572534896333583e-07
8.8825 2.000099870890859 0.0 1.9999996527120913 9.665128398500023e-07 -1.2910914106558013e-07
8.8875 2.0000998674384145 0.0 1.9999996484266478 9.70200374211659e-07 -1.325615854182277e-07
8.8925 2.000099863916985 0.0 1.9999996440735925 9.738812822953263e-07 -1.3608301504866352e-07
8.8975 2.0000998603262996 0.0 1.999999639653442 9.7755485745363e-07 -1.3967370035186273e-07
8.9025 2.0000998566661554 0.0 1.99999963516664 9.812190085949548e-07 -1.4333384465201186e-07
8.907499999999999 2.0000998529364207 0.0 1.9999996306130374 9.84871906670463e-07 -1.4706357955698963e-07
8.912500000000001 2.00009984913704 0.0 1.9999996259919648 9.885134034455528e-07 -1.5086296009794732e-07
8.9175 2.0000998452680405 0.0 1.9999996213028342 9.921449384078527e-07 -1.547319596459713e-07
8.9225 2.0000998413295354 0.0 1.9999996165457414 9.957680252689268e-07 -1.586704645976124e-07
8.9275 2.000099837321731 0.0 1.9999996117215368 9.993826591259398e-07 -1.6267826882072388e-07
8.932500000000001 2.0000998332449322 0.0 1.9999996068313104 1.0029870821483723e-06 -1.6675506785187474e-07
8.9375 2.0000998290995473 0.0 1.9999996018757538 1.0065791243782632e-06 -1.7090045283630125e-07
8.942499999999999 2.000099824886096 0.0 1.9999995968549693 1.0101579182888246e-06 -1.751139042010891e-07
8.947500000000002 2.000099820605215 0.0 1.9999995917688982 1.0137244459427788e-06 -1.793947850519965e-07
8.9525 2.000099816257666 0.0 1.9999995866179976 1.0172804332880935e-06 -1.8374233428404273e-07
8.9575 2.0000998118443407 0.0 1.9999995814035683 1.0208265689646111e-06 -1.8815565939573976e-07
8.9625 2.0000998073662712 0.0 1.9999995761274532 1.0243616306278837e-06 -1.9263372899644288e-07
8.967500000000001 2.0000998028246353 0.0 1.9999995707913805 1.0278833329450188e-06 -1.9717536499609782e-07
8.9725 2.0000997982207656 0.0 1.999999565396537 1.0313901387156865e-06 -2.0177923446628748e-07
8.9775 2.000099793556159 0.0 1.9999995599437608 1.0348824149229237e-06 -2.0644384116118412e-07
8.9825 2.0000997888324834 0.0 1.999999554434184 1.0383618709225098e-06 -2.1116751668666006e-07
8.9875 2.0000997840515886 0.0 1.9999995488697746 1.041829783781071e-06 -2.1594841130550255e-07
8.9925 2.0000997792155157 0.0 1.9999995432532949 1.0452855991287998e-06 -2.2078448436633472e-07
8.9975 2.0000997743265057 0.0 1.999999537587728 1.0487271601094215e-06 -2.2567349434347422e-07
9.002500000000001 2.0000997693870115 0.0 1.9999995318756865 1.0521523950504856e-06 -2.3061298847460162e-07
9.0075 2.000099764399708 0.0 1.999999526119332 1.0555609503160251e-06 -2.3560029198278593e-07
9.0125 2.000099759367503 0.0 1.9999995203208973 1.0589542731531999e-06 -2.4063249686899673e-07
9.0175 2.00009975429355 0.0 1.99999951448335 1.0623340776311783e-06 -2.4570645026086294e-07
9.0225 2.000099749181258 0.0 1.999999508610629 1.0657005463084387e-06 -2.5081874230305686e-07
9.0275 2.0000997440343067 0.0 1.9999995027072455 1.06905188063407e-06 -2.5596569357429514e-07
9.032499999999999 2.000099738856658 0.0 1.9999994967776176 1.0723856659344295e-06 -2.611433420155113e-07
9.037500000000001 2.0000997336525708 0.0 1.9999994908257288 1.0757007892849242e-06 -2.663474293533641e-07
9.0425 2.000099728426613 0.0 1.9999994848554392 1.0789982195769423e-06 -2.7157338700280563e-07
9.0475 2.000099723183679 0.0 1.9999994788711846 1.0822799037178378e-06 -2.768163214320586e-07
9.0525 2.000099717929001 0.0 1.9999994728784594 1.0855467434175577e-06 -2.8207099897280755e-07
9.057500000000001 2.00009971266817 0.0 1.9999994668836618 1.0887975014512668e-06 -2.873318300580591e-07
9.0625 2.000099707407147 0.0 1.9999994608934522 1.092029641260722e-06 -2.9259285286963165e-07
9.067499999999999 2.000099702152284 0.0 1.9999994549142026 1.095241356250495e-06 -2.978477163767709e-07
9.072500000000002 2.0000996969103375 0.0 1.9999994489520483 1.0984329633839098e-06 -3.0308966274689855e-07
9.0775 2.000099691688491 0.0 1.9999994430135137 1.1016063888747627e-06 -3.083115091090355e-07
9.0825 2.0000996864943716 0.0 1.9999994371061764 1.104763158275267e-06 -3.1350562864999374e-07
9.0875 2.000099681336069 0.0 1.9999994312387974 1.1079027402026363e-06 -3.186639310228116e-07
9.092500000000001 2.000099676222158 0.0 1.9999994254208064 1.1110227398581376e-06 -3.2377784204651816e-07
9.0975 2.0000996711617174 0.0 1.9999994196616169 1.1141207866081867e-06 -3.288382826757395e-07
9.1025 2.000099666164353 0.0 1.9999994139704016 1.1171964458994706e-06 -3.3383564721813413e-07
9.1075 2.0000996612402195 0.0 1.9999994083565555 1.1202513629895349e-06 -3.3875978077710227e-07
9.1125 2.000099656400044 0.0 1.9999994028304575 1.123287518991587e-06 -3.4359995589668213e-07
9.1175 2.0000996516551517 0.0 1.9999993974038686 1.1263051569081241e-06 -3.4834484838500127e-07
9.1225 2.0000996470174877 0.0 1.999999392089635 1.129302261289105e-06 -3.5298251229205064e-07
9.127500000000001 2.000099642499646 0.0 1.999999386900969 1.1322761118510991e-06 -3.575003540169948e-07
9.1325 2.0000996381148948 0.0 1.9999993818509783 1.1352254865645693e-06 -3.6188510551966117e-07
9.1375 2.0000996338772037 0.0 1.99999937695289 1.1381515270058085e-06 -3.661227966102474e-07
9.1425 2.000099629801274 0.0 1.999999372220802 1.1410564417833264e-06 -3.7019872629066153e-07
9.1475 2.000099625902567 0.0 1.9999993676703158 1.1439412238949156e-06 -3.740974331203371e-07
9.1525 2.0000996221973355 0.0 1.999999363318512 1.1468044610072988e-06 -3.778026645787303e-07
9.157499999999999 2.0000996187026545 0.0 1.999999359183301 1.1496433265169658e-06 -3.8129734539606494e-07
9.162500000000001 2.000099615436455 0.0 1.999999355282768 1.1524558806444085e-06 -3.845635448232645e-07
9.1675 2.000099612417557 0.0 1.9999993516351213 1.1552425803942153e-06 -3.875824428113487e-07
9.1725 2.000099609665705 0.0 1.999999348259333 1.1580056042458197e-06 -3.9033429506995935e-07
9.1775 2.0000996072016033 0.0 1.9999993451759308 1.16074659798614e-06 -3.927983969739357e-07
9.182500000000001 2.000099605046954 0.0 1.9999993424072602 1.1634648871531814e-06 -3.9495304628625654e-07
9.1875 2.0000996032244953 0.0 1.999999339977013 1.1661577992511184e-06 -3.9677550466495557e-07
9.192499999999999 2.000099601758042 0.0 1.9999993379094705 1.1688228207621299e-06 -3.9824195792090693e-07
9.197500000000002 2.000099600672525 0.0 1.9999993362291824 1.1714596169804486e-06 -3.9932747499270383e-07
9.2025 2.0000995999940345 0.0 1.9999993349614087 1.1740700752052796e-06 -4.000059656041228e-07
9.2075 2.0000995997498636 0.0 1.9999993341329705 1.1766563123266917e-06 -4.00250136568967e-07
9.2125 2.0000995999685536 0.0 1.9999993337727866 1.1792184605364555e-06 -4.0003144670731907e-07
9.217500000000001 2.0000996006799396 0.0 1.9999993339116457 1.1817542540979555e-06 -3.9932006033654695e-07
9.2225 2.000099601915201 0.0 1.9999993345814626 1.1842608142297663e-06 -3.9808479929961585e-07
9.2275 2.0000996037069068 0.0 1.9999993358147206 1.186736999885809e-06 -3.962930934925364e-07
9.2325 2.00009960608907 0.0 1.999999337644661 1.1891841709541904e-06 -3.939109298520046e-07
9.2375 2.0000996090972003 0.0 1.9999993401060907 1.191604677385467e-06 -3.909027997635313e-07
9.2425 2.0000996127683552 0.0 1.9999993432361314 1.1939994439217996e-06 -3.8723164484957234e-07
9.2475 2.000099617141199 0.0 1.9999993470742843 1.1963668379306512e-06 -3.82858801096389e-07
9.252500000000001 2.0000996222560588 0.0 1.999999351661799 1.198703868387865e-06 -3.7774394127759805e-07
9.2575 2.0000996281549845 0.0 1.9999993570409627 1.2010086376859704e-06 -3.718450156315406e-07
9.2625 2.0000996348818094 0.0 1.9999993632550086 1.2032817911072557e-06 -3.6511819074880834e-07
9.2675 2.0000996424822133 0.0 1.9999993703487806 1.2055256429304238e-06 -3.575177866254786e-07
9.2725 2.0000996510037883 0.0 1.9999993783696124 1.2077417977520558e-06 -3.48996211836765e-07
9.2775 2.000099660496103 0.0 1.9999993873676913 1.2099294094297704e-06 -3.395038967849579e-07
9.282499999999999 2.000099671010775 0.0 1.9999993973956336 1.21208566393416e-06 -3.2898922497472817e-07
9.287500000000001 2.000099682601538 0.0 1.99999940850772 1.2142080665171433e-06 -3.173984622680347e-07
9.2925 2.000099695324316 0.0 1.9999994207595353 1.2162964216015702e-06 -3.04675684070048e-07
9.2975 2.0000997092372996 0.0 1.999999434208415 1.218352731422293e-06 -2.907627003965192e-07
9.3025 2.0000997244010215 0.0 1.9999994489143524 1.2203790878515593e-06 -2.755989787724612e-07
9.307500000000001 2.000099740878435 0.0 1.999999464940624 1.2223755001417868e-06 -2.591215649108789e-07
9.3125 2.000099758734999 0.0 1.9999994823536449 1.2243396151968146e-06 -2.4126500111955035e-07
9.317499999999999 2.000099778038758 0.0 1.9999995012222542 1.2262685698850995e-06 -2.2196124238299644e-07
9.322500000000002 2.00009979886043 0.0 1.999999521617149 1.228161306695616e-06 -2.0113957006592636e-07
9.3275 2.000099821273497 0.0 1.9999995436110585 1.2300192473388188e-06 -1.7872650318360263e-07
9.3325 2.000099845354293 0.0 1.9999995672795725 1.2318447244911e-06 -1.5464570718346412e-07
9.3375 2.0000998711821 0.0 1.9999995927019638 1.2336385912484405e-06 -1.28817900181956e-07
9.342500000000001 2.0000998988392436 0.0 1.9999996199613568 1.2353991828751314e-06 -1.0116075659919272e-07
9.3475 2.000099928411192 0.0 1.9999996491441685 1.2371235334703897e-06 -7.158880813339281e-08
9.3525 2.0000999599866582 0.0 1.9999996803394247 1.23880978536415e-06 -4.001334201616047e-08
9.3575 2.0000999936577037 0.0 1.9999997136386438 1.2404585861509573e-06 -6.342296488855986e-09
9.3625 2.000100029519847 0.0 1.9999997491364976 1.24207222689291e-06 2.95198465606592e-08
9.3675 2.000100067672172 0.0 1.9999997869317379 1.2436523079199993e-06 6.767217186250092e-08
9.3725 2.000100108217444 0.0 1.999999827127671 1.2451980124378685e-06 1.0821744399285425e-07
9.377500000000001 2.000100151262224 0.0 1.9999998698318517 1.246706565172415e-06 1.5126222362880161e-07
9.3825 2.000100196916987 0.0 1.9999999151553722 1.2481754574617994e-06 1.9691698689426088e-07
9.3875 2.000100245296248 0.0 1.9999999632124958 1.249604438401796e-06 2.452962478619007e-07
9.3925 2.0001002965186845 0.0 2.000000014121067 1.2509954748304746e-06 2.9651868427680476e-07
9.3975 2.000100350707267 0.0 2.000000068003448 1.2523507157676373e-06 3.507072665686143e-07
9.4025 2.0001004079893905 0.0 2.000000124987257 1.253670270811098e-06 4.0798939021975433e-07
9.407499999999999 2.0001004684970116 0.0 2.000000185205367 1.2549518256331473e-06 4.684970115580191e-07
9.412500000000001 2.0001005323667873 0.0 2.0000002487952875 1.2561924564892489e-06 5.323667870426377e-07
9.4175 2.0001005997402164 0.0 2.000000315898601 1.257390985358412e-06 5.997402161136923e-07
9.4225 2.000100670763788 0.0 2.0000003866610983 1.258548783801597e-06 6.707637876762752e-07
9.4275 2.0001007455891306 0.0 2.0000004612336078 1.2596682930708323e-06 7.455891302901115e-07
9.432500000000001 2.0001008243731664 0.0 2.0000005397729312 1.2607505407080514e-06 8.24373166137557e-07
9.4375 2.000100907278269 0.0 2.0000006224421663 1.261793935043239e-06 9.072782688430747e-07
9.442499999999999 2.0001009944724255 0.0 2.0000007094102923 1.2627954042828741e-06 9.944724252180275e-07
9.447500000000002 2.0001010861294013 0.0 2.000000800851501 1.2637529003492716e-06 1.086129401005343e-06
9.4525 2.000101182428911 0.0 2.0000008969450427 1.2646669902939095e-06 1.1824289106992786e-06
9.4575 2.0001012835567917 0.0 2.000000997875873 1.2655401131695757e-06 1.283556791517246e-06
9.4625 2.000101389705182 0.0 2.000001103835676 1.2663741230127283e-06 1.3897051815992123e-06
9.467500000000001 2.000101501072703 0.0 2.0000012150235245 1.2671683124432893e-06 1.5010727025129926e-06
9.4725 2.0001016178646465 0.0 2.000001331645721 1.2679197644016637e-06 1.617864646143432e-06
9.4775 2.0001017402931662 0.0 2.000001453915147 1.2686257150184922e-06 1.7402931660442472e-06
9.4825 2.0001018685774734 0.0 2.000001582050862 1.2692857994119108e-06 1.86857747333168e-06
9.4875 2.0001020029440375 0.0 2.000001716278487 1.269902148828887e-06 2.0029440372001085e-06
9.4925 2.0001021436267905 0.0 2.0000018568312328 1.2704772276716148e-06 2.1436267901404415e-06
9.4975 2.0001022908673383 0.0 2.0000020039508155 1.2710113233710672e-06 2.2908673379422474e-06
9.502500000000001 2.0000024449151748 0.0 2.0000021578876415 1.271501980515853e-06 2.4449151745607878e-06
9.5075 2.000002606027902 0.0 2.0000023189002687 1.271945948388733e-06 2.606027901931984e-06
9.5125 2.000002774471455 0.0 2.000002487254828 1.2723418751599815e-06 2.774471454817484e-06
9.5175 2.0000029505203307 0.0 2.0000026632251267 1.2726913087837311e-06 2.9505203307626996e-06
9.5225 2.0000031344578253 0.0 2.000002847093554 1.2729970845109285e-06 3.134457825251456e-06
9.5275 2.0000033265762722 0.0 2.0000030391521975 1.27326047554805e-06 3.326576272141442e-06
9.532499999999999 2.0000035271772894 0.0 2.0000032397033807 1.273479749147281e-06 3.5271772894643536e-06
9.537500000000001 2.0000037365720305 0.0 2.0000034490593386 1.2736514354668506e-06 3.736572030675125e-06
9.5425 2.0000039550814415 0.0 2.00000366754156 1.2737732349082674e-06 3.955081441434704e-06
9.5475 2.000004183036522 0.0 2.0000038954806025 1.273845902388008e-06 4.183036522013233e-06
9.5525 2.000004420778595 0.0 2.000004133216811 1.2738723449423862e-06 4.420778595396208e-06
9.557500000000001 2.000004668659581 0.0 2.000004381101526 1.2738547358618052e-06 4.668659581180621e-06
9.5625 2.0000049270422755 0.0 2.0000046394979574 1.2737922393509386e-06 4.927042275346514e-06
9.567499999999999 2.000005196300636 0.0 2.0000049087811576 1.2736814885719642e-06 5.1963006359894e-06
9.572500000000002 2.0000054768200752 0.0 2.000005189337379 1.2735193904618e-06 5.476820075098658e-06
9.5775 2.0000057689977564 0.0 2.000005481563661 1.2733057408864172e-06 5.768997756467254e-06
9.5825 2.0000060732428997 0.0 2.0000057858682916 1.2730432112590937e-06 6.073242899820807e-06
9.5875 2.0000063899770915 0.0 2.000006102672013 1.27273467693553e-06 6.389977091247624e-06
9.592500000000001 2.0000067196346 0.0 2.0000064324091635 1.2723803245435017e-06 6.719634600017341e-06
9.5975 2.000007062662702 0.0 2.0000067755280053 1.2719771788872082e-06 7.062662701873008e-06
9.6025 2.000007419522009 0.0 2.0000071324902153 1.2715215732868384e-06 7.419522008881057e-06
9.6075 2.000007790686806 0.0 2.0000075037703056 1.271012282818137e-06 7.790686805923072e-06
9.6125 2.000008176645394 0.0 2.0000078898557994 1.2704514665199227e-06 8.176645393913645e-06
9.6175 2.0000085779004397 0.0 2.00000829124834 1.269842465752822e-06 8.577900439828756e-06
9.6225 2.000008994969334 0.0 2.0000087084650344 1.2691864856784351e-06 8.994969333627058e-06
9.627500000000001 2.000009428384552 0.0 2.000009142039132 1.2684812245873664e-06 9.42838455214545e-06
9.6325 2.00000987869403 0.0 2.0000095925197527 1.2677227282536597e-06 9.878694030052857e-06
9.6375 2.0000103464615377 0.0 2.000010060471231 1.2669088144328005e-06 1.0346461537942637e-05
9.6425 2.0000108322670678 0.0 2.000010546473036 1.2660408545644473e-06 1.0832267067642804e-05
9.6475 2.000011336707225 0.0 2.0000110511206834 1.2651223193558819e-06 1.1336707224824584e-05
9.6525 2.000011860395629 0.0 2.000011575027184 1.2641553720004117e-06 1.186039562898847e-05
9.657499999999999 2.000012403963321 0.0 2.0000121188240585 1.2631386135274724e-06 1.2403963320904768e-05
9.662500000000001 2.0000129680591776 0.0 2.0000126831613714 1.2620681243550467e-06 1.2968059177584796e-05
9.6675 2.000013553350335 0.0 2.000013268707114 1.2609408623134342e-06 1.3553350334857021e-05
9.6725 2.0000141605226176 0.0 2.000013876146906 1.259757257905939e-06 1.4160522617627697e-05
9.6775 2.0000147902809777 0.0 2.000014506184664 1.2585206177255583e-06 1.4790280977891226e-05
9.682500000000001 2.0000154433499406 0.0 2.0000151595440414 1.2572338642363148e-06 1.5443349940566515e-05
9.6875 2.0000161204740574 0.0 2.000015836969727 1.255896626583144e-06 1.6120474057228993e-05
9.692499999999999 2.0000168224183676 0.0 2.0000165392278295 1.2545053617112196e-06 1.6822418367806035e-05
9.697500000000002 2.00001754996887 0.0 2.0000172671054175 1.2530563900895918e-06 1.7549968870301998e-05
9.7025 2.0000183039329986 0.0 2.000018021410069 1.2515490853970703e-06 1.8303932998616656e-05
9.7075 2.0000190851401087 0.0 2.000018802970269 1.2499862475833978e-06 1.9085140108527086e-05
9.7125 2.000019894441972 0.0 2.0000196126367453 1.248371332349913e-06 1.989444197188443e-05
9.717500000000001 2.000020732713279 0.0 2.0000204512839708 1.2467050698333762e-06 2.0732713279090825e-05
9.7225 2.00002160085215 0.0 2.000021319810916 1.2449845850054003e-06 2.1600852149913526e-05
9.7275 2.000022499780653 0.0 2.000022219140832 1.2432058350293898e-06 2.2499780652689904e-05
9.7325 2.000023430445332 0.0 2.00002315022075 1.2413671369790222e-06 2.3430445331974684e-05
9.7375 2.000024393817745 0.0 2.0000241140216115 1.2394705236219357e-06 2.4393817744680962e-05
9.7425 2.0000253908950048 0.0 2.0000251115394225 1.2375196855216384e-06 2.5390895004763294e-05
9.7475 2.0000264227003366 0.0 2.0000261437968576 1.2355163974225576e-06 2.642270033648784e-05
9.752500000000001 2.000027490283636 0.0 2.000027211844364 1.233458688648326e-06 2.749028363632724e-05
9.7575 2.0000285947220435 0.0 2.000028316760269 1.2313424774750142e-06 2.859472204352634e-05
9.7625 2.0000297371205193 0.0 2.000029459650318 1.2291651269193843e-06 2.973712051937154e-05
9.7675 2.000030918612435 0.0 2.000030641647587 1.2269276774330905e-06 3.0918612435195735e-05
9.7725 2.0000321403601693 0.0 2.0000318639133945 1.2246337298836306e-06 3.214036016915016e-05
9.7775 2.0000334035557117 0.0 2.000033127638911 1.222285967165235e-06 3.340355571177138e-05
9.782499999999999 2.0000347094212803 0.0 2.0000344340465555 1.219883524113416e-06 3.470942128036558e-05
9.787500000000001 2.0000360592099424 0.0 2.0000357843904712 1.2174225947539004e-06 3.605920994222771e-05
9.7925 2.0000374542062467 0.0 2.00003717995622 1.2148997531786361e-06 3.745420624671021e-05
9.7975 2.000038895726866 0.0 2.000038622060534 1.2123149300275675e-06 3.889572686616489e-05
9.8025 2.000040385121246 0.0 2.0000401120519533 1.2096713133280904e-06 4.038512124574847e-05
9.807500000000001 2.000041923772262 0.0 2.000041651312339 1.2069722816638695e-06 4.1923772262107e-05
9.8125 2.000043513096891 0.0 2.0000432412585107 1.204218139991245e-06 4.351309689093828e-05
9.817499999999999 2.0000451545468834 0.0 2.000044883343089 1.2014056905527645e-06 4.515454688342568e-05
9.822500000000002 2.0000468496094514 0.0 2.0000465790544277 1.1985309820325184e-06 4.6849609451533224e-05
9.8275 2.000048599807962 0.0 2.0000483299163054 1.1955927772937597e-06 4.859980796214508e-05
9.8325 2.00005040670264 0.0 2.000050137488281 1.1925935631344666e-06 5.040670264004711e-05
9.8375 2.00005227189128 0.0 2.0000520033670512 1.1895371171018723e-06 5.2271891279703905e-05
9.842500000000001 2.0000541970099657 0.0 2.0000539291881987 1.1864249354729702e-06 5.4197009965817284e-05
9.8475 2.0000561837338027 0.0 2.0000559166274074 1.1832547052324672e-06 5.6183733802631743e-05
9.8525 2.000058233777652 0.0 2.00005796740071 1.1800222518157163e-06 5.8233777651946096e-05
9.8575 2.00006034889688 0.0 2.000060083264197 1.176725227579974e-06 6.0348896879783114e-05
9.8625 2.0000625308881115 0.0 2.000062266014142 1.1733651341792042e-06 6.253088811167093e-05
9.8675 2.0000647815899963 0.0 2.0000645174881138 1.1699458414400569e-06 6.478158999648221e-05
9.8725 2.0000671028839787 0.0 2.0000668395667596 1.1664699352319643e-06 6.710288397876872e-05
9.877500000000001 2.0000694966950796 0.0 2.0000692341753417 1.1629362144484362e-06 6.949669507951399e-05
9.8825 2.000071964992685 0.0 2.000071703284334 1.1593406315022877e-06 7.196499268524574e-05
9.8875 2.0000745097913453 0.0 2.000074248909261 1.1556798602395657e-06 7.450979134541856e-05
9.8925 2.000077133151578 0.0 2.000076873110638 1.1519542392619634e-06 7.713315157797857e-05
9.8975 2.000079837180683 0.0 2.00007957799481 1.1481673909417945e-06 7.983718068301887e-05
9.9025 2.0000826240335643 0.0 2.000082365715666 1.1443228101347917e-06 8.262403356442901e-05
9.907499999999999 2.0000854959135594 0.0 2.0000852384764167 1.1404205591505079e-06 8.549591355942927e-05
9.912500000000001 2.000088455073276 0.0 2.000088198530577 1.1364570471145076e-06 8.84550732758701e-05
9.9175 2.000091503815437 0.0 2.0000912481820157 1.1324281777379577e-06 9.150381543717379e-05
9.9225 2.0000946444937346 0.0 2.0000943897847776 1.128333033334023e-06 9.464449373481319e-05
9.9275 2.0000978795136883 0.0 2.0000976257436394 1.1241746455003085e-06 9.787951368815324e-05
9.932500000000001 2.0001012113335115 0.0 2.0001009585156657 1.1199571756051596e-06 0.00010121133351153556
9.9375 2.0001046424649886 0.0 2.000104390612158 1.1156820133636213e-06 0.00010464246498845123
9.942499999999999 2.000108175474353 0.0 2.0001079245999995 1.1113463395274154e-06 0.00010817547435263879
9.947500000000002 2.000111812983176 0.0 2.0001115631019823 1.1069455844045685e-06 0.00011181298317593565
9.9525 2.000115557669263 0.0 2.0001153087966 1.1024775462809457e-06 0.00011555766926269938
9.9575 2.0001194122675505 0.0 2.0001191644183276 1.0979443832078471e-06 0.00011941226755064885
9.9625 2.000123379571018 0.0 2.0001231327589553 1.0933506310894276e-06 0.00012337957101788091
9.967500000000001 2.0001274624315957 0.0 2.0001272166696085 1.0886989694154976e-06 0.00012746243159589092
9.9725 2.0001316637610884 0.0 2.0001314190624306 1.0839876170345223e-06 0.00013166376108838434
9.9775 2.000135986532096 0.0 2.0001357429112243 1.0792118312430773e-06 0.00013598653209565307
9.9825 2.0001404337789443 0.0 2.0001401912512913 1.0743682006915536e-06 0.00014043377894428023
9.9875 2.000145008598622 0.0 2.000144767179478 1.0694577900461439e-06 0.00014500859862194131
9.9925 2.0001497141517173 0.0 2.0001494738552403 1.0644851890012382e-06 0.00014971415171705627
9.9975 2.000154553663363 0.0 2.0001543145026393 1.0594542466753705e-06 0.0001545536633630337
10.002500000000001 2.000159530424187 0.0 2.0001592924122966 1.0543643996531138e-06 0.0001595304241868177
10.0075 2.0001646477912614 0.0 2.0001644109423795 1.0492110634648e-06 0.00016464779126149174
10.0125 2.000169909189063 0.0 2.000169673518558 1.043989790525018e-06 0.00016990918906263362
10.0175 2.0001753181104283 0.0 2.0001750836338665 1.0387003907465698e-06 0.00017531811042811722
10.0225 2.000180878117521 0.0 2.0001806448494777 1.0333471698599661e-06 0.00018087811752106003
10.0275 2.0001865928427955 0.0 2.0001863607965813 1.027934951397248e-06 0.0001865928427956008
10.032499999999999 2.000192465989965 0.0 2.000192235178542 1.0224645239119401e-06 0.00019246598996517652
10.037500000000001 2.000198501334973 0.0 2.0001982717722067 1.0169317856051254e-06 0.00019850133497294463
10.0425 2.000204702726964 0.0 2.000204474428056 1.011331475800222e-06 0.00020470272696399778
10.0475 2.000211074089259 0.0 2.0002108470699373 1.0056620795513932e-06 0.0002110740892590555
10.0525 2.0002176194203294 0.0 2.00021739369554 9.999273215510384e-07 0.0002176194203291845
10.057500000000001 2.000224342794771 0.0 2.000224118378099 9.94132762256536e-07 0.00022434279477121034
10.0625 2.0002312483642832 0.0 2.0002310252686466 9.882806010753376e-07 0.00023124836428342147
10.067499999999999 2.0002383403586412 0.0 2.000238118597623 9.823675662303625e-07 0.0002383403586411489
10.072500000000002 2.0002456230866716 0.0 2.000245402675242 9.763878995957034e-07 0.0002456230866717987
10.0775 2.000253100937229 0.0 2.0002528818911705 9.70338728445955e-07 0.00025310093722889115
10.0825 2.0002607783801647 0.0 2.0002605607147217 9.642227844858772e-07 0.0002607783801647348
10.0875 2.000268659967301 0.0 2.000268443696311 9.580458892132464e-07 0.0002686599673011799
10.092500000000001 2.000276750333398 0.0 2.0002765354697285 9.518114964079373e-07 0.0002767503333980471
10.0975 2.0002850541971187 0.0 2.000284840754018 9.455174365658045e-07 0.0002850541971187504
10.1025 2.0002935763619925 0.0 2.0002933643541168 9.391580242980012e-07 0.00029357636199261295
10.1075 2.000302321717373 0.0 2.000302111160549 9.327296497103617e-07 0.00030232171737336024
10.1125 2.0003112952393933 0.0 2.0003110861493756 9.262346915712534e-07 0.00031129523939328987
10.1175 2.000320501991913 0.0 2.000320294383349 9.196800415895192e-07 0.00032050199191259953
10.1225 2.0003299471274634 0.0 2.00032974101409 9.130716225914454e-07 0.0003299471274633294
10.127500000000001 2.0003396358881873 0.0 2.000339431284126 9.064099484524668e-07 0.00033963588818732926
10.1325 2.000349573606768 0.0 2.000349370527739 8.996908515482603e-07 0.00034957360676774954
10.1375 2.0003597657073535 0.0 2.000359564170623 8.929104930742064e-07 0.00035976570735344194
10.1425 2.0003702177064757 0.0 2.000370017729475 8.860696365374588e-07 0.0003702177064756751
10.1475 2.0003809352139568 0.0 2.0003807368126436 8.791726608000317e-07 0.0003809352139565719
10.1525 2.0003919239338086 0.0 2.00039172712197 8.722216539996048e-07 0.00039192393380867066
10.157499999999999 2.000403189665125 0.0 2.000402994454884 8.652108504775315e-07 0.0004031896651249722
10.162500000000001 2.000414738302959 0.0 2.0004145447056363 8.581267495391829e-07 0.00041473830295881515
10.1675 2.000426575839193 0.0 2.0004263838655283 8.509547045849641e-07 0.0004265758391929221
10.1725 2.000438708363397 0.0 2.0004385180230626 8.436873114176638e-07 0.0004387083633970451
10.1775 2.0004511420636732 0.0 2.0004509533651316 8.363286456813543e-07 0.00045114206367338717
10.182500000000001 2.0004638832274892 0.0 2.0004636961793274 8.288921496543662e-07 0.0004638832274892067
10.1875 2.000476938242496 0.0 2.0004767528561964 8.213950246877323e-07 0.0004769382424958915
10.192499999999999 2.000490313597334 0.0 2.0004901298899536 8.138538293450418e-07 0.0004903135973337794
10.197500000000002 2.000504015882422 0.0 2.0005038338772074 8.062831335529297e-07 0.0005040158824219836
10.2025 2.0005180517907326 0.0 2.0005178715148264 7.986949172712438e-07 0.0005180517907324611
10.2075 2.000532428118548 0.0 2.000532249598823 7.910954832258906e-07 0.000532428118547706
10.2125 2.000547151766201 0.0 2.0005469750254057 7.834800643553836e-07 0.0005471517662011102
10.217500000000001 2.0005622297387995 0.0 2.000562054793786 7.758295246950649e-07 0.0005622297387993402
10.2225 2.000577669146926 0.0 2.0005774960091145 7.681138539171532e-07 0.0005776691469259322
10.2275 2.0005934772073255 0.0 2.0005933058841467 7.603022910637848e-07 0.0005934772073252876
10.2325 2.0006096612435664 0.0 2.000609491739467 7.52373958212807e-07 0.0006096612435662354
10.2375 2.0006262286866843 0.0 2.000626061003261 7.443215189137471e-07 0.000626228686684365
10.2425 2.000643187075802 0.0 2.0006430212117845 7.361457963055293e-07 0.0006431870758023093
10.2475 2.0006605440587273 0.0 2.000660380010844 7.278472190161551e-07 0.0006605440587271279
10.252500000000001 2.000678307392524 0.0 2.000678145157732 7.194232935363438e-07 0.0006783073925238632
10.2575 2.0006964849440645 0.0 2.0006963245227887 7.108766416806807e-07 0.0006964849440645162
10.2625 2.0007150846905515 0.0 2.000714926090214 7.022286012233223e-07 0.0007150846905515005
10.2675 2.000734114720015 0.0 2.000733957958217 6.935271041309103e-07 0.0007341147200146679
10.2725 2.000753583231781 0.0 2.0007534283384922 6.848399735998852e-07 0.0007535832317810315
10.2775 2.0007734985369163 0.0 2.0007733455547485 6.762344411547718e-07 0.0007734985369162929
10.282499999999999 2.0007938690586373 0.0 2.0007937180400175 6.677531042359832e-07 0.0007938690586372512
10.287500000000001 2.000814703332694 0.0 2.0008145543333047 6.593985227770177e-07 0.0008147033326941148
10.2925 2.000836010007722 0.0 2.0008358630771568 6.511324370763825e-07 0.0008360100077217791
10.2975 2.0008577978455593 0.0 2.0008576530178983 6.428864396207832e-07 0.0008577978455592812
10.3025 2.000880075721536 0.0 2.0008799330091676 6.345764275826144e-07 0.0008800757215362189
10.307500000000001 2.0009028526247254 0.0 2.0009027120175586 6.261154687851117e-07 0.0009028526247253307
10.3125 2.00092613765816 0.0 2.0009259991279844 6.174249883686687e-07 0.0009261376581602602
10.317499999999999 2.0009499400390176 0.0 2.0009498035468747 6.08446851313154e-07 0.000949940039017481
10.322500000000002 2.0009742690987613 0.0 2.0009741346029797 5.991566278703168e-07 0.0009742690987613911
10.3275 2.0009991342832514 0.0 2.0009990017470276 5.89573738158746e-07 0.000999134283251522
10.3325 2.001024545152811 0.0 2.0010244145514577 5.797624135750253e-07 0.0010245451528110988
10.3375 2.0010505113822554 0.0 2.0010503827101394 5.698207377777895e-07 0.0010505113822555994
10.342500000000001 2.0010770427608806 0.0 2.001076916036702 5.598607630409837e-07 0.001077042760880511
10.3475 2.001104149192407 0.0 2.001104024460255 5.499862169614317e-07 0.0011041491924072358
10.3525 2.001131840694886 0.0 2.0011317180190185 5.402734516492784e-07 0.0011318406948861042
10.3575 2.0011601274005555 0.0 2.001160006854258 5.307579930015958e-07 0.001160127400555392
10.3625 2.0011890195556554 0.0 2.0011889012073945 5.21427223979594e-07 0.0011890195556553734
10.3675 2.0012185275201966 0.0 2.0012184114216662 5.122209741177033e-07 0.0012185275201963789
10.3725 2.0012486617676797 0.0 2.001248547947471 5.030434438820333e-07 0.0012486617676798033
10.377500000000001 2.001279432884771 0.0 2.0012793213489863 4.937882572224429e-07 0.0012794328847708888
10.3825 2.0013108515709224 0.0 2.001310742309801 4.843719440140967e-07 0.0013108515709224376
10.3875 2.0013429286379485 0.0 2.0013428216362446 4.747635762354264e-07 0.001342928637948273
10.3925 2.0013756750095455 0.0 2.0013755702578484 4.649957049254594e-07 0.0013756750095453728
10.3975 2.0014091017207636 0.0 2.0014089992243305 4.551474747949173e-07 0.0014091017207636532
10.4025 2.0014432199174226 0.0 2.0014431196986364 4.453034601322227e-07 0.0014432199174223808
10.407499999999999 2.001478040855472 0.0 2.001477942946949 4.355045284785251e-07 0.0014780408554721266
10.412500000000001 2.0015135759003013 0.0 2.001513480329104 4.2571323171968127e-07 0.0015135759003011373
10.4175 2.001549836525985 0.0 2.0015497432947056 4.158126342864657e-07 0.0015498365259850604
10.4225 2.0015868343144794 0.0 2.0015867433890726 4.0564484618616696e-07 0.0015868343144792335
10.4275 2.001624580954752 0.0 2.0016244922684368 3.950785265963521e-07 0.0016245809547520496
10.432500000000001 2.0016630882418585 0.0 2.0016630017177572 3.8407944151175636e-07 0.0016630882418586233
10.4375 2.0017023680759536 0.0 2.001702283661136 3.727515916271196e-07 0.0017023680759536896
10.442499999999999 2.0017424324612425 0.0 2.0017423501570915 3.6132351403887e-07 0.0017424324612426466
10.447500000000002 2.00178329350487 0.0 2.0017832133784 3.500759973087475e-07 0.001783293504869665
10.4525 2.001824963415742 0.0 2.0018248855847287 3.392362158478995e-07 0.0018249634157417535
10.4575 2.001867454503288 0.0 2.001867379100841 3.28885123879984e-07 0.0018674545032881485
10.4625 2.0019107791761535 0.0 2.001910706310631 3.189250723756886e-07 0.0019107791761534254
10.467500000000001 2.001954949940824 0.0 2.0019548796690856 3.091280720113384e-07 0.001954949940823682
10.4725 2.0019999794001846 0.0 2.0019999117249423 2.9924300313274463e-07 0.0019999794001847528
10.4775 2.0020458802520116 0.0 2.002045815141567 2.8910604475254e-07 0.0020458802520114004
10.4825 2.0020926652873863 0.0 2.002092602705018 2.7869487335593194e-07 0.0020926652873864207
10.4875 2.002140347389049 0.0 2.0021402873155347 2.6809895754409675e-07 0.0021403473890487666
10.4925 2.00218893952967 0.0 2.002188881967592 2.574281680677778e-07 0.002188939529669745
10.4975 2.0022384547700565 0.0 2.002238399729655 2.4671904037156745e-07 0.002238454770056333
10.502500000000001 2.0022889062572804 0.0 2.002288853734588 2.358987105332245e-07 0.0022889062572804472
10.5075 2.0023403072227337 0.0 2.002340257185499 2.2482950768990658e-07 0.0023403072227335636
10.5125 2.0023926709801056 0.0 2.0023926233727902 2.134059450784902e-07 0.0023926709801055973
10.5175 2.002446010923287 0.0 2.0024459656911957 2.0164248465068407e-07 0.002446010923287079
10.5225 2.0025003405241937 0.0 2.00250029764473 1.8969560513929672e-07 0.0025003405241938036
10.5275 2.002555673330513 0.0 2.0025556328336833 1.778032618612345e-07 0.0025556733305131586
10.532499999999999 2.0026120229633713 0.0 2.002611984928046 1.661734923242507e-07 0.0026120229633712043
10.537500000000001 2.0026694031149197 0.0 2.002669367640169 1.5488282704322696e-07 0.0026694031149196175
10.5425 2.0027278275458418 0.0 2.002727794710833 1.4383883182062306e-07 0.0027278275458415845
10.5475 2.0027873100827764 0.0 2.0027872799158883 1.3282576484897969e-07 0.002787310082776394
10.5525 2.0028478646156613 0.0 2.0028478370890213 1.2160902425621296e-07 0.002847864615661148
10.557500000000001 2.002909505094989 0.0 2.002909480146967 1.1004571331747982e-07 0.0029095050949893573
10.5625 2.002972245528986 0.0 2.002972223102236 9.81479013516994e-08 0.0029722455289856228
10.567499999999999 2.0030360999806955 0.0 2.003036080055783 8.607036839493254e-08 0.003036099980695639
10.572500000000002 2.003101082564991 0.0 2.003101065173281 7.40321906901522e-08 0.0031010825649907528
10.5775 2.0031672074454865 0.0 2.00316719265706 6.22127391442613e-08 0.0031672074454863605
10.5825 2.003234488831374 0.0 2.003234476726666 5.067306266622881e-08 0.0032344888313740484
10.5875 2.003302940974166 0.0 2.0033029316147966 3.9338612343317754e-08 0.003302940974166054
10.592500000000001 2.003372578164352 0.0 2.0033725715765254 2.8047019986289977e-08 0.0033725781643519754
10.5975 2.003443414727967 0.0 2.0034434109034693 1.6631896023697242e-08 0.003443414727967151
10.6025 2.003515465023072 0.0 2.0035154639338355 4.9972727654593845e-09 0.0035154650230721134
10.6075 2.0035887434361426 0.0 2.0035887450532397 -6.853944235185988e-09 0.003588743436142523
10.6125 2.0036632643783694 0.0 2.0036632686864593 -1.8845773088314126e-08 0.0036632643783692065
10.6175 2.003739042281868 0.0 2.0037390492840297 -3.088641327509638e-08 0.0037390422818679827
10.6225 2.003816091595799 0.0 2.003816101308705 -4.2920072985948964e-08 0.003816091595798831
10.627500000000001 2.0038944267823937 0.0 2.003894439225902 -5.49463069021604e-08 0.0038944267823937317
10.6325 2.0039740623128934 0.0 2.0039740775000303 -6.700414473159149e-08 0.003974062312893366
10.6375 2.0040550126633923 0.0 2.0040550305958176 -7.913884884810316e-08 0.004055012663392115
10.6425 2.004137292310591 0.0 2.0041373129814373 -9.137341897039545e-08 0.004137292310591009
10.6475 2.0042209157274584 0.0 2.004220939129617 -1.0369727545518649e-07 0.004220915727458545
10.6525 2.0043058973787993 0.0 2.0043059235143357 -1.1607108993105025e-07 0.004305897378799277
10.657499999999999 2.00439225171673 0.0 2.0043922806030716 -1.2843937353674528e-07 0.004392251716729974
10.662500000000001 2.004479993176063 0.0 2.0044800248463557 -1.4074403631733185e-07 0.004479993176063149
10.6675 2.004569136169598 0.0 2.0045691706669757 -1.5293888782399387e-07 0.004569136169597771
10.6725 2.004659695083318 0.0 2.0046597324506745 -1.650092778864885e-07 0.004659695083317993
10.6775 2.0047516842714987 0.0 2.0047517245391457 -1.769956948585546e-07 0.004751684271498684
10.682500000000001 2.0048451180517186 0.0 2.00484516122527 -1.89008218075702e-07 0.004845118051718675
10.6875 2.004940010699782 0.0 2.0049400567508853 -2.0121318170732194e-07 0.004940010699781705
10.692499999999999 2.0050363764445454 0.0 2.0050364253085915 -2.137846557342287e-07 0.0050363764445451875
10.697500000000002 2.005134229462657 0.0 2.005134281048729 -2.2683500611250858e-07 0.0051342294626568735
10.7025 2.0052335838731996 0.0 2.0052336380888396 -2.403535267833504e-07 0.005233583873199602
10.7075 2.005334453732245 0.0 2.005334510518052 -2.5418045165577387e-07 0.005334453732245264
10.7125 2.0054368530273172 0.0 2.005436912388248 -2.680319675815079e-07 0.005436853027317106
10.717500000000001 2.0055407956717617 0.0 2.0055408576899834 -2.815773488168584e-07 0.005540795671761575
10.7225 2.00564629549903 0.0 2.00564636031957 -2.945495466287407e-07 0.005646295499030098
10.7275 2.0057533662568714 0.0 2.005753434048396 -3.0684818686637374e-07 0.005753366256871228
10.7325 2.0058620216014336 0.0 2.0058620925048594 -3.18587245089774e-07 0.005862021601433563
10.7375 2.0059722750912803 0.0 2.005972349175388 -3.300636753973873e-07 0.005972275091280169
10.7425 2.0060841401813154 0.0 2.0060842174240285 -3.416616971352311e-07 0.0060841401813153916
10.7475 2.0061976302166245 0.0 2.0061977105205284 -3.5372860176445866e-07 0.006197630216624654
10.752500000000001 2.0063127584262275 0.0 2.006312841660179 -3.6645702345594626e-07 0.006312758426227624
10.7575 2.0064295379167465 0.0 2.006429623963332 -3.798099214422798e-07 0.006429537916746318
10.7625 2.006547981665989 0.0 2.006548070456673 -3.935309023473539e-07 0.006547981665988633
10.7675 2.006668102516448 0.0 2.0066681940478714 -4.0725793272767576e-07 0.006668102516448183
10.7725 2.0067899131687215 0.0 2.006790007500803 -4.2068994005805816e-07 0.006789913168721543
10.7775 2.0069134261748443 0.0 2.0069135234098847 -4.337045772614717e-07 0.006913426174844211
10.782499999999999 2.0070386539315463 0.0 2.0070387541748875 -4.46362545184242e-07 0.007038653931546225
10.787500000000001 2.0071656086734286 0.0 2.007165711988497 -4.5883138494304713e-07 0.007165608673428547
10.7925 2.007294302466061 0.0 2.0072944088478852 -4.71309974574834e-07 0.007294302466061214
10.7975 2.0074247471990057 0.0 2.0074248565823325 -4.839862911035261e-07 0.007424747199005859
10.8025 2.007556954578762 0.0 2.0075570668729554 -4.969978330202742e-07 0.007556954578762129
10.807500000000001 2.007690936121641 0.0 2.0076910512491457 -5.103804743869788e-07 0.007690936121640656
10.8125 2.0078267031465638 0.0 2.0078268210694086 -5.240532652300946e-07 0.0078267031465639
10.817499999999999 2.007964266767796 0.0 2.0079643875024176 -5.378810934662519e-07 0.007964266767796348
10.822500000000002 2.0081036378876056 0.0 2.008103761509294 -5.517660342513701e-07 0.008103637887605505
10.8275 2.008244827188855 0.0 2.0082449538151623 -5.656612197205673e-07 0.008244827188855249
10.8325 2.0083878451275345 0.0 2.0083879748706446 -5.794798253639585e-07 0.008387845127534514
10.8375 2.0085327019252213 0.0 2.0085328348303486 -5.930195622594169e-07 0.008532701925221287
10.842500000000001 2.008679407561485 0.0 2.008679543578284 -6.060581342279493e-07 0.008679407561485008
10.8475 2.0088279717662294 0.0 2.0088281107906147 -6.186044621900585e-07 0.0088279717662292
10.8525 2.0089784040119762 0.0 2.0089785459752405 -6.310539518335384e-07 0.008978404011976169
10.8575 2.009130713506096 0.0 2.0091308584269645 -6.439794571105537e-07 0.00913071350609572
10.8625 2.00928490918298 0.0 2.009285057113658 -6.576235549586776e-07 0.009284909182980135
10.8675 2.0094409996961677 0.0 2.0094411506006145 -6.715697912434458e-07 0.009440999696167941
10.8725 2.0095989934104184 0.0 2.009599147113974 -6.850505694259726e-07 0.009598993410418538
10.877500000000001 2.0097588983937396 0.0 2.0097590547064126 -6.977398095715463e-07 0.00975889839373949
10.8825 2.00992072240937 0.0 2.0099208813477114 -7.102453993005681e-07 0.009920722409369895
10.8875 2.010084472907722 0.0 2.010084634797369 -7.236549531269327e-07 0.010084472907721746
10.8925 2.0102501570182816 0.0 2.0102503223314105 -7.384323375259623e-07 0.010250157018281657
10.8975 2.010417781541476 0.0 2.010417950570544 -7.537408832638363e-07 0.010417781541475808
10.9025 2.010587352940501 0.0 2.010587525582346 -7.67949070296777e-07 0.010587352940500946
10.907499999999999 2.010758877333124 0.0 2.0107590531691244 -7.799278765846688e-07 0.010758877333124047
10.912500000000001 2.0109323604834533 0.0 2.010932539082428 -7.89995847942054e-07 0.010932360483453215
10.9175 2.0111078077936826 0.0 2.011107988992856 -7.997565090887002e-07 0.011107807793682424
10.9225 2.011285224295815 0.0 2.0112854082659535 -8.110579537517199e-07 0.011285224295814727
10.9275 2.0114646146433643 0.0 2.0114648017205754 -8.248682963097762e-07 0.011464614643364438
10.932500000000001 2.011645983103043 0.0 2.011646173510837 -8.407158746518309e-07 0.011645983103042967
10.9375 2.011829333546431 0.0 2.0118295271833766 -8.569535638974822e-07 0.011829333546431228
10.942499999999999 2.0120146694416414 0.0 2.0120148658888417 -8.717755200348792e-07 0.012014669441641613
10.947500000000002 2.0122019938449727 0.0 2.0122021926350895 -8.844829981112065e-07 0.012201993844972588
10.9525 2.012391309392559 0.0 2.0123915103801258 -8.960683145015956e-07 0.012391309392559018
10.9575 2.012582618292023 0.0 2.012582821820895 -9.084266845420753e-07 0.01258261829202318
10.9625 2.0127759223141277 0.0 2.01277612899506 -9.226742194902496e-07 0.012775922314127507
10.967500000000001 2.012971222784434 0.0 2.0129714330455046 -9.3811643216724e-07 0.012971222784434059
10.9725 2.013168520574974 0.0 2.0131687343897324 -9.529666155767765e-07 0.013168520574974155
10.9775 2.0133678160959314 0.0 2.013368033130329 -9.661279230295645e-07 0.013367816095931535
10.9825 2.0135691092873427 0.0 2.0135693292792416 -9.781706936847227e-07 0.013569109287342472
10.9875 2.0137723996108168 0.0 2.0137726225768207 -9.905384214154021e-07 0.01377239961081675
10.9925 2.0139776860412835 0.0 2.0139779121378285 -1.0039998391350833e-06 0.013977686041283596
10.9975 2.014184967058766 0.0 2.014185196318166 -1.0180822159915685e-06 0.014184967058766228
11.002500000000001 2.014394240640188 0.0 2.014394472896924 -1.031904610247524e-06 0.014394240640188072
11.0075 2.014605504251216 0.0 2.014605739302845 -1.0452192767240535e-06 0.014605504251215927
11.0125 2.0148187548381435 0.0 2.014818992617278 -1.0584813270603882e-06 0.014818754838143345
11.0175 2.015033988819818 0.0 2.0150342293937045 -1.072119642578156e-06 0.015033988819817996
11.0225 2.0152512020796176 0.0 2.015251445530029 -1.0860374219704649e-06 0.015251202079617396
11.0275 2.0154703899574775 0.0 2.015470636309258 -1.099834833960584e-06 0.015470389957477381
11.032499999999999 2.0156915472419774 0.0 2.0156917965022783 -1.1132814258795038e-06 0.015691547241977258
11.037500000000001 2.0159146681624858 0.0 2.015914920388099 -1.1264230305583216e-06 0.01591466816248557
11.0425 2.0161397463813704 0.0 2.0161400016852555 -1.1393335650078672e-06 0.016139746381370442
11.0475 2.016366774986281 0.0 2.016367033488857 -1.1519480716006481e-06 0.01636677498628083
11.0525 2.0165957464825 0.0 2.016596008265731 -1.1641809869392182e-06 0.01659574648249998
11.057500000000001 2.0168266527853773 0.0 2.0168269178758096 -1.1761209197742354e-06 0.01682665278537743
11.0625 2.017059485212844 0.0 2.0170597535798342 -1.1880590166675425e-06 0.017059485212843672
11.067499999999999 2.017294234478012 0.0 2.017294506040208 -1.2003657781733658e-06 0.01729423447801181
11.072500000000002 2.0175308906818703 0.0 2.01753116533296 -1.2133545889990228e-06 0.01753089068187026
11.0775 2.017769443306071 0.0 2.0177697209546714 -1.227169841181742e-06 0.01776944330607087
11.0825 2.018009881205819 0.0 2.0180101617993165 -1.241689014338785e-06 0.01800988120581896
11.0875 2.018252192602867 0.0 2.018252476119758 -1.2565329599137476e-06 0.018252192602866774
11.092500000000001 2.018496365078617 0.0 2.0184966515125664 -1.2712862635338851e-06 0.018496365078616916
11.0975 2.0187423855673403 0.0 2.0187426749284962 -1.2858016332593887e-06 0.01874238556734013
11.1025 2.018990240349512 0.0 2.018990532668618 -1.3002823380825617e-06 0.018990240349511862
11.1075 2.019239915045272 0.0 2.0192402103461426 -1.3150109455920895e-06 0.019239915045271835
11.1125 2.0194913946080115 0.0 2.019491692850665 -1.3299599357411197e-06 0.019491394608011626
11.1175 2.0197446633180953 0.0 2.0197449643643 -1.344655498473595e-06 0.019744663318095296
11.1225 2.0199997047767173 0.0 2.0200000084299505 -1.3584403967195526e-06 0.01999970477671749
11.127500000000001 2.020256501899903 0.0 2.020256808017562 -1.3709480877532333e-06 0.02025650189990277
11.1325 2.0205150369126526 0.0 2.0205153455249185 -1.3824323310318456e-06 0.020515036912652537
11.1375 2.0207752913432433 0.0 2.0207756026887145 -1.3936818745419414e-06 0.020775291343243317
11.1425 2.0210372460176806 0.0 2.0210375604449484 -1.4055326851992063e-06 0.021037246017680842
11.1475 2.021300881054315 0.0 2.021301198823523 -1.4182872124398306e-06 0.021300881054314977
11.1525 2.0215661758586205 0.0 2.021566496950912 -1.4314341278566266e-06 0.02156617585862063
11.157499999999999 2.0218331091181487 0.0 2.021833433176097 -1.4438993621554493e-06 0.021833109118148886
11.162500000000001 2.022101658797653 0.0 2.022101985276314 -1.4548066983256562e-06 0.02210165879765288
11.1675 2.022371802134393 0.0 2.0223721306495834 -1.4644208236675936e-06 0.022371802134392653
11.1725 2.022643515633626 0.0 2.022643846344112 -1.4745636020501475e-06 0.022643515633626186
11.1775 2.022916775064288 0.0 2.022917108785209 -1.4877388810298944e-06 0.02291677506428758
11.182500000000001 2.023191555454859 0.0 2.0231918932652397 -1.5050935604245477e-06 0.023191555454859392
11.1875 2.0234678310894436 0.0 2.0234681735726943 -1.5247936966833686e-06 0.023467831089443454
11.192499999999999 2.0237455755040346 0.0 2.0237459221854106 -1.54271835946046e-06 0.02374557550403454
11.197500000000002 2.024024761483001 0.0 2.024025111013559 -1.5555177370670389e-06 0.024024761483001103
11.2025 2.0243053610557773 0.0 2.024305712095918 -1.5635011213720521e-06 0.024305361055777283
11.2075 2.024587345493773 0.0 2.024587697590938 -1.5705178065511966e-06 0.024587345493773276
11.2125 2.0248706853075045 0.0 2.02487103903184 -1.580699660147719e-06 0.024870685307504685
11.217500000000001 2.025155350243948 0.0 2.0251557065254797 -1.5950444068178716e-06 0.02515535024394778
11.2225 2.025441309284125 0.0 2.025441668615861 -1.610981290702544e-06 0.025441309284124778
11.2275 2.025728530640923 0.0 2.025728892866708 -1.6251072423494643e-06 0.02572853064092323
11.2325 2.026016981757153 0.0 2.0260173465476052 -1.6363389937590345e-06 0.02601698175715335
11.2375 2.026306629303848 0.0 2.026306996765103 -1.6465509130780945e-06 0.026306629303848028
11.2425 2.02659743917881 0.0 2.026597809947253 -1.6582992792697752e-06 0.026597439178810044
11.2475 2.0268893765054106 0.0 2.0268897512154394 -1.6720044619729252e-06 0.02688937650541046
11.252500000000001 2.027182405631641 0.0 2.0271827842994856 -1.685499819376679e-06 0.027182405631641093
11.2575 2.0274764901294273 0.0 2.027476872120327 -1.6965005219089859e-06 0.027476490129427152
11.2625 2.0277715927942026 0.0 2.027771977433509 -1.7053162933134942e-06 0.0277715927942028
11.2675 2.0280676756447535 0.0 2.028068062800455 -1.7145987670000224e-06 0.02806767564475337
11.2725 2.0283646999233285 0.0 2.0283650899116035 -1.7262898374410964e-06 0.028364699923328407
11.2775 2.02866262609603 0.0 2.028663019090832 -1.7394989489671672e-06 0.028662626096029712
11.282499999999999 2.028961413853478 0.0 2.0289618095846595 -1.7519692579770812e-06 0.028961413853477804
11.287500000000001 2.02926102211176 0.0 2.0292614202017623 -1.763113144143429e-06 0.02926102211175985
11.2925 2.0295614090136627 0.0 2.029561809429758 -1.7746218774602855e-06 0.029561409013662485
11.2975 2.0298625319301955 0.0 2.029862934929012 -1.7881371857441582e-06 0.029862531930195568
11.3025 2.030164347462406 0.0 2.030164753149944 -1.803325348208973e-06 0.030164347462406097
11.307500000000001 2.0304668114434885 0.0 2.0304672195479467 -1.8185584919130733e-06 0.030466811443488395
11.3125 2.0307698789411934 0.0 2.0307702890123585 -1.8326249680956863e-06 0.03076987894119322
11.317499999999999 2.031073504260539 0.0 2.0310739159869375 -1.8452508930106974e-06 0.03107350426053877
11.322500000000002 2.031377640946826 0.0 2.031378054343976 -1.8567482970056333e-06 0.03137764094682601
11.3275 2.0316822417889613 0.0 2.0316826572925706 -1.8679754186487247e-06 0.03168224178896119
11.3325 2.0319872588230905 0.0 2.031987677226737 -1.8800376764417896e-06 0.03198725882309064
11.3375 2.0322926433365467 0.0 2.0322930653719333 -1.892926393736404e-06 0.03229264333654681
11.342500000000001 2.0325983458721106 0.0 2.0325987716248717 -1.9047432094746219e-06 0.03259834587211047
11.3475 2.0329043162325915 0.0 2.0329047450599216 -1.913626549340957e-06 0.03290431623259147
11.3525 2.03321050348573 0.0 2.033210934694328 -1.9206808920832284e-06 0.033210503485729875
11.3575 2.0335168559694194 0.0 2.0335172895067384 -1.929610406771557e-06 0.03351685596941937
11.3625 2.0338233212972554 0.0 2.0338237575672458 -1.9425914613504418e-06 0.03382332129725535
11.3675 2.03412984636441 0.0 2.034130285433749 -1.9576156839225793e-06 0.034129846364410334
11.3725 2.034436377353838 0.0 2.0344368186981354 -1.9711914387069396e-06 0.03443637735383787
11.377500000000001 2.034742859742806 0.0 2.034743302913967 -1.982820413480623e-06 0.034742859742805866
11.3825 2.035049238309763 0.0 2.035049683529652 -1.9949308899305795e-06 0.03504923830976272
11.3875 2.0353554571415367 0.0 2.035355904914331 -2.00855177188084e-06 0.035355457141536734
11.3925 2.0356614596408695 0.0 2.035661909952715 -2.0213361437887392e-06 0.03566145964086965
11.3975 2.0359671885342863 0.0 2.0359676408499734 -2.030906779910272e-06 0.03596718853428604
11.4025 2.0362725858803 0.0 2.036273039972007 -2.0384157444584585e-06 0.03627258588029998
11.407499999999999 2.0365775930779595 0.0 2.0365780495149877 -2.047025206443251e-06 0.03657759307795946
11.412500000000001 2.036882150875729 0.0 2.036882610541512 -2.0577132226847072e-06 0.03688215087572896
11.4175 2.0371861993807103 0.0 2.037186662743604 -2.0684151216447633e-06 0.03718619938071044
11.4225 2.037489678068206 0.0 2.037490145078671 -2.0770383569365012e-06 0.03748967806820596
11.4275 2.037792525791618 0.0 2.037792996222642 -2.083543614707046e-06 0.03779252579161803
11.432500000000001 2.0380946807926907 0.0 2.0380951543654473 -2.0889275663149225e-06 0.038094680792690655
11.4375 2.0383960807120904 0.0 2.038396557018519 -2.094121985794373e-06 0.03839608071209057
11.442499999999999 2.0386966626003282 0.0 2.038697141263126 -2.1007797393836337e-06 0.03869666260032831
11.447500000000002 2.0389963629290184 0.0 2.0389968438428685 -2.1113380754633242e-06 0.038996362929018466
11.4525 2.039295117602478 0.0 2.039295600681853 -2.1265344004809273e-06 0.039295117602478204
11.4575 2.039592861969666 0.0 2.0395933465966216 -2.1438506824026383e-06 0.03959286196966611
11.4625 2.0398895308364566 0.0 2.039890015963098 -2.1603388676636824e-06 0.03988953083645663
11.467500000000001 2.0401850584782513 0.0 2.0401855435579885 -2.1763845964539127e-06 0.040185058478251476
11.4725 2.0404793786529267 0.0 2.0404798642174766 -2.1943818961925663e-06 0.04047937865292689
11.4775 2.040772424614115 0.0 2.0407729116232733 -2.2136860380263644e-06 0.040772424614114816
11.4825 2.041064129124816 0.0 2.0410646179714345 -2.229628248889229e-06 0.04106412912481622
11.4875 2.0413544244713453 0.0 2.0413549150506753 -2.2387928731190343e-06 0.04135442447134536
11.4925 2.0416432424776034 0.0 2.0416437351118737 -2.243149763477596e-06 0.041643242477603495
11.4975 2.0419305145196796 0.0 2.041931010232136 -2.247104786064994e-06 0.04193051451967965
11.502500000000001 2.042216171540775 0.0 2.042216671211583 -2.2520999822748564e-06 0.04221617154077539
11.5075 2.042500144066453 0.0 2.042500647718953 -2.256567517328591e-06 0.04250014406645306
11.5125 2.042782362220204 0.0 2.0427828694022554 -2.2602028366674574e-06 0.042782362220203755
11.5175 2.0430627557393324 0.0 2.0430632662265222 -2.2650154337403355e-06 0.043062755739332194
11.5225 2.043341253991156 0.0 2.0433417676678873 -2.271640350685539e-06 0.04334125399115606
11.5275 2.043617785989517 0.0 2.043618302302729 -2.277768814918014e-06 0.04361778598951683
11.532499999999999 2.043892280411599 0.0 2.0438927986157314 -2.282194973503924e-06 0.04389228041159886
11.537500000000001 2.0441646656150527 0.0 2.0441651856435374 -2.2880197834512723e-06 0.04416466561505264
11.5425 2.0444348696554187 0.0 2.0444353921266236 -2.29885123557848e-06 0.0444348696554186
11.5475 2.0447028203038498 0.0 2.0447033453381938 -2.313194272010789e-06 0.04470282030384998
11.5525 2.044968445065127 0.0 2.044968971605921 -2.3262023857335732e-06 0.04496844506512709
11.557500000000001 2.0452316711959613 0.0 2.045232198012029 -2.33677006210675e-06 0.045231671195961415
11.5625 2.0454924257235847 0.0 2.045492952769184 -2.349014530823934e-06 0.04549242572358476
11.567499999999999 2.0457506354646187 0.0 2.0457511636754466 -2.3655696759002597e-06 0.04575063546461869
11.572500000000002 2.0460062270442196 0.0 2.046006756944914 -2.382873371229855e-06 0.0460062270442195
11.5775 2.0462591269154933 0.0 2.046259658060794 -2.3955313880024807e-06 0.04625912691549335
11.5825 2.046509261379179 0.0 2.046509793267065 -2.4032623550132267e-06 0.04650926137917894
11.5875 2.0467565566035892 0.0 2.04675708958045 -2.4107327624885382e-06 0.046756556603589086
11.592500000000001 2.0470009386448083 0.0 2.047001473525633 -2.421232063222011e-06 0.04700093864480806
11.5975 2.047242333467139 0.0 2.0472428705200443 -2.4330714289528775e-06 0.0472423334671389
11.6025 2.0474806669637946 0.0 2.0474812057275438 -2.4427337983533156e-06 0.04748066696379456
11.6075 2.047715864977827 0.0 2.0477164051359464 -2.4494910171823187e-06 0.04771586497782691
11.6125 2.0479478533232878 0.0 2.0479483954174267 -2.4551316088286086e-06 0.047947853323287604
11.6175 2.0481765578066153 0.0 2.048177102892909 -2.4600881301061797e-06 0.048176557806615214
11.6225 2.0484019042482418 0.0 2.0484024530812732 -2.4622866669321414e-06 0.048401904248241645
11.627500000000001 2.0486238185044106 0.0 2.0486243712837777 -2.460350733849399e-06 0.04862381850441073
11.6325 2.0488422264892034 0.0 2.0488427831637637 -2.4562171323623914e-06 0.04884222648920351
11.6375 2.049057054196763 0.0 2.0490576145879693 -2.453766434966093e-06 0.049057054196762824
11.6425 2.0492682277237093 0.0 2.04926879126114 -2.4559701492695465e-06 0.049268227723709486
11.6475 2.0494756732917434 0.0 2.049476238819343 -2.4638402961168385e-06 0.04947567329174353
11.6525 2.049679317270423 0.0 2.049679883270148 -2.477084749948528e-06 0.04967931727042329
11.657499999999999 2.0498790862001144 0.0 2.0498796513400475 -2.4948868734271915e-06 0.04987908620011451
11.662500000000001 2.0500749068151016 0.0 2.050075470457149 -2.515860316969117e-06 0.050074906815101655
11.6675 2.050266706066853 0.0 2.050267268383879 -2.5373027650716323e-06 0.050266706066853274
11.6725 2.0504544111474354 0.0 2.050454972895542 -2.5553291332970337e-06 0.05045441114743542
11.6775 2.050637949513062 0.0 2.050638511826598 -2.5668851752890407e-06 0.05063794951306213
11.682500000000001 2.0508172489077765 0.0 2.0508178131635812 -2.5716052998680312e-06 0.05081724890777663
11.6875 2.0509922373872547 0.0 2.05099280482987 -2.5713675337281937e-06 0.05099223738725463
11.692499999999999 2.0511628433427207 0.0 2.051163414539773 -2.5689170919597116e-06 0.051162843342720914
11.697500000000002 2.0513289955249703 0.0 2.051329570128016 -2.5674501523642326e-06 0.05132899552497043
11.7025 2.051490623068485 0.0 2.0514912000239045 -2.570181591342456e-06 0.05149062306848504
11.7075 2.051647655515638 0.0 2.051648233470754 -2.5789326201403476e-06 0.051647655515638366
11.7125 2.0518000228409776 0.0 2.051800600593574 -2.593059841690924e-06 0.05180002284097746
11.717500000000001 2.051947655475574 0.0 2.0519482324210867 -2.609737771448253e-06 0.051947655475573895
11.7225 2.0520904843314343 0.0 2.052091060737614 -2.6250255540540115e-06 0.05209048433143445
11.7275 2.052228440825962 0.0 2.052229017784451 -2.635202507090905e-06 0.0522284408259621
11.7325 2.052361456906458 0.0 2.0523620359842156 -2.6381376903259628e-06 0.05236145690645769
11.7375 2.0524894650746526 0.0 2.052490047788165 -2.6341131345671473e-06 0.05248946507465265
11.7425 2.052612398411264 0.0 2.0526129857021203 -2.6257328169831466e-06 0.05261239841126369
11.7475 2.0527301906005593 0.0 2.052730782508027 -2.617025523323697e-06 0.0527301906005591
11.752500000000001 2.0528427759549266 0.0 2.052843371600926 -2.612061336602103e-06 0.05284277595492677
11.7575 2.0529500894394346 0.0 2.0529506873227517 -2.613619045617329e-06 0.05295008943943456
11.7625 2.0530520666963725 0.0 2.053052665175044 -2.622380501637603e-06 0.053052066696372524
11.7675 2.053148644069767 0.0 2.0531492418356905 -2.636849301062405e-06 0.05314864406976705
11.7725 2.0532397586298567 0.0 2.05324035502266 -2.654078169691833e-06 0.05323975862985662
11.7775 2.0533253481975193 0.0 2.0533259432845554 -2.6708643481679005e-06 0.05332534819751922
11.782499999999999 2.053405351368641 0.0 2.0534059457815337 -2.6847073743931734e-06 0.053405351368641094
11.787500000000001 2.053479707538416 0.0 2.053480302169309 -2.6943198856820074e-06 0.05347970753841606
11.7925 2.0535483569255653 0.0 2.0535489526412447 -2.6997820442725037e-06 0.05354835692556528
11.7975 2.0536112405964677 0.0 2.0536118380441195 -2.702168930790098e-06 0.05361124059646754
11.8025 2.0536683004891887 0.0 2.053668900020717 -2.702820581609537e-06 0.053668300489188484
11.807500000000001 2.053719479437399 0.0 2.0537200811875596 -2.7027187206400707e-06 0.053719479437399006
11.8125 2.053764721194172 0.0 2.0537653252947186 -2.7019091010403914e-06 0.053764721194172214
11.817499999999999 2.053803970455648 0.0 2.053804577294902 -2.699152987471428e-06 0.0538039704556481
11.822500000000002 2.0538371728845557 0.0 2.053837783175492 -2.692917701343408e-06 0.05383717288455548
11.8275 2.0538642751335803 0.0 2.053864889472315 -2.6838015707585413e-06 0.05386427513358036
11.8325 2.0538852248685706 0.0 2.0538858428925066 -2.6761626913646877e-06 0.05388522486857061
11.8375 2.0538999707915657 0.0 2.0539005906745205 -2.676576509072108e-06 0.05389997079156556
11.842500000000001 2.0539084626636406 0.0 2.053909081479894 -2.6900003649581486e-06 0.05390846266364053
11.8475 2.053910651327555 0.0 2.0539112659559944 -2.717253911540932e-06 0.053910651327555174
11.8525 2.0539064887301954 0.0 2.0539070965213044 -2.7561362885099203e-06 0.05390648873019544
11.8575 2.053895927944798 0.0 2.053896526678824 -2.8047493193912474e-06 0.05389592794479808
11.8625 2.0538789231929475 0.0 2.0538795107968215 -2.8625035000904937e-06 0.05387892319294753
11.8675 2.053855429866334 0.0 2.0538560053307 -2.9246344616150487e-06 0.05385542986633423
11.8725 2.053825404548264 0.0 2.0538259709427193 -2.9728453205069287e-06 0.05382540454826423
11.877500000000001 2.0537888050349093 0.0 2.0537893732396872 -2.9720733775710258e-06 0.05378880503490922
11.8825 2.0537455903562867 0.0 2.05374618208313 -2.873553644880159e-06 0.05374559035628682
11.8875 2.0536957207969606 0.0 2.0536963731773255 -2.6081276348441934e-06 0.05369572079696051
11.8925 2.0536391579164492 0.0 2.0536399310746436 -2.0726331270423795e-06 0.05363915791644906
11.8975 2.053575864569335 0.0 2.0535768439346596 -1.1534489782995742e-06 0.05357586456933517
11.9025 2.0535058049250625 0.0 2.053507096256702 2.4046660539479147e-07 0.05350580492506273
11.907499999999999 2.053428944487413 0.0 2.0534306892392684 2.2695054477226135e-06 0.05342894448741316
11.912500000000001 2.0533452501136504 0.0 2.053347697691475 5.418243818664801e-06 0.053345250113650246
11.9175 2.053254690033324 0.0 2.0532583429669478 1.0822625898012119e-05 0.053254690033324066
11.9225 2.053157233866723 0.0 2.053163012259743 2.03569199400064e-05 0.053157233866723136
11.9275 2.053052852642966 0.0 2.053062108508708 3.595930376966683e-05 0.05305285264296627
11.932500000000001 2.0529415188177236 0.0 2.0529558100761953 5.855342551712767e-05 0.0529415188177235
11.9375 2.0528232062905567 0.0 2.052843904035058 8.730052333786555e-05 0.05282320629055684
11.942499999999999 2.052697890421871 0.0 2.052725776667052 0.00011955679917585159 0.05269789042187132
11.947500000000002 2.052565548049467 0.0 2.052600584330288 0.00015163789015984876 0.05256554804946696
11.9525 2.052426157504683 0.0 2.0524674950161743 0.00017991075543570445 0.05242615750468308
11.9575 2.052279698628124 0.0 2.0523258308084786 0.00020141912062970213 0.052279698628124184
11.9625 2.0521261527849606 0.0 2.0521751478633643 0.00021426031816552076 0.052126152784960376
11.967500000000001 2.0519655028797925 0.0 2.0520155492147185 0.00021897908276900227 0.05196550287979265
11.9725 2.051797733371074 0.0 2.0518480080650434 0.00021999222249376952 0.05179773337107402
11.9775 2.0516228302850785 0.0 2.0516731496141816 0.00022017793101173437 0.05162283028507833
11.9825 2.0514407812294086 0.0 2.0514910942656606 0.00022014267513814677 0.05144078122940878
11.9875 2.051251575406037 0.0 2.051301876667064 0.00022008281073793284 0.05125157540603735
11.9925 2.0510552036238674 0.0 2.051105499066541 0.0002200493976325937 0.05105520362386736
11.9975 2.050851658310811 0.0 2.0509019547917466 0.00022004686115533373 0.05085165831081088
12.002500000000001 2.0506409335253744 0.0 2.0506912350574233 0.0002200624993380094 0.050640933525374535
12.0075 2.0504230249677446 0.0 2.050473332279479 0.0002200814893565923 0.05042302496774457
12.0125 2.050197929990365 0.0 2.0502482416782426 0.00022009426093092186 0.05019792999036485
12.0175 2.0499656476080004 0.0 2.0500159616014684 0.0002200978265253836 0.04996564760800054
12.0225 2.0497261785072807 0.0 2.049776493126378 0.00022009395108206758 0.049726178507280824
12.0275 2.049479525055713 0.0 2.049529839456424 0.00022008640076277508 0.04947952505571284
12.0325 2.0492256913101614 0.0 2.0492760054227963 0.00022007865465705715 0.049225691310161336
12.037500000000001 2.048964683024788 0.0 2.049014997224079 0.00022007269737260555 0.04896468302478796
12.0425 2.048696507658443 0.0 2.048746822403123 0.0002200688888705267 0.04869650765844296
12.0475 2.048421174381504 0.0 2.048471489976939 0.00022006652874212353 0.048421174381504076
12.0525 2.0481386940821573 0.0 2.0481890106110505 0.00022006461933389093 0.0481386940821573
12.057500000000001 2.0478490793721136 0.0 2.0478993967524532 0.0002200624357817617 0.04784907937211376
12.0625 2.047552344591757 0.0 2.0476026626835466 0.00022005973451512016 0.047552344591757154
12.067499999999999 2.047248505814717 0.0 2.0472988245070143 0.00022005665269119956 0.04724850581471703
12.072500000000002 2.0469375808518637 0.0 2.0469879000982587 0.00022005347183918952 0.046937580851863704
12.0775 2.0466195892547203 0.0 2.046669909062307 0.00022005041508487116 0.046619589254720525
12.0825 2.0462945523182867 0.0 2.0463448727150917 0.00022004756296616835 0.046294552318286615
12.0875 2.0459624930832705 0.0 2.0460128140891736 0.00022004487902193559 0.0459624930832703
12.092500000000001 2.045623436337727 0.0 2.045673757951903 0.00022004228385140618 0.045623436337726635
12.0975 2.045277408618096 0.0 2.0453277308225015 0.00022003971710396955 0.04527740861809602
12.1025 2.044924438209641 0.0 2.04497476098023 0.00022003715956964788 0.044924438209640885
12.1075 2.044564555146278 0.0 2.0446148784630003 0.000220034621915434 0.04456455514627813
12.1125 2.044197791209804 0.0 2.044248115060517 0.0002200321226847123 0.04419779120980399
12.1175 2.043824179928509 0.0 2.0438745043069164 0.00022002967401584276 0.04382417992850867
12.1225 2.0434437565751784 0.0 2.043494081476036 0.0002200272798354906 0.04344375657517863
12.127500000000001 2.043056558164486 0.0 2.0431068835797186 0.00022002494056469317 0.043056558164486225
12.1325 2.0426626234497625 0.0 2.0427129493675147 0.00022002265652849954 0.0426626234497626
12.1375 2.042261992919154 0.0 2.0423123193255637 0.0002200204272662324 0.04226199291915384
12.1425 2.04185470879116 0.0 2.0419050356730946 0.00022001824940639863 0.04185470879115988
12.1475 2.0414408150095547 0.0 2.0414911423563344 0.00022001611689748148 0.041440815009554634
12.1525 2.0410203572376866 0.0 2.041070685040798 0.00022001402455873545 0.04102035723768649
12.1575 2.040593382852159 0.0 2.0406437111034097 0.00022001197211934823 0.04059338285215929
12.162500000000001 2.0401599409358955 0.0 2.0402102696254394 0.00022000996492070515 0.040159940935895276
12.1675 2.039720082270578 0.0 2.0397704113862067 0.0002200080101099024 0.039720082270577946
12.1725 2.0392738593284765 0.0 2.0393241888565843 0.000220006110897016 0.03927385932847666
12.1775 2.0388213262636548 0.0 2.0388716561910947 0.00022000426337622094 0.03882132626365457
12.182500000000001 2.0383625389025606 0.0 2.03841286921799 0.00022000245851320027 0.03836253890256048
12.1875 2.0378975547340055 0.0 2.037947885427732 0.0002200006879987662 0.03789755473400547
12.192499999999999 2.0374264328985268 0.0 2.037476763960989 0.00021999894977684333 0.03742643289852673
12.197500000000002 2.036949234177141 0.0 2.0369995655972097 0.0002199972491501623 0.0369492341771411
12.2025 2.0364660209794914 0.0 2.036516352743961 0.00021999559496103954 0.036466020979491386
12.2075 2.035976857331384 0.0 2.0360271894262665 0.0002199939940887729 0.0359768573313838
12.2125 2.035481808861726 0.0 2.0355321412747043 0.00021999244873554337 0.03548180886172577
12.217500000000001 2.0349809427888634 0.0 2.0350312755113906 0.00021999095860784836 0.034980942788863385
12.2225 2.0344743279063224 0.0 2.0345246609339926 0.00021998952573012314 0.034474327906322315
12.2275 2.0339620345679563 0.0 2.034012367898719 0.00021998815696814086 0.033962034567956455
12.2325 2.0334441346725094 0.0 2.033494468303501 0.0002199868605303769 0.03344413467250942
12.2375 2.0329207016475923 0.0 2.0329710355720256 0.000219985637387573 0.032920701647592095
12.2425 2.0323918104330807 0.0 2.032442144638491 0.00021998447345246904 0.032391810433080655
12.2475 2.03185753746394 0.0 2.031907871932347 0.00021998333959376856 0.03185753746394011
12.252500000000001 2.0313179606524807 0.0 2.031368295362308 0.00021998220261312435 0.03131796065248069
12.2575 2.030773159370049 0.0 2.030823494299272 0.00021998104329623282 0.030773159370049197
12.2625 2.0302232144281627 0.0 2.030273549558056 0.00021997987181055954 0.030223214428162788
12.2675 2.0296682080590918 0.0 2.0297185433778684 0.0002199787305173402 0.02966820805909198
12.2725 2.029108223895898 0.0 2.0291585594011705 0.00021997768020841422 0.02910822389589834
12.2775 2.0285433469519325 0.0 2.0285936826506843 0.00021997677483198236 0.028543346951932703
12.2825 2.027973663599801 0.0 2.028023999504849 0.00021997603659238107 0.02797366359980124
12.287500000000001 2.0273992615498084 0.0 2.02744959767293 0.00021997544368743577 0.02739926154980854
12.2925 2.0268202298278815 0.0 2.026870566171554 0.00021997493666384653 0.026820229827881473
12.2975 2.0262366587529836 0.0 2.026286995303974 0.0002199744399133178 0.02623665875298344
12.3025 2.0256486399140274 0.0 2.0256989766419067 0.00021997388767337048 0.025648639914027424
12.307500000000001 2.0250562661462954 0.0 2.0251066030080107 0.00021997324283675818 0.02505626614629526
12.3125 2.0244596315073706 0.0 2.0245099684561945 0.0002199725020480516 0.024459631507370596
12.317499999999999 2.023858831252595 0.0 2.023909168247697 0.000219971688548834 0.02385883125259494
12.322500000000002 2.0232539618100565 0.0 2.023304298822918 0.00021997084014360388 0.02325396181005631
12.3275 2.0226451207551204 0.0 2.0226954577711442 0.00021997000030048224 0.022645120755120218
12.3325 2.022032406784507 0.0 2.0220827438010844 0.0002199692160456894 0.022032406784506915
12.3375 2.0214159196899324 0.0 2.021466256713964 0.00021996854021109834 0.02141591968993258
12.342500000000001 2.020795760331319 0.0 2.020846097378554 0.00021996803161096712 0.020795760331318813
12.3475 2.020172030609581 0.0 2.020222367705549 0.00021996774746637406 0.020172030609581136
12.3525 2.019544833439007 0.0 2.019595170618704 0.00021996772738798747 0.01954483343900714
12.3575 2.0189142727192357 0.0 2.01896461002219 0.0002199679743839491 0.01891427271923571
12.3625 2.018280453306847 0.0 2.0183307907665267 0.0002199684421924265 0.01828045330684697
12.3675 2.017643480986573 0.0 2.0176938186170235 0.00021996903714265883 0.017643480986572847
12.3725 2.01700346244214 0.0 2.0170538002276674 0.0002199696369751228 0.01700346244213989
12.377500000000001 2.016360505226758 0.0 2.0164108431202394 0.00021997012159757556 0.0163605052267577
12.3825 2.0157147177332604 0.0 2.01576505566499 0.00021997040503132797 0.015714717733260383
12.3875 2.0150662091639147 0.0 2.0151165470577994 0.00021997045701258085 0.015066209163914665
12.3925 2.014415089499907 0.0 2.014465427290345 0.00021997030715568386 0.014415089499907085
12.3975 2.0137614694705213 0.0 2.0138118071135254 0.0002199700318705137 0.01376146947052124
12.4025 2.013105460522016 0.0 2.013155797997752 0.0002199697307552503 0.013105460522016133
12.4075 2.0124471747862183 0.0 2.01249751209466 0.0002199695017306053 0.012447174786218417
12.412500000000001 2.0117867250488435 0.0 2.0118370622028685 0.00021996942212213288 0.011786725048843283
12.4175 2.0111242247175523 0.0 2.0111745617371146 0.0002199695382972201 0.011124224717552103
12.4225 2.010459787789762 0.0 2.0105101246979684 0.00021996986263465938 0.010459787789761862
12.4275 2.0097935288202198 0.0 2.009843865639675 0.00021997037559642806 0.009793528820219671
12.432500000000001 2.009125562888354 0.0 2.009175899636138 0.00021997103230786424 0.009125562888354357
12.4375 2.008456005565417 0.0 2.0085063422473493 0.00021997177439837806 0.008456005565417002
12.442499999999999 2.0077849728814243 0.0 2.0078353094887547 0.00021997254686860961 0.00778497288142454
12.447500000000002 2.00711258129192 0.0 2.0071629178036927 0.00021997331584956427 0.007112581291920154
12.4525 2.0064389476445643 0.0 2.0064892840359367 0.0002199740795584487 0.006438947644564515
12.4575 2.005764189145565 0.0 2.005814525398123 0.00021997486519354566 0.005764189145565192
12.4625 2.0050884233259665 0.0 2.005138759433754 0.0002199757105592061 0.0050884233259666945
12.467500000000001 2.0044117680078086 0.0 2.0044621039746398 0.0002199766382240277 0.004411768007808686
12.4725 2.0037343412701665 0.0 2.003784677099153 0.00021997763633877193 0.003734341270166618
12.4775 2.003056261415089 0.0 2.003106597096731 0.0002199786587006748 0.0030562614150890966
12.4825 2.0023776469334464 0.0 2.0024279824402815 0.00021997964636502292 0.002377646933446626
12.4875 2.0016986164707045 0.0 2.001748951762778 0.00021998055980876796 0.0016986164707044591
12.4925 2.0010192887926324 0.0 2.001069623830997 0.0002199814022577717 0.0010192887926323425
12.4975 2.0003397827509657 0.0 2.0003901175106966 0.00021998221810375825 0.00033978275096564737
12.502500000000001 1.999660217249034 0.0 1.999710551722889 0.0002199830645050031 -0.00033978275096588876
12.5075 1.9989807112073676 0.0 1.9990310453969682 0.00021998397184458835 -0.0010192887926323425
12.5125 1.9983013835292955 0.0 1.998351717429156 0.00021998491859979123 -0.0016986164707044591
12.5175 1.9976223530665533 0.0 1.9976726866519823 0.00021998584080552816 -0.002377646933446626
12.5225 1.996943738584911 0.0 1.9969940718137327 0.00021998667709165185 -0.0030562614150890966
12.5275 1.9962656587298333 0.0 1.9963159915601414 0.00021998742720507442 -0.003734341270166618
12.5325 1.9955882319921912 0.0 1.995638564408267 0.00021998818886087833 -0.004411768007808928
12.537500000000001 1.994911576674033 0.0 1.994961908706193 0.00021998914421134027 -0.005088423325966935
12.5425 1.994235810854435 0.0 1.9942861425799778 0.00021999049216255326 -0.005764189145565192
12.5475 1.9935610523554355 0.0 1.9936113838767038 0.0002199923536305501 -0.006438947644564515
12.5525 1.9928874187080796 0.0 1.9929377501153136 0.00021999469638552173 -0.007112581291920393
12.557500000000001 1.9922150271185755 0.0 1.9922653584534813 0.00021999732179715412 -0.00778497288142454
12.5625 1.991543994434583 0.0 1.9915943256709567 0.00021999992771619897 -0.008456005565417002
12.567499999999999 1.9908744371116456 0.0 1.9909247681618047 0.00022000222352396454 -0.009125562888354357
12.572500000000002 1.99020647117978 0.0 1.9902568019238789 0.00022000404525809931 -0.00979352882021991
12.5775 1.9895402122102381 0.0 1.9895905425356135 0.00022000541634645303 -0.010459787789761862
12.5825 1.988875775282448 0.0 1.988926105116545 0.00022000652532940006 -0.011124224717552103
12.5875 1.9882132749511565 0.0 1.9882636042754191 0.00022000763284642545 -0.011786725048843516
12.592500000000001 1.9875528252137813 0.0 1.987603154054874 0.00022000895442601863 -0.012447174786218651
12.5975 1.9868945394779838 0.0 1.9869448678824435 0.00022001057511864469 -0.013105460522016133
12.6025 1.9862385305294787 0.0 1.9862888585342158 0.00022001243292185478 -0.01376146947052124
12.6075 1.985584910500093 0.0 1.9856352381116875 0.00022001437194667863 -0.014415089499907085
12.6125 1.9849337908360853 0.0 1.9849841180269625 0.00022001623316211105 -0.015066209163914665
12.6175 1.9842852822667396 0.0 1.9843356089884967 0.00022001793627585077 -0.015714717733260383
12.6225 1.983639494773242 0.0 1.9836898209800993 0.00022001951554008166 -0.01636050522675793
12.627500000000001 1.98299653755786 0.0 1.9830468632291567 0.0002200210978215378 -0.01700346244214012
12.6325 1.9823565190134271 0.0 1.9824068441646283 0.0002200228388319198 -0.017643480986572847
12.6375 1.981719546693153 0.0 1.9817698713696716 0.00022002484963374284 -0.01828045330684697
12.6425 1.9810857272807643 0.0 1.9811360515363954 0.00022002714498720516 -0.01891427271923571
12.6475 1.9804551665609929 0.0 1.9805054904299864 0.00022002963225836942 -0.01954483343900714
12.6525 1.9798279693904188 0.0 1.9798782928659042 0.00022003214355066733 -0.020172030609581136
12.6575 1.9792042396686809 0.0 1.979254562698174 0.00022003449994097087 -0.02079576033131903
12.662500000000001 1.9785840803100672 0.0 1.9786344028116956 0.00022003658604932916 -0.021415919689932797
12.6675 1.977967593215493 0.0 1.9780179151094373 0.00022003840674363992 -0.022032406784506915
12.6725 1.9773548792448798 0.0 1.977405200487186 0.00022004010001023147 -0.022645120755120218
12.6775 1.9767460381899435 0.0 1.9767963587936535 0.0002200418946925191 -0.02325396181005653
12.682500000000001 1.976141168747405 0.0 1.976191488780383 0.00022004402449083476 -0.02385883125259494
12.6875 1.9755403684926294 0.0 1.9755906880515193 0.00022004663018310443 -0.024459631507370596
12.692499999999999 1.9749437338537048 0.0 1.974994053024706 0.00022004969127641574 -0.02505626614629526
12.697500000000002 1.9743513600859723 0.0 1.9744016789094847 0.00022005302133670473 -0.025648639914027632
12.7025 1.9737633412470166 0.0 1.9738136597010503 0.0002200563369022374 -0.02623665875298344
12.7075 1.9731797701721185 0.0 1.9732300881803018 0.00022005937369752446 -0.026820229827881473
12.7125 1.9726007384501913 0.0 1.9726510559095383 0.00022006199476319808 -0.027399261549808738
12.717500000000001 1.9720263364001986 0.0 1.9720766532161809 0.00022006423629335886 -0.02797366359980144
12.7225 1.9714566530480673 0.0 1.9715069691622276 0.000220066272237797 -0.028543346951932703
12.7275 1.9708917761041016 0.0 1.9709420915033666 0.00022006832305286153 -0.02910822389589834
12.7325 1.970331791940908 0.0 1.970382106647018 0.00022007055676484234 -0.02966820805909198
12.7375 1.969776785571837 0.0 1.9698270996192973 0.00022007302589265715 -0.030223214428162788
12.7425 1.969226840629951 0.0 1.969277154044864 0.00022007566538271252 -0.030773159370049197
12.7475 1.968682039347519 0.0 1.968732352135574 0.00022007835144077553 -0.03131796065248089
12.752500000000001 1.9681424625360597 0.0 1.9681927746815135 0.0002200809880138853 -0.0318575374639403
12.7575 1.9676081895669193 0.0 1.9676585010416767 0.00022008356462798717 -0.032391810433080655
12.7625 1.967079298352408 0.0 1.9671296091332748 0.00022008614851020214 -0.032920701647592095
12.7675 1.9665558653274906 0.0 1.9666061754148927 0.00022008883139715182 -0.03344413467250942
12.7725 1.9660379654320435 0.0 1.9660882748578974 0.00022009168756959092 -0.033962034567956455
12.7775 1.9655256720936778 0.0 1.9655759809101336 0.00022009476860363305 -0.034474327906322315
12.7825 1.9650190572111363 0.0 1.9650693654670317 0.00022009810262866523 -0.03498094278886357
12.787500000000001 1.964518191138274 0.0 1.9645684988611138 0.0002201016639285522 -0.03548180886172595
12.7925 1.964023142668616 0.0 1.9640734498626229 0.00022010533912230734 -0.0359768573313838
12.7975 1.9635339790205086 0.0 1.9635842856733863 0.00022010895004330995 -0.036466020979491386
12.8025 1.9630507658228586 0.0 1.963101071907274 0.0002201123406965856 -0.03694923417714126
12.807500000000001 1.9625735671014732 0.0 1.9626238725694218 0.00022011545736939274 -0.03742643289852673
12.8125 1.9621024452659945 0.0 1.9621527500487335 0.00022011834971678195 -0.03789755473400547
12.817499999999999 1.9616374610974394 0.0 1.9616877651216003 0.00022012110231546777 -0.03836253890256048
12.822500000000002 1.9611786737363452 0.0 1.9612289769497016 0.0002201237775319283 -0.03882132626365473
12.8275 1.9607261406715233 0.0 1.9607764430579602 0.0002201264358435105 -0.03927385932847666
12.8325 1.9602799177294221 0.0 1.9603302192977803 0.00022012921226059843 -0.039720082270577946
12.8375 1.9598400590641045 0.0 1.9598903598195287 0.00022013234310862224 -0.04015994093589542
12.842500000000001 1.9594066171478406 0.0 1.9594569170771907 0.0002201360467062981 -0.04059338285215944
12.8475 1.9589796427623134 0.0 1.9590299418577966 0.00022014030538917412 -0.04102035723768649
12.8525 1.9585591849904453 0.0 1.9586094832912453 0.0002201447673077336 -0.041440815009554634
12.8575 1.9581452912088402 0.0 1.9581955888031803 0.00022014895253015212 -0.04185470879115988
12.8625 1.957738007080846 0.0 1.9577883040405686 0.0002201526351318253 -0.04226199291915384
12.8675 1.9573373765502373 0.0 1.9573876728553785 0.00022015599993352314 -0.0426626234497626
12.8725 1.9569434418355136 0.0 1.9569937373851314 0.00022015935543043583 -0.043056558164486364
12.877500000000001 1.9565562434248212 0.0 1.9566065381477575 0.0002201627172712105 -0.043443756575178766
12.8825 1.9561758200714914 0.0 1.956226114024686 0.00022016579573198538 -0.04382417992850867
12.8875 1.955802208790196 0.0 1.9558525021244586 0.0002201684454478304 -0.04419779120980399
12.8925 1.955435444853722 0.0 1.9554857376700236 0.0002201710103983886 -0.04456455514627813
12.8975 1.955075561790359 0.0 1.9551258540376233 0.00022017407040278154 -0.044924438209640885
12.9025 1.954722591381904 0.0 1.9547728828993627 0.00022017783723968546 -0.04527740861809602
12.9075 1.9543765636622732 0.0 1.9544268543054653 0.00022018190748062438 -0.04562343633772676
12.912500000000001 1.9540375069167295 0.0 1.9540877966290635 0.00022018565409353226 -0.045962493083270425
12.9175 1.9537054476817133 0.0 1.9537557364622633 0.00022018879610029507 -0.046294552318286615
12.9225 1.9533804107452795 0.0 1.9534306985866365 0.0002201915543702789 -0.046619589254720525
12.9275 1.9530624191481363 0.0 1.9531127060280744 0.00022019434130947355 -0.04693758085186382
12.932500000000001 1.952751494185283 0.0 1.9528017801110578 0.00022019739343045178 -0.04724850581471703
12.9375 1.9524476554082428 0.0 1.9524979404530014 0.00022020066928288198 -0.047552344591757154
12.942499999999999 1.9521509206278862 0.0 1.9522012049178108 0.0002202039869141033 -0.04784907937211376
12.947500000000002 1.9518613059178427 0.0 1.9519115895788604 0.00022020720830392165 -0.0481386940821574
12.9525 1.9515788256184958 0.0 1.9516291087184165 0.00022021033933944305 -0.048421174381504076
12.9575 1.951303492341557 0.0 1.951353774857914 0.00022021352654927987 -0.04869650765844296
12.9625 1.951035316975212 0.0 1.9510855987935458 0.00022021701215361216 -0.048964683024788055
12.967500000000001 1.9507743086898386 0.0 1.9508245896144438 0.0002202211145176341 -0.049225691310161426
12.9725 1.9505204749442873 0.0 1.9505707547147266 0.0002202261828230961 -0.04947952505571284
12.9775 1.950273821492719 0.0 1.9503240998408182 0.0002202323688090147 -0.049726178507280824
12.9825 1.9500343523919994 0.0 1.9500846291789602 0.00022023922590584406 -0.04996564760800054
12.9875 1.9498020700096352 0.0 1.9498523454002006 0.0002202455176296159 -0.05019792999036485
12.9925 1.9495769750322554 0.0 1.949627249558402 0.00022024969189598798 -0.05042302496774457
12.9975 1.9493590664746254 0.0 1.9494093408538449 0.0002202509528880521 -0.0506409335253746
13.002500000000001 1.949148341689189 0.0 1.9491986164356616 0.00022025016184689744 -0.05085165831081096
13.0075 1.9489447963761326 0.0 1.9489950714471225 0.0002202496787457225 -0.05105520362386736
13.0125 1.9487484245939626 0.0 1.94879869935655 0.00022025197138841402 -0.05125157540603735
13.0175 1.9485592187705911 0.0 1.9486094923760564 0.00022025786666565972 -0.05144078122940878
13.0225 1.9483771697149217 0.0 1.9484274416482572 0.00022026583185050184 -0.05162283028507833
13.0275 1.948202266628926 0.0 1.9482525370158321 0.0002202730646405577 -0.05179773337107402
13.0325 1.9480344971202073 0.0 1.9480847665304548 0.00022027767998409258 -0.05196550287979271
13.037500000000001 1.9478738472150396 0.0 1.947924116128619 0.00022028011981049838 -0.052126152784960425
13.0425 1.9477203013718758 0.0 1.9477705697893644 0.00022028244504940036 -0.052279698628124184
13.0475 1.9475738424953168 0.0 1.947624110025781 0.0002202862116988965 -0.05242615750468308
13.0525 1.9474344519505329 0.0 1.947484718216188 0.00022029113217787645 -0.052565548049467004
13.057500000000001 1.9473021095781287 0.0 1.9473523744743686 0.00022029582696769773 -0.05269789042187132
13.0625 1.947176793709443 0.0 1.9472270572962522 0.00022029956873734972 -0.05282320629055684
13.067499999999999 1.9470584811822764 0.0 1.9471087434492258 0.00022030290024541865 -0.0529415188177235
13.072500000000002 1.9469471473570337 0.0 1.9469974082076926 0.00022030662236666523 -0.05305285264296632
13.0775 1.9468427661332768 0.0 1.9468930255804966 0.0002203107163457377 -0.053157233866723136
13.0825 1.9467453099666758 0.0 1.94679556823757 0.00022031455801589683 -0.053254690033324066
13.0875 1.9466547498863498 0.0 1.9467050072960492 0.00022031782299485053 -0.05334525011365027
13.092500000000001 1.9465710555125868 0.0 1.9466213122973228 0.00022032069584284513 -0.05342894448741316
13.0975 1.9464941950749373 0.0 1.9465444513766421 0.0002203233607985474 -0.05350580492506273
13.1025 1.9464241354306648 0.0 1.94647439133893 0.00022032593774499537 -0.05357586456933517
13.1075 1.946360842083551 0.0 1.9464110975555524 0.00022032912254676262 -0.05363915791644906
13.1125 1.9463042792030394 0.0 1.9463545339434847 0.00022033431439071256 -0.05369572079696051
13.1175 1.946254409643713 0.0 1.9463046632033638 0.00022034246736712428 -0.05374559035628682
13.1225 1.9462111949650907 0.0 1.9462614470868715 0.00022035276338599073 -0.05378880503490924
13.127500000000001 1.9461745954517358 0.0 1.946224846358078 0.00022036270626223944 -0.05382540454826424
13.1325 1.9461445701336657 0.0 1.946194820469183 0.0002203696550216717 -0.05385542986633423
13.1375 1.9461210768070525 0.0 1.9461713272751626 0.00022037239799944193 -0.05387892319294753
13.1425 1.9461040720552019 0.0 1.9461543229982627 0.0002203717598532905 -0.05389592794479808
13.1475 1.9460935112698046 0.0 1.9461437623993239 0.00022037026935587474 -0.05390648873019544
13.1525 1.9460893486724449 0.0 1.9461395990792785 0.00022037106285412023 -0.053910651327555174
13.1575 1.9460915373363594 0.0 1.9461417858777645 0.0002203760901519889 -0.05390846266364052
13.162500000000001 1.9461000292084345 0.0 1.946150275179018 0.00022038450298168946 -0.05389997079156557
13.1675 1.9461147751314294 0.0 1.9461650187818331 0.00022039288834153835 -0.05388522486857061
13.1725 1.9461357248664197 0.0 1.9461859672646136 0.00022039785408702707 -0.05386427513358036
13.1775 1.9461628271154445 0.0 1.9462130693459252 0.00022039891314132944 -0.053837172884555466
13.182500000000001 1.946196029544352 0.0 1.946246271899968 0.00022039879060203378 -0.0538039704556481
13.1875 1.9462352788058277 0.0 1.9462855206939256 0.00022040071387072741 -0.053764721194172214
13.192499999999999 1.946280520562601 0.0 1.946330761160778 0.00022040547623767502 -0.053719479437399006
13.197500000000002 1.9463316995108115 0.0 1.9463819384806524 0.00022041128047254097 -0.05366830048918846
13.2025 1.9463887594035325 0.0 1.9464389969958589 0.00022041621444199953 -0.05361124059646754
13.2075 1.9464516430744347 0.0 1.9465018796780074 0.00022042032909211712 -0.05354835692556528
13.2125 1.9465202924615839 0.0 1.9465705282168608 0.00022042501720334457 -0.05347970753841604
13.217500000000001 1.946594648631359 0.0 1.9466448835155712 0.00022043079753017724 -0.053405351368641094
13.2225 1.9466746518024807 0.0 1.9467248859168196 0.00022043650995343686 -0.05332534819751922
13.2275 1.9467602413701435 0.0 1.9468104749082806 0.00022044095269892422 -0.05323975862985662
13.2325 1.946851355930233 0.0 1.9469015888116266 0.00022044462449070446 -0.05314864406976705
13.2375 1.9469479333036275 0.0 1.9469981650243915 0.00022044896916095474 -0.053052066696372524
13.2425 1.9470499105605654 0.0 1.947100140609435 0.00022045398058896757 -0.05295008943943456
13.2475 1.9471572240450732 0.0 1.9472074524448768 0.00022045763932077093 -0.052842775954926736
13.252500000000001 1.947269809399441 0.0 1.947320036646147 0.0002204584924972937 -0.052730190600559064
13.2575 1.9473876015887364 0.0 1.9474378279791495 0.00022045825064704238 -0.05261239841126369
13.2625 1.9475105349253474 0.0 1.9475607601089304 0.00022046068487050516 -0.05248946507465265
13.2675 1.9476385430935423 0.0 1.9476887664916755 0.00022046763052702714 -0.05236145690645769
13.2725 1.9477715591740379 0.0 1.9478217808466947 0.00022047676796693676 -0.0522284408259621
13.2775 1.9479095156685655 0.0 1.9479597366038224 0.00022048391625864193 -0.05209048433143445
13.2825 1.9480523445244262 0.0 1.9481025659371525 0.00022048730234432536 -0.05194765547557384
13.287500000000001 1.9481999771590226 0.0 1.9482501994693184 0.0002204891476658654 -0.05180002284097741
13.2925 1.9483523444843616 0.0 1.948402566980004 0.00022049308135899522 -0.051647655515638366
13.2975 1.948509376931515 0.0 1.9485595984167294 0.0002205002834211794 -0.05149062306848504
13.3025 1.9486710044750297 0.0 1.9487212242554328 0.0002205083198628742 -0.05132899552497037
13.307500000000001 1.948837156657279 0.0 1.9488873749277864 0.00022051375426582776 -0.051162843342720914
13.3125 1.9490077626127453 0.0 1.9490579799392471 0.00022051582388804802 -0.05099223738725463
13.317499999999999 1.9491827510922233 0.0 1.9492329676161966 0.00022051722928693543 -0.05081724890777663
13.322500000000002 1.949362050486938 0.0 1.9494122657690847 0.00022052101206881673 -0.05063794951306206
13.3275 1.9495455888525646 0.0 1.949595802514255 0.00022052698841630445 -0.05045441114743542
13.3325 1.9497332939331466 0.0 1.9497835062509492 0.0002205321345120761 -0.050266706066853274
13.3375 1.9499250931848984 0.0 1.9499753048119595 0.00022053469792281537 -0.05007490681510159
13.342500000000001 1.9501209137998854 0.0 1.950171124934338 0.00022053681686411554 -0.04987908620011451
13.3475 1.9503206827295767 0.0 1.9503708928683778 0.00022054193351264662 -0.04967931727042329
13.3525 1.9505243267082564 0.0 1.950574535409043 0.00022055014478080276 -0.04947567329174353
13.3575 1.9507317722762905 0.0 1.950781979947761 0.0002205577755495675 -0.049268227723709486
13.3625 1.9509429458032372 0.0 1.9509931533990057 0.00022056200988642598 -0.049057054196762824
13.3675 1.9511577735107966 0.0 1.9512079814217969 0.0002205644804696011 -0.04884222648920351
13.3725 1.9513761814955894 0.0 1.9514263890187853 0.0002205690559787152 -0.048623818504410644
13.377500000000001 1.9515980957517585 0.0 1.9516483017830326 0.0002205768489391533 -0.048401904248241576
13.3825 1.9518234421933849 0.0 1.9518736462884538 0.00022058484072502634 -0.048176557806615214
13.3875 1.9520521466767125 0.0 1.9521023493207097 0.00022058932459717096 -0.047947853323287604
13.3925 1.9522841350221731 0.0 1.9523343369927466 0.00022058962791788683 -0.04771586497782691
13.3975 1.9525193330362054 0.0 1.952569534621051 0.00022058841324554382 -0.04748066696379456
13.4025 1.9527576665328612 0.0 1.9528078672539428 0.0002205892161348832 -0.0472423334671389
13.4075 1.952999061355192 0.0 1.9530492603323317 0.00022059360809051882 -0.04700093864480798
13.412500000000001 1.953243443396411 0.0 1.9532936400803076 0.00022059975496630386 -0.046756556603588996
13.4175 1.9534907386208211 0.0 1.9535409332921343 0.00022060372584874826 -0.04650926137917894
13.4225 1.9537408730845067 0.0 1.9537910665236913 0.0002206033799944191 -0.04625912691549335
13.4275 1.9539937729557806 0.0 1.9540439654946593 0.0002206011876489803 -0.04600622704421942
13.432500000000001 1.9542493645353813 0.0 1.954299555620114 0.0002206019352825506 -0.04575063546461869
13.4375 1.9545075742764153 0.0 1.9545577632620161 0.00022060714522705548 -0.04549242572358476
13.442499999999999 1.9547683288040385 0.0 1.9548185160888696 0.00022061334561089354 -0.045231671195961415
13.447500000000002 1.955031554934873 0.0 1.9550817418811504 0.00022061716015755908 -0.044968445065127
13.4525 1.95529717969615 0.0 1.9553473672963737 0.00022062061274935268 -0.04470282030384998
13.4575 1.9555651303445813 0.0 1.9556153183703877 0.0002206288820119344 -0.0444348696554186
13.4625 1.9558353343849475 0.0 1.9558855221658673 0.0002206430741566951 -0.044164665615052535
13.467500000000001 1.9561077195884011 0.0 1.9561579072734552 0.00022065811175729416 -0.04389228041159886
13.4725 1.9563822140104832 0.0 1.956432402480845 0.00022066878444012097 -0.04361778598951683
13.4775 1.956658746008844 0.0 1.9567089355915037 0.00022067532014529632 -0.04334125399115606
13.4825 1.9569372442606678 0.0 1.9569874340800042 0.0002206810600016577 -0.043062755739332194
13.4875 1.9572176377797963 0.0 1.957267826510061 0.00022068681238896778 -0.042782362220203755
13.4925 1.957499855933547 0.0 1.9575500427220187 0.0002206904578307394 -0.04250014406645306
13.4975 1.9577838284592246 0.0 1.9578340129365297 0.00022069099400407735 -0.04221617154077529
13.502500000000001 1.9580694854803204 0.0 1.9581196674332482 0.00022068970106159667 -0.041930514519679545
13.5075 1.9583567575223966 0.0 1.9584069370605834 0.0002206873888081518 -0.041643242477603495
13.5125 1.9586455755286547 0.0 1.9586957532543594 0.00022068374273718014 -0.04135442447134536
13.5175 1.9589358708751838 0.0 1.9589860472790914 0.00022068028098683467 -0.04106412912481622
13.5225 1.9592275753858852 0.0 1.9592777501269327 0.0002206808085355428 -0.040772424614114816
13.5275 1.959520621347073 0.0 1.9595707937103457 0.00022068656842053535 -0.04047937865292689
13.5325 1.9598149415217487 0.0 1.9598651117199228 0.00022069305157289124 -0.04018505847825138
13.537500000000001 1.9601104691635434 0.0 1.9601606385833552 0.00022069503991965772 -0.03988953083645652
13.5425 1.9604071380303338 0.0 1.9604573077681553 0.00022069421373444915 -0.03959286196966611
13.5475 1.9607048823975217 0.0 1.9607550520420052 0.0002206978144825451 -0.039295117602478204
13.5525 1.9610036370709816 0.0 1.961053805628255 0.0002207087696218098 -0.03899636292901836
13.557500000000001 1.9613033373996718 0.0 1.9613535051244761 0.0002207213047193274 -0.03869666260032831
13.5625 1.9616039192879093 0.0 1.9616540876306336 0.0002207291038441526 -0.03839608071209057
13.567499999999999 1.9619053192073093 0.0 1.961955488836693 0.00022073404567105162 -0.038094680792690655
13.572500000000002 1.9622074742083822 0.0 1.9622576440641613 0.00022074226387282846 -0.03779252579161793
13.5775 1.962510321931794 0.0 1.9625604907293421 0.00022075393234791647 -0.03748967806820596
13.5825 1.9628138006192897 0.0 1.9628639685092404 0.00022076281621959153 -0.03718619938071044
13.5875 1.9631178491242711 0.0 1.9631680170965997 0.00022076594651556427 -0.03688215087572884
13.592500000000001 1.9634224069220405 0.0 1.9634725750286484 0.00022076821512520225 -0.03657759307795946
13.5975 1.9637274141197 0.0 1.9637775812378213 0.00022077495965158072 -0.03627258588029998
13.6025 1.964032811465714 0.0 1.964082976866885 0.0002207836480929961 -0.03596718853428604
13.6075 1.9643385403591302 0.0 1.9643887046144213 0.00022078691757227732 -0.03566145964086965
13.6125 1.9646445428584633 0.0 1.9646947065584257 0.00022078281128760734 -0.035355457141536734
13.6175 1.9649507616902373 0.0 1.9650009237744341 0.0002207774386125884 -0.03504923830976272
13.6225 1.9652571402571943 0.0 1.965307298625762 0.00022077579353897402 -0.03474285974280576
13.627500000000001 1.9655636226461621 0.0 1.9656137765157478 0.00022077450070398822 -0.03443637735383777
13.6325 1.9658701536355896 0.0 1.9659203043652724 0.00022076821680029255 -0.034129846364410334
13.6375 1.9661766787027446 0.0 1.9662268280133621 0.00022076014164395177 -0.03382332129725535
13.6425 1.9664831440305806 0.0 1.9665332924387107 0.00022075970514577828 -0.03351685596941937
13.6475 1.96678949651427 0.0 1.966839644162599 0.0002207706859406423 -0.033210503485729875
13.6525 1.9670956837674085 0.0 1.9671458318735104 0.00022078757649955904 -0.03290431623259147
13.6575 1.9674016541278896 0.0 1.9674518045158582 0.00022080388496832537 -0.032598345872110364
13.662500000000001 1.9677073566634533 0.0 1.9677575100271156 0.00022081851842380813 -0.0322926433365467
13.6675 1.9680127411769093 0.0 1.9680628964338807 0.00022083260656181837 -0.03198725882309064
13.6725 1.9683177582110387 0.0 1.9683679135133731 0.00022084419023336694 -0.03168224178896119
13.6775 1.9686223590531742 0.0 1.9686725129955769 0.00022084909352256606 -0.0313776409468259
13.682500000000001 1.9689264957394612 0.0 1.9689766475573678 0.0002208462231271474 -0.03107350426053877
13.6875 1.9692301210588068 0.0 1.969280270230046 0.00022083980003920878 -0.03076987894119322
13.692499999999999 1.9695331885565115 0.0 1.96958333490674 0.0002208354836152105 -0.030466811443488395
13.697500000000002 1.969835652537594 0.0 1.9698857967916454 0.0002208359455948736 -0.03016434746240599
13.7025 1.9701374680698045 0.0 1.97018761174063 0.00022084136301651482 -0.029862531930195568
13.7075 1.9704385909863376 0.0 1.9704887354492575 0.00022085153353195006 -0.029561409013662485
13.7125 1.9707389778882403 0.0 1.9707891237007409 0.00022086492048552795 -0.02926102211175974
13.717500000000001 1.9710385861465223 0.0 1.9710887330046398 0.00022087761348138984 -0.028961413853477804
13.7225 1.9713373739039703 0.0 1.971387520748586 0.00022088548418407552 -0.028662626096029712
13.7275 1.9716353000766715 0.0 1.9716854453381392 0.00022088639206822397 -0.028364699923328407
13.7325 1.9719323243552467 0.0 1.9719824665327819 0.00022088043064229836 -0.02806767564475337
13.7375 1.9722284072057972 0.0 1.972278545402033 0.0002208700680562258 -0.0277715927942028
13.7425 1.972523509870573 0.0 1.9725736440168726 0.00022085969178537728 -0.027476490129427152
13.7475 1.972817594368359 0.0 1.9728677252914895 0.0002208534533339635 -0.02718240563164099
13.752500000000001 1.9731106234945897 0.0 1.9731607527194561 0.00022085367460388742 -0.02688937650541036
13.7575 1.97340256082119 0.0 1.9734526900129556 0.00022086080253842444 -0.026597439178810044
13.7625 1.973693370696152 0.0 1.9737435011055395 0.00022087342553479242 -0.026306629303848028
13.7675 1.9739830182428466 0.0 1.9740331504257511 0.00022088863265781083 -0.02601698175715335
13.7725 1.9742714693590768 0.0 1.9743216031472823 0.00022090324447443928 -0.02572853064092323
13.7775 1.9745586907158752 0.0 1.974608825423 0.00022091479678276488 -0.025441309284124778
13.7825 1.9748446497560523 0.0 1.9748947844775846 0.00022092211546368746 -0.02515535024394768
13.787500000000001 1.9751293146924953 0.0 1.975179448540124 0.00022092554809832426 -0.024870685307504588
13.7925 1.9754126545062267 0.0 1.975462786834854 0.00022092627467988347 -0.024587345493773276
13.7975 1.9756946389442227 0.0 1.9757447694674237 0.0002209255360557855 -0.024305361055777283
13.8025 1.975975238516999 0.0 1.9760253671072174 0.00022092418452445854 -0.024024761483001002
13.807500000000001 1.9762544244959654 0.0 1.9763045508400574 0.00022092165008552023 -0.02374557550403454
13.8125 1.9765321689105566 0.0 1.9765822923223977 0.00022091597298752938 -0.023467831089443454
13.817499999999999 1.9768084445451406 0.0 1.9768585642144376 0.00022090662238704727 -0.023191555454859392
13.822500000000002 1.9770832249357124 0.0 1.9771333407649754 0.00022089697339114733 -0.022916775064287482
13.8275 1.9773564843663738 0.0 1.977406597693707 0.00022089305214953927 -0.022643515633626186
13.8325 1.9776281978656074 0.0 1.9776783111728942 0.0002208999059618645 -0.022371802134392653
13.8375 1.9778983412023472 0.0 1.977948457330038 0.00022091948151200939 -0.022101658797652787
13.842500000000001 1.978166890881851 0.0 1.9782170127274108 0.0002209518239610364 -0.021833109118148886
13.8475 1.9784338241413795 0.0 1.9784839546036368 0.00022099678802463317 -0.02156617585862063
13.8525 1.978699118945685 0.0 1.9787492605942987 0.00022105315714577412 -0.021300881054314977
13.8575 1.9789627539823191 0.0 1.9790129081149757 0.00022111517513206765 -0.021037246017680842
13.8625 1.9792247086567567 0.0 1.979274872818238 0.00022116616877149 -0.020775291343243317
13.8675 1.9794849630873474 0.0 1.9795351270181176 0.00022117210861723465 -0.020515036912652537
13.8725 1.9797434981000974 0.0 1.9797936406011163 0.0002210846419591852 -0.02025650189990268
13.877500000000001 1.9800002952232827 0.0 1.9800503820134485 0.0002208459298712382 -0.019999704776717402
13.8825 1.9802553366819047 0.0 1.9803053137059798 0.000220369011770516 -0.019744663318095296
13.8875 1.9805086053919885 0.0 1.9805583890250453 0.00021952326606565828 -0.019491394608011626
13.8925 1.9807600849547282 0.0 1.9808095629562619 0.00021818250152555506 -0.019239915045271835
13.8975 1.981009759650488 0.0 1.9810587959159345 0.00021624163022685979 -0.018990240349511862
13.9025 1.98125761443266 0.0 1.981306011192565 0.0002134285055139395 -0.01874238556734013
13.9075 1.9815036349213833 0.0 1.981551011410796 0.0002089361753119717 -0.018496365078616833
13.912500000000001 1.9817478073971333 0.0 1.9817934010007092 0.00020108054389284495 -0.01825219260286669
13.9175 1.981990118794181 0.0 1.982032659577273 0.00018762367961191762 -0.01800988120581896
13.9225 1.9822305566939291 0.0 1.9822684124486785 0.00016696715097643482 -0.01776944330607087
13.9275 1.98246910931813 0.0 1.9825006850759923 0.00013927425484474488 -0.01753089068187018
13.932500000000001 1.9827057655219882 0.0 1.982729994652541 0.00010687413528573499 -0.01729423447801181
13.9375 1.9829405147871564 0.0 1.9829572133617703 7.3660611558377e-05 -0.017059485212843672
13.942499999999999 1.9831733472146225 0.0 1.983183281436151 4.382332526434397e-05 -0.01682665278537743
13.947500000000002 1.9834042535175 0.0 1.983408972776607 2.081993074565051e-05 -0.016595746482499896
13.9525 1.9836332250137192 0.0 1.9836347696449526 6.812782208228174e-06 -0.01636677498628083
13.9575 1.9838602536186296 0.0 1.9838605751275282 1.4093063112648726e-06 -0.016139746381370442
13.9625 1.9840853318375145 0.0 1.9840853798880125 2.058294011426351e-07 -0.01591466816248549
13.967500000000001 1.9843084527580228 0.0 1.9843084435466014 -4.1292810719853554e-08 -0.015691547241977258
13.9725 1.9845296100425227 0.0 1.9845296046030996 -2.3400500282594105e-08 -0.015470389957477381
13.9775 1.9847487979203826 0.0 1.9847488051636806 3.184390144264801e-08 -0.015251202079617396
13.9825 1.984966011180182 0.0 1.9849660257565458 6.449674095824386e-08 -0.015033988819817996
13.9875 1.9851812451618567 0.0 1.985181259863472 6.52366361312532e-08 -0.014818754838143345
13.9925 1.9853944957487841 0.0 1.9853945059311036 4.52554097623937e-08 -0.014605504251215927
13.9975 1.985605759359812 0.0 1.9856057637920732 1.958555143610103e-08 -0.014394240640187995
14.002500000000001 1.8858150329412338 0.0 1.8858150328712333 -5.358044259208881e-10 -0.11418496705876616
14.0075 1.8860223139587164 0.0 1.8860223116458186 -1.028724875343647e-08 -0.1139776860412836
14.0125 1.8862276003891831 0.0 1.886227597584825 -1.0462130162887923e-08 -0.11377239961081675
14.0175 1.8864308907126575 0.0 1.8864308894125763 -6.536716867222301e-09 -0.11356910928734248
14.0225 1.8866321839040685 0.0 1.8866321834862982 -1.7073959570149326e-09 -0.11336781609593154
14.0275 1.8868314794250258 0.0 1.8868314797744552 1.6989921241127001e-09 -0.11316852057497416
14.0325 1.887028777215566 0.0 1.8870287777945656 2.321726248641523e-09 -0.112971222784434
14.037500000000001 1.8872240776858726 0.0 1.8872240780623817 1.7333662770878744e-09 -0.11277592231412745
14.0425 1.887417381707977 0.0 1.8874173818319475 4.659292054448761e-10 -0.11258261829202318
14.0475 1.887608690607441 0.0 1.8876086905249927 -3.160648077616524e-10 -0.11239130939255902
14.0525 1.8877980061550275 0.0 1.887798006021407 -5.938939095322851e-10 -0.11220199384497254
14.057500000000001 1.8879853305583585 0.0 1.887985330461916 -4.057435643182846e-10 -0.11201466944164162
14.0625 1.8881706664535687 0.0 1.8881706664282631 -1.1134071026027269e-10 -0.11182933354643124
14.067499999999999 1.888354016896957 0.0 1.8883540169197517 9.919053231529707e-11 -0.11164598310304297
14.072500000000002 1.8885353853566356 0.0 1.8885353853915567 1.5155105106528272e-10 -0.11146461464336438
14.0775 1.8887147757041853 0.0 1.8887147757263696 9.532769010526112e-11 -0.11128522429581474
14.0825 1.8888921922063175 0.0 1.8888921922095934 1.543901549727223e-11 -0.11110780779368243
14.0875 1.8890676395165469 0.0 1.8890676395085175 -3.446040722373306e-11 -0.11093236048345316
14.092500000000001 1.889241122666876 0.0 1.8892411226574115 -3.978845042014605e-11 -0.11075887733312405
14.0975 1.889412647059499 0.0 1.8894126470547228 -2.013554493356106e-11 -0.11058735294050095
14.1025 1.8895822184585243 0.0 1.8895822184587725 1.7990185481245943e-12 -0.11041778154147582
14.1075 1.8897498429817183 0.0 1.8897498429843353 1.1842394350077085e-11 -0.11025015701828167
14.1125 1.8899155270922783 0.0 1.889915527094455 1.001354344622231e-11 -0.11008447290772175
14.1175 1.89007927759063 0.0 1.8900792775911937 3.0424846408356567e-12 -0.1099207224093699
14.1225 1.8902411016062606 0.0 1.8902411016055694 -2.3576166659323535e-12 -0.10975889839373944
14.127500000000001 1.8904010065895815 0.0 1.89040100658859 -3.6481612926709245e-12 -0.10959899341041848
14.1325 1.8905590003038322 0.0 1.890559000303221 -2.0168653789067545e-12 -0.10944099969616794
14.1375 1.8907150908170198 0.0 1.8907150908169021 1.126947813937001e-13 -0.10928490918298014
14.1425 1.8908692864939043 0.0 1.890869286494027 1.146428793275419e-12 -0.10913071350609573
14.1475 1.8910215959880239 0.0 1.891021595988102 9.551655628692601e-13 -0.10897840401197617
14.1525 1.8911720282337707 0.0 1.8911720282336875 2.5609615585157934e-13 -0.1088279717662292
14.1575 1.891320592438515 0.0 1.8913205924383156 -2.441927524714025e-13 -0.10867940756148496
14.162500000000001 1.8914672980747786 0.0 1.8914672980745642 -3.0854113544025915e-13 -0.10853270192522124
14.1675 1.8916121548724654 0.0 1.8916121548722984 -1.0399271149775346e-13 -0.10838784512753452
14.1725 1.8917551728111448 0.0 1.8917551728110256 9.822140805391738e-14 -0.10824482718885525
14.1775 1.8918963621123945 0.0 1.891896362112291 1.6208189151496337e-13 -0.10810363788760546
14.182500000000001 1.8920357332322038 0.0 1.8920357332320887 1.104484589654842e-13 -0.10796426676779636
14.1875 1.8921732968534362 0.0 1.8921732968533036 3.320376516507848e-14 -0.10782670314656391
14.192499999999999 1.8923090638783593 0.0 1.8923090638782187 -2.7386615184162757e-15 -0.10769093612164066
14.197500000000002 1.892443045421238 0.0 1.8924430454210996 6.527079973684943e-15 -0.10755695457876209
14.2025 1.892575252800994 0.0 1.8925752528008624 3.171944226873176e-14 -0.10742474719900587
14.2075 1.8927056975339387 0.0 1.892705697533811 4.643391620978705e-14 -0.10729430246606123
14.2125 1.8928343913265715 0.0 1.8928343913264436 4.666881898845095e-14 -0.1071656086734285
14.217500000000001 1.8929613460684538 0.0 1.8929613460683243 4.041216024127844e-14 -0.10703865393154623
14.2225 1.8930865738251559 0.0 1.8930865738250247 3.327044566761995e-14 -0.10691342617484421
14.2275 1.8932100868312784 0.0 1.8932100868311468 3.2676171595651856e-14 -0.10678991316872155
14.2325 1.8933318974835518 0.0 1.8933318974834203 3.468772807541939e-14 -0.10666810251644819
14.2375 1.8934520183340113 0.0 1.8934520183338797 3.426170997680868e-14 -0.10654798166598864
14.2425 1.8935704620832536 0.0 1.8935704620831215 3.434041938253803e-14 -0.10642953791674632
14.2475 1.8936872415737724 0.0 1.8936872415736394 3.56575141115069e-14 -0.10631275842622759
14.252500000000001 1.8938023697833755 0.0 1.8938023697832418 3.970998392755358e-14 -0.10619763021662462
14.2575 1.8939158598186845 0.0 1.893915859818551 4.5849125914511706e-14 -0.1060841401813154
14.2625 1.8940277249087198 0.0 1.8940277249085862 4.725058221132122e-14 -0.10597227509128017
14.2675 1.8941379783985663 0.0 1.8941379783984327 4.595555988513564e-14 -0.10586202160143357
14.2725 1.8942466337431287 0.0 1.8942466337429944 4.3651934718124014e-14 -0.10575336625687123
14.2775 1.89435370450097 0.0 1.8943537045008363 4.189351591709281e-14 -0.1056462954990301
14.2825 1.8944592043282384 0.0 1.8944592043281052 4.189441993044675e-14 -0.10554079567176154
14.287500000000001 1.894563146972683 0.0 1.8945631469725501 4.203259119682032e-14 -0.10543685302731708
14.2925 1.8946655462677546 0.0 1.8946655462676214 4.164219048217104e-14 -0.10533445373224527
14.2975 1.8947664161268003 0.0 1.8947664161266675 4.255173198040322e-14 -0.1052335838731996
14.3025 1.894865770537343 0.0 1.8948657705372107 4.397309924144984e-14 -0.10513422946265685
14.307500000000001 1.8949636235554548 0.0 1.8949636235553222 4.404371186894093e-14 -0.1050363764445452
14.3125 1.8950599893002182 0.0 1.8950599893000857 4.1690187675007307e-14 -0.1049400106997817
14.317499999999999 1.8951548819482813 0.0 1.8951548819481485 4.1524774343671735e-14 -0.10484511805171869
14.322500000000002 1.8952483157285014 0.0 1.8952483157283673 4.259689802146823e-14 -0.10475168427149865
14.3275 1.895340304916682 0.0 1.895340304916548 4.232398004246778e-14 -0.104659695083318
14.3325 1.8954308638304023 0.0 1.8954308638302686 4.310317154364522e-14 -0.10456913616959777
14.3375 1.8955200068239368 0.0 1.895520006823804 3.996353635853313e-14 -0.10447999317606313
14.342500000000001 1.89560774828327 0.0 1.8956077482831373 3.7153532310536654e-14 -0.10439225171672997
14.3475 1.8956941026212006 0.0 1.8956941026210683 3.657989501257596e-14 -0.10430589737879928
14.3525 1.8957790842725415 0.0 1.8957790842724085 3.7870492132279037e-14 -0.10422091572745855
14.3575 1.895862707689409 0.0 1.8958627076892756 3.7461567927082085e-14 -0.10413729231059102
14.3625 1.8959449873366079 0.0 1.895944987336474 3.616907400822467e-14 -0.10405501266339212
14.3675 1.8960259376871067 0.0 1.8960259376869733 3.7553560235025365e-14 -0.10397406231289337
14.3725 1.8961055732176062 0.0 1.8961055732174745 4.0002884523825456e-14 -0.1038944267823937
14.377500000000001 1.8961839084042011 0.0 1.8961839084040704 4.0986024471535586e-14 -0.10381609159579881
14.3825 1.896260957718132 0.0 1.8962609577180016 3.995698108623501e-14 -0.10373904228186799
14.3875 1.8963367356216307 0.0 1.8963367356215004 4.125620300438139e-14 -0.10366326437836922
14.3925 1.8964112565638576 0.0 1.896411256563727 3.9198511060587417e-14 -0.10358874343614252
14.3975 1.896484534976928 0.0 1.8964845349767976 3.636392677032687e-14 -0.10351546502307211
14.4025 1.8965565852720327 0.0 1.8965565852719024 3.780896426658291e-14 -0.10344341472796716
14.4075 1.896627421835648 0.0 1.8966274218355186 3.9314327937652046e-14 -0.10337257816435196
14.412500000000001 1.896697059025834 0.0 1.8966970590257053 4.003111323013654e-14 -0.10330294097416604
14.4175 1.896765511168626 0.0 1.896765511168498 3.9660163712592414e-14 -0.10323448883137405
14.4225 1.8968327925545136 0.0 1.8968327925543855 4.002275919616693e-14 -0.10316720744548637
14.4275 1.8968989174350093 0.0 1.89689891743488 4.0739368746799913e-14 -0.10310108256499073
14.432500000000001 1.8969639000193044 0.0 1.896963900019175 4.1328488824363344e-14 -0.10303609998069564
14.4375 1.8970277544710143 0.0 1.8970277544708845 4.01287521477103e-14 -0.10297224552898562
14.442499999999999 1.8970904949050107 0.0 1.8970904949048806 3.848251220060083e-14 -0.10290950509498936
14.447500000000002 1.8971521353843388 0.0 1.897152135384209 3.4830699776044776e-14 -0.10284786461566113
14.4525 1.8972126899172237 0.0 1.8972126899170938 3.050751589951614e-14 -0.1027873100827764
14.4575 1.8972721724541584 0.0 1.897272172454028 3.0111052090253075e-14 -0.10272782754584159
14.4625 1.8973305968850804 0.0 1.897330596884949 3.3603078469426176e-14 -0.10266940311491961
14.467500000000001 1.8973879770366289 0.0 1.8973879770364972 3.7289883807472987e-14 -0.10261202296337121
14.4725 1.897444326669487 0.0 1.897444326669356 3.814610584099616e-14 -0.10255567333051316
14.4775 1.8974996594758062 0.0 1.8974996594756754 3.823711635090815e-14 -0.10250034052419381
14.4825 1.8975539890767128 0.0 1.897553989076583 3.946404662603992e-14 -0.10244601092328709
14.4875 1.8976073290198945 0.0 1.8976073290197653 4.388056625089893e-14 -0.1023926709801056
14.4925 1.8976596927772664 0.0 1.8976596927771374 4.764730796507382e-14 -0.10234030722273357
14.4975 1.8977110937427195 0.0 1.89771109374259 4.659932292008273e-14 -0.10228890625728043
14.502500000000001 1.8977615452299437 0.0 1.8977615452298142 4.6822838230658476e-14 -0.10223845477005632
14.5075 1.8978110604703302 0.0 1.8978110604702016 4.614517277774836e-14 -0.10218893952966975
14.5125 1.8978596526109512 0.0 1.8978596526108231 4.5309561995029755e-14 -0.10214034738904877
14.5175 1.8979073347126136 0.0 1.8979073347124849 4.6275980551748506e-14 -0.10209266528738642
14.5225 1.8979541197479886 0.0 1.8979541197478587 4.690305811970904e-14 -0.1020458802520114
14.5275 1.8980000205998153 0.0 1.8980000205996843 4.5665131387620155e-14 -0.10199997940018476
14.5325 1.8980450500591763 0.0 1.8980450500590464 4.629077946159961e-14 -0.10195494994082367
14.537500000000001 1.8980892208238467 0.0 1.8980892208237172 4.6416223649571966e-14 -0.10191077917615342
14.5425 1.8981325454967117 0.0 1.8981325454965832 4.6149874806788194e-14 -0.10186745450328816
14.5475 1.8981750365842582 0.0 1.8981750365841301 4.7914335326683106e-14 -0.10182496341574176
14.5525 1.8982167064951303 0.0 1.8982167064950035 4.950341201368776e-14 -0.10178329350486966
14.557500000000001 1.8982575675387574 0.0 1.8982575675386304 5.0416099203525044e-14 -0.10174243246124265
14.5625 1.8982976319240463 0.0 1.8982976319239193 4.74249058565409e-14 -0.10170236807595369
14.567499999999999 1.8983369117581415 0.0 1.8983369117580149 4.6122664496748334e-14 -0.10166308824185863
14.572500000000002 1.898375419045248 0.0 1.8983754190451219 4.395972793649417e-14 -0.10162458095475205
14.5775 1.8984131656855208 0.0 1.8984131656853949 4.1466234233566147e-14 -0.10158683431447924
14.5825 1.898450163474015 0.0 1.8984501634738895 4.1281803399873194e-14 -0.10154983652598507
14.5875 1.8984864240996988 0.0 1.8984864240995734 4.272534441161514e-14 -0.10151357590030113
14.592500000000001 1.898521959144528 0.0 1.8985219591444027 4.330231424323974e-14 -0.10147804085547213
14.5975 1.8985567800825776 0.0 1.8985567800824525 4.0203400699825225e-14 -0.10144321991742239
14.6025 1.8985908982792363 0.0 1.8985908982791107 3.966651474661702e-14 -0.10140910172076366
14.6075 1.8986243249904546 0.0 1.8986243249903294 3.943438439702681e-14 -0.10137567500954538
14.6125 1.8986570713620516 0.0 1.8986570713619264 3.8477349434402295e-14 -0.10134292863794828
14.6175 1.8986891484290775 0.0 1.8986891484289528 3.904790513865571e-14 -0.10131085157092244
14.6225 1.8987205671152292 0.0 1.8987205671151044 3.924777850120365e-14 -0.10127943288477088
14.627500000000001 1.8987513382323202 0.0 1.898751338232195 4.102390998320014e-14 -0.1012486617676798
14.6325 1.8987814724798036 0.0 1.898781472479678 4.214004405109191e-14 -0.10121852752019639
14.6375 1.8988109804443447 0.0 1.8988109804442193 4.233923893836927e-14 -0.10118901955565537
14.6425 1.8988398725994446 0.0 1.8988398725993196 4.26198955903197e-14 -0.1011601274005554
14.6475 1.898868159305114 0.0 1.8988681593049894 4.1977001504212525e-14 -0.10113184069488611
14.6525 1.8988958508075928 0.0 1.8988958508074685 3.8752976639902806e-14 -0.10110414919240725
14.6575 1.8989229572391195 0.0 1.8989229572389952 3.767765126250908e-14 -0.1010770427608805
14.662500000000001 1.8989494886177445 0.0 1.8989494886176206 3.839227268533378e-14 -0.1010505113822556
14.6675 1.8989754548471889 0.0 1.8989754548470648 3.726975485646971e-14 -0.1010245451528111
14.6725 1.8990008657167485 0.0 1.8990008657166237 3.451716719516594e-14 -0.10099913428325152
14.6775 1.8990257309012386 0.0 1.8990257309011132 3.240648083071562e-14 -0.1009742690987614
14.682500000000001 1.8990500599609825 0.0 1.8990500599608573 3.074773596497331e-14 -0.10094994003901749
14.6875 1.8990738623418397 0.0 1.8990738623417145 3.1133170702581875e-14 -0.10092613765816026
14.692499999999999 1.8990971473752747 0.0 1.8990971473751497 3.302684119854901e-14 -0.10090285262472534
14.697500000000002 1.8991199242784638 0.0 1.899119924278338 3.395105785181577e-14 -0.10088007572153622
14.7025 1.8991422021544406 0.0 1.8991422021543145 3.598814897787268e-14 -0.10085779784555929
14.7075 1.8991639899922783 0.0 1.8991639899921515 3.694463857964784e-14 -0.10083601000772179
14.7125 1.899185296667306 0.0 1.8991852966671785 3.67325577789143e-14 -0.10081470333269411
14.717500000000001 1.8992061309413628 0.0 1.8992061309412351 3.601679757294572e-14 -0.10079386905863726
14.7225 1.8992265014630838 0.0 1.8992265014629561 3.811675328058378e-14 -0.10077349853691629
14.7275 1.899246416768219 0.0 1.8992464167680911 3.931485840690312e-14 -0.10075358323178103
14.7325 1.8992658852799853 0.0 1.8992658852798572 3.7884411173221163e-14 -0.10073411472001467
14.7375 1.8992849153094484 0.0 1.89928491530932 3.678561523564122e-14 -0.1007150846905515
14.7425 1.8993035150559354 0.0 1.899303515055807 3.666719885702399e-14 -0.10069648494406452
14.7475 1.899321692607476 0.0 1.8993216926073477 3.5732608381954876e-14 -0.10067830739252387
14.752500000000001 1.8993394559412728 0.0 1.899339455941145 3.321705183125924e-14 -0.10066054405872712
14.7575 1.8993568129241978 0.0 1.8993568129240705 3.449948241277752e-14 -0.10064318707580232
14.7625 1.8993737713133156 0.0 1.899373771313189 3.7318430230456055e-14 -0.10062622868668437
14.7675 1.8993903387564337 0.0 1.8993903387563076 3.8873681020033605e-14 -0.10060966124356624
14.7725 1.8994065227926746 0.0 1.8994065227925492 3.877289339050053e-14 -0.1005934772073253
14.7775 1.899422330853074 0.0 1.8994223308529485 3.7460128767466784e-14 -0.10057766914692594
14.7825 1.8994377702612006 0.0 1.8994377702610754 3.679701723985308e-14 -0.10056222973879934
14.787500000000001 1.899452848233799 0.0 1.8994528482336743 3.812286112772165e-14 -0.1005471517662011
14.7925 1.8994675718814522 0.0 1.8994675718813283 4.0623930046614e-14 -0.1005324281185477
14.7975 1.8994819482092675 0.0 1.899481948209145 4.5866445603237883e-14 -0.10051805179073246
14.8025 1.899495984117578 0.0 1.8994959841174561 4.90997052621455e-14 -0.10050401588242198
14.807500000000001 1.8995096864026662 0.0 1.8995096864025451 4.868711636434358e-14 -0.10049031359733379
14.8125 1.899523061757504 0.0 1.8995230617573822 4.6783688259649625e-14 -0.1004769382424959
14.817499999999999 1.8995361167725109 0.0 1.8995361167723888 4.690781356383787e-14 -0.10046388322748921
14.822500000000002 1.8995488579363267 0.0 1.899548857936204 4.817864521042949e-14 -0.1004511420636734
14.8275 1.899561291636603 0.0 1.8995612916364801 4.969736515087141e-14 -0.10043870836339705
14.8325 1.899573424160807 0.0 1.8995734241606832 4.8560904769497234e-14 -0.10042657583919293
14.8375 1.8995852616970412 0.0 1.8995852616969175 4.499197214923853e-14 -0.10041473830295881
14.842500000000001 1.899596810334875 0.0 1.8995968103347511 4.3934290651296746e-14 -0.10040318966512497
14.8475 1.8996080760661913 0.0 1.899608076066067 4.3781851697059627e-14 -0.10039192393380868
14.8525 1.8996190647860434 0.0 1.899619064785918 4.254584768569383e-14 -0.10038093521395658
14.8575 1.8996297822935244 0.0 1.899629782293399 4.1931627444897616e-14 -0.10037021770647568
14.8625 1.8996402342926466 0.0 1.8996402342925214 4.4738514466566535e-14 -0.10035976570735344
14.8675 1.8996504263932323 0.0 1.8996504263931078 4.53942959523536e-14 -0.10034957360676776
14.8725 1.8996603641118126 0.0 1.8996603641116885 4.40492392541065e-14 -0.10033963588818733
14.877500000000001 1.8996700528725368 0.0 1.8996700528724129 4.4029710138947516e-14 -0.10032994712746333
14.8825 1.8996794980080873 0.0 1.8996794980079639 4.503048729588243e-14 -0.1003205019919126
14.8875 1.8996887047606068 0.0 1.899688704760483 4.330190881263771e-14 -0.10031129523939329
14.8925 1.8996976782826267 0.0 1.8996976782825032 4.248613907749539e-14 -0.10030232171737337
14.8975 1.8997064236380075 0.0 1.8997064236378844 4.4160708130425116e-14 -0.10029357636199261
14.9025 1.8997149458028812 0.0 1.8997149458027587 4.5028205789954834e-14 -0.10028505419711875
14.9075 1.8997232496666019 0.0 1.8997232496664798 4.456212234677142e-14 -0.10027675033339804
14.912500000000001 1.8997313400326987 0.0 1.8997313400325764 4.371509552235786e-14 -0.10026865996730118
14.9175 1.8997392216198352 0.0 1.8997392216197129 4.02048978646195e-14 -0.10026077838016474
14.9225 1.899746899062771 0.0 1.8997468990626492 3.709297419181814e-14 -0.1002531009372289
14.9275 1.8997543769133283 0.0 1.8997543769132066 3.7534511061902345e-14 -0.1002456230866718
14.932500000000001 1.899761659641359 0.0 1.8997616596412374 3.768715991921674e-14 -0.10023834035864115
14.9375 1.8997687516357167 0.0 1.899768751635595 3.696355457773211e-14 -0.10023124836428343
14.942499999999999 1.899775657205229 0.0 1.899775657205107 3.518620279544214e-14 -0.10022434279477122
14.947500000000002 1.8997823805796707 0.0 1.8997823805795486 3.30916947999406e-14 -0.10021761942032918
14.9525 1.899788925910741 0.0 1.8997889259106189 3.2245228190917474e-14 -0.10021107408925906
14.9575 1.899795297273036 0.0 1.8997952972729142 3.1080629478127735e-14 -0.10020470272696401
14.9625 1.8998014986650271 0.0 1.8998014986649059 2.962432329889534e-14 -0.10019850133497295
14.967500000000001 1.8998075340100349 0.0 1.899807534009914 2.7527952021510176e-14 -0.10019246598996519
14.9725 1.8998134071572044 0.0 1.8998134071570838 2.5123198777927116e-14 -0.1001865928427956
14.9775 1.899819121882479 0.0 1.8998191218823581 2.4630028948830145e-14 -0.10018087811752106
14.9825 1.8998246818895719 0.0 1.8998246818894504 2.072940973320019e-14 -0.10017531811042812
14.9875 1.8998300908109373 0.0 1.8998300908108159 1.729785089595366e-14 -0.10016990918906264
14.9925 1.8998353522087386 0.0 1.8998353522086169 1.403982851254464e-14 -0.1001646477912615
14.9975 1.899840469575813 0.0 1.8998404695756919 1.1594267359068514e-14 -0.10015953042418682
15.002500000000001 1.899845446336637 0.0 1.8998454463365158 1.30543246531691e-14 -0.10015455366336304
15.0075 1.8998502858482829 0.0 1.8998502858481618 1.3205461840069728e-14 -0.10014971415171706
15.0125 1.899854991401378 0.0 1.8998549914012572 1.19499697194564e-14 -0.10014500859862195
15.0175 1.8998595662210558 0.0 1.899859566220935 1.1266797713715981e-14 -0.10014043377894428
15.0225 1.8998640134679043 0.0 1.899864013467783 1.2378782035406625e-14 -0.10013598653209566
15.0275 1.8998683362389115 0.0 1.8998683362387907 1.3201948218488566e-14 -0.1001316637610884
15.0325 1.899872537568404 0.0 1.8998725375682837 1.4873727854696644e-14 -0.1001274624315959
15.037500000000001 1.899876620428982 0.0 1.8998766204288624 1.7922113924691667e-14 -0.10012337957101788
15.0425 1.8998805877324494 0.0 1.89988058773233 1.815101647541808e-14 -0.10011941226755065
15.0475 1.8998844423307373 0.0 1.8998844423306185 1.7336031884722935e-14 -0.10011555766926271
15.0525 1.899888187016824 0.0 1.899888187016705 1.7480702650678408e-14 -0.10011181298317594
15.057500000000001 1.8998918245256473 0.0 1.8998918245255285 1.659101167698296e-14 -0.10010817547435265
15.0625 1.8998953575350115 0.0 1.8998953575348918 1.8425220362640616e-14 -0.10010464246498846
15.067499999999999 1.8998987886664884 0.0 1.8998987886663674 2.172430425633088e-14 -0.10010121133351155
15.072500000000002 1.8999021204863118 0.0 1.8999021204861901 2.5309347495293898e-14 -0.10009787951368816
15.0775 1.8999053555062653 0.0 1.8999053555061443 2.7152370977179206e-14 -0.10009464449373481
15.0825 1.899908496184563 0.0 1.8999084961844428 3.1818180414198975e-14 -0.10009150381543717
15.0875 1.899911544926724 0.0 1.8999115449266042 3.7486525369613735e-14 -0.10008845507327588
15.092500000000001 1.8999145040864405 0.0 1.89991450408632 3.756253817992165e-14 -0.10008549591355943
15.0975 1.8999173759664356 0.0 1.899917375966315 3.738726336830185e-14 -0.10008262403356444
15.1025 1.899920162819317 0.0 1.8999201628191962 3.498690018164878e-14 -0.10007983718068303
15.1075 1.899922866848422 0.0 1.8999228668483021 3.5077394148643675e-14 -0.10007713315157798
15.1125 1.8999254902086546 0.0 1.8999254902085347 3.264399794613196e-14 -0.10007450979134543
15.1175 1.8999280350073147 0.0 1.899928035007195 3.0347506053823215e-14 -0.10007196499268525
15.1225 1.8999305033049205 0.0 1.8999305033048006 3.0154677648679136e-14 -0.10006949669507952
15.127500000000001 1.8999328971160212 0.0 1.8999328971159017 2.848858089509498e-14 -0.10006710288397877
15.1325 1.8999352184100036 0.0 1.899935218409884 2.7271978406609636e-14 -0.10006478158999649
15.1375 1.8999374691118884 0.0 1.8999374691117688 2.704082573793221e-14 -0.10006253088811168
15.1425 1.8999396511031201 0.0 1.8999396511030002 3.031830219936149e-14 -0.10006034889687979
15.1475 1.8999417662223481 0.0 1.8999417662222273 2.981828374171617e-14 -0.10005823377765195
15.1525 1.8999438162661975 0.0 1.8999438162660767 2.936089132177665e-14 -0.10005618373380264
15.1575 1.8999458029900342 0.0 1.8999458029899141 2.850059292986944e-14 -0.10005419700996582
15.162500000000001 1.8999477281087203 0.0 1.8999477281086006 2.6355811884315985e-14 -0.10005227189127971
15.1675 1.89994959329736 0.0 1.8999495932972408 2.5316739442856692e-14 -0.10005040670264005
15.1725 1.899951400192038 0.0 1.8999514001919187 2.6187120255238345e-14 -0.10004859980796216
15.1775 1.8999531503905485 0.0 1.8999531503904294 2.7046657254507844e-14 -0.10004684960945154
15.182500000000001 1.8999548454531165 0.0 1.8999548454529984 2.6547242959387966e-14 -0.10004515454688342
15.1875 1.8999564869031091 0.0 1.899956486902991 2.5901880632796284e-14 -0.10004351309689094
15.192499999999999 1.899958076227738 0.0 1.89995807622762 2.4529107953117896e-14 -0.1000419237722621
15.197500000000002 1.8999596148787543 0.0 1.8999596148786362 2.675012855779152e-14 -0.10004038512124576
15.2025 1.899961104273134 0.0 1.8999611042730153 2.7824303922458034e-14 -0.10003889572686617
15.2075 1.8999625457937532 0.0 1.8999625457936355 2.500867535931277e-14 -0.10003745420624671
15.2125 1.8999639407900577 0.0 1.8999639407899414 2.3082462182924828e-14 -0.10003605920994223
15.217500000000001 1.8999652905787197 0.0 1.8999652905786029 2.0865272049098115e-14 -0.10003470942128037
15.2225 1.8999665964442882 0.0 1.899966596444171 1.875651007519435e-14 -0.10003340355571178
15.2275 1.8999678596398308 0.0 1.899967859639712 2.069104360491439e-14 -0.10003214036016915
15.2325 1.8999690813875647 0.0 1.899969081387445 2.4991384814214718e-14 -0.1000309186124352
15.2375 1.8999702628794806 0.0 1.8999702628793598 2.895594820729793e-14 -0.10002973712051938
15.2425 1.8999714052779564 0.0 1.8999714052778345 3.20593847249637e-14 -0.10002859472204353
15.2475 1.8999725097163638 0.0 1.8999725097162412 3.1728583877273056e-14 -0.10002749028363633
15.252500000000001 1.8999735772996635 0.0 1.899973577299541 3.048597608830357e-14 -0.10002642270033649
15.2575 1.8999746091049952 0.0 1.8999746091048735 2.9986627809037596e-14 -0.10002539089500477
15.2625 1.8999756061822552 0.0 1.8999756061821342 2.8627802680316224e-14 -0.10002439381774468
15.2675 1.899976569554668 0.0 1.8999765695545474 2.8599828073277257e-14 -0.10002343044533198
15.2725 1.8999775002193473 0.0 1.8999775002192267 2.8987773892917e-14 -0.1000224997806527
15.2775 1.89997839914785 0.0 1.8999783991477297 2.8429111263351066e-14 -0.10002160085214992
15.2825 1.8999792672867208 0.0 1.8999792672866 3.1042847170339175e-14 -0.10002073271327909
15.287500000000001 1.899980105558028 0.0 1.8999801055579069 3.1529735283416515e-14 -0.10001989444197189
15.2925 1.8999809148598914 0.0 1.8999809148597708 2.934097935616479e-14 -0.10001908514010853
15.2975 1.8999816960670013 0.0 1.8999816960668818 2.7396198031921848e-14 -0.10001830393299863
15.3025 1.8999824500311298 0.0 1.899982450031011 2.8125112528889357e-14 -0.1000175499688703
15.307500000000001 1.8999831775816323 0.0 1.899983177581513 3.103675610350919e-14 -0.10001682241836782
15.3125 1.8999838795259427 0.0 1.8999838795258235 3.217576709944058e-14 -0.10001612047405724
15.317499999999999 1.8999845566500595 0.0 1.8999845566499403 3.4539435948313825e-14 -0.10001544334994057
15.322500000000002 1.8999852097190222 0.0 1.8999852097189032 3.777571917766388e-14 -0.1000147902809779
15.3275 1.8999858394773823 0.0 1.8999858394772629 3.7557541670467456e-14 -0.10001416052261763
15.3325 1.8999864466496652 0.0 1.8999864466495453 3.590955230381891e-14 -0.10001355335033486
15.3375 1.8999870319408223 0.0 1.8999870319407022 3.538739744151626e-14 -0.10001296805917759
15.342500000000001 1.899987596036679 0.0 1.8999875960365586 3.4656977403812075e-14 -0.10001240396332091
15.3475 1.899988139604371 0.0 1.8999881396042504 3.256260906528003e-14 -0.100011860395629
15.3525 1.8999886632927752 0.0 1.899988663292655 3.094197217597006e-14 -0.10001133670722483
15.3575 1.8999891677329324 0.0 1.8999891677328127 3.232673350121858e-14 -0.10001083226706765
15.3625 1.8999896535384622 0.0 1.8999896535383431 3.015118264006415e-14 -0.10001034646153795
15.3675 1.89999012130597 0.0 1.8999901213058514 2.7362930305662837e-14 -0.10000987869403005
15.3725 1.899990571615448 0.0 1.899990571615329 2.543255797184183e-14 -0.10000942838455215
15.377500000000001 1.8999910050306663 0.0 1.8999910050305473 2.5638481464641216e-14 -0.10000899496933363
15.3825 1.8999914220995602 0.0 1.8999914220994414 2.989275586528575e-14 -0.10000857790043984
15.3875 1.899991823354606 0.0 1.8999918233544886 3.011491474424018e-14 -0.10000817664539392
15.3925 1.899992209313194 0.0 1.8999922093130774 2.4612705354615407e-14 -0.10000779068680593
15.3975 1.8999925804779911 0.0 1.8999925804778748 1.979325571572521e-14 -0.10000741952200888
15.4025 1.8999929373372981 0.0 1.8999929373371813 1.7204998374035796e-14 -0.10000706266270187
15.4075 1.8999932803654 0.0 1.8999932803652833 1.5673394246168077e-14 -0.10000671963460002
15.412500000000001 1.8999936100229087 0.0 1.8999936100227919 1.5258487224722778e-14 -0.10000638997709126
15.4175 1.8999939267571002 0.0 1.8999939267569839 1.4982221074308196e-14 -0.10000607324289983
15.4225 1.8999942310022435 0.0 1.8999942310021272 1.3877380194181976e-14 -0.10000576899775647
15.4275 1.899994523179925 0.0 1.8999945231798085 1.2432861233946792e-14 -0.1000054768200751
15.432500000000001 1.899994803699364 0.0 1.899994803699248 1.200852366717821e-14 -0.10000519630063599
15.4375 1.8999950729577246 0.0 1.8999950729576085 1.1454502916809516e-14 -0.10000492704227536
15.442499999999999 1.8999953313404188 0.0 1.899995331340302 1.3282419739468552e-14 -0.10000466865958119
15.447500000000002 1.8999955792214045 0.0 1.899995579221288 1.2339607226682951e-14 -0.10000442077859541
15.4525 1.899995816963478 0.0 1.899995816963361 1.0978471095532432e-14 -0.10000418303652202
15.4575 1.8999960449185584 0.0 1.8999960449184414 1.3936846557162455e-14 -0.10000395508144144
15.4625 1.8999962634279692 0.0 1.8999962634278527 1.8157912901962158e-14 -0.10000373657203068
15.467500000000001 1.8999964728227106 0.0 1.899996472822594 2.483806965564309e-14 -0.10000352717728947
15.4725 1.899996673423728 0.0 1.8999966734236116 2.9494110950343687e-14 -0.10000332657627214
15.4775 1.8999968655421748 0.0 1.8999968655420592 3.192968165882011e-14 -0.10000313445782526
15.482500000000002 1.8999970494796692 0.0 1.8999970494795542 3.41117524832355e-14 -0.10000295052033077
15.4875 1.899997225528545 0.0 1.8999972255284305 3.6049142070399776e-14 -0.10000277447145482
15.4925 1.899997393972098 0.0 1.8999973939719832 3.7965627115817383e-14 -0.10000260602790194
15.4975 1.8999975550848254 0.0 1.8999975550847104 3.9912933732061834e-14 -0.10000244491517457
15.502500000000001 1.899997709132662 0.0 1.8999977091325477 3.9299301315901104e-14 -0.10000229086733795
15.5075 1.8999978563732098 0.0 1.899997856373096 3.643029378666151e-14 -0.10000214362679015
15.5125 1.8999979970559628 0.0 1.8999979970558485 3.3549389452539685e-14 -0.1000020029440372
15.5175 1.8999981314225267 0.0 1.8999981314224117 2.9795588015700934e-14 -0.10000186857747334
15.5225 1.899998259706834 0.0 1.8999982597067184 2.6554673739463337e-14 -0.10000174029316605
15.5275 1.8999983821353539 0.0 1.8999983821352382 2.498639273572281e-14 -0.10000161786464615
15.5325 1.8999984989272976 0.0 1.8999984989271819 2.282177485368096e-14 -0.10000150107270252
15.537500000000001 1.8999986102948183 0.0 1.899998610294703 2.2068889501705885e-14 -0.1000013897051816
15.5425 1.8999987164432084 0.0 1.8999987164430931 2.0625838082792897e-14 -0.10000128355679153
15.5475 1.8999988175710893 0.0 1.8999988175709746 1.8507514293519193e-14 -0.1000011824289107
15.5525 1.899998913870599 0.0 1.899998913870485 1.8354211244699668e-14 -0.100001086129401
15.557500000000001 1.8999990055275748 0.0 1.8999990055274605 1.9080599713611544e-14 -0.10000099447242522
15.5625 1.8999990927217312 0.0 1.8999990927216168 2.1114284645165795e-14 -0.10000090727826885
15.567499999999999 1.899999175626834 0.0 1.8999991756267192 2.2365935170072937e-14 -0.10000082437316614
15.572500000000002 1.8999992544108697 0.0 1.8999992544107553 2.2958614001221013e-14 -0.1000007455891303
15.5775 1.8999993292362123 0.0 1.8999993292360982 2.2232454101085075e-14 -0.10000067076378769
15.5825 1.899999400259784 0.0 1.8999994002596698 2.2264077041232348e-14 -0.10000059974021612
15.5875 1.899999467633213 0.0 1.8999994676330996 2.473248330086012e-14 -0.10000053236678705
15.592500000000001 1.8999995315029885 0.0 1.8999995315028755 2.5404804155518087e-14 -0.10000046849701157
15.5975 1.8999995920106099 0.0 1.8999995920104968 2.2434615836793335e-14 -0.10000040798939022
15.6025 1.8999996492927334 0.0 1.8999996492926199 2.3200240923095682e-14 -0.10000035070726658
15.607500000000002 1.8999997034813156 0.0 1.8999997034812022 2.6585696316607326e-14 -0.10000029651868428
15.6125 1.8999997547037522 0.0 1.899999754703638 2.7037897441254592e-14 -0.10000024529624786
15.6175 1.8999998030830132 0.0 1.8999998030828982 2.7975460117375117e-14 -0.1000001969169869
15.6225 1.8999998487377763 0.0 1.899999848737661 2.916582456086338e-14 -0.10000015126222364
15.627500000000001 1.899999891782556 0.0 1.899999891782441 3.109594486653731e-14 -0.100000108217444
15.6325 1.899999932327828 0.0 1.8999999323277126 2.9046146689252814e-14 -0.10000006767217187
15.6375 1.8999999704801533 0.0 1.8999999704800374 2.7143479923919588e-14 -0.10000002951984657
15.6425 1.9000000063422964 0.0 1.9000000063421805 2.5433268190100714e-14 -0.09999999365770351
15.6475 1.900000040013342 0.0 1.9000000400132264 2.2499199712196384e-14 -0.09999995998665799
15.6525 1.9000000715888081 0.0 1.9000000715886922 2.1317548558569357e-14 -0.09999992841119187
15.6575 1.9000001011607566 0.0 1.9000001011606404 1.9367471336601664e-14 -0.0999998988392434
15.662500000000001 1.9000001288179003 0.0 1.9000001288177837 1.943298070969303e-14 -0.09999987118209983
15.6675 1.9000001546457073 0.0 1.9000001546455914 1.973806382875633e-14 -0.09999984535429282
15.6725 1.9000001787265033 0.0 1.9000001787263874 1.9908692823411034e-14 -0.09999982127349683
15.6775 1.90000020113957 0.0 1.9000002011394543 2.002595267019471e-14 -0.09999979886042994
15.682500000000001 1.9000002219612424 0.0 1.9000002219611263 1.9079009420101767e-14 -0.09999977803875762
15.6875 1.9000002412650012 0.0 1.9000002412648849 1.5136318730389228e-14 -0.09999975873499889
15.692499999999999 1.900000259121565 0.0 1.900000259121449 1.1767587853198172e-14 -0.09999974087843509
15.697500000000002 1.9000002755989787 0.0 1.9000002755988636 9.576848937997661e-15 -0.09999972440102123
15.7025 1.9000002907627005 0.0 1.9000002907625855 9.219046841475924e-15 -0.0999997092372996
15.7075 1.9000003046756841 0.0 1.9000003046755694 1.0130984534822693e-14 -0.09999969532431593
15.7125 1.9000003173984623 0.0 1.9000003173983484 1.1108854405581248e-14 -0.09999968260153774
15.717500000000001 1.9000003289892249 0.0 1.9000003289891116 1.3930725269545487e-14 -0.09999967101077503
15.7225 1.9000003395038967 0.0 1.9000003395037837 1.8045794105436466e-14 -0.09999966049610322
15.7275 1.9000003489962118 0.0 1.9000003489961 2.2102003696782177e-14 -0.09999965100378817
15.732500000000002 1.9000003575177866 0.0 1.9000003575176754 2.5216913955260144e-14 -0.09999964248221338
15.7375 1.9000003651181907 0.0 1.9000003651180786 3.03706328521313e-14 -0.09999963488180925
15.7425 1.9000003718450156 0.0 1.9000003718449014 3.471690444996318e-14 -0.09999962815498438
15.7475 1.9000003777439414 0.0 1.9000003777438261 3.747668096273577e-14 -0.09999962225605873
15.752500000000001 1.900000382858801 0.0 1.9000003828586847 3.924007781368358e-14 -0.09999961714119891
15.7575 1.9000003872316449 0.0 1.9000003872315279 4.264917902549178e-14 -0.09999961276835516
15.7625 1.9000003909027998 0.0 1.9000003909026821 4.548076835814789e-14 -0.09999960909720024
15.7675 1.9000003939109298 0.0 1.9000003939108132 4.664773942775236e-14 -0.09999960608907016
15.7725 1.9000003962930936 0.0 1.9000003962929763 4.6395071271925347e-14 -0.09999960370690651
15.7775 1.9000003980847993 0.0 1.9000003980846818 4.4269196676242886e-14 -0.0999996019152007
15.7825 1.9000003993200603 0.0 1.9000003993199437 4.398331065706347e-14 -0.09999960067993967
15.787500000000001 1.9000004000314468 0.0 1.90000040003133 4.3347241100304545e-14 -0.0999995999685533
15.7925 1.9000004002501365 0.0 1.9000004002500204 4.2099491665110416e-14 -0.09999959974986343
15.7975 1.9000004000059656 0.0 1.9000004000058497 4.244447174616974e-14 -0.0999995999940344
15.8025 1.900000399327475 0.0 1.900000399327359 4.1520296329258564e-14 -0.09999960067252502
15.807500000000001 1.900000398241958 0.0 1.900000398241842 3.993283795539241e-14 -0.09999960175804208
15.8125 1.9000003967755046 0.0 1.9000003967753891 3.856123250228251e-14 -0.09999960322449535
15.817499999999999 1.9000003949530462 0.0 1.9000003949529312 3.7999939682641656e-14 -0.09999960504695372
15.822500000000002 1.900000392798397 0.0 1.9000003927982831 4.0379682357244e-14 -0.09999960720160303
15.8275 1.900000390334295 0.0 1.9000003903341813 4.075151208588504e-14 -0.09999960966570494
15.8325 1.9000003875824427 0.0 1.9000003875823293 4.1581244397687017e-14 -0.0999996124175572
15.8375 1.900000384563545 0.0 1.9000003845634317 4.188790678168705e-14 -0.09999961543645518
15.842500000000001 1.9000003812973454 0.0 1.900000381297232 4.0240494966977664e-14 -0.09999961870265461
15.8475 1.9000003778026646 0.0 1.900000377802551 3.823882103880999e-14 -0.09999962219733542
15.8525 1.9000003740974332 0.0 1.9000003740973197 3.6016744099784404e-14 -0.09999962590256689
15.857500000000002 1.9000003701987263 0.0 1.900000370198613 3.4547664619263377e-14 -0.09999962980127372
15.8625 1.9000003661227967 0.0 1.9000003661226834 3.4437208060467035e-14 -0.0999996338772034
15.8675 1.9000003618851056 0.0 1.9000003618849926 3.199465227793919e-14 -0.09999963811489448
15.8725 1.9000003575003541 0.0 1.9000003575002413 3.083898665763945e-14 -0.09999964249964599
15.877500000000001 1.9000003529825122 0.0 1.9000003529823997 3.2826554759444786e-14 -0.09999964701748772
15.8825 1.9000003483448484 0.0 1.9000003483447356 3.317124330556537e-14 -0.09999965165515162
15.8875 1.900000343599956 0.0 1.9000003435998432 3.2334192987109295e-14 -0.09999965640004412
15.8925 1.9000003387597808 0.0 1.9000003387596685 3.036793733687569e-14 -0.09999966124021922
15.8975 1.9000003338356473 0.0 1.9000003338355351 2.8190125000560414e-14 -0.09999966616435278
15.9025 1.9000003288382827 0.0 1.9000003288381702 2.4834644654259068e-14 -0.09999967116171733
15.9075 1.900000323777842 0.0 1.9000003237777299 2.4127329250584413e-14 -0.09999967622215795
15.912500000000001 1.900000318663931 0.0 1.9000003186638188 2.6304350374781068e-14 -0.09999968133606899
15.9175 1.9000003135056287 0.0 1.9000003135055168 2.623834779097977e-14 -0.09999968649437135
15.9225 1.9000003083115091 0.0 1.9000003083113972 2.429905193708902e-14 -0.09999969168849089
15.9275 1.9000003030896628 0.0 1.9000003030895511 2.085292592554232e-14 -0.09999969691033726
15.932500000000001 1.9000002978477164 0.0 1.9000002978476056 1.984788392364363e-14 -0.09999970215228363
15.9375 1.900000292592853 0.0 1.9000002925927417 2.1639568454842656e-14 -0.09999970740714714
15.942499999999999 1.90000028733183 0.0 1.9000002873317199 2.4834698089822795e-14 -0.09999971266816995
15.947500000000002 1.900000282070999 0.0 1.9000002820708906 2.7870846931970653e-14 -0.09999971792900103
15.9525 1.9000002768163213 0.0 1.9000002768162143 2.7659645828654937e-14 -0.09999972318367857
15.9575 1.900000271573387 0.0 1.9000002715732798 2.6086995280729306e-14 -0.099999728426613
15.9625 1.9000002663474294 0.0 1.9000002663473219 2.353375057047415e-14 -0.09999973365257066
15.967500000000001 1.900000261143342 0.0 1.9000002611432345 2.0178439590373965e-14 -0.09999973885665799
15.9725 1.9000002559656937 0.0 1.9000002559655855 1.984883276928001e-14 -0.09999974403430643
15.9775 1.9000002508187424 0.0 1.9000002508186329 1.9144162817196003e-14 -0.0999997491812577
15.982500000000002 1.9000002457064502 0.0 1.9000002457063399 1.515784773972946e-14 -0.09999975429354975
15.9875 1.900000240632497 0.0 1.9000002406323866 1.2928522043291411e-14 -0.09999975936750313
15.9925 1.900000235600292 0.0 1.900000235600182 1.1849844888904735e-14 -0.09999976439970802
15.9975 1.9000002306129884 0.0 1.9000002306128787 1.0956052388206852e-14 -0.09999976938701154
16.002499999999998 1.9000002256734942 0.0 1.9000002256733852 1.0116320292673778e-14 -0.09999977432650566
16.0075 1.9000002207844844 0.0 1.9000002207843754 9.878692442463448e-15 -0.09999977921551564
16.012500000000003 1.9000002159484113 0.0 1.9000002159483023 9.641384783941486e-15 -0.0999997840515887
16.0175 1.9000002111675167 0.0 1.900000211167408 9.810489181859075e-15 -0.09999978883248332
16.0225 1.900000206443841 0.0 1.900000206443732 1.0851988233184334e-14 -0.09999979355615884
16.0275 1.9000002017792346 0.0 1.900000201779125 1.2896027307648015e-14 -0.09999979822076555
16.0325 1.900000197175365 0.0 1.9000001971752554 1.4228340725664452e-14 -0.09999980282463501
16.0375 1.9000001926337289 0.0 1.9000001926336187 1.3326790890422866e-14 -0.09999980736627101
16.0425 1.9000001881556594 0.0 1.9000001881555484 1.3945601329811533e-14 -0.0999998118443406
16.0475 1.9000001837423344 0.0 1.9000001837422231 1.2696838471896382e-14 -0.09999981625766573
16.052500000000002 1.9000001793947852 0.0 1.9000001793946741 9.94936567163924e-15 -0.09999982060521495
16.057499999999997 1.9000001751139042 0.0 1.9000001751137932 7.941434380704766e-15 -0.09999982488609581
16.0625 1.9000001709004528 0.0 1.9000001709003418 6.804482253348354e-15 -0.09999982909954717
16.067500000000003 1.9000001667550679 0.0 1.9000001667549558 1.017786950989469e-14 -0.09999983324493215
16.072499999999998 1.9000001626782688 0.0 1.900000162678156 1.5282527473578986e-14 -0.09999983732173119
16.0775 1.9000001586704647 0.0 1.9000001586703514 1.8169854657790752e-14 -0.0999998413295354
16.082500000000003 1.9000001547319596 0.0 1.9000001547318468 1.9036674250754215e-14 -0.09999984526804036
16.0875 1.90000015086296 0.0 1.9000001508628481 1.9890639297884593e-14 -0.09999984913703991
16.0925 1.9000001470635794 0.0 1.9000001470634684 2.0525572325104152e-14 -0.09999985293642046
16.0975 1.9000001433338447 0.0 1.9000001433337341 2.1768072982971492e-14 -0.09999985666615535
16.1025 1.9000001396737003 0.0 1.90000013967359 2.1328598634036583e-14 -0.09999986032629965
16.1075 1.900000136083015 0.0 1.9000001360829044 1.754239419547992e-14 -0.09999986391698495
16.1125 1.9000001325615854 0.0 1.9000001325614748 1.7086252463896962e-14 -0.09999986743841459
16.1175 1.900000129109141 0.0 1.9000001291090314 1.9770238628085548e-14 -0.09999987089085895
16.122500000000002 1.900000125725349 0.0 1.9000001257252401 2.2674453296935587e-14 -0.09999987427465104
16.127499999999998 1.9000001224098177 0.0 1.900000122409709 2.631668859321497e-14 -0.09999987759018232
16.1325 1.9000001191621014 0.0 1.9000001191619929 2.7276829879297833e-14 -0.09999988083789853
16.137500000000003 1.9000001159817042 0.0 1.9000001159815956 2.7169612469676947e-14 -0.09999988401829593
16.1425 1.9000001128680823 0.0 1.9000001128679749 2.601351256856162e-14 -0.09999988713191758
16.1475 1.9000001098206503 0.0 1.9000001098205432 2.4043857079965427e-14 -0.09999989017934983
16.1525 1.900000106838781 0.0 1.9000001068386738 2.567364051757214e-14 -0.09999989316121899
16.1575 1.900000103921812 0.0 1.9000001039217036 3.259028980746273e-14 -0.09999989607818809
16.1625 1.9000001010690462 0.0 1.900000101068937 3.7388806980587925e-14 -0.09999989893095391
16.1675 1.9000000982797558 0.0 1.9000000982796463 3.8227025047174e-14 -0.09999990172024409
16.1725 1.9000000955531857 0.0 1.900000095553076 3.538319301788624e-14 -0.09999990444681432
16.177500000000002 1.900000092888554 0.0 1.9000000928884448 3.297261316735271e-14 -0.09999990711144582
16.182499999999997 1.9000000902850571 0.0 1.9000000902849479 3.1416349364497953e-14 -0.0999999097149428
16.1875 1.90000008774187 0.0 1.9000000877417604 2.926427453606387e-14 -0.09999991225813008
16.192500000000003 1.9000000852581491 0.0 1.9000000852580392 2.9399934908325684e-14 -0.09999991474185098
16.197499999999998 1.900000082833035 0.0 1.9000000828329244 2.6792063422980505e-14 -0.09999991716696507
16.2025 1.9000000804656538 0.0 1.9000000804655426 2.3805307108200333e-14 -0.09999991953434625
16.207500000000003 1.9000000781551192 0.0 1.9000000781550073 2.033435693220681e-14 -0.09999992184488081
16.2125 1.9000000759005344 0.0 1.9000000759004225 1.9542673826074172e-14 -0.09999992409946565
16.2175 1.9000000737009934 0.0 1.9000000737008822 2.1868745405310947e-14 -0.09999992629900656
16.2225 1.9000000715555834 0.0 1.9000000715554728 2.2559028563415552e-14 -0.09999992844441669
16.2275 1.9000000694633852 0.0 1.900000069463275 2.391880284024326e-14 -0.0999999305366149
16.2325 1.9000000674234754 0.0 1.9000000674233648 2.250559481759646e-14 -0.09999993257652452
16.2375 1.9000000654349283 0.0 1.900000065434817 2.064600392678795e-14 -0.09999993456507182
16.2425 1.900000063496815 0.0 1.9000000634967045 2.0898160328564998e-14 -0.09999993650318487
16.247500000000002 1.9000000616082078 0.0 1.9000000616080972 2.006692740423223e-14 -0.09999993839179228
16.252499999999998 1.9000000597681779 0.0 1.900000059768067 1.9212483233839068e-14 -0.09999994023182214
16.2575 1.900000057975799 0.0 1.9000000579756886 2.0603360808624152e-14 -0.09999994202420094
16.262500000000003 1.9000000562301473 0.0 1.900000056230037 1.9510160088228056e-14 -0.0999999437698526
16.2675 1.9000000545303024 0.0 1.9000000545301927 1.6892271771597103e-14 -0.09999994546969755
16.2725 1.900000052875348 0.0 1.9000000528752392 1.6978297155292568e-14 -0.09999994712465188
16.2775 1.9000000512643735 0.0 1.9000000512642647 1.7065374834646616e-14 -0.09999994873562652
16.2825 1.9000000496964735 0.0 1.900000049696364 1.8286958138397147e-14 -0.09999995030352653
16.2875 1.9000000481707495 0.0 1.9000000481706385 2.0658059355943598e-14 -0.09999995182925041
16.2925 1.9000000466863105 0.0 1.9000000466861986 2.4222318296382466e-14 -0.09999995331368942
16.2975 1.900000045242273 0.0 1.9000000452421613 2.3297476708300794e-14 -0.09999995475772704
16.302500000000002 1.9000000438377616 0.0 1.9000000438376508 2.0707711836428072e-14 -0.09999995616223836
16.307499999999997 1.9000000424719103 0.0 1.9000000424717993 1.9876669454601566e-14 -0.09999995752808968
16.3125 1.900000041143862 0.0 1.900000041143751 1.7920944318179345e-14 -0.09999995885613794
16.317500000000003 1.9000000398527697 0.0 1.9000000398526584 1.491503995171145e-14 -0.09999996014723035
16.322499999999998 1.900000038597796 0.0 1.900000038597685 1.3677947182998107e-14 -0.09999996140220402
16.3275 1.9000000373781145 0.0 1.9000000373780037 1.4579784222163e-14 -0.09999996262188558
16.332500000000003 1.900000036192909 0.0 1.900000036192799 1.6897349258086593e-14 -0.09999996380709092
16.3375 1.9000000350413753 0.0 1.9000000350412654 1.8539804809823498e-14 -0.0999999649586248
16.3425 1.9000000339227192 0.0 1.90000003392261 1.8919758375462635e-14 -0.09999996607728072
16.3475 1.9000000328361595 0.0 1.9000000328360493 2.1012143419300993e-14 -0.09999996716384062
16.3525 1.9000000317809254 0.0 1.9000000317808154 1.9522859156872837e-14 -0.09999996821907473
16.3575 1.9000000307562586 0.0 1.9000000307561489 1.6712795245991147e-14 -0.09999996924374137
16.3625 1.9000000297614132 0.0 1.9000000297613033 1.682236234722788e-14 -0.0999999702385868
16.3675 1.9000000287956549 0.0 1.900000028795545 1.7100048250221146e-14 -0.09999997120434514
16.372500000000002 1.9000000278582618 0.0 1.9000000278581508 1.8294594413485328e-14 -0.09999997214173824
16.377499999999998 1.9000000269485244 0.0 1.9000000269484123 2.274083029502505e-14 -0.09999997305147558
16.3825 1.9000000260657457 0.0 1.9000000260656322 3.0061628611194495e-14 -0.09999997393425428
16.387500000000003 1.900000025209241 0.0 1.9000000252091263 3.659643061991891e-14 -0.09999997479075896
16.3925 1.9000000243783381 0.0 1.9000000243782227 3.683148547613574e-14 -0.09999997562166182
16.3975 1.9000000235723775 0.0 1.9000000235722623 3.407074080065481e-14 -0.09999997642762257
16.4025 1.9000000227907117 0.0 1.9000000227905964 3.196751858319782e-14 -0.09999997720928841
16.4075 1.9000000220327058 0.0 1.9000000220325908 2.8055749247621274e-14 -0.09999997796729414
16.4125 1.900000021297738 0.0 1.9000000212976231 2.407352873845265e-14 -0.09999997870226213
16.4175 1.9000000205851977 0.0 1.9000000205850829 2.2903213549141785e-14 -0.09999997941480239
16.4225 1.9000000198944873 0.0 1.9000000198943727 2.355404421165917e-14 -0.09999998010551261
16.427500000000002 1.9000000192250217 0.0 1.9000000192249076 2.406048590191912e-14 -0.09999998077497825
16.432499999999997 1.9000000185762274 0.0 1.9000000185761132 2.4168884571697752e-14 -0.09999998142377262
16.4375 1.9000000179475431 0.0 1.900000017947429 2.6072137974221878e-14 -0.09999998205245694
16.442500000000003 1.9000000173384195 0.0 1.9000000173383054 2.863286872178055e-14 -0.09999998266158049
16.447499999999998 1.9000000167483193 0.0 1.9000000167482054 3.055671210828739e-14 -0.09999998325168066
16.4525 1.9000000161767168 0.0 1.9000000161766037 3.3578694915767486e-14 -0.09999998382328312
16.457500000000003 1.900000015623098 0.0 1.9000000156229848 3.3803183976814014e-14 -0.09999998437690188
16.4625 1.9000000150869605 0.0 1.900000015086847 3.2540304484326014e-14 -0.09999998491303948
16.4675 1.9000000145678129 0.0 1.900000014567699 3.2450958226579464e-14 -0.09999998543218704
16.4725 1.9000000140651756 0.0 1.900000014065061 3.1117746646162985e-14 -0.0999999859348245
16.4775 1.9000000135785793 0.0 1.900000013578465 3.0428528083218524e-14 -0.09999998642142066
16.4825 1.9000000131075665 0.0 1.9000000131074517 3.044958961056283e-14 -0.09999998689243343
16.4875 1.90000001265169 0.0 1.9000000126515757 2.7406344837453635e-14 -0.09999998734830988
16.4925 1.9000000122105136 0.0 1.9000000122103993 2.3903760751642557e-14 -0.09999998778948646
16.497500000000002 1.9000000117836109 0.0 1.9000000117834968 2.0314828652584104e-14 -0.09999998821638913
16.502499999999998 1.9000000113705664 0.0 1.9000000113704525 1.6032323252149828e-14 -0.09999998862943353
16.5075 1.900000010970975 0.0 1.9000000109708608 1.4215765600483802e-14 -0.09999998902902513
16.512500000000003 1.9000000105844406 0.0 1.9000000105843262 1.2042402299859718e-14 -0.09999998941555939
16.5175 1.900000010210578 0.0 1.9000000102104637 1.0624739913795746e-14 -0.09999998978942198
16.5225 1.900000009849011 0.0 1.900000009848897 1.3307472765094012e-14 -0.09999999015098884
16.5275 1.9000000094993736 0.0 1.90000000949926 1.5184802654027144e-14 -0.09999999050062645
16.5325 1.900000009161308 0.0 1.9000000091611944 1.4336975049413888e-14 -0.09999999083869195
16.5375 1.9000000088344666 0.0 1.9000000088343523 1.1806816766287956e-14 -0.09999999116553329
16.5425 1.9000000085185105 0.0 1.900000008518396 8.626478556164489e-15 -0.09999999148148946
16.5475 1.9000000082131094 0.0 1.900000008212995 9.520747051402295e-15 -0.09999999178689059
16.552500000000002 1.9000000079179418 0.0 1.9000000079178276 1.3063209591115163e-14 -0.0999999920820582
16.557499999999997 1.9000000076326948 0.0 1.9000000076325803 1.3073614038450711e-14 -0.09999999236730527
16.5625 1.9000000073570635 0.0 1.9000000073569487 1.2927914109068713e-14 -0.09999999264293646
16.567500000000003 1.9000000070907517 0.0 1.9000000070906369 1.4555173396633654e-14 -0.09999999290924834
16.572499999999998 1.9000000068334706 0.0 1.900000006833356 1.4967683436458345e-14 -0.09999999316652941
16.5775 1.9000000065849396 0.0 1.900000006584825 1.4777554491264454e-14 -0.09999999341506041
16.582500000000003 1.9000000063448856 0.0 1.9000000063447706 1.5717553726418207e-14 -0.09999999365511439
16.5875 1.900000006113043 0.0 1.9000000061129274 1.6028081753906227e-14 -0.0999999938869569
16.5925 1.9000000058891537 0.0 1.9000000058890378 1.612218071962087e-14 -0.0999999941108462
16.5975 1.9000000056729667 0.0 1.9000000056728512 1.731738359120985e-14 -0.09999999432703333
16.6025 1.9000000054642376 0.0 1.9000000054641235 2.1845731022109614e-14 -0.09999999453576233
16.6075 1.9000000052627295 0.0 1.9000000052626163 2.6257148593584102e-14 -0.0999999947372704
16.6125 1.900000005068212 0.0 1.9000000050680992 2.800943370261456e-14 -0.09999999493178803
16.6175 1.9000000048804608 0.0 1.900000004880348 3.059890318973761e-14 -0.09999999511953916
16.622500000000002 1.9000000046992587 0.0 1.9000000046991457 3.095868780420179e-14 -0.09999999530074133
16.627499999999998 1.900000004524394 0.0 1.9000000045242809 2.8531272146595806e-14 -0.09999999547560585
16.6325 1.9000000043556622 0.0 1.9000000043555487 2.7686143595890912e-14 -0.09999999564433791
16.637500000000003 1.9000000041928633 0.0 1.9000000041927507 2.9893587946708063e-14 -0.09999999580713674
16.6425 1.9000000040358043 0.0 1.9000000040356917 3.019430380376954e-14 -0.09999999596419581
16.6475 1.9000000038842972 0.0 1.9000000038841849 2.9861473238179124e-14 -0.09999999611570287
16.6525 1.90000000373816 0.0 1.9000000037380473 2.8541444778391335e-14 -0.09999999626184015
16.6575 1.9000000035972155 0.0 1.9000000035971039 2.5704366910221807e-14 -0.09999999640278451
16.6625 1.9000000034612925 0.0 1.9000000034611806 2.4638804267843155e-14 -0.09999999653870753
16.6675 1.9000000033302242 0.0 1.9000000033301125 2.5488607905183045e-14 -0.09999999666977567
16.6725 1.9000000032038495 0.0 1.9000000032037376 2.30177731485363e-14 -0.09999999679615042
16.677500000000002 1.9000000030820117 0.0 1.9000000030818993 2.143001815301625e-14 -0.09999999691798835
16.682499999999997 1.9000000029645587 0.0 1.9000000029644464 2.673826734680263e-14 -0.09999999703544131
16.6875 1.9000000028513435 0.0 1.900000002851232 3.243351874854695e-14 -0.09999999714865657
16.692500000000003 1.9000000027422232 0.0 1.9000000027421124 3.652008229124476e-14 -0.09999999725777683
16.697499999999998 1.9000000026370596 0.0 1.9000000026369492 3.8166874002010646e-14 -0.09999999736294049
16.7025 1.9000000025357184 0.0 1.9000000025356076 3.9066396283496493e-14 -0.09999999746428163
16.707500000000003 1.9000000024380699 0.0 1.9000000024379586 3.893797903925131e-14 -0.09999999756193019
16.7125 1.9000000023439878 0.0 1.900000002343877 3.8205024640838876e-14 -0.0999999976560121
16.7175 1.9000000022533508 0.0 1.9000000022532397 3.656946651819644e-14 -0.0999999977466493
16.7225 1.90000000216604 0.0 1.9000000021659291 3.448307634393021e-14 -0.09999999783396
16.7275 1.9000000020819414 0.0 1.9000000020818306 3.5317819909490715e-14 -0.09999999791805861
16.7325 1.900000002000944 0.0 1.9000000020008327 3.571596698288382e-14 -0.09999999799905598
16.7375 1.9000000019229406 0.0 1.9000000019228291 3.28511179728945e-14 -0.09999999807705941
16.7425 1.9000000018478271 0.0 1.900000001847716 3.267057002284238e-14 -0.09999999815217282
16.747500000000002 1.9000000017755032 0.0 1.9000000017753917 3.2636676746507007e-14 -0.09999999822449679
16.752499999999998 1.9000000017058714 0.0 1.9000000017057599 3.1644416940999924e-14 -0.09999999829412866
16.7575 1.9000000016388374 0.0 1.9000000016387257 2.996576006200726e-14 -0.09999999836116268
16.762500000000003 1.90000000157431 0.0 1.9000000015741985 2.9188105497632884e-14 -0.09999999842569002
16.7675 1.9000000015122012 0.0 1.900000001512089 2.93359240604462e-14 -0.0999999984877989
16.7725 1.9000000014524252 0.0 1.9000000014523135 2.8200214325592836e-14 -0.09999999854757469
16.7775 1.9000000013949 0.0 1.9000000013947882 2.72898018726247e-14 -0.09999999860509995
16.7825 1.9000000013395455 0.0 1.9000000013394334 2.4183159815390414e-14 -0.09999999866045453
16.7875 1.9000000012862843 0.0 1.9000000012861724 2.4624402638684643e-14 -0.09999999871371569
16.7925 1.900000001235042 0.0 1.9000000012349294 2.5083368247478425e-14 -0.0999999987649581
16.7975 1.900000001185746 0.0 1.9000000011856333 2.328046730881678e-14 -0.09999999881425399
16.802500000000002 1.900000001138327 0.0 1.9000000011382139 2.2424182008920545e-14 -0.09999999886167317
16.807499999999997 1.900000001092717 0.0 1.900000001092604 2.2609960918865714e-14 -0.09999999890728312
16.8125 1.900000001048851 0.0 1.9000000010487375 2.367149190563642e-14 -0.09999999895114907
16.817500000000003 1.900000001006666 0.0 1.900000001006552 2.2899069852139912e-14 -0.09999999899333406
16.822499999999998 1.9000000009661009 0.0 1.9000000009659872 2.2874562410025633e-14 -0.09999999903389903
16.8275 1.9000000009270972 0.0 1.900000000926983 2.1806243610582167e-14 -0.09999999907290283
16.832500000000003 1.9000000008895976 0.0 1.9000000008894837 1.9933926852590122e-14 -0.09999999911040232
16.8375 1.9000000008535476 0.0 1.9000000008534337 1.976870884481156e-14 -0.09999999914645244
16.8425 1.9000000008188938 0.0 1.9000000008187796 1.7671257126139228e-14 -0.09999999918110625
16.8475 1.900000000785585 0.0 1.900000000785471 1.7244900141617918e-14 -0.099999999214415
16.8525 1.9000000007535718 0.0 1.9000000007534577 1.6288220164162416e-14 -0.09999999924642818
16.8575 1.9000000007228064 0.0 1.9000000007226918 1.5151766420704602e-14 -0.09999999927719357
16.8625 1.9000000006932427 0.0 1.9000000006931284 1.407064122212937e-14 -0.0999999993067573
16.8675 1.900000000664836 0.0 1.9000000006647222 1.223939514069408e-14 -0.09999999933516392
16.872500000000002 1.9000000006375437 0.0 1.9000000006374294 1.2142210959659405e-14 -0.0999999993624564
16.877499999999998 1.9000000006113238 0.0 1.900000000611209 9.97250727593826e-15 -0.09999999938867626
16.8825 1.9000000005861364 0.0 1.9000000005860225 8.798938179504882e-15 -0.09999999941386353
16.887500000000003 1.900000000561943 0.0 1.9000000005618296 6.171021366213378e-15 -0.09999999943805683
16.8925 1.9000000005387065 0.0 1.9000000005385944 4.633711746339931e-15 -0.09999999946129348
16.8975 1.9000000005163906 0.0 1.9000000005162783 5.249486204327152e-15 -0.09999999948360944
16.9025 1.9000000004949607 0.0 1.9000000004948485 2.3242638005664658e-15 -0.09999999950503938
16.9075 1.900000000474383 0.0 1.9000000004742712 5.739093802190285e-16 -0.09999999952561678
16.9125 1.900000000454626 0.0 1.9000000004545137 3.335566518983747e-17 -0.09999999954537393
16.9175 1.900000000435658 0.0 1.9000000004355457 -1.6652183968152316e-15 -0.09999999956434195
16.9225 1.900000000417449 0.0 1.9000000004173367 -3.188216217990363e-15 -0.09999999958255085
16.927500000000002 1.9000000003999704 0.0 1.9000000003998578 -4.776691270269685e-15 -0.09999999960002957
16.932499999999997 1.900000000383194 0.0 1.9000000003830808 -5.434751374984897e-15 -0.09999999961680603
16.9375 1.900000000367093 0.0 1.9000000003669797 -4.721051632715003e-15 -0.0999999996329071
16.942500000000003 1.9000000003516413 0.0 1.9000000003515276 -2.4831467706566888e-15 -0.0999999996483587
16.947499999999998 1.9000000003368143 0.0 1.9000000003367004 -1.5217729114267927e-15 -0.09999999966318582
16.9525 1.9000000003225874 0.0 1.9000000003224733 -6.872098487479488e-16 -0.09999999967741255
16.957500000000003 1.900000000308938 0.0 1.9000000003088235 -1.289305447529033e-15 -0.09999999969106206
16.9625 1.9000000002958433 0.0 1.9000000002957291 -3.927411601423496e-15 -0.09999999970415671
16.9675 1.900000000283282 0.0 1.9000000002831674 -3.665147691101131e-15 -0.09999999971671805
16.9725 1.9000000002712332 0.0 1.900000000271119 -3.623184496534513e-15 -0.0999999997287668
16.9775 1.900000000259677 0.0 1.9000000002595636 -1.0913544946736457e-15 -0.09999999974032296
16.9825 1.9000000002485942 0.0 1.900000000248481 2.5222072947683748e-15 -0.09999999975140576
16.9875 1.9000000002379662 0.0 1.900000000237853 3.3215811766585643e-15 -0.09999999976203372
16.9925 1.9000000002277753 0.0 1.9000000002276611 2.7651696682207865e-15 -0.09999999977222469
16.997500000000002 1.9000000002180042 0.0 1.9000000002178894 4.6594036060550495e-15 -0.09999999978199586
17.002499999999998 1.9000000002086361 0.0 1.900000000208521 1.1174005106416459e-14 -0.09999999979136377
17.0075 1.9000000001996558 0.0 1.9000000001995396 1.2471598164106569e-14 -0.09999999980034431
17.012500000000003 1.900000000191047 0.0 1.900000000190931 1.168587675401436e-14 -0.09999999980895284
17.0175 1.900000000182796 0.0 1.90000000018268 1.6092520094330187e-14 -0.0999999998172041
17.0225 1.9000000001748878 0.0 1.9000000001747728 2.1338586860015956e-14 -0.09999999982511226
17.0275 1.900000000167309 0.0 1.9000000001671948 2.547147961228032e-14 -0.09999999983269102
17.0325 1.9000000001600466 0.0 1.9000000001599324 2.3992742836151238e-14 -0.09999999983995349
17.0375 1.9000000001530877 0.0 1.9000000001529742 2.1182278527832042e-14 -0.09999999984691231
17.0425 1.9000000001464203 0.0 1.9000000001463064 2.265053281832014e-14 -0.09999999985357967
17.0475 1.9000000001400328 0.0 1.9000000001399193 2.354751887654085e-14 -0.09999999985996726
17.052500000000002 1.9000000001339137 0.0 1.9000000001338009 2.3905980291168396e-14 -0.0999999998660863
17.057499999999997 1.9000000001280524 0.0 1.9000000001279393 2.323579114248427e-14 -0.09999999987194767
17.0625 1.9000000001224382 0.0 1.900000000122326 2.050510710260194e-14 -0.09999999987756174
17.067500000000003 1.9000000001170614 0.0 1.900000000116949 1.878148520909276e-14 -0.09999999988293853
17.072499999999998 1.9000000001119124 0.0 1.9000000001117991 1.9035908243302637e-14 -0.09999999988808765
17.0775 1.9000000001069817 0.0 1.9000000001068682 1.8965294197662487e-14 -0.09999999989301835
17.082500000000003 1.9000000001022606 0.0 1.9000000001021466 1.8991966649035296e-14 -0.09999999989773954
17.0875 1.9000000000977402 0.0 1.900000000097626 1.6944201630817175e-14 -0.09999999990225975
17.0925 1.9000000000934127 0.0 1.9000000000932986 1.5686645240002422e-14 -0.09999999990658719
17.0975 1.9000000000892703 0.0 1.900000000089156 1.8476597907738736e-14 -0.09999999991072976
17.1025 1.900000000085305 0.0 1.900000000085191 1.9841485350922686e-14 -0.09999999991469505
17.1075 1.9000000000815096 0.0 1.9000000000813955 1.952735581257515e-14 -0.09999999991849035
17.1125 1.9000000000778774 0.0 1.9000000000777624 2.0587497146250132e-14 -0.09999999992212263
17.1175 1.9000000000744013 0.0 1.9000000000742863 2.2554560420413627e-14 -0.09999999992559867
17.122500000000002 1.900000000071075 0.0 1.9000000000709598 2.28778176848409e-14 -0.0999999999289249
17.127499999999998 1.9000000000678925 0.0 1.9000000000677768 2.121684791718804e-14 -0.09999999993210754
17.1325 1.9000000000648474 0.0 1.9000000000647315 1.8847083223014475e-14 -0.09999999993515253
17.137500000000003 1.9000000000619344 0.0 1.9000000000618178 1.7207778375105322e-14 -0.0999999999380656
17.1425 1.9000000000591477 0.0 1.9000000000590318 1.5973039782308206e-14 -0.09999999994085226
17.1475 1.9000000000564823 0.0 1.9000000000563668 1.6355769795886365e-14 -0.09999999994351778
17.152500000000003 1.9000000000539328 0.0 1.9000000000538173 1.669005744612721e-14 -0.09999999994606724
17.1575 1.9000000000514945 0.0 1.9000000000513795 1.4630795699539837e-14 -0.09999999994850549
17.1625 1.9000000000491628 0.0 1.9000000000490478 1.315037241111832e-14 -0.09999999995083719
17.1675 1.9000000000469333 0.0 1.9000000000468185 1.1381294878929407e-14 -0.09999999995306683
17.1725 1.9000000000448012 0.0 1.9000000000446864 1.225071048017103e-14 -0.09999999995519872
17.177500000000002 1.900000000042763 0.0 1.9000000000426478 1.4006724587357118e-14 -0.09999999995723698
17.182499999999997 1.9000000000408144 0.0 1.9000000000406994 1.1752295935399414e-14 -0.09999999995918557
17.1875 1.9000000000389516 0.0 1.9000000000388368 9.59534482206269e-15 -0.09999999996104829
17.192500000000003 1.9000000000371713 0.0 1.900000000037056 6.84303540706091e-15 -0.09999999996282878
17.197499999999998 1.9000000000354695 0.0 1.9000000000353543 5.91374646503205e-15 -0.09999999996453056
17.2025 1.900000000033843 0.0 1.900000000033728 5.21749994389876e-15 -0.09999999996615695
17.207500000000003 1.9000000000322887 0.0 1.9000000000321742 2.675854604950247e-15 -0.0999999999677112
17.2125 1.9000000000308037 0.0 1.9000000000306887 2.806999351586233e-15 -0.09999999996919637
17.2175 1.9000000000293846 0.0 1.9000000000292692 5.395733770517555e-15 -0.09999999997061544
17.2225 1.9000000000280288 0.0 1.9000000000279114 1.1091540684139747e-14 -0.09999999997197123
17.2275 1.9000000000267336 0.0 1.9000000000266157 1.621072044808596e-14 -0.09999999997326647
17.2325 1.9000000000254962 0.0 1.9000000000253787 1.8459598565203677e-14 -0.09999999997450378
17.2375 1.9000000000243145 0.0 1.900000000024197 2.001223038576875e-14 -0.09999999997568564
17.2425 1.9000000000231856 0.0 1.9000000000230686 2.077219200329494e-14 -0.09999999997681445
17.247500000000002 1.9000000000221076 0.0 1.9000000000219903 2.1149920517006483e-14 -0.09999999997789252
17.252499999999998 1.900000000021078 0.0 1.900000000020961 1.9258647668023736e-14 -0.09999999997892205
17.2575 1.900000000020095 0.0 1.9000000000199777 1.7361286118953582e-14 -0.09999999997990514
17.262500000000003 1.9000000000191561 0.0 1.9000000000190387 1.4685588758846535e-14 -0.0999999999808438
17.2675 1.90000000001826 0.0 1.9000000000181427 1.4868892289947155e-14 -0.09999999998174
17.2725 1.9000000000174044 0.0 1.900000000017287 1.4620002399224024e-14 -0.09999999998259558
17.277500000000003 1.9000000000165878 0.0 1.90000000001647 1.2117340961446786e-14 -0.0999999999834123
17.2825 1.9000000000158082 0.0 1.900000000015691 1.4058851185884209e-14 -0.0999999999841919
17.2875 1.900000000015064 0.0 1.900000000014947 1.531253931358069e-14 -0.09999999998493599
17.2925 1.9000000000143538 0.0 1.9000000000142365 1.506487470519609e-14 -0.09999999998564613
17.2975 1.900000000013676 0.0 1.9000000000135593 1.1273873666563412e-14 -0.09999999998632382
17.302500000000002 1.9000000000130295 0.0 1.9000000000129127 7.934806837179333e-15 -0.0999999999869705
17.307499999999997 1.9000000000124124 0.0 1.900000000012295 7.7239420017595e-15 -0.09999999998758752
17.3125 1.9000000000118238 0.0 1.9000000000117065 5.907054818862362e-15 -0.09999999998817623
17.317500000000003 1.9000000000112622 0.0 1.9000000000111448 4.3242573226447014e-15 -0.09999999998873785
17.322499999999998 1.9000000000107264 0.0 1.9000000000106088 2.622943130491939e-15 -0.0999999999892736
17.3275 1.9000000000102153 0.0 1.9000000000100976 1.7873297557641485e-15 -0.09999999998978465
17.332500000000003 1.900000000009728 0.0 1.90000000000961 -8.761537938682215e-16 -0.09999999999027206
17.3375 1.9000000000092632 0.0 1.9000000000091455 -4.019105895938124e-15 -0.09999999999073693
17.3425 1.9000000000088197 0.0 1.9000000000087023 -4.6195062724791586e-15 -0.09999999999118026
17.3475 1.900000000008397 0.0 1.900000000008279 -7.333307815603263e-15 -0.09999999999160299
17.3525 1.900000000007994 0.0 1.9000000000078763 -1.0253708174856992e-14 -0.09999999999200605
17.3575 1.9000000000076096 0.0 1.9000000000074921 -1.1292917997973058e-14 -0.09999999999239036
17.3625 1.9000000000072432 0.0 1.9000000000071255 -1.0922369930551633e-14 -0.09999999999275673
17.3675 1.900000000006894 0.0 1.9000000000067758 -9.502871400275779e-15 -0.09999999999310599
17.372500000000002 1.900000000006561 0.0 1.9000000000064428 -1.200081966546831e-14 -0.09999999999343889
17.377499999999998 1.9000000000062438 0.0 1.9000000000061257 -1.4231159013072463e-14 -0.09999999999375621
17.3825 1.9000000000059414 0.0 1.9000000000058233 -1.3288344611218805e-14 -0.09999999999405862
17.387500000000003 1.9000000000056532 0.0 1.900000000005535 -1.1098531600810473e-14 -0.0999999999943468
17.3925 1.9000000000053785 0.0 1.9000000000052597 -9.544962883110779e-15 -0.09999999999462143
17.3975 1.900000000005117 0.0 1.9000000000049972 -1.2888354075069028e-14 -0.0999999999948831
17.402500000000003 1.9000000000048676 0.0 1.9000000000047468 -1.7549146677385722e-14 -0.0999999999951324
17.4075 1.90000000000463 0.0 1.9000000000045096 -1.8627490584842905e-14 -0.09999999999536992
17.4125 1.900000000004404 0.0 1.9000000000042832 -1.8160391886873393e-14 -0.09999999999559617
17.4175 1.9000000000041883 0.0 1.9000000000040673 -1.9245109466204855e-14 -0.09999999999581169
17.4225 1.900000000003983 0.0 1.9000000000038613 -1.876028088150421e-14 -0.09999999999601697
17.427500000000002 1.9000000000037875 0.0 1.900000000003666 -1.5874869961829488e-14 -0.09999999999621247
17.432499999999997 1.9000000000036013 0.0 1.9000000000034811 -1.111641245242053e-14 -0.09999999999639865
17.4375 1.900000000003424 0.0 1.9000000000033046 -8.68360714279326e-15 -0.09999999999657594
17.442500000000003 1.9000000000032553 0.0 1.9000000000031372 -4.879736507664306e-15 -0.09999999999674475
17.447499999999998 1.9000000000030945 0.0 1.9000000000029769 -3.751253225431092e-15 -0.09999999999690548
17.4525 1.9000000000029416 0.0 1.9000000000028243 -3.8117281925675936e-15 -0.0999999999970585
17.457500000000003 1.900000000002796 0.0 1.9000000000026778 -3.025252587559258e-15 -0.09999999999720416
17.4625 1.9000000000026571 0.0 1.9000000000025392 -4.381902460259243e-15 -0.09999999999734281
17.4675 1.9000000000025252 0.0 1.9000000000024067 -4.29936662429255e-15 -0.09999999999747478
17.4725 1.9000000000023995 0.0 1.9000000000022814 -4.283779106761856e-15 -0.09999999999760037
17.4775 1.90000000000228 0.0 1.9000000000021615 -3.492755056659016e-15 -0.0999999999977199
17.4825 1.9000000000021664 0.0 1.9000000000020476 -5.614370690166931e-15 -0.09999999999783364
17.4875 1.900000000002058 0.0 1.9000000000019397 -6.003988157714504e-15 -0.09999999999794186
17.4925 1.9000000000019552 0.0 1.9000000000018358 -3.872790632437077e-15 -0.09999999999804483
17.497500000000002 1.900000000001857 0.0 1.900000000001737 -1.49403217286668e-15 -0.0999999999981428
17.502499999999998 1.900000000001764 0.0 1.9000000000016435 1.0999877547674343e-15 -0.09999999999823599
17.5075 1.9000000000016755 0.0 1.9000000000015547 3.6858573599485276e-15 -0.09999999999832462
17.512500000000003 1.900000000001591 0.0 1.9000000000014698 5.177236326642496e-15 -0.09999999999840893
17.5175 1.900000000001511 0.0 1.9000000000013895 3.1916844751416784e-15 -0.09999999999848912
17.5225 1.9000000000014345 0.0 1.9000000000013135 1.1391066079071945e-15 -0.09999999999856538
17.527500000000003 1.9000000000013622 0.0 1.9000000000012411 1.4151924898921615e-15 -0.09999999999863789
17.5325 1.900000000001293 0.0 1.9000000000011732 3.750717086799146e-15 -0.09999999999870683
17.5375 1.9000000000012276 0.0 1.9000000000011084 5.301277069842102e-15 -0.09999999999877239
17.5425 1.9000000000011652 0.0 1.9000000000010457 4.036541698683547e-15 -0.0999999999988347
17.5475 1.9000000000011061 0.0 1.9000000000009865 6.3800486065530915e-15 -0.09999999999889395
17.552500000000002 1.9000000000010497 0.0 1.9000000000009292 7.774109508200086e-15 -0.09999999999895026
17.557499999999997 1.9000000000009962 0.0 1.9000000000008752 4.812699592894465e-15 -0.09999999999900379
17.5625 1.9000000000009454 0.0 1.9000000000008246 3.557084910501934e-15 -0.09999999999905465
17.567500000000003 1.900000000000897 0.0 1.9000000000007766 2.4019894334882596e-15 -0.099999999999103
17.572499999999998 1.900000000000851 0.0 1.9000000000007307 2.04384945051072e-15 -0.09999999999914894
17.5775 1.9000000000008075 0.0 1.9000000000006874 1.0669428518094472e-15 -0.09999999999919258
17.582500000000003 1.900000000000766 0.0 1.9000000000006467 2.8504373130276007e-15 -0.09999999999923405
17.5875 1.9000000000007264 0.0 1.9000000000006079 5.902556614493785e-15 -0.09999999999927345
17.5925 1.9000000000006891 0.0 1.9000000000005706 3.423225820007162e-15 -0.09999999999931088
17.5975 1.9000000000006536 0.0 1.9000000000005342 2.494054389097966e-16 -0.09999999999934642
17.6025 1.9000000000006199 0.0 1.9000000000005002 -2.47009127989065e-15 -0.09999999999938018
17.6075 1.9000000000005877 0.0 1.9000000000004682 -4.9828906383080526e-15 -0.09999999999941225
17.6125 1.9000000000005572 0.0 1.900000000000437 -3.0296802438183577e-15 -0.0999999999994427
17.6175 1.9000000000005284 0.0 1.9000000000004083 -2.639505202496355e-15 -0.09999999999947162
17.622500000000002 1.9000000000005008 0.0 1.9000000000003816 -2.8305540444223486e-15 -0.09999999999949907
17.627499999999998 1.9000000000004749 0.0 1.9000000000003556 -1.7901704304879203e-15 -0.09999999999952514
17.6325 1.9000000000004502 0.0 1.900000000000331 -2.8806126898548113e-15 -0.09999999999954988
17.637500000000003 1.9000000000004267 0.0 1.9000000000003077 -3.634614321764174e-15 -0.09999999999957337
17.6425 1.9000000000004043 0.0 1.9000000000002857 -3.3703450723144182e-15 -0.09999999999959568
17.6475 1.9000000000003832 0.0 1.9000000000002644 -4.096374988065053e-15 -0.09999999999961684
17.652500000000003 1.9000000000003632 0.0 1.9000000000002444 -4.272247768157033e-15 -0.09999999999963692
17.6575 1.900000000000344 0.0 1.900000000000225 -5.101307239287316e-15 -0.09999999999965598
17.6625 1.9000000000003259 0.0 1.9000000000002077 -8.03092155220516e-15 -0.09999999999967406
17.6675 1.9000000000003088 0.0 1.9000000000001902 -7.308866077189396e-15 -0.09999999999969122
17.6725 1.9000000000002926 0.0 1.900000000000174 -4.7954692378481215e-15 -0.0999999999997075
17.677500000000002 1.900000000000277 0.0 1.900000000000159 -3.950840091215747e-15 -0.09999999999972295
17.682499999999997 1.9000000000002624 0.0 1.9000000000001445 -3.268041079556142e-15 -0.09999999999973759
17.6875 1.9000000000002486 0.0 1.9000000000001305 -3.192844108244749e-15 -0.0999999999997515
17.692500000000003 1.9000000000002353 0.0 1.9000000000001176 -3.3468429045188122e-15 -0.09999999999976467
17.697499999999998 1.9000000000002228 0.0 1.9000000000001045 -2.008939017896669e-15 -0.09999999999977717
17.7025 1.900000000000211 0.0 1.9000000000000923 -2.8331295681342186e-15 -0.09999999999978902
17.707500000000003 1.9000000000001998 0.0 1.9000000000000803 -3.5540325209519794e-15 -0.09999999999980026
17.7125 1.900000000000189 0.0 1.9000000000000692 -3.9314270386803215e-15 -0.0999999999998109
17.7175 1.9000000000001789 0.0 1.9000000000000588 -7.142958067008227e-15 -0.09999999999982101
17.7225 1.9000000000001693 0.0 1.9000000000000492 -8.804039870284538e-15 -0.09999999999983059
17.7275 1.9000000000001602 0.0 1.9000000000000399 -9.218524627975802e-15 -0.09999999999983966
17.7325 1.9000000000001518 0.0 1.9000000000000312 -9.447526280661572e-15 -0.09999999999984827
17.7375 1.9000000000001436 0.0 1.9000000000000226 -8.690668734179675e-15 -0.09999999999985643
17.7425 1.9000000000001358 0.0 1.9000000000000141 -9.360824973641072e-15 -0.09999999999986414
17.747500000000002 1.9000000000001285 0.0 1.9000000000000072 -9.49354059576786e-15 -0.09999999999987147
17.752499999999998 1.9000000000001216 0.0 1.9000000000000012 -7.229547068457849e-15 -0.09999999999987841
17.7575 1.900000000000115 0.0 1.8999999999999946 -7.510428245072512e-15 -0.09999999999988497
17.762500000000003 1.9000000000001087 0.0 1.8999999999999884 -1.0234535632589726e-14 -0.0999999999998912
17.7675 1.900000000000103 0.0 1.8999999999999824 -9.9047610296389e-15 -0.0999999999998971
17.7725 1.9000000000000974 0.0 1.8999999999999768 -7.602559376192648e-15 -0.0999999999999027
17.777500000000003 1.900000000000092 0.0 1.8999999999999713 -7.443907760904189e-15 -0.09999999999990798
17.7825 1.900000000000087 0.0 1.8999999999999662 -9.8240277768573e-15 -0.09999999999991299
17.7875 1.9000000000000823 0.0 1.8999999999999613 -1.2017778440342979e-14 -0.09999999999991774
17.7925 1.9000000000000778 0.0 1.8999999999999566 -1.1988991471474196e-14 -0.09999999999992223
17.7975 1.9000000000000736 0.0 1.899999999999952 -7.855979247947659e-15 -0.09999999999992648
17.802500000000002 1.9000000000000694 0.0 1.8999999999999473 -5.3521218169431785e-15 -0.0999999999999305
17.807499999999997 1.9000000000000656 0.0 1.8999999999999426 -5.1346952836092805e-15 -0.09999999999993432
17.8125 1.900000000000062 0.0 1.899999999999939 -6.3582742980816e-15 -0.09999999999993793
17.817500000000003 1.9000000000000588 0.0 1.899999999999935 -7.535540121822518e-15 -0.09999999999994134
17.822499999999998 1.9000000000000554 0.0 1.8999999999999313 -7.577604543109901e-15 -0.09999999999994458
17.8275 1.9000000000000523 0.0 1.8999999999999284 -7.607793942241173e-15 -0.09999999999994763
17.832500000000003 1.9000000000000494 0.0 1.8999999999999266 -6.996649026910892e-15 -0.09999999999995053
17.8375 1.9000000000000468 0.0 1.8999999999999257 -2.5654851537912536e-15 -0.09999999999995327
17.8425 1.900000000000044 0.0 1.899999999999924 2.862620903694098e-15 -0.09999999999995586
17.8475 1.9000000000000417 0.0 1.8999999999999218 1.8201629371091485e-15 -0.09999999999995832
17.8525 1.9000000000000394 0.0 1.8999999999999193 1.0882140941704394e-15 -0.09999999999996063
17.8575 1.9000000000000372 0.0 1.8999999999999166 1.4403393555163958e-15 -0.09999999999996283
17.8625 1.900000000000035 0.0 1.899999999999914 1.0304465469588172e-15 -0.0999999999999649
17.8675 1.9000000000000332 0.0 1.8999999999999124 -4.1370294241158226e-16 -0.09999999999996685
17.872500000000002 1.9000000000000312 0.0 1.8999999999999106 -2.261117186732529e-15 -0.09999999999996871
17.877499999999998 1.9000000000000294 0.0 1.8999999999999084 -3.835349509958086e-15 -0.09999999999997046
17.8825 1.9000000000000279 0.0 1.8999999999999067 -5.225437466529305e-15 -0.09999999999997213
17.887500000000003 1.9000000000000263 0.0 1.899999999999906 -3.167850801740203e-15 -0.0999999999999737
17.8925 1.9000000000000248 0.0 1.8999999999999053 5.908070639472372e-16 -0.09999999999997516
17.8975 1.9000000000000234 0.0 1.8999999999999033 2.175693213181512e-15 -0.09999999999997657
17.902500000000003 1.9000000000000221 0.0 1.8999999999999018 2.5551187239936295e-15 -0.0999999999999779
17.9075 1.9000000000000208 0.0 1.8999999999999007 2.464575674184359e-15 -0.09999999999997915
17.9125 1.9000000000000197 0.0 1.8999999999998993 1.9468785421256213e-15 -0.09999999999998033
17.9175 1.9000000000000186 0.0 1.8999999999998978 1.9094630161746852e-15 -0.09999999999998144
17.9225 1.9000000000000175 0.0 1.8999999999998969 -7.922469357508053e-16 -0.09999999999998249
17.927500000000002 1.9000000000000166 0.0 1.899999999999896 -2.617426133831565e-15 -0.09999999999998349
17.932499999999997 1.9000000000000155 0.0 1.8999999999998942 -2.6291235501563528e-15 -0.09999999999998443
17.9375 1.9000000000000146 0.0 1.8999999999998933 -5.65833024115028e-15 -0.09999999999998532
17.942500000000003 1.900000000000014 0.0 1.899999999999892 -8.892298450889092e-15 -0.09999999999998616
17.947499999999998 1.900000000000013 0.0 1.899999999999891 -1.0537677479007683e-14 -0.09999999999998695
17.9525 1.9000000000000123 0.0 1.89999999999989 -1.2488017418922834e-14 -0.0999999999999877
17.957500000000003 1.9000000000000117 0.0 1.8999999999998893 -1.3145530408258764e-14 -0.0999999999999884
17.9625 1.900000000000011 0.0 1.8999999999998889 -1.332346959946578e-14 -0.09999999999998907
17.9675 1.9000000000000103 0.0 1.8999999999998893 -1.1568443103902852e-14 -0.09999999999998971
17.9725 1.9000000000000097 0.0 1.8999999999998884 -1.2219786768932147e-14 -0.0999999999999903
17.9775 1.9000000000000092 0.0 1.899999999999888 -1.3480621123126917e-14 -0.09999999999999086
17.9825 1.9000000000000086 0.0 1.8999999999998871 -1.271643744909875e-14 -0.09999999999999139
17.9875 1.9000000000000081 0.0 1.8999999999998867 -1.3910428675744372e-14 -0.09999999999999189
17.9925 1.9000000000000077 0.0 1.8999999999998851 -1.2632181597860495e-14 -0.09999999999999236
17.997500000000002 1.9000000000000072 0.0 1.8999999999998833 -9.600041307171077e-15 -0.0999999999999928
18.002499999999998 1.9000000000000068 0.0 1.8999999999998816 -5.019810139994807e-15 -0.09999999999999322
18.0075 1.9000000000000064 0.0 1.8999999999998798 -3.6622156505284843e-16 -0.09999999999999362
18.012500000000003 1.900000000000006 0.0 1.8999999999998787 1.6681320441646132e-15 -0.099999999999994
18.0175 1.9000000000000057 0.0 1.8999999999998782 2.8792089727051298e-15 -0.09999999999999434
18.0225 1.9000000000000052 0.0 1.8999999999998787 2.190173234901636e-15 -0.09999999999999468
18.027500000000003 1.900000000000005 0.0 1.8999999999998791 4.565187760508597e-16 -0.099999999999995
18.0325 1.9000000000000048 0.0 1.8999999999998791 -8.434950436959793e-16 -0.09999999999999529
18.0375 1.9000000000000044 0.0 1.8999999999998787 -3.498444781794325e-15 -0.09999999999999556
18.0425 1.9000000000000041 0.0 1.899999999999878 -2.5202108230140094e-15 -0.09999999999999583
18.0475 1.900000000000004 0.0 1.8999999999998778 -2.365499247074359e-15 -0.09999999999999608
18.052500000000002 1.9000000000000037 0.0 1.8999999999998773 -5.861513147137445e-15 -0.0999999999999963
18.057499999999997 1.9000000000000035 0.0 1.8999999999998765 -8.445000456007697e-15 -0.09999999999999652
18.0625 1.9000000000000032 0.0 1.8999999999998765 -1.1176387090293963e-14 -0.09999999999999673
18.067500000000003 1.900000000000003 0.0 1.8999999999998767 -1.1395856669400381e-14 -0.09999999999999692
18.072499999999998 1.9000000000000028 0.0 1.899999999999877 -9.962904340896293e-15 -0.0999999999999971
18.0775 1.9000000000000028 0.0 1.8999999999998773 -8.886082567328572e-15 -0.09999999999999729
18.082500000000003 1.9000000000000026 0.0 1.8999999999998765 -1.0033431110933328e-14 -0.09999999999999745
18.0875 1.9000000000000024 0.0 1.8999999999998767 -1.3515494780454717e-14 -0.0999999999999976
18.0925 1.9000000000000024 0.0 1.8999999999998767 -1.4646258568075157e-14 -0.09999999999999774
18.0975 1.9000000000000021 0.0 1.8999999999998765 -1.5828577686119305e-14 -0.09999999999999788
18.1025 1.900000000000002 0.0 1.8999999999998765 -1.685319221867614e-14 -0.09999999999999801
18.1075 1.900000000000002 0.0 1.8999999999998765 -1.7252105976570763e-14 -0.09999999999999813
18.1125 1.9000000000000017 0.0 1.899999999999876 -1.6846375093783465e-14 -0.09999999999999824
18.1175 1.9000000000000017 0.0 1.899999999999876 -1.6692361030383672e-14 -0.09999999999999835
18.122500000000002 1.9000000000000015 0.0 1.899999999999876 -1.9566676993901598e-14 -0.09999999999999845
18.127499999999998 1.9000000000000015 0.0 1.8999999999998751 -2.2011532786608235e-14 -0.09999999999999855
18.1325 1.9000000000000015 0.0 1.8999999999998747 -2.36833192057982e-14 -0.09999999999999863
18.137500000000003 1.9000000000000012 0.0 1.8999999999998747 -2.4468685845094163e-14 -0.09999999999999871
18.1425 1.9000000000000012 0.0 1.8999999999998747 -2.3580896883878443e-14 -0.0999999999999988
18.1475 1.9000000000000012 0.0 1.899999999999874 -2.3170049240911685e-14 -0.09999999999999887
18.152500000000003 1.900000000000001 0.0 1.8999999999998747 -2.5120785201166462e-14 -0.09999999999999894
18.1575 1.900000000000001 0.0 1.899999999999875 -2.87392349707601e-14 -0.099999999999999
18.1625 1.900000000000001 0.0 1.8999999999998751 -3.047777883875814e-14 -0.09999999999999906
18.1675 1.9000000000000008 0.0 1.8999999999998747 -2.938884482209334e-14 -0.09999999999999913
18.1725 1.9000000000000008 0.0 1.899999999999874 -2.50871818877959e-14 -0.09999999999999917
18.177500000000002 1.9000000000000008 0.0 1.8999999999998727 -2.1835179128463006e-14 -0.09999999999999923
18.182499999999997 1.9000000000000008 0.0 1.8999999999998718 -2.021112287732454e-14 -0.09999999999999928
18.1875 1.9000000000000006 0.0 1.8999999999998725 -1.805157437574344e-14 -0.09999999999999933
18.192500000000003 1.9000000000000006 0.0 1.8999999999998733 -1.8582230335137064e-14 -0.09999999999999937
18.197499999999998 1.9000000000000006 0.0 1.8999999999998747 -1.8246927526557522e-14 -0.09999999999999941
18.2025 1.9000000000000006 0.0 1.8999999999998756 -1.9386602473664913e-14 -0.09999999999999944
18.207500000000003 1.9000000000000006 0.0 1.8999999999998747 -2.134019192832538e-14 -0.09999999999999948
18.2125 1.9000000000000006 0.0 1.8999999999998747 -2.1988327406361495e-14 -0.0999999999999995
18.2175 1.9000000000000004 0.0 1.8999999999998747 -2.1199696758587773e-14 -0.09999999999999955
18.2225 1.9000000000000004 0.0 1.8999999999998738 -2.0023957433086638e-14 -0.09999999999999958
18.2275 1.9000000000000004 0.0 1.8999999999998731 -2.293811243397626e-14 -0.0999999999999996
18.2325 1.9000000000000004 0.0 1.8999999999998733 -2.353435084014661e-14 -0.09999999999999963
18.2375 1.9000000000000004 0.0 1.8999999999998738 -2.2568829741444683e-14 -0.09999999999999964
18.2425 1.9000000000000004 0.0 1.8999999999998738 -2.4112307561594258e-14 -0.09999999999999967
18.247500000000002 1.9000000000000004 0.0 1.8999999999998738 -2.5840481707083563e-14 -0.09999999999999969
18.252499999999998 1.9000000000000004 0.0 1.8999999999998733 -2.5714105917167905e-14 -0.09999999999999971
18.2575 1.9000000000000004 0.0 1.899999999999872 -2.29203346116295e-14 -0.09999999999999973
18.262500000000003 1.9000000000000004 0.0 1.8999999999998713 -2.065710609797396e-14 -0.09999999999999976
18.2675 1.9000000000000001 0.0 1.8999999999998711 -2.2188972902567392e-14 -0.09999999999999977
18.2725 1.9000000000000001 0.0 1.8999999999998711 -2.4753513809167192e-14 -0.09999999999999978
18.277500000000003 1.9000000000000001 0.0 1.8999999999998711 -2.6522401521879774e-14 -0.0999999999999998
18.2825 1.9000000000000001 0.0 1.8999999999998713 -2.832420258619464e-14 -0.09999999999999981
18.2875 1.9000000000000001 0.0 1.8999999999998713 -2.8096005494168574e-14 -0.09999999999999983
18.2925 1.9000000000000001 0.0 1.8999999999998707 -2.903918055682532e-14 -0.09999999999999984
18.2975 1.9000000000000001 0.0 1.8999999999998702 -3.237121216091447e-14 -0.09999999999999984
18.302500000000002 1.9000000000000001 0.0 1.8999999999998696 -3.5311275751912655e-14 -0.09999999999999985
18.307499999999997 1.9000000000000001 0.0 1.8999999999998685 -4.1302543383613246e-14 -0.09999999999999987
18.3125 1.9000000000000001 0.0 1.8999999999998662 -5.4320944935429516e-14 -0.09999999999999988
18.317500000000003 1.9000000000000001 0.0 1.8999999999998638 -7.048281567284097e-14 -0.09999999999999988
18.322499999999998 1.9000000000000001 0.0 1.8999999999998596 -8.600918345054611e-14 -0.0999999999999999
18.3275 1.9000000000000001 0.0 1.899999999999854 -9.901313128689073e-14 -0.0999999999999999
18.332500000000003 1.9000000000000001 0.0 1.899999999999849 -1.1293909572115299e-13 -0.09999999999999991
18.3375 1.9000000000000001 0.0 1.8999999999998458 -1.3161839653859178e-13 -0.09999999999999991
18.3425 1.9000000000000001 0.0 1.8999999999998443 -1.4886441182480348e-13 -0.09999999999999992
18.3475 1.9000000000000001 0.0 1.8999999999998445 -1.6126213027545783e-13 -0.09999999999999992
18.3525 1.9000000000000001 0.0 1.8999999999998451 -1.6962879177761082e-13 -0.09999999999999994
18.3575 1.9000000000000001 0.0 1.899999999999845 -1.699933870457168e-13 -0.09999999999999994
18.3625 1.9000000000000001 0.0 1.8999999999998438 -1.637631780710338e-13 -0.09999999999999994
18.3675 1.9000000000000001 0.0 1.8999999999998427 -1.5982859147564329e-13 -0.09999999999999995
18.372500000000002 1.9000000000000001 0.0 1.899999999999843 -1.5588927629090265e-13 -0.09999999999999995
18.377499999999998 1.9000000000000001 0.0 1.899999999999844 -1.4880824470357243e-13 -0.09999999999999995
18.3825 1.9000000000000001 0.0 1.8999999999998458 -1.4165275450318855e-13 -0.09999999999999995
18.387500000000003 1.9000000000000001 0.0 1.8999999999998476 -1.3451058412395897e-13 -0.09999999999999996
18.3925 1.9000000000000001 0.0 1.899999999999848 -1.2901095894658817e-13 -0.09999999999999996
18.3975 1.9000000000000001 0.0 1.8999999999998483 -1.2919743531630357e-13 -0.09999999999999996
18.402500000000003 1.9000000000000001 0.0 1.8999999999998483 -1.321085734113217e-13 -0.09999999999999996
18.4075 1.9000000000000001 0.0 1.899999999999848 -1.3394231893380478e-13 -0.09999999999999996
18.4125 1.9 0.0 1.8999999999998487 -1.343467466460788e-13 -0.09999999999999998
18.4175 1.9 0.0 1.8999999999998487 -1.3445477922816657e-13 -0.09999999999999998
18.4225 1.9 0.0 1.899999999999849 -1.3383405089333553e-13 -0.09999999999999998
18.427500000000002 1.9 0.0 1.8999999999998494 -1.3151131320259957e-13 -0.09999999999999998
18.432499999999997 1.9 0.0 1.8999999999998487 -1.3214291282122706e-13 -0.09999999999999998
18.4375 1.9 0.0 1.8999999999998494 -1.3376202539877162e-13 -0.09999999999999998
18.442500000000003 1.9 0.0 1.8999999999998494 -1.3413812157638108e-13 -0.09999999999999998
18.447499999999998 1.9 0.0 1.8999999999998494 -1.336025059265452e-13 -0.09999999999999999
18.4525 1.9 0.0 1.8999999999998494 -1.3321462634529147e-13 -0.09999999999999999
18.457500000000003 1.9 0.0 1.89999999999985 -1.3387746195467038e-13 -0.09999999999999999
18.4625 1.9 0.0 1.89999999999985 -1.3262485677416573e-13 -0.09999999999999999
18.4675 1.9 0.0 1.8999999999998498 -1.3456486292958794e-13 -0.09999999999999999
18.4725 1.9 0.0 1.899999999999849 -1.3969850429829683e-13 -0.09999999999999999
18.4775 1.9 0.0 1.8999999999998487 -1.4198989936277212e-13 -0.09999999999999999
18.4825 1.9 0.0 1.8999999999998487 -1.4240440417112377e-13 -0.09999999999999999
18.4875 1.9 0.0 1.8999999999998487 -1.435471319942619e-13 -0.09999999999999999
18.4925 1.9 0.0 1.8999999999998487 -1.4455267222960255e-13 -0.09999999999999999
18.497500000000002 1.9 0.0 1.8999999999998487 -1.444028761732978e-13 -0.09999999999999999
18.502499999999998 1.9 0.0 1.899999999999848 -1.4214157786468518e-13 -0.09999999999999999
18.5075 1.9 0.0 1.8999999999998467 -1.397740032378475e-13 -0.09999999999999999
18.512500000000003 1.9 0.0 1.8999999999998463 -1.374630054079835e-13 -0.09999999999999999
18.5175 1.9 0.0 1.899999999999846 -1.3776806434793764e-13 -0.1
18.5225 1.9 0.0 1.8999999999998454 -1.3480817321405634e-13 -0.1
18.527500000000003 1.9 0.0 1.899999999999845 -1.3180382390435812e-13 -0.1
18.5325 1.9 0.0 1.8999999999998454 -1.3457615983780634e-13 -0.1
18.5375 1.9 0.0 1.8999999999998447 -1.357174132498605e-13 -0.1
18.5425 1.9 0.0 1.899999999999844 -1.3480098438445906e-13 -0.1
18.5475 1.9 0.0 1.899999999999844 -1.3406896379345492e-13 -0.1
18.552500000000002 1.9 0.0 1.899999999999844 -1.3311915115665518e-13 -0.1
18.557499999999997 1.9 0.0 1.8999999999998431 -1.3205719194812528e-13 -0.1
18.5625 1.9 0.0 1.8999999999998434 -1.3208507857876888e-13 -0.1
18.567500000000003 1.9 0.0 1.8999999999998434 -1.328432312408404e-13 -0.1
18.572499999999998 1.9 0.0 1.8999999999998436 -1.3472113422726032e-13 -0.1
18.5775 1.9 0.0 1.8999999999998431 -1.3713382703962004e-13 -0.1
18.582500000000003 1.9 0.0 1.899999999999843 -1.398628344559214e-13 -0.1
18.5875 1.9 0.0 1.8999999999998436 -1.4282199504451926e-13 -0.1
18.5925 1.9 0.0 1.8999999999998447 -1.4433035499664477e-13 -0.1
18.5975 1.9 0.0 1.899999999999846 -1.419375898193793e-13 -0.1
18.6025 1.9 0.0 1.8999999999998471 -1.3985665151983447e-13 -0.1
18.6075 1.9 0.0 1.8999999999998467 -1.4000873018702808e-13 -0.1
18.6125 1.9 0.0 1.8999999999998467 -1.4210122057584405e-13 -0.1
18.6175 1.9 0.0 1.8999999999998467 -1.4210639166565003e-13 -0.1
18.622500000000002 1.9 0.0 1.899999999999846 -1.3950819888159214e-13 -0.1
18.627499999999998 1.9 0.0 1.899999999999846 -1.3809319354981254e-13 -0.1
18.6325 1.9 0.0 1.8999999999998454 -1.3937761050555232e-13 -0.1
18.637500000000003 1.9 0.0 1.8999999999998454 -1.4139205283334794e-13 -0.1
18.6425 1.9 0.0 1.8999999999998454 -1.405658507012471e-13 -0.1
18.6475 1.9 0.0 1.899999999999846 -1.381932189372841e-13 -0.1
18.652500000000003 1.9 0.0 1.8999999999998467 -1.3563341170186095e-13 -0.1
18.6575 1.9 0.0 1.8999999999998478 -1.3269593819261716e-13 -0.1
18.6625 1.9 0.0 1.8999999999998487 -1.3064718752614547e-13 -0.1
18.6675 1.9 0.0 1.8999999999998487 -1.3069810988158197e-13 -0.1
18.6725 1.9 0.0 1.8999999999998487 -1.3206889311946525e-13 -0.1
18.677500000000002 1.9 0.0 1.8999999999998487 -1.3280045666921943e-13 -0.1
18.682499999999997 1.9 0.0 1.8999999999998487 -1.334913574364109e-13 -0.1
18.6875 1.9 0.0 1.8999999999998487 -1.3410470372286094e-13 -0.1
18.692500000000003 1.9 0.0 1.8999999999998487 -1.3376827183754936e-13 -0.1
18.697499999999998 1.9 0.0 1.8999999999998487 -1.3479072303260058e-13 -0.1
18.7025 1.9 0.0 1.8999999999998487 -1.3481799696049503e-13 -0.1
18.707500000000003 1.9 0.0 1.8999999999998485 -1.3621855871714271e-13 -0.1
18.7125 1.9 0.0 1.8999999999998485 -1.3879186540020508e-13 -0.1
18.7175 1.9 0.0 1.8999999999998485 -1.412403084141665e-13 -0.1
18.7225 1.9 0.0 1.8999999999998487 -1.4245724818018383e-13 -0.1
18.7275 1.9 0.0 1.8999999999998487 -1.412235304062628e-13 -0.1
18.7325 1.9 0.0 1.8999999999998485 -1.4164447883111965e-13 -0.1
18.7375 1.9 0.0 1.899999999999848 -1.4159868683161729e-13 -0.1
18.7425 1.9 0.0 1.8999999999998485 -1.4106481774328743e-13 -0.1
18.747500000000002 1.9 0.0 1.8999999999998485 -1.4178283201941928e-13 -0.1
18.752499999999998 1.9 0.0 1.8999999999998485 -1.4345305884632169e-13 -0.1
18.7575 1.9 0.0 1.899999999999848 -1.4482084209063726e-13 -0.1
18.762500000000003 1.9 0.0 1.899999999999848 -1.458802057452182e-13 -0.1
18.7675 1.9 0.0 1.899999999999848 -1.467525572722467e-13 -0.1
18.7725 1.9 0.0 1.899999999999848 -1.4818452056450465e-13 -0.1
18.777500000000003 1.9 0.0 1.899999999999848 -1.4928229505880204e-13 -0.1
18.7825 1.9 0.0 1.899999999999848 -1.4863765885310974e-13 -0.1
18.7875 1.9 0.0 1.8999999999998474 -1.4628599030559977e-13 -0.1
18.7925 1.9 0.0 1.8999999999998463 -1.4487187423002287e-13 -0.1
18.7975 1.9 0.0 1.8999999999998467 -1.466357456119666e-13 -0.1
18.802500000000002 1.9 0.0 1.8999999999998471 -1.5053518853148598e-13 -0.1
18.807499999999997 1.9 0.0 1.899999999999848 -1.540863420679927e-13 -0.1
18.8125 1.9 0.0 1.899999999999848 -1.562602678877537e-13 -0.1
18.817500000000003 1.9 0.0 1.8999999999998476 -1.5914342653233732e-13 -0.1
18.822499999999998 1.9 0.0 1.8999999999998463 -1.592076032070204e-13 -0.1
18.8275 1.9 0.0 1.8999999999998451 -1.5698477454566666e-13 -0.1
18.832500000000003 1.9 0.0 1.8999999999998447 -1.5775192786733855e-13 -0.1
18.8375 1.9 0.0 1.899999999999845 -1.5972569960207969e-13 -0.1
18.8425 1.9 0.0 1.8999999999998454 -1.5995343893880773e-13 -0.1
18.8475 1.9 0.0 1.8999999999998454 -1.6067981096188907e-13 -0.1
18.8525 1.9 0.0 1.899999999999846 -1.6197235992224638e-13 -0.1
18.8575 1.9 0.0 1.8999999999998463 -1.607867543326632e-13 -0.1
18.8625 1.9 0.0 1.8999999999998463 -1.578424238542606e-13 -0.1
18.8675 1.9 0.0 1.899999999999846 -1.5379753370333722e-13 -0.1
18.872500000000002 1.9 0.0 1.8999999999998447 -1.4867781155622075e-13 -0.1
18.877499999999998 1.9 0.0 1.8999999999998431 -1.455811845234454e-13 -0.1
18.8825 1.9 0.0 1.8999999999998427 -1.439887847419958e-13 -0.1
18.887500000000003 1.9 0.0 1.8999999999998431 -1.42861229416578e-13 -0.1
18.8925 1.9 0.0 1.899999999999844 -1.4031140230032722e-13 -0.1
18.8975 1.9 0.0 1.8999999999998447 -1.3956425474277367e-13 -0.1
18.902500000000003 1.9 0.0 1.8999999999998447 -1.4103336456429478e-13 -0.1
18.9075 1.9 0.0 1.8999999999998447 -1.4068197890934604e-13 -0.1
18.9125 1.9 0.0 1.8999999999998445 -1.4155807874899317e-13 -0.1
18.9175 1.9 0.0 1.8999999999998445 -1.4343040549352001e-13 -0.1
18.9225 1.9 0.0 1.8999999999998447 -1.4598640609802862e-13 -0.1
18.927500000000002 1.9 0.0 1.8999999999998447 -1.479991517135827e-13 -0.1
18.932499999999997 1.9 0.0 1.8999999999998445 -1.4753445693522763e-13 -0.1
18.9375 1.9 0.0 1.8999999999998447 -1.4712484171019162e-13 -0.1
18.942500000000003 1.9 0.0 1.8999999999998447 -1.4765743954417873e-13 -0.1
18.947499999999998 1.9 0.0 1.8999999999998447 -1.4938725456863294e-13 -0.1
18.9525 1.9 0.0 1.8999999999998447 -1.5009467331874192e-13 -0.1
18.957500000000003 1.9 0.0 1.8999999999998445 -1.5130027693909432e-13 -0.1
18.9625 1.9 0.0 1.8999999999998447 -1.5290407334522119e-13 -0.1
18.9675 1.9 0.0 1.8999999999998447 -1.5298135798768578e-13 -0.1
18.9725 1.9 0.0 1.8999999999998447 -1.548085980186085e-13 -0.1
18.9775 1.9 0.0 1.8999999999998447 -1.555728319282174e-13 -0.1
18.9825 1.9 0.0 1.8999999999998447 -1.5588461125215877e-13 -0.1
18.9875 1.9 0.0 1.8999999999998445 -1.563540435770956e-13 -0.1
18.9925 1.9 0.0 1.8999999999998445 -1.5668448552268473e-13 -0.1
18.997500000000002 1.9 0.0 1.8999999999998447 -1.5763253433772594e-13 -0.1
19.002499999999998 1.9 0.0 1.8999999999998447 -1.5971228355295735e-13 -0.1
19.0075 1.9 0.0 1.8999999999998445 -1.6058984374953863e-13 -0.1
19.012500000000003 1.9 0.0 1.8999999999998445 -1.6069773966133314e-13 -0.1
19.0175 1.9 0.0 1.899999999999844 -1.5853145239476664e-13 -0.1
19.0225 1.9 0.0 1.8999999999998434 -1.567730691936361e-13 -0.1
19.027500000000003 1.9 0.0 1.8999999999998425 -1.5611349786001934e-13 -0.1
19.0325 1.9 0.0 1.899999999999842 -1.523035040199226e-13 -0.1
19.0375 1.9 0.0 1.8999999999998407 -1.495045083694623e-13 -0.1
19.0425 1.9 0.0 1.8999999999998398 -1.4638415393125901e-13 -0.1
19.0475 1.9 0.0 1.8999999999998394 -1.4412115421335825e-13 -0.1
19.052500000000002 1.9 0.0 1.8999999999998392 -1.4545875309054635e-13 -0.1
19.057499999999997 1.9 0.0 1.8999999999998392 -1.4662504873569252e-13 -0.1
19.0625 1.9 0.0 1.8999999999998392 -1.4689685470625226e-13 -0.1
19.067500000000003 1.9 0.0 1.8999999999998392 -1.472140324805131e-13 -0.1
19.072499999999998 1.9 0.0 1.8999999999998392 -1.478413274190764e-13 -0.1
19.0775 1.9 0.0 1.8999999999998394 -1.495350506948979e-13 -0.1
19.082500000000003 1.9 0.0 1.8999999999998394 -1.4978580150939142e-13 -0.1
19.0875 1.9 0.0 1.8999999999998396 -1.5208095114517732e-13 -0.1
19.0925 1.9 0.0 1.8999999999998405 -1.5441130275278192e-13 -0.1
19.0975 1.9 0.0 1.8999999999998414 -1.5662426631225838e-13 -0.1
19.1025 1.9 0.0 1.8999999999998418 -1.5931307969946223e-13 -0.1
19.1075 1.9 0.0 1.8999999999998414 -1.6062178329637064e-13 -0.1
19.1125 1.9 0.0 1.899999999999842 -1.5832253843427044e-13 -0.1
19.1175 1.9 0.0 1.8999999999998431 -1.5704122048257425e-13 -0.1
19.122500000000002 1.9 0.0 1.8999999999998445 -1.6264321323200922e-13 -0.1
19.127499999999998 1.9 0.0 1.8999999999998454 -1.6636385371007957e-13 -0.1
19.1325 1.9 0.0 1.8999999999998447 -1.6592740575585066e-13 -0.1
19.137500000000003 1.9 0.0 1.8999999999998447 -1.66602046333655e-13 -0.1
19.1425 1.9 0.0 1.899999999999844 -1.6647052276430279e-13 -0.1
19.1475 1.9 0.0 1.8999999999998431 -1.629646740462643e-13 -0.1
19.152500000000003 1.9 0.0 1.8999999999998427 -1.614685753223028e-13 -0.1
19.1575 1.9 0.0 1.8999999999998427 -1.6175334048320575e-13 -0.1
19.1625 1.9 0.0 1.899999999999844 -1.588234638147175e-13 -0.1
19.1675 1.9 0.0 1.8999999999998447 -1.5369990466298222e-13 -0.1
19.1725 1.9 0.0 1.8999999999998456 -1.5451761716794122e-13 -0.1
19.177500000000002 1.9 0.0 1.8999999999998458 -1.575407573772207e-13 -0.1
19.182499999999997 1.9 0.0 1.8999999999998445 -1.5754052518052101e-13 -0.1
19.1875 1.9 0.0 1.8999999999998438 -1.54073734446315e-13 -0.1
19.192500000000003 1.9 0.0 1.899999999999844 -1.500830431208031e-13 -0.1
19.197499999999998 1.9 0.0 1.8999999999998447 -1.4882724338337936e-13 -0.1
19.2025 1.9 0.0 1.8999999999998445 -1.5178817363787424e-13 -0.1
19.207500000000003 1.9 0.0 1.899999999999843 -1.5650052362897915e-13 -0.1
19.2125 1.9 0.0 1.8999999999998427 -1.5908442063965316e-13 -0.1
19.2175 1.9 0.0 1.8999999999998427 -1.603558243581108e-13 -0.1
19.2225 1.9 0.0 1.8999999999998431 -1.6039671574979408e-13 -0.1
19.2275 1.9 0.0 1.8999999999998431 -1.6194632370311566e-13 -0.1
19.2325 1.9 0.0 1.8999999999998431 -1.6249648728036447e-13 -0.1
19.2375 1.9 0.0 1.8999999999998427 -1.6262925559426215e-13 -0.1
19.2425 1.9 0.0 1.8999999999998427 -1.640634285260814e-13 -0.1
19.247500000000002 1.9 0.0 1.8999999999998431 -1.6433913191486423e-13 -0.1
19.252499999999998 1.9 0.0 1.899999999999842 -1.61501940006572e-13 -0.1
19.2575 1.9 0.0 1.8999999999998407 -1.5800001993302402e-13 -0.1
19.262500000000003 1.9 0.0 1.89999999999984 -1.621229196505416e-13 -0.1
19.2675 1.9 0.0 1.89999999999984 -1.6816171429045558e-13 -0.1
19.2725 1.9 0.0 1.8999999999998394 -1.6844692241692482e-13 -0.1
19.277500000000003 1.9 0.0 1.8999999999998394 -1.6743773289656546e-13 -0.1
19.2825 1.9 0.0 1.8999999999998394 -1.674571335715324e-13 -0.1
19.2875 1.9 0.0 1.8999999999998394 -1.686228695937234e-13 -0.1
19.2925 1.9 0.0 1.8999999999998394 -1.6949494527215924e-13 -0.1
19.2975 1.9 0.0 1.8999999999998394 -1.705126164116221e-13 -0.1
19.302500000000002 1.9 0.0 1.8999999999998394 -1.7206091680929575e-13 -0.1
19.307499999999997 1.9 0.0 1.8999999999998394 -1.7202131957631798e-13 -0.1
19.3125 1.9 0.0 1.8999999999998394 -1.7166443440043043e-13 -0.1
19.317500000000003 1.9 0.0 1.8999999999998392 -1.727883049594135e-13 -0.1
19.322499999999998 1.9 0.0 1.8999999999998392 -1.7471838052314239e-13 -0.1
19.3275 1.9 0.0 1.8999999999998394 -1.765486932862946e-13 -0.1
19.332500000000003 1.9 0.0 1.8999999999998394 -1.7767727264369143e-13 -0.1
19.3375 1.9 0.0 1.8999999999998396 -1.776992827109056e-13 -0.1
19.3425 1.9 0.0 1.8999999999998407 -1.7496808618592206e-13 -0.1
19.3475 1.9 0.0 1.8999999999998414 -1.7147340267596737e-13 -0.1
19.3525 1.9 0.0 1.8999999999998418 -1.7168060264666613e-13 -0.1
19.3575 1.9 0.0 1.8999999999998414 -1.7354675321544178e-13 -0.1
19.3625 1.9 0.0 1.8999999999998414 -1.721637412659078e-13 -0.1
19.3675 1.9 0.0 1.8999999999998427 -1.6976887331105085e-13 -0.1
19.372500000000002 1.9 0.0 1.8999999999998431 -1.687024664221817e-13 -0.1
19.377499999999998 1.9 0.0 1.8999999999998431 -1.6981014641084817e-13 -0.1
19.3825 1.9 0.0 1.8999999999998427 -1.7072793396661205e-13 -0.1
19.387500000000003 1.9 0.0 1.899999999999842 -1.6781825500552672e-13 -0.1
19.3925 1.9 0.0 1.8999999999998414 -1.652820014564696e-13 -0.1
19.3975 1.9 0.0 1.8999999999998414 -1.6500497848424165e-13 -0.1
19.402500000000003 1.9 0.0 1.8999999999998414 -1.6665748320002864e-13 -0.1
19.4075 1.9 0.0 1.8999999999998411 -1.666883952767782e-13 -0.1
19.4125 1.9 0.0 1.89999999999984 -1.6237476152740114e-13 -0.1
19.4175 1.9 0.0 1.8999999999998394 -1.6174886391684413e-13 -0.1
19.4225 1.9 0.0 1.8999999999998392 -1.645223108132671e-13 -0.1
19.427500000000002 1.9 0.0 1.8999999999998383 -1.6733335991723721e-13 -0.1
19.432499999999997 1.9 0.0 1.8999999999998378 -1.6894866395587661e-13 -0.1
19.4375 1.9 0.0 1.8999999999998374 -1.6934233067957829e-13 -0.1
19.442500000000003 1.9 0.0 1.8999999999998374 -1.7098229711525008e-13 -0.1
19.447499999999998 1.9 0.0 1.8999999999998374 -1.7251570881049195e-13 -0.1
19.4525 1.9 0.0 1.8999999999998378 -1.7426768945158486e-13 -0.1
19.457500000000003 1.9 0.0 1.8999999999998374 -1.751986293930303e-13 -0.1
19.4625 1.9 0.0 1.8999999999998374 -1.7599316283951038e-13 -0.1
19.4675 1.9 0.0 1.8999999999998374 -1.7495750803009822e-13 -0.1
19.4725 1.9 0.0 1.8999999999998376 -1.7556170341497152e-13 -0.1
19.4775 1.9 0.0 1.8999999999998383 -1.807799424077075e-13 -0.1
19.4825 1.9 0.0 1.8999999999998392 -1.8428933476838359e-13 -0.1
19.4875 1.9 0.0 1.8999999999998405 -1.844795087207964e-13 -0.1
19.4925 1.9 0.0 1.8999999999998411 -1.8245522147237694e-13 -0.1
19.497500000000002 1.9 0.0 1.8999999999998407 -1.7787132400102135e-13 -0.1
19.502499999999998 1.9 0.0 1.8999999999998394 -1.7385364643669313e-13 -0.1
19.5075 1.9 0.0 1.8999999999998387 -1.7365205960819809e-13 -0.1
19.512500000000003 1.9 0.0 1.8999999999998392 -1.743995828054672e-13 -0.1
19.5175 1.9 0.0 1.8999999999998392 -1.75503296391775e-13 -0.1
19.5225 1.9 0.0 1.8999999999998387 -1.7902281485367275e-13 -0.1
19.527500000000003 1.9 0.0 1.8999999999998378 -1.8226209264703232e-13 -0.1
19.5325 1.9 0.0 1.8999999999998374 -1.8352868030641252e-13 -0.1
19.5375 1.9 0.0 1.899999999999836 -1.8196252735982558e-13 -0.1
19.5425 1.9 0.0 1.899999999999836 -1.8186986835288208e-13 -0.1
19.5475 1.9 0.0 1.899999999999836 -1.8315013965997932e-13 -0.1
19.552500000000002 1.9 0.0 1.899999999999836 -1.830147870430152e-13 -0.1
19.557499999999997 1.9 0.0 1.899999999999836 -1.815963841501753e-13 -0.1
19.5625 1.9 0.0 1.8999999999998372 -1.7890721392688433e-13 -0.1
19.567500000000003 1.9 0.0 1.8999999999998376 -1.7881256549446007e-13 -0.1
19.572499999999998 1.9 0.0 1.8999999999998378 -1.825781387719525e-13 -0.1
19.5775 1.9 0.0 1.8999999999998387 -1.871667710174307e-13 -0.1
19.582500000000003 1.9 0.0 1.8999999999998392 -1.8975756786519458e-13 -0.1
19.5875 1.9 0.0 1.8999999999998385 -1.8897803727508674e-13 -0.1
19.5925 1.9 0.0 1.8999999999998378 -1.8538009653143724e-13 -0.1
19.5975 1.9 0.0 1.8999999999998378 -1.8396656555865481e-13 -0.1
19.6025 1.9 0.0 1.8999999999998374 -1.8551620355212292e-13 -0.1
19.6075 1.9 0.0 1.8999999999998374 -1.8675003011959047e-13 -0.1
19.6125 1.9 0.0 1.8999999999998374 -1.8677843728093375e-13 -0.1
19.6175 1.9 0.0 1.8999999999998374 -1.8673109663128053e-13 -0.1
19.622500000000002 1.9 0.0 1.8999999999998376 -1.8834995791186843e-13 -0.1
19.627499999999998 1.9 0.0 1.8999999999998378 -1.8973671908700396e-13 -0.1
19.6325 1.9 0.0 1.8999999999998374 -1.8848227084428163e-13 -0.1
19.637500000000003 1.9 0.0 1.8999999999998374 -1.8923478588337354e-13 -0.1
19.6425 1.9 0.0 1.8999999999998378 -1.9091357407496967e-13 -0.1
19.6475 1.9 0.0 1.8999999999998374 -1.923070990725448e-13 -0.1
19.652500000000003 1.9 0.0 1.8999999999998374 -1.937270362394184e-13 -0.1
19.6575 1.9 0.0 1.8999999999998374 -1.9516737796621264e-13 -0.1
19.6625 1.9 0.0 1.8999999999998378 -1.957403940941897e-13 -0.1
19.6675 1.9 0.0 1.8999999999998374 -1.9596284998101928e-13 -0.1
19.6725 1.9 0.0 1.8999999999998374 -1.9824086385702838e-13 -0.1
19.677500000000002 1.9 0.0 1.8999999999998374 -1.9673610032698517e-13 -0.1
19.682499999999997 1.9 0.0 1.8999999999998367 -1.9843107915233117e-13 -0.1
19.6875 1.9 0.0 1.899999999999837 -1.9974796688794558e-13 -0.1
19.692500000000003 1.9 0.0 1.8999999999998374 -1.9941595028466643e-13 -0.1
19.697499999999998 1.9 0.0 1.8999999999998378 -1.9871365367607001e-13 -0.1
19.7025 1.9 0.0 1.8999999999998392 -1.9233012722940508e-13 -0.1
19.707500000000003 1.9 0.0 1.899999999999841 -1.8671868055592812e-13 -0.1
19.7125 1.9 0.0 1.8999999999998414 -1.8520838673241017e-13 -0.1
19.7175 1.9 0.0 1.8999999999998414 -1.8646852081802102e-13 -0.1
19.7225 1.9 0.0 1.8999999999998414 -1.8718882926258182e-13 -0.1
19.7275 1.9 0.0 1.8999999999998414 -1.8834328293371898e-13 -0.1
19.7325 1.9 0.0 1.899999999999841 -1.875816374651387e-13 -0.1
19.7375 1.9 0.0 1.8999999999998398 -1.82699526679722e-13 -0.1
19.7425 1.9 0.0 1.8999999999998394 -1.7987155487759378e-13 -0.1
19.747500000000002 1.9 0.0 1.8999999999998394 -1.8142463720093415e-13 -0.1
19.752499999999998 1.9 0.0 1.8999999999998394 -1.825982842559964e-13 -0.1
19.7575 1.9 0.0 1.8999999999998392 -1.8385622169198394e-13 -0.1
19.762500000000003 1.9 0.0 1.8999999999998394 -1.83298787638042e-13 -0.1
19.7675 1.9 0.0 1.8999999999998387 -1.8188103653697726e-13 -0.1
19.7725 1.9 0.0 1.8999999999998376 -1.7801452306269701e-13 -0.1
19.777500000000003 1.9 0.0 1.899999999999836 -1.712181290915517e-13 -0.1
19.7825 1.9 0.0 1.8999999999998356 -1.7153091495375737e-13 -0.1
19.7875 1.9 0.0 1.899999999999836 -1.7401750607176275e-13 -0.1
19.7925 1.9 0.0 1.899999999999836 -1.7410689154984452e-13 -0.1
19.7975 1.9 0.0 1.899999999999836 -1.7446738104294238e-13 -0.1
19.802500000000002 1.9 0.0 1.899999999999836 -1.7583467184656525e-13 -0.1
19.807499999999997 1.9 0.0 1.899999999999836 -1.7652052369279815e-13 -0.1
19.8125 1.9 0.0 1.899999999999836 -1.7635968045824228e-13 -0.1
19.817500000000003 1.9 0.0 1.899999999999836 -1.7818949791806353e-13 -0.1
19.822499999999998 1.9 0.0 1.899999999999836 -1.7929434161504635e-13 -0.1
19.8275 1.9 0.0 1.899999999999836 -1.7869528653162196e-13 -0.1
19.832500000000003 1.9 0.0 1.899999999999836 -1.7856682208907852e-13 -0.1
19.8375 1.9 0.0 1.899999999999836 -1.809926781685063e-13 -0.1
19.8425 1.9 0.0 1.899999999999836 -1.811686466079608e-13 -0.1
19.8475 1.9 0.0 1.899999999999836 -1.818434924142759e-13 -0.1
19.8525 1.9 0.0 1.8999999999998365 -1.840860128255971e-13 -0.1
19.8575 1.9 0.0 1.899999999999836 -1.8520875251992315e-13 -0.1
19.8625 1.9 0.0 1.899999999999836 -1.8532197546107351e-13 -0.1
19.8675 1.9 0.0 1.899999999999836 -1.8498624345193284e-13 -0.1
19.872500000000002 1.9 0.0 1.899999999999836 -1.8571944467687036e-13 -0.1
19.877499999999998 1.9 0.0 1.899999999999836 -1.858557164458102e-13 -0.1
19.8825 1.9 0.0 1.899999999999836 -1.8518055584970062e-13 -0.1
19.887500000000003 1.9 0.0 1.8999999999998372 -1.8206490468780962e-13 -0.1
19.8925 1.9 0.0 1.8999999999998378 -1.8126394268767384e-13 -0.1
19.8975 1.9 0.0 1.8999999999998378 -1.8354586201457574e-13 -0.1
19.902500000000003 1.9 0.0 1.8999999999998378 -1.845320910619203e-13 -0.1
19.9075 1.9 0.0 1.8999999999998378 -1.8538524367599807e-13 -0.1
19.9125 1.9 0.0 1.8999999999998378 -1.8648399631549664e-13 -0.1
19.9175 1.9 0.0 1.8999999999998378 -1.8798383002678828e-13 -0.1
19.9225 1.9 0.0 1.8999999999998378 -1.897499318199088e-13 -0.1
19.927500000000002 1.9 0.0 1.8999999999998378 -1.907224472987317e-13 -0.1
19.932499999999997 1.9 0.0 1.8999999999998378 -1.904452865207153e-13 -0.1
19.9375 1.9 0.0 1.8999999999998378 -1.90199054346558e-13 -0.1
19.942500000000003 1.9 0.0 1.8999999999998378 -1.9093420606032207e-13 -0.1
19.947499999999998 1.9 0.0 1.8999999999998378 -1.9231081447069448e-13 -0.1
19.9525 1.9 0.0 1.899999999999838 -1.9274342190662734e-13 -0.1
19.957500000000003 1.9 0.0 1.8999999999998385 -1.9008959038292256e-13 -0.1
19.9625 1.9 0.0 1.8999999999998392 -1.8845784341412944e-13 -0.1
19.9675 1.9 0.0 1.8999999999998392 -1.888243255024202e-13 -0.1
19.9725 1.9 0.0 1.8999999999998392 -1.8955426469258544e-13 -0.1
19.9775 1.9 0.0 1.8999999999998392 -1.9093401908731377e-13 -0.1
19.9825 1.9 0.0 1.8999999999998392 -1.9213406124962127e-13 -0.1
19.9875 1.9 0.0 1.8999999999998392 -1.9331555149786315e-13 -0.1
19.9925 1.9 0.0 1.8999999999998392 -1.932802421258305e-13 -0.1
19.997500000000002 1.9 0.0 1.8999999999998392 -1.9407711460917926e-13 -0.1
20.002499999999998 1.9 0.0 1.8999999999998392 -1.9575041599798185e-13 -0.1
20.0075 1.9 0.0 1.8999999999998392 -1.9526510604185895e-13 -0.1
20.012500000000003 1.9 0.0 1.8999999999998392 -1.9600147071300982e-13 -0.1
20.0175 1.9 0.0 1.8999999999998392 -1.9696897275899832e-13 -0.1
20.0225 1.9 0.0 1.8999999999998392 -1.9793211388751006e-13 -0.1
20.027500000000003 1.9 0.0 1.8999999999998392 -1.9848603467338378e-13 -0.1
20.0325 1.9 0.0 1.8999999999998392 -1.98961330911354e-13 -0.1
20.0375 1.9 0.0 1.8999999999998392 -1.9966325426049125e-13 -0.1
20.0425 1.9 0.0 1.8999999999998392 -2.0098745893596375e-13 -0.1
20.0475 1.9 0.0 1.8999999999998394 -2.0141248020491774e-13 -0.1
20.052500000000002 1.9 0.0 1.8999999999998392 -2.0130555280142265e-13 -0.1
20.057499999999997 1.9 0.0 1.8999999999998392 -2.0248718988723837e-13 -0.1
20.0625 1.9 0.0 1.8999999999998392 -2.0253819259612437e-13 -0.1
20.067500000000003 1.9 0.0 1.8999999999998392 -2.0363959561679397e-13 -0.1
20.072499999999998 1.9 0.0 1.8999999999998392 -2.0450982422741013e-13 -0.1
20.0775 1.9 0.0 1.8999999999998392 -2.0501977839146458e-13 -0.1
20.082500000000003 1.9 0.0 1.8999999999998385 -2.0438055184319938e-13 -0.1
20.0875 1.9 0.0 1.8999999999998374 -1.9807697921021214e-13 -0.1
20.0925 1.9 0.0 1.8999999999998352 -1.8976055035279186e-13 -0.1
20.0975 1.9 0.0 1.8999999999998347 -1.8776396853820422e-13 -0.1
20.1025 1.9 0.0 1.8999999999998352 -1.918548519293658e-13 -0.1
20.1075 1.9 0.0 1.8999999999998352 -1.950238749700172e-13 -0.1
20.1125 1.9 0.0 1.8999999999998352 -1.9521653705619962e-13 -0.1
20.1175 1.9 0.0 1.8999999999998352 -1.953112999406385e-13 -0.1
20.122500000000002 1.9 0.0 1.8999999999998352 -1.9698084059527533e-13 -0.1
20.127499999999998 1.9 0.0 1.8999999999998358 -1.999835742187979e-13 -0.1
20.1325 1.9 0.0 1.899999999999836 -2.0257478079580547e-13 -0.1
20.137500000000003 1.9 0.0 1.899999999999836 -2.0450520263354393e-13 -0.1
20.1425 1.9 0.0 1.8999999999998365 -2.0852555751748042e-13 -0.1
20.1475 1.9 0.0 1.8999999999998374 -2.1031343779090626e-13 -0.1
20.152500000000003 1.9 0.0 1.899999999999837 -2.0610267754000754e-13 -0.1
20.1575 1.9 0.0 1.899999999999836 -2.041469115812376e-13 -0.1
20.1625 1.9 0.0 1.8999999999998354 -2.0276525279025372e-13 -0.1
20.1675 1.9 0.0 1.899999999999835 -2.0550145655867e-13 -0.1
20.1725 1.9 0.0 1.8999999999998343 -2.0625294717974334e-13 -0.1
20.177500000000002 1.9 0.0 1.8999999999998347 -1.9898463935483254e-13 -0.1
20.182499999999997 1.9 0.0 1.8999999999998354 -1.9406620032524362e-13 -0.1
20.1875 1.9 0.0 1.8999999999998367 -1.9062644490554197e-13 -0.1
20.192500000000003 1.9 0.0 1.8999999999998365 -1.914275597629341e-13 -0.1
20.197499999999998 1.9 0.0 1.899999999999836 -1.9404556370267785e-13 -0.1
20.2025 1.9 0.0 1.899999999999836 -1.9561589023840406e-13 -0.1
20.207500000000003 1.9 0.0 1.899999999999836 -1.960152908994146e-13 -0.1
20.2125 1.9 0.0 1.899999999999836 -1.9490023361041502e-13 -0.1
20.2175 1.9 0.0 1.899999999999836 -1.9547036538950594e-13 -0.1
20.2225 1.9 0.0 1.899999999999836 -1.967992971387411e-13 -0.1
20.2275 1.9 0.0 1.899999999999836 -1.9836079573937806e-13 -0.1
20.2325 1.9 0.0 1.899999999999836 -1.9897439644424112e-13 -0.1
20.2375 1.9 0.0 1.899999999999836 -1.9803926726115362e-13 -0.1
20.2425 1.9 0.0 1.899999999999836 -1.9994004756557664e-13 -0.1
20.247500000000002 1.9 0.0 1.899999999999836 -2.023933860189662e-13 -0.1
20.252499999999998 1.9 0.0 1.899999999999836 -2.0242817581451235e-13 -0.1
20.2575 1.9 0.0 1.899999999999836 -2.02407999207745e-13 -0.1
20.262500000000003 1.9 0.0 1.899999999999836 -2.0224535224042426e-13 -0.1
20.2675 1.9 0.0 1.899999999999836 -2.0300708603965915e-13 -0.1
20.2725 1.9 0.0 1.899999999999836 -2.031596730167066e-13 -0.1
20.277500000000003 1.9 0.0 1.8999999999998356 -2.044596661862638e-13 -0.1
20.2825 1.9 0.0 1.899999999999836 -2.055857361364478e-13 -0.1
20.2875 1.9 0.0 1.899999999999836 -2.062685362379426e-13 -0.1
20.2925 1.9 0.0 1.8999999999998365 -2.0962015380296345e-13 -0.1
20.2975 1.9 0.0 1.8999999999998365 -2.1033689889481372e-13 -0.1
20.302500000000002 1.9 0.0 1.899999999999836 -2.0984338003010244e-13 -0.1
20.307499999999997 1.9 0.0 1.899999999999836 -2.1072263301389333e-13 -0.1
20.3125 1.9 0.0 1.899999999999836 -2.1035687179224527e-13 -0.1
20.317500000000003 1.9 0.0 1.899999999999836 -2.114282895908736e-13 -0.1
20.322499999999998 1.9 0.0 1.899999999999836 -2.1264773061498e-13 -0.1
20.3275 1.9 0.0 1.899999999999836 -2.1380856172558603e-13 -0.1
20.332500000000003 1.9 0.0 1.899999999999836 -2.1497353151230957e-13 -0.1
20.3375 1.9 0.0 1.899999999999836 -2.1560432368528081e-13 -0.1
20.3425 1.9 0.0 1.899999999999836 -2.1574736368363904e-13 -0.1
20.3475 1.9 0.0 1.899999999999836 -2.1464919836615117e-13 -0.1
20.3525 1.9 0.0 1.8999999999998372 -2.1198398572415018e-13 -0.1
20.3575 1.9 0.0 1.8999999999998378 -2.102156580716896e-13 -0.1
20.3625 1.9 0.0 1.899999999999838 -2.1010477719142592e-13 -0.1
20.3675 1.9 0.0 1.8999999999998383 -2.0839508624435517e-13 -0.1
20.372500000000002 1.9 0.0 1.8999999999998392 -2.0709911009829193e-13 -0.1
20.377499999999998 1.9 0.0 1.8999999999998392 -2.064988120714419e-13 -0.1
20.3825 1.9 0.0 1.8999999999998387 -2.0535949288484143e-13 -0.1
20.387500000000003 1.9 0.0 1.8999999999998378 -2.0309614201543942e-13 -0.1
20.3925 1.9 0.0 1.8999999999998372 -1.9842828733920295e-13 -0.1
20.3975 1.9 0.0 1.8999999999998356 -1.9371881328755226e-13 -0.1
20.402500000000003 1.9 0.0 1.8999999999998347 -1.9208511346053276e-13 -0.1
20.4075 1.9 0.0 1.8999999999998343 -1.9194596583156963e-13 -0.1
20.4125 1.9 0.0 1.8999999999998347 -1.9250250127523535e-13 -0.1
20.4175 1.9 0.0 1.8999999999998347 -1.9153351279009975e-13 -0.1
20.4225 1.9 0.0 1.899999999999834 -1.9131490710897012e-13 -0.1
20.427500000000002 1.9 0.0 1.899999999999834 -1.921242233750988e-13 -0.1
20.432499999999997 1.9 0.0 1.8999999999998338 -1.9217826074581354e-13 -0.1
20.4375 1.9 0.0 1.8999999999998338 -1.9292641827444412e-13 -0.1
20.442500000000003 1.9 0.0 1.8999999999998338 -1.9318541235319524e-13 -0.1
20.447499999999998 1.9 0.0 1.8999999999998338 -1.941399526965815e-13 -0.1
20.4525 1.9 0.0 1.8999999999998338 -1.952507504782072e-13 -0.1
20.457500000000003 1.9 0.0 1.8999999999998338 -1.974046517444836e-13 -0.1
20.4625 1.9 0.0 1.899999999999834 -1.978962615385724e-13 -0.1
20.4675 1.9 0.0 1.8999999999998338 -1.9828792455058712e-13 -0.1
20.4725 1.9 0.0 1.8999999999998334 -2.0032511647308022e-13 -0.1
20.4775 1.9 0.0 1.899999999999833 -2.0269478574053386e-13 -0.1
20.4825 1.9 0.0 1.8999999999998327 -2.0498209691144388e-13 -0.1
20.4875 1.9 0.0 1.899999999999832 -2.024143397687338e-13 -0.1
20.4925 1.9 0.0 1.899999999999832 -1.9661614805372651e-13 -0.1
20.497500000000002 1.9 0.0 1.899999999999833 -1.898878968492901e-13 -0.1
20.502499999999998 1.9 0.0 1.8999999999998334 -1.8673746745745176e-13 -0.1
20.5075 1.9 0.0 1.8999999999998338 -1.8701935836758113e-13 -0.1
20.512500000000003 1.9 0.0 1.899999999999834 -1.8631520479428593e-13 -0.1
20.5175 1.9 0.0 1.8999999999998338 -1.8712197912975522e-13 -0.1
20.5225 1.9 0.0 1.899999999999834 -1.8799907746567009e-13 -0.1
20.527500000000003 1.9 0.0 1.8999999999998338 -1.892821287133359e-13 -0.1
20.5325 1.9 0.0 1.899999999999834 -1.897243885211678e-13 -0.1
20.5375 1.9 0.0 1.899999999999834 -1.8984610567289684e-13 -0.1
20.5425 1.9 0.0 1.899999999999834 -1.912175692366019e-13 -0.1
20.5475 1.9 0.0 1.899999999999834 -1.924691278143149e-13 -0.1
20.552500000000002 1.9 0.0 1.899999999999834 -1.9423306453739951e-13 -0.1
20.557499999999997 1.9 0.0 1.8999999999998338 -1.947849394436016e-13 -0.1
20.5625 1.9 0.0 1.8999999999998338 -1.9583511861892283e-13 -0.1
20.567500000000003 1.9 0.0 1.899999999999834 -1.9627550653111684e-13 -0.1
20.572499999999998 1.9 0.0 1.899999999999834 -1.960101532136487e-13 -0.1
20.5775 1.9 0.0 1.899999999999834 -1.967569909758596e-13 -0.1
20.582500000000003 1.9 0.0 1.8999999999998338 -1.9725166042028022e-13 -0.1
20.5875 1.9 0.0 1.8999999999998338 -1.972306665515338e-13 -0.1
20.5925 1.9 0.0 1.8999999999998334 -1.965083068077324e-13 -0.1
20.5975 1.9 0.0 1.8999999999998334 -1.9473014804994292e-13 -0.1
20.6025 1.9 0.0 1.8999999999998327 -1.93977365104334e-13 -0.1
20.6075 1.9 0.0 1.899999999999832 -1.956551479628551e-13 -0.1
20.6125 1.9 0.0 1.899999999999832 -1.969698192459689e-13 -0.1
20.6175 1.9 0.0 1.8999999999998325 -1.989632300301519e-13 -0.1
20.622500000000002 1.9 0.0 1.8999999999998325 -2.0140623837160862e-13 -0.1
20.627499999999998 1.9 0.0 1.8999999999998327 -2.0216029542888704e-13 -0.1
20.6325 1.9 0.0 1.8999999999998327 -2.0182010946195363e-13 -0.1
20.637500000000003 1.9 0.0 1.8999999999998325 -2.009215888927459e-13 -0.1
20.6425 1.9 0.0 1.8999999999998325 -2.027611849584554e-13 -0.1
20.6475 1.9 0.0 1.899999999999833 -2.038528498796937e-13 -0.1
20.652500000000003 1.9 0.0 1.8999999999998334 -2.0047515722575728e-13 -0.1
20.6575 1.9 0.0 1.899999999999834 -1.9613288168967915e-13 -0.1
20.6625 1.9 0.0 1.8999999999998334 -1.984544128160133e-13 -0.1
20.6675 1.9 0.0 1.8999999999998325 -2.0351762541526733e-13 -0.1
20.6725 1.9 0.0 1.8999999999998323 -2.0671060195896612e-13 -0.1
20.677500000000002 1.9 0.0 1.899999999999832 -2.0856098048450895e-13 -0.1
20.682499999999997 1.9 0.0 1.899999999999832 -2.092035467442023e-13 -0.1
20.6875 1.9 0.0 1.8999999999998318 -2.0864203529953087e-13 -0.1
20.692500000000003 1.9 0.0 1.8999999999998323 -2.0450199080388286e-13 -0.1
20.697499999999998 1.9 0.0 1.8999999999998334 -1.9866267765507512e-13 -0.1
20.7025 1.9 0.0 1.8999999999998334 -1.9502872831737144e-13 -0.1
20.707500000000003 1.9 0.0 1.8999999999998325 -1.9519422110419377e-13 -0.1
20.7125 1.9 0.0 1.8999999999998323 -1.9713932785029735e-13 -0.1
20.7175 1.9 0.0 1.899999999999832 -1.9914468088412934e-13 -0.1
20.7225 1.9 0.0 1.899999999999832 -2.0004415745159364e-13 -0.1
20.7275 1.9 0.0 1.899999999999832 -2.0174945105506217e-13 -0.1
20.7325 1.9 0.0 1.899999999999832 -2.0302675989808338e-13 -0.1
20.7375 1.9 0.0 1.899999999999832 -2.0367009307678452e-13 -0.1
20.7425 1.9 0.0 1.8999999999998325 -2.0355466652334215e-13 -0.1
20.747500000000002 1.9 0.0 1.899999999999833 -2.0190379018388296e-13 -0.1
20.752499999999998 1.9 0.0 1.8999999999998334 -2.0009103652459556e-13 -0.1
20.7575 1.9 0.0 1.8999999999998338 -1.9908453691674234e-13 -0.1
20.762500000000003 1.9 0.0 1.899999999999834 -1.9937931654083557e-13 -0.1
20.7675 1.9 0.0 1.899999999999834 -1.996992670594943e-13 -0.1
20.7725 1.9 0.0 1.899999999999834 -2.0084873016615966e-13 -0.1
20.777500000000003 1.9 0.0 1.899999999999834 -2.021863697836773e-13 -0.1
20.7825 1.9 0.0 1.899999999999834 -2.0256048105013342e-13 -0.1
20.7875 1.9 0.0 1.899999999999834 -2.0377263305216458e-13 -0.1
20.7925 1.9 0.0 1.899999999999834 -2.055763883618744e-13 -0.1
20.7975 1.9 0.0 1.899999999999834 -2.0596187537230394e-13 -0.1
20.802500000000002 1.9 0.0 1.8999999999998338 -2.0709829703179447e-13 -0.1
20.807499999999997 1.9 0.0 1.899999999999834 -2.0755834419508444e-13 -0.1
20.8125 1.9 0.0 1.8999999999998347 -2.0525361331602705e-13 -0.1
20.817500000000003 1.9 0.0 1.899999999999836 -2.031814295997107e-13 -0.1
20.822499999999998 1.9 0.0 1.8999999999998365 -2.0185972361208535e-13 -0.1
20.8275 1.9 0.0 1.8999999999998365 -2.007130330092771e-13 -0.1
20.832500000000003 1.9 0.0 1.899999999999836 -2.0186930260966666e-13 -0.1
20.8375 1.9 0.0 1.899999999999836 -2.0414242446623817e-13 -0.1
20.8425 1.9 0.0 1.899999999999836 -2.04791031446435e-13 -0.1
20.8475 1.9 0.0 1.899999999999836 -2.0602440854034476e-13 -0.1
20.8525 1.9 0.0 1.899999999999836 -2.0782238146150775e-13 -0.1
20.8575 1.9 0.0 1.899999999999836 -2.082602756049016e-13 -0.1
20.8625 1.9 0.0 1.899999999999836 -2.069564744048295e-13 -0.1
20.8675 1.9 0.0 1.899999999999836 -2.064875650907084e-13 -0.1
20.872500000000002 1.9 0.0 1.899999999999836 -2.077442560330837e-13 -0.1
20.877499999999998 1.9 0.0 1.899999999999836 -2.0996779227324822e-13 -0.1
20.8825 1.9 0.0 1.899999999999836 -2.1053215927055517e-13 -0.1
20.887500000000003 1.9 0.0 1.899999999999836 -2.1025409860570714e-13 -0.1
20.8925 1.9 0.0 1.899999999999836 -2.1252421035534614e-13 -0.1
20.8975 1.9 0.0 1.8999999999998367 -2.1162902824396868e-13 -0.1
20.902500000000003 1.9 0.0 1.8999999999998372 -2.0810093065804178e-13 -0.1
20.9075 1.9 0.0 1.8999999999998378 -2.0686273119261207e-13 -0.1
20.9125 1.9 0.0 1.899999999999837 -2.1036965628979963e-13 -0.1
20.9175 1.9 0.0 1.8999999999998365 -2.1536206425769898e-13 -0.1
20.9225 1.9 0.0 1.8999999999998365 -2.1788036103384368e-13 -0.1
20.927500000000002 1.9 0.0 1.899999999999836 -2.2033526905472964e-13 -0.1
20.932499999999997 1.9 0.0 1.8999999999998356 -2.1970110158110477e-13 -0.1
20.9375 1.9 0.0 1.8999999999998354 -2.1792593728217517e-13 -0.1
20.942500000000003 1.9 0.0 1.8999999999998354 -2.1712938892652848e-13 -0.1
20.947499999999998 1.9 0.0 1.8999999999998354 -2.1657417062033045e-13 -0.1
20.9525 1.9 0.0 1.8999999999998352 -2.1674248396000233e-13 -0.1
20.957500000000003 1.9 0.0 1.8999999999998347 -2.1617850214983833e-13 -0.1
20.9625 1.9 0.0 1.8999999999998347 -2.1542296264260035e-13 -0.1
20.9675 1.9 0.0 1.8999999999998343 -2.151661906375189e-13 -0.1
20.9725 1.9 0.0 1.8999999999998347 -2.1484610211474702e-13 -0.1
20.9775 1.9 0.0 1.8999999999998354 -2.1409665040225462e-13 -0.1
20.9825 1.9 0.0 1.899999999999836 -2.1269867688990028e-13 -0.1
20.9875 1.9 0.0 1.8999999999998367 -2.107689032921969e-13 -0.1
20.9925 1.9 0.0 1.8999999999998367 -2.1114886865434938e-13 -0.1
20.997500000000002 1.9 0.0 1.899999999999837 -2.109790038897703e-13 -0.1
21.002499999999998 1.9 0.0 1.8999999999998378 -2.096093606712992e-13 -0.1
21.0075 1.9 0.0 1.8999999999998378 -2.0804456572394398e-13 -0.1
21.012500000000003 1.9 0.0 1.8999999999998376 -2.0917322877957176e-13 -0.1
21.0175 1.9 0.0 1.8999999999998378 -2.1091138681571676e-13 -0.1
21.0225 1.9 0.0 1.8999999999998376 -2.1260123563822705e-13 -0.1
21.027500000000003 1.9 0.0 1.8999999999998374 -2.1442192398868573e-13 -0.1
21.0325 1.9 0.0 1.8999999999998374 -2.1455158239681138e-13 -0.1
21.0375 1.9 0.0 1.8999999999998374 -2.154624034486967e-13 -0.1
21.0425 1.9 0.0 1.8999999999998374 -2.1522036935695582e-13 -0.1
21.0475 1.9 0.0 1.8999999999998374 -2.1714738404666755e-13 -0.1
21.052500000000002 1.9 0.0 1.8999999999998378 -2.1606546392557262e-13 -0.1
21.057499999999997 1.9 0.0 1.8999999999998387 -2.1229142868229589e-13 -0.1
21.0625 1.9 0.0 1.8999999999998394 -2.1212590188450089e-13 -0.1
21.067500000000003 1.9 0.0 1.8999999999998396 -2.116318977216965e-13 -0.1
21.072499999999998 1.9 0.0 1.8999999999998394 -2.1012352289298492e-13 -0.1
21.0775 1.9 0.0 1.8999999999998394 -2.0974765199790563e-13 -0.1
21.082500000000003 1.9 0.0 1.899999999999839 -2.1157030681821982e-13 -0.1
21.0875 1.9 0.0 1.8999999999998387 -2.1231485396727096e-13 -0.1
21.0925 1.9 0.0 1.8999999999998387 -2.1173533311788774e-13 -0.1
21.0975 1.9 0.0 1.8999999999998385 -2.1055227090162745e-13 -0.1
21.1025 1.9 0.0 1.8999999999998383 -2.0826942867105142e-13 -0.1
21.1075 1.9 0.0 1.899999999999838 -2.0857472508186389e-13 -0.1
21.1125 1.9 0.0 1.8999999999998383 -2.116134431959533e-13 -0.1
21.1175 1.9 0.0 1.8999999999998394 -2.1560817530643587e-13 -0.1
21.122500000000002 1.9 0.0 1.89999999999984 -2.1807235299038438e-13 -0.1
21.127499999999998 1.9 0.0 1.8999999999998394 -2.188670294476365e-13 -0.1
21.1325 1.9 0.0 1.8999999999998394 -2.2126883037005008e-13 -0.1
21.137500000000003 1.9 0.0 1.8999999999998398 -2.221002376779283e-13 -0.1
21.1425 1.9 0.0 1.8999999999998396 -2.2005358152382708e-13 -0.1
21.1475 1.9 0.0 1.8999999999998396 -2.2205500408557594e-13 -0.1
21.152500000000003 1.9 0.0 1.8999999999998396 -2.240319118107043e-13 -0.1
21.1575 1.9 0.0 1.8999999999998394 -2.2380416010107504e-13 -0.1
21.1625 1.9 0.0 1.8999999999998396 -2.2437955059643914e-13 -0.1
21.1675 1.9 0.0 1.89999999999984 -2.2342348381174247e-13 -0.1
21.1725 1.9 0.0 1.8999999999998394 -2.2527756289730302e-13 -0.1
21.177500000000002 1.9 0.0 1.8999999999998394 -2.2722087351652136e-13 -0.1
21.182499999999997 1.9 0.0 1.8999999999998394 -2.275980538760195e-13 -0.1
21.1875 1.9 0.0 1.8999999999998392 -2.2726171575782081e-13 -0.1
21.192500000000003 1.9 0.0 1.8999999999998387 -2.2930343631117966e-13 -0.1
21.197499999999998 1.9 0.0 1.8999999999998392 -2.3177412042956366e-13 -0.1
21.2025 1.9 0.0 1.8999999999998394 -2.3005677239964e-13 -0.1
21.207500000000003 1.9 0.0 1.8999999999998394 -2.302947165996342e-13 -0.1
21.2125 1.9 0.0 1.89999999999984 -2.278999651736214e-13 -0.1
21.2175 1.9 0.0 1.8999999999998411 -2.246173447209718e-13 -0.1
21.2225 1.9 0.0 1.899999999999842 -2.2265010703338879e-13 -0.1
21.2275 1.9 0.0 1.8999999999998427 -2.2086313538023853e-13 -0.1
21.2325 1.9 0.0 1.8999999999998427 -2.2080016356068682e-13 -0.1
21.2375 1.9 0.0 1.8999999999998423 -2.199367645400083e-13 -0.1
21.2425 1.9 0.0 1.899999999999842 -2.1866552583047172e-13 -0.1
21.247500000000002 1.9 0.0 1.8999999999998427 -2.2034287410930757e-13 -0.1
21.252499999999998 1.9 0.0 1.8999999999998431 -2.235241191466345e-13 -0.1
21.2575 1.9 0.0 1.8999999999998431 -2.2386956195110158e-13 -0.1
21.262500000000003 1.9 0.0 1.8999999999998423 -2.2239569748753846e-13 -0.1
21.2675 1.9 0.0 1.8999999999998414 -2.2071807951724755e-13 -0.1
21.2725 1.9 0.0 1.8999999999998414 -2.1958907122588076e-13 -0.1
21.277500000000003 1.9 0.0 1.8999999999998418 -2.2103503149940333e-13 -0.1
21.2825 1.9 0.0 1.8999999999998418 -2.2280951334719598e-13 -0.1
21.2875 1.9 0.0 1.8999999999998414 -2.209217079253426e-13 -0.1
21.2925 1.9 0.0 1.8999999999998407 -2.1781915127531827e-13 -0.1
21.2975 1.9 0.0 1.89999999999984 -2.1511113350947068e-13 -0.1
21.302500000000002 1.9 0.0 1.8999999999998407 -2.1280900625028647e-13 -0.1
21.307499999999997 1.9 0.0 1.8999999999998414 -2.134746267705712e-13 -0.1
21.3125 1.9 0.0 1.8999999999998418 -2.1679106705500627e-13 -0.1
21.317500000000003 1.9 0.0 1.8999999999998423 -2.2188925661791582e-13 -0.1
21.322499999999998 1.9 0.0 1.8999999999998427 -2.2349438770904152e-13 -0.1
21.3275 1.9 0.0 1.8999999999998431 -2.2197923483817055e-13 -0.1
21.332500000000003 1.9 0.0 1.899999999999843 -2.2249839680590464e-13 -0.1
21.3375 1.9 0.0 1.8999999999998427 -2.2438887665679094e-13 -0.1
21.3425 1.9 0.0 1.8999999999998427 -2.248586449709165e-13 -0.1
21.3475 1.9 0.0 1.8999999999998431 -2.2447297230481552e-13 -0.1
21.3525 1.9 0.0 1.8999999999998431 -2.263328169060497e-13 -0.1
21.3575 1.9 0.0 1.8999999999998427 -2.2818303902849384e-13 -0.1
21.3625 1.9 0.0 1.8999999999998427 -2.286235857044857e-13 -0.1
21.3675 1.9 0.0 1.8999999999998427 -2.2871571154165053e-13 -0.1
21.372500000000002 1.9 0.0 1.8999999999998431 -2.2752696700121095e-13 -0.1
21.377499999999998 1.9 0.0 1.8999999999998447 -2.2395414631130112e-13 -0.1
21.3825 1.9 0.0 1.8999999999998454 -2.2202232072750538e-13 -0.1
21.387500000000003 1.9 0.0 1.8999999999998454 -2.2210898882054452e-13 -0.1
21.3925 1.9 0.0 1.8999999999998454 -2.237022137115125e-13 -0.1
21.3975 1.9 0.0 1.8999999999998454 -2.2610106128254917e-13 -0.1
21.402500000000003 1.9 0.0 1.8999999999998454 -2.2669087040220463e-13 -0.1
21.4075 1.9 0.0 1.8999999999998454 -2.2706637762539772e-13 -0.1
21.4125 1.9 0.0 1.8999999999998454 -2.276336767616427e-13 -0.1
21.4175 1.9 0.0 1.8999999999998454 -2.285166191028126e-13 -0.1
21.4225 1.9 0.0 1.899999999999846 -2.2876371252789957e-13 -0.1
21.427500000000002 1.9 0.0 1.899999999999846 -2.261439789374659e-13 -0.1
21.432499999999997 1.9 0.0 1.8999999999998467 -2.2230941822629633e-13 -0.1
21.4375 1.9 0.0 1.899999999999848 -2.191276835458156e-13 -0.1
21.442500000000003 1.9 0.0 1.899999999999848 -2.1838587889148546e-13 -0.1
21.447499999999998 1.9 0.0 1.8999999999998483 -2.2031867330777745e-13 -0.1
21.4525 1.9 0.0 1.8999999999998485 -2.22420137246215e-13 -0.1
21.457500000000003 1.9 0.0 1.899999999999848 -2.237276587380033e-13 -0.1
21.4625 1.9 0.0 1.899999999999848 -2.2436129018326455e-13 -0.1
21.4675 1.9 0.0 1.8999999999998483 -2.2639548063913168e-13 -0.1
21.4725 1.9 0.0 1.8999999999998485 -2.283833083537019e-13 -0.1
21.4775 1.9 0.0 1.8999999999998485 -2.3014646379099656e-13 -0.1
21.4825 1.9 0.0 1.8999999999998485 -2.3021179571655447e-13 -0.1
21.4875 1.9 0.0 1.899999999999848 -2.2983516338949723e-13 -0.1
21.4925 1.9 0.0 1.899999999999848 -2.312154104463558e-13 -0.1
21.497500000000002 1.9 0.0 1.899999999999848 -2.330313088783837e-13 -0.1
21.502499999999998 1.9 0.0 1.8999999999998485 -2.33466649994594e-13 -0.1
21.5075 1.9 0.0 1.899999999999848 -2.3296368332644e-13 -0.1
21.512500000000003 1.9 0.0 1.8999999999998483 -2.3510174063449124e-13 -0.1
21.5175 1.9 0.0 1.8999999999998485 -2.3665337150123395e-13 -0.1
21.5225 1.9 0.0 1.8999999999998485 -2.3785106173495133e-13 -0.1
21.527500000000003 1.9 0.0 1.8999999999998483 -2.3916310207812674e-13 -0.1
21.5325 1.9 0.0 1.8999999999998471 -2.428930955003961e-13 -0.1
21.5375 1.9 0.0 1.8999999999998471 -2.459021189887445e-13 -0.1
21.5425 1.9 0.0 1.8999999999998471 -2.4556190820197333e-13 -0.1
21.5475 1.9 0.0 1.8999999999998471 -2.4601142442489813e-13 -0.1
21.552500000000002 1.9 0.0 1.8999999999998467 -2.4753805078279903e-13 -0.1
21.557499999999997 1.9 0.0 1.8999999999998467 -2.498816629133678e-13 -0.1
21.5625 1.9 0.0 1.8999999999998467 -2.505100170072962e-13 -0.1
21.567500000000003 1.9 0.0 1.8999999999998467 -2.522112580671667e-13 -0.1
21.572499999999998 1.9 0.0 1.8999999999998463 -2.5486700350601133e-13 -0.1
21.5775 1.9 0.0 1.8999999999998474 -2.5243945689284224e-13 -0.1
21.582500000000003 1.9 0.0 1.899999999999848 -2.495841801047842e-13 -0.1
21.5875 1.9 0.0 1.8999999999998485 -2.5038236128910325e-13 -0.1
21.5925 1.9 0.0 1.8999999999998485 -2.5171604276440804e-13 -0.1
21.5975 1.9 0.0 1.8999999999998485 -2.52523143112795e-13 -0.1
21.6025 1.9 0.0 1.8999999999998485 -2.5271032428028494e-13 -0.1
21.6075 1.9 0.0 1.899999999999848 -2.534288050188628e-13 -0.1
21.6125 1.9 0.0 1.899999999999848 -2.544259683394203e-13 -0.1
21.6175 1.9 0.0 1.899999999999848 -2.5494662176880656e-13 -0.1
21.622500000000002 1.9 0.0 1.899999999999848 -2.5702184870362527e-13 -0.1
21.627499999999998 1.9 0.0 1.8999999999998485 -2.576665606641595e-13 -0.1
21.6325 1.9 0.0 1.899999999999848 -2.5835160733576894e-13 -0.1
21.637500000000003 1.9 0.0 1.8999999999998485 -2.5941144376282835e-13 -0.1
21.6425 1.9 0.0 1.8999999999998485 -2.6008977341030404e-13 -0.1
21.6475 1.9 0.0 1.8999999999998485 -2.6280691439628465e-13 -0.1
21.652500000000003 1.9 0.0 1.8999999999998485 -2.6404603229539383e-13 -0.1
21.6575 1.9 0.0 1.8999999999998485 -2.650404063533732e-13 -0.1
21.6625 1.9 0.0 1.8999999999998485 -2.6673774458686327e-13 -0.1
21.6675 1.9 0.0 1.8999999999998485 -2.658886695508023e-13 -0.1
21.6725 1.9 0.0 1.899999999999848 -2.6566029026259606e-13 -0.1
21.677500000000002 1.9 0.0 1.8999999999998474 -2.66336645224626e-13 -0.1
21.682499999999997 1.9 0.0 1.8999999999998471 -2.6793974129571213e-13 -0.1
21.6875 1.9 0.0 1.8999999999998467 -2.7296407635618353e-13 -0.1
21.692500000000003 1.9 0.0 1.8999999999998467 -2.7685264736937793e-13 -0.1
21.697499999999998 1.9 0.0 1.8999999999998471 -2.7895707640632713e-13 -0.1
21.7025 1.9 0.0 1.8999999999998474 -2.783247167378382e-13 -0.1
21.707500000000003 1.9 0.0 1.899999999999848 -2.769225584281564e-13 -0.1
21.7125 1.9 0.0 1.8999999999998485 -2.7576501231684997e-13 -0.1
21.7175 1.9 0.0 1.899999999999848 -2.753871229097872e-13 -0.1
21.7225 1.9 0.0 1.899999999999848 -2.751509877603608e-13 -0.1
21.7275 1.9 0.0 1.8999999999998494 -2.722815601084319e-13 -0.1
21.7325 1.9 0.0 1.89999999999985 -2.678258817676304e-13 -0.1
21.7375 1.9 0.0 1.899999999999849 -2.6342406139559365e-13 -0.1
21.7425 1.9 0.0 1.8999999999998476 -2.649699154864548e-13 -0.1
21.747500000000002 1.9 0.0 1.8999999999998471 -2.6982795698121863e-13 -0.1
21.752499999999998 1.9 0.0 1.8999999999998467 -2.727918234270366e-13 -0.1
21.7575 1.9 0.0 1.8999999999998467 -2.7417162535384303e-13 -0.1
21.762500000000003 1.9 0.0 1.8999999999998467 -2.7555755103369696e-13 -0.1
21.7675 1.9 0.0 1.8999999999998471 -2.78121913313126e-13 -0.1
21.7725 1.9 0.0 1.8999999999998476 -2.820911049380936e-13 -0.1
21.777500000000003 1.9 0.0 1.899999999999848 -2.855213605511516e-13 -0.1
21.7825 1.9 0.0 1.8999999999998476 -2.8468520357148606e-13 -0.1
21.7875 1.9 0.0 1.8999999999998474 -2.8468125270818384e-13 -0.1
21.7925 1.9 0.0 1.8999999999998478 -2.8416682895998004e-13 -0.1
21.7975 1.9 0.0 1.8999999999998474 -2.8243683456003647e-13 -0.1
21.802500000000002 1.9 0.0 1.8999999999998474 -2.8351859181592393e-13 -0.1
21.807499999999997 1.9 0.0 1.8999999999998476 -2.860545717418517e-13 -0.1
21.8125 1.9 0.0 1.8999999999998483 -2.8861978690464636e-13 -0.1
21.817500000000003 1.9 0.0 1.899999999999849 -2.909694124948826e-13 -0.1
21.822499999999998 1.9 0.0 1.899999999999849 -2.9246226191495616e-13 -0.1
21.8275 1.9 0.0 1.8999999999998494 -2.8964086395869854e-13 -0.1
21.832500000000003 1.9 0.0 1.8999999999998503 -2.8709235909885414e-13 -0.1
21.8375 1.9 0.0 1.8999999999998503 -2.8606927003506274e-13 -0.1
21.8425 1.9 0.0 1.89999999999985 -2.853798033797769e-13 -0.1
21.8475 1.9 0.0 1.89999999999985 -2.8596475754362066e-13 -0.1
21.8525 1.9 0.0 1.8999999999998511 -2.8486586678143567e-13 -0.1
21.8575 1.9 0.0 1.8999999999998516 -2.837643108258261e-13 -0.1
21.8625 1.9 0.0 1.8999999999998514 -2.8394003213573314e-13 -0.1
21.8675 1.9 0.0 1.899999999999852 -2.8039516017868607e-13 -0.1
21.872500000000002 1.9 0.0 1.8999999999998531 -2.7430828290088053e-13 -0.1
21.877499999999998 1.9 0.0 1.899999999999853 -2.7078093274641326e-13 -0.1
21.8825 1.9 0.0 1.8999999999998527 -2.7164830856716326e-13 -0.1
21.887500000000003 1.9 0.0 1.8999999999998527 -2.7026074447464346e-13 -0.1
21.8925 1.9 0.0 1.8999999999998527 -2.704132356023941e-13 -0.1
21.8975 1.9 0.0 1.8999999999998534 -2.7336659826506246e-13 -0.1
21.902500000000003 1.9 0.0 1.8999999999998527 -2.754488649287123e-13 -0.1
21.9075 1.9 0.0 1.8999999999998527 -2.767208837865602e-13 -0.1
21.9125 1.9 0.0 1.8999999999998534 -2.7526343979087034e-13 -0.1
21.9175 1.9 0.0 1.8999999999998534 -2.753837621635606e-13 -0.1
21.9225 1.9 0.0 1.8999999999998534 -2.7629876923589847e-13 -0.1
21.927500000000002 1.9 0.0 1.8999999999998536 -2.77846722786646e-13 -0.1
21.932499999999997 1.9 0.0 1.8999999999998534 -2.797888786414372e-13 -0.1
21.9375 1.9 0.0 1.8999999999998538 -2.7953838468976703e-13 -0.1
21.942500000000003 1.9 0.0 1.8999999999998536 -2.802586392199242e-13 -0.1
21.947499999999998 1.9 0.0 1.8999999999998536 -2.8394825365515605e-13 -0.1
21.9525 1.9 0.0 1.8999999999998538 -2.8388587614674926e-13 -0.1
21.957500000000003 1.9 0.0 1.8999999999998534 -2.8205671770994386e-13 -0.1
21.9625 1.9 0.0 1.899999999999854 -2.8133135791310746e-13 -0.1
21.9675 1.9 0.0 1.8999999999998538 -2.813237955517176e-13 -0.1
21.9725 1.9 0.0 1.899999999999854 -2.820838989618555e-13 -0.1
21.9775 1.9 0.0 1.899999999999854 -2.8274086739188673e-13 -0.1
21.9825 1.9 0.0 1.899999999999854 -2.8376485261120065e-13 -0.1
21.9875 1.9 0.0 1.899999999999854 -2.848355044706023e-13 -0.1
21.9925 1.9 0.0 1.899999999999854 -2.856514109390326e-13 -0.1
21.997500000000002 1.9 0.0 1.899999999999854 -2.8670988518392103e-13 -0.1
22.002499999999998 1.9 0.0 1.899999999999854 -2.869758982950522e-13 -0.1
22.0075 1.9 0.0 1.8999999999998538 -2.8868235167702254e-13 -0.1
22.012500000000003 1.9 0.0 1.899999999999854 -2.886128743230814e-13 -0.1
22.0175 1.9 0.0 1.8999999999998536 -2.894859644749407e-13 -0.1
22.0225 1.9 0.0 1.899999999999854 -2.927719541068803e-13 -0.1
22.027500000000003 1.9 0.0 1.8999999999998538 -2.9225518144652134e-13 -0.1
22.0325 1.9 0.0 1.899999999999856 -2.874094004366459e-13 -0.1
22.0375 1.9 0.0 1.8999999999998571 -2.80753805524691e-13 -0.1
22.0425 1.9 0.0 1.8999999999998574 -2.781883558305122e-13 -0.1
22.0475 1.9 0.0 1.899999999999856 -2.7569173626547247e-13 -0.1
22.052500000000002 1.9 0.0 1.8999999999998554 -2.742332412634809e-13 -0.1
22.057499999999997 1.9 0.0 1.8999999999998554 -2.750474605617199e-13 -0.1
22.0625 1.9 0.0 1.8999999999998554 -2.758269270580668e-13 -0.1
22.067500000000003 1.9 0.0 1.8999999999998554 -2.754710040843399e-13 -0.1
22.072499999999998 1.9 0.0 1.8999999999998551 -2.749235527804157e-13 -0.1
22.0775 1.9 0.0 1.8999999999998551 -2.7464254309432197e-13 -0.1
22.082500000000003 1.9 0.0 1.8999999999998542 -2.742676355627782e-13 -0.1
22.0875 1.9 0.0 1.8999999999998547 -2.7329887361977777e-13 -0.1
22.0925 1.9 0.0 1.8999999999998542 -2.745763312625155e-13 -0.1
22.0975 1.9 0.0 1.899999999999854 -2.7614734311241224e-13 -0.1
22.1025 1.9 0.0 1.899999999999854 -2.744887939244812e-13 -0.1
22.1075 1.9 0.0 1.899999999999854 -2.745645235735337e-13 -0.1
22.1125 1.9 0.0 1.899999999999854 -2.749207227790215e-13 -0.1
22.1175 1.9 0.0 1.8999999999998542 -2.768517963764071e-13 -0.1
22.122500000000002 1.9 0.0 1.8999999999998542 -2.7919425370860447e-13 -0.1
22.127499999999998 1.9 0.0 1.899999999999854 -2.8063514804956005e-13 -0.1
22.1325 1.9 0.0 1.8999999999998538 -2.824707844436853e-13 -0.1
22.137500000000003 1.9 0.0 1.8999999999998538 -2.844673230037651e-13 -0.1
22.1425 1.9 0.0 1.899999999999854 -2.8450254351420143e-13 -0.1
22.1475 1.9 0.0 1.8999999999998538 -2.857378202277129e-13 -0.1
22.152500000000003 1.9 0.0 1.8999999999998538 -2.8802818447083703e-13 -0.1
22.1575 1.9 0.0 1.8999999999998538 -2.88048334963529e-13 -0.1
22.1625 1.9 0.0 1.8999999999998538 -2.886926736026804e-13 -0.1
22.1675 1.9 0.0 1.899999999999854 -2.903385604908234e-13 -0.1
22.1725 1.9 0.0 1.8999999999998547 -2.895773668732434e-13 -0.1
22.177500000000002 1.9 0.0 1.8999999999998554 -2.847119137605034e-13 -0.1
22.182499999999997 1.9 0.0 1.8999999999998556 -2.830217978354535e-13 -0.1
22.1875 1.9 0.0 1.8999999999998547 -2.8793802599978444e-13 -0.1
22.192500000000003 1.9 0.0 1.8999999999998542 -2.921800971589972e-13 -0.1
22.197499999999998 1.9 0.0 1.8999999999998547 -2.9608086274399847e-13 -0.1
22.2025 1.9 0.0 1.8999999999998556 -3.015816239878137e-13 -0.1
22.207500000000003 1.9 0.0 1.899999999999856 -3.028729314579961e-13 -0.1
22.2125 1.9 0.0 1.8999999999998556 -3.026480511239922e-13 -0.1
22.2175 1.9 0.0 1.8999999999998556 -3.0443853233610533e-13 -0.1
22.2225 1.9 0.0 1.899999999999856 -3.0482124714187714e-13 -0.1
22.2275 1.9 0.0 1.8999999999998556 -3.0478745624449666e-13 -0.1
22.2325 1.9 0.0 1.899999999999856 -3.0690925546200856e-13 -0.1
22.2375 1.9 0.0 1.899999999999856 -3.0715457403421425e-13 -0.1
22.2425 1.9 0.0 1.8999999999998554 -3.049198594121592e-13 -0.1
22.247500000000002 1.9 0.0 1.8999999999998547 -3.0278219973053754e-13 -0.1
22.252499999999998 1.9 0.0 1.8999999999998538 -3.0283582280736075e-13 -0.1
22.2575 1.9 0.0 1.8999999999998534 -3.0395003550731297e-13 -0.1
22.262500000000003 1.9 0.0 1.8999999999998534 -3.054308943971576e-13 -0.1
22.2675 1.9 0.0 1.8999999999998542 -3.058783827857343e-13 -0.1
22.2725 1.9 0.0 1.899999999999856 -2.9963063042311814e-13 -0.1
22.277500000000003 1.9 0.0 1.899999999999857 -2.9325348575090244e-13 -0.1
22.2825 1.9 0.0 1.8999999999998574 -2.933449052788626e-13 -0.1
22.2875 1.9 0.0 1.8999999999998578 -2.950416122820105e-13 -0.1
22.2925 1.9 0.0 1.8999999999998578 -2.9452568588240044e-13 -0.1
22.2975 1.9 0.0 1.899999999999857 -2.931049363774377e-13 -0.1
22.302500000000002 1.9 0.0 1.8999999999998556 -2.9105378529728505e-13 -0.1
22.307499999999997 1.9 0.0 1.8999999999998554 -2.8995670537940823e-13 -0.1
22.3125 1.9 0.0 1.8999999999998556 -2.9256845337242894e-13 -0.1
22.317500000000003 1.9 0.0 1.8999999999998556 -2.948600780847099e-13 -0.1
22.322499999999998 1.9 0.0 1.8999999999998556 -2.918039472986947e-13 -0.1
22.3275 1.9 0.0 1.8999999999998556 -2.8879235296133135e-13 -0.1
22.332500000000003 1.9 0.0 1.899999999999856 -2.894958192192353e-13 -0.1
22.3375 1.9 0.0 1.899999999999856 -2.910879349438073e-13 -0.1
22.3425 1.9 0.0 1.899999999999856 -2.9371213155692065e-13 -0.1
22.3475 1.9 0.0 1.8999999999998556 -2.9726236058169065e-13 -0.1
22.3525 1.9 0.0 1.899999999999856 -3.0005815254457294e-13 -0.1
22.3575 1.9 0.0 1.899999999999856 -3.008531722556545e-13 -0.1
22.3625 1.9 0.0 1.8999999999998554 -2.9993688994900826e-13 -0.1
22.3675 1.9 0.0 1.8999999999998554 -2.9957303618609987e-13 -0.1
22.372500000000002 1.9 0.0 1.8999999999998554 -3.017074081828363e-13 -0.1
22.377499999999998 1.9 0.0 1.8999999999998556 -3.0232389099676113e-13 -0.1
22.3825 1.9 0.0 1.899999999999856 -3.0074665593023047e-13 -0.1
22.387500000000003 1.9 0.0 1.8999999999998556 -3.021559199490618e-13 -0.1
22.3925 1.9 0.0 1.8999999999998554 -3.042935528655146e-13 -0.1
22.3975 1.9 0.0 1.8999999999998554 -3.058573990722249e-13 -0.1
22.402500000000003 1.9 0.0 1.8999999999998554 -3.0613132532992136e-13 -0.1
22.4075 1.9 0.0 1.8999999999998554 -3.0661339032759664e-13 -0.1
22.4125 1.9 0.0 1.8999999999998556 -3.07386348522616e-13 -0.1
22.4175 1.9 0.0 1.8999999999998554 -3.089716213421604e-13 -0.1
22.4225 1.9 0.0 1.8999999999998554 -3.1050721625844936e-13 -0.1
22.427500000000002 1.9 0.0 1.8999999999998556 -3.0869324997788284e-13 -0.1
22.432499999999997 1.9 0.0 1.8999999999998567 -3.0611870655419827e-13 -0.1
22.4375 1.9 0.0 1.8999999999998574 -3.0352474880291013e-13 -0.1
22.442500000000003 1.9 0.0 1.8999999999998574 -3.033719084517259e-13 -0.1
22.447499999999998 1.9 0.0 1.8999999999998574 -3.049100518755341e-13 -0.1
22.4525 1.9 0.0 1.8999999999998574 -3.068888393727649e-13 -0.1
22.457500000000003 1.9 0.0 1.8999999999998574 -3.0776697117603675e-13 -0.1
22.4625 1.9 0.0 1.8999999999998574 -3.072527479021835e-13 -0.1
22.4675 1.9 0.0 1.8999999999998574 -3.07156072139861e-13 -0.1
22.4725 1.9 0.0 1.8999999999998574 -3.10019664232479e-13 -0.1
22.4775 1.9 0.0 1.8999999999998578 -3.1101651188192365e-13 -0.1
22.4825 1.9 0.0 1.8999999999998574 -3.1070848560137193e-13 -0.1
22.4875 1.9 0.0 1.8999999999998567 -3.1263396326841996e-13 -0.1
22.4925 1.9 0.0 1.8999999999998574 -3.120816505811617e-13 -0.1
22.497500000000002 1.9 0.0 1.8999999999998574 -3.1209433210774137e-13 -0.1
22.502499999999998 1.9 0.0 1.8999999999998574 -3.1463449888129943e-13 -0.1
22.5075 1.9 0.0 1.8999999999998574 -3.1513438987089043e-13 -0.1
22.512500000000003 1.9 0.0 1.8999999999998574 -3.1490357676153417e-13 -0.1
22.5175 1.9 0.0 1.8999999999998574 -3.1598908379362307e-13 -0.1
22.5225 1.9 0.0 1.8999999999998574 -3.162785933143169e-13 -0.1
22.527500000000003 1.9 0.0 1.8999999999998574 -3.172558427847935e-13 -0.1
22.5325 1.9 0.0 1.8999999999998574 -3.173465512621732e-13 -0.1
22.5375 1.9 0.0 1.8999999999998574 -3.1955591382692904e-13 -0.1
22.5425 1.9 0.0 1.899999999999857 -3.2310435762820947e-13 -0.1
22.5475 1.9 0.0 1.8999999999998576 -3.206795863458333e-13 -0.1
22.552500000000002 1.9 0.0 1.8999999999998585 -3.1590906429765757e-13 -0.1
22.557499999999997 1.9 0.0 1.8999999999998587 -3.145584470736402e-13 -0.1
22.5625 1.9 0.0 1.8999999999998587 -3.1581526804798933e-13 -0.1
22.567500000000003 1.9 0.0 1.8999999999998587 -3.168692703732034e-13 -0.1
22.572499999999998 1.9 0.0 1.8999999999998587 -3.179105445454509e-13 -0.1
22.5775 1.9 0.0 1.8999999999998587 -3.197739534741117e-13 -0.1
22.582500000000003 1.9 0.0 1.8999999999998587 -3.208886203584416e-13 -0.1
22.5875 1.9 0.0 1.8999999999998587 -3.2132783759282363e-13 -0.1
22.5925 1.9 0.0 1.8999999999998587 -3.221491395323034e-13 -0.1
22.5975 1.9 0.0 1.8999999999998587 -3.2388161594922577e-13 -0.1
22.6025 1.9 0.0 1.8999999999998591 -3.242451138731341e-13 -0.1
22.6075 1.9 0.0 1.8999999999998587 -3.246126340563327e-13 -0.1
22.6125 1.9 0.0 1.8999999999998587 -3.256437151187937e-13 -0.1
22.6175 1.9 0.0 1.8999999999998587 -3.268822962156547e-13 -0.1
22.622500000000002 1.9 0.0 1.8999999999998591 -3.2800863531483455e-13 -0.1
22.627499999999998 1.9 0.0 1.8999999999998591 -3.2883517025094626e-13 -0.1
22.6325 1.9 0.0 1.8999999999998591 -3.293170890199171e-13 -0.1
22.637500000000003 1.9 0.0 1.8999999999998591 -3.280743883703149e-13 -0.1
22.6425 1.9 0.0 1.8999999999998591 -3.2822963784341687e-13 -0.1
22.6475 1.9 0.0 1.8999999999998591 -3.289295584120069e-13 -0.1
22.652500000000003 1.9 0.0 1.8999999999998587 -3.297172769776512e-13 -0.1
22.6575 1.9 0.0 1.8999999999998587 -3.308009287446736e-13 -0.1
22.6625 1.9 0.0 1.8999999999998587 -3.319964380487736e-13 -0.1
22.6675 1.9 0.0 1.8999999999998587 -3.338076595444324e-13 -0.1
22.6725 1.9 0.0 1.8999999999998587 -3.343177591551014e-13 -0.1
22.677500000000002 1.9 0.0 1.8999999999998602 -3.290990307331938e-13 -0.1
22.682499999999997 1.9 0.0 1.8999999999998618 -3.2126077690408286e-13 -0.1
22.6875 1.9 0.0 1.8999999999998622 -3.154759743476416e-13 -0.1
22.692500000000003 1.9 0.0 1.8999999999998614 -3.128458991258296e-13 -0.1
22.697499999999998 1.9 0.0 1.8999999999998614 -3.15741601506543e-13 -0.1
22.7025 1.9 0.0 1.8999999999998625 -3.194888968828947e-13 -0.1
22.707500000000003 1.9 0.0 1.8999999999998627 -3.2152868403719304e-13 -0.1
22.7125 1.9 0.0 1.8999999999998627 -3.23588720259044e-13 -0.1
22.7175 1.9 0.0 1.8999999999998627 -3.246591800526905e-13 -0.1
22.7225 1.9 0.0 1.8999999999998627 -3.2463187738664566e-13 -0.1
22.7275 1.9 0.0 1.8999999999998631 -3.255029398898964e-13 -0.1
22.7325 1.9 0.0 1.8999999999998631 -3.2683673198796373e-13 -0.1
22.7375 1.9 0.0 1.8999999999998622 -3.2532205231353e-13 -0.1
22.7425 1.9 0.0 1.8999999999998614 -3.2337659877645825e-13 -0.1
22.747500000000002 1.9 0.0 1.8999999999998607 -3.234322047824508e-13 -0.1
22.752499999999998 1.9 0.0 1.8999999999998614 -3.243758342542907e-13 -0.1
22.7575 1.9 0.0 1.8999999999998614 -3.2380471036246633e-13 -0.1
22.762500000000003 1.9 0.0 1.8999999999998616 -3.266738433515141e-13 -0.1
22.7675 1.9 0.0 1.8999999999998627 -3.3227050679199005e-13 -0.1
22.7725 1.9 0.0 1.8999999999998631 -3.3435095326506305e-13 -0.1
22.777500000000003 1.9 0.0 1.8999999999998631 -3.3505896244311027e-13 -0.1
22.7825 1.9 0.0 1.8999999999998631 -3.351473452548741e-13 -0.1
22.7875 1.9 0.0 1.8999999999998627 -3.3498817987487123e-13 -0.1
22.7925 1.9 0.0 1.8999999999998614 -3.333264586766782e-13 -0.1
22.7975 1.9 0.0 1.8999999999998614 -3.318883203336434e-13 -0.1
22.802500000000002 1.9 0.0 1.899999999999862 -3.313915188795316e-13 -0.1
22.807499999999997 1.9 0.0 1.8999999999998627 -3.299249712129718e-13 -0.1
22.8125 1.9 0.0 1.8999999999998634 -3.2837905796166915e-13 -0.1
22.817500000000003 1.9 0.0 1.8999999999998634 -3.2794989939213653e-13 -0.1
22.822499999999998 1.9 0.0 1.8999999999998631 -3.2846821297966064e-13 -0.1
22.8275 1.9 0.0 1.8999999999998631 -3.282727503988061e-13 -0.1
22.832500000000003 1.9 0.0 1.8999999999998627 -3.273796166076573e-13 -0.1
22.8375 1.9 0.0 1.899999999999862 -3.273265602439278e-13 -0.1
22.8425 1.9 0.0 1.899999999999862 -3.2834364430983474e-13 -0.1
22.8475 1.9 0.0 1.899999999999862 -3.291189319457252e-13 -0.1
22.8525 1.9 0.0 1.899999999999862 -3.3009497757284044e-13 -0.1
22.8575 1.9 0.0 1.8999999999998627 -3.2989586927632136e-13 -0.1
22.8625 1.9 0.0 1.8999999999998631 -3.282132637805942e-13 -0.1
22.8675 1.9 0.0 1.8999999999998631 -3.285640684092335e-13 -0.1
22.872500000000002 1.9 0.0 1.8999999999998631 -3.3064091358846943e-13 -0.1
22.877499999999998 1.9 0.0 1.8999999999998631 -3.323928731530912e-13 -0.1
22.8825 1.9 0.0 1.8999999999998631 -3.337268156432097e-13 -0.1
22.887500000000003 1.9 0.0 1.899999999999863 -3.3525092381677734e-13 -0.1
22.8925 1.9 0.0 1.8999999999998627 -3.373692363968364e-13 -0.1
22.8975 1.9 0.0 1.8999999999998627 -3.394696480825751e-13 -0.1
22.902500000000003 1.9 0.0 1.8999999999998627 -3.4017958354380267e-13 -0.1
22.9075 1.9 0.0 1.8999999999998627 -3.4026100392309805e-13 -0.1
22.9125 1.9 0.0 1.8999999999998627 -3.4056124480625444e-13 -0.1
22.9175 1.9 0.0 1.8999999999998631 -3.406427846002291e-13 -0.1
22.9225 1.9 0.0 1.8999999999998631 -3.4258501479990643e-13 -0.1
22.927500000000002 1.9 0.0 1.8999999999998631 -3.441891049813038e-13 -0.1
22.932499999999997 1.9 0.0 1.8999999999998627 -3.4461143373661064e-13 -0.1
22.9375 1.9 0.0 1.8999999999998627 -3.4651769356006517e-13 -0.1
22.942500000000003 1.9 0.0 1.899999999999862 -3.4574315779340225e-13 -0.1
22.947499999999998 1.9 0.0 1.8999999999998622 -3.41783664929581e-13 -0.1
22.9525 1.9 0.0 1.8999999999998634 -3.4035899638544953e-13 -0.1
22.957500000000003 1.9 0.0 1.8999999999998634 -3.4104285283592194e-13 -0.1
22.9625 1.9 0.0 1.899999999999864 -3.428548434993499e-13 -0.1
22.9675 1.9 0.0 1.899999999999864 -3.447156300722533e-13 -0.1
22.9725 1.9 0.0 1.8999999999998645 -3.4422719090922705e-13 -0.1
22.9775 1.9 0.0 1.8999999999998645 -3.4446193917233815e-13 -0.1
22.9825 1.9 0.0 1.8999999999998645 -3.4706823975533883e-13 -0.1
22.9875 1.9 0.0 1.8999999999998645 -3.4680350746932117e-13 -0.1
22.9925 1.9 0.0 1.899999999999864 -3.4624593182424564e-13 -0.1
22.997500000000002 1.9 0.0 1.899999999999864 -3.477014263473547e-13 -0.1
23.002499999999998 1.9 0.0 1.899999999999864 -3.474083175755161e-13 -0.1
23.0075 1.9 0.0 1.8999999999998636 -3.497082366923226e-13 -0.1
23.012500000000003 1.9 0.0 1.899999999999864 -3.5095425605144724e-13 -0.1
23.0175 1.9 0.0 1.899999999999864 -3.50421809068088e-13 -0.1
23.0225 1.9 0.0 1.8999999999998645 -3.4895537879971293e-13 -0.1
23.027500000000003 1.9 0.0 1.8999999999998654 -3.4608041018475914e-13 -0.1
23.0325 1.9 0.0 1.8999999999998658 -3.4568760398281234e-13 -0.1
23.0375 1.9 0.0 1.8999999999998658 -3.464356144963296e-13 -0.1
23.0425 1.9 0.0 1.8999999999998658 -3.4799679952083983e-13 -0.1
23.0475 1.9 0.0 1.899999999999866 -3.4969916092233194e-13 -0.1
23.052500000000002 1.9 0.0 1.8999999999998667 -3.5184477288161834e-13 -0.1
23.057499999999997 1.9 0.0 1.8999999999998667 -3.5538104167407327e-13 -0.1
23.0625 1.9 0.0 1.8999999999998671 -3.588969629754074e-13 -0.1
23.067500000000003 1.9 0.0 1.8999999999998674 -3.5913119444525933e-13 -0.1
23.072499999999998 1.9 0.0 1.8999999999998674 -3.5793094127989355e-13 -0.1
23.0775 1.9 0.0 1.8999999999998674 -3.575268220220064e-13 -0.1
23.082500000000003 1.9 0.0 1.899999999999866 -3.5543101502678197e-13 -0.1
23.0875 1.9 0.0 1.8999999999998654 -3.5458064825308453e-13 -0.1
23.0925 1.9 0.0 1.8999999999998658 -3.5380499294056966e-13 -0.1
23.0975 1.9 0.0 1.899999999999866 -3.558575453821227e-13 -0.1
23.1025 1.9 0.0 1.8999999999998665 -3.5603413307401424e-13 -0.1
23.1075 1.9 0.0 1.8999999999998667 -3.4887798834776185e-13 -0.1
23.1125 1.9 0.0 1.8999999999998656 -3.427278801329803e-13 -0.1
23.1175 1.9 0.0 1.8999999999998654 -3.3806255062840406e-13 -0.1
23.122500000000002 1.9 0.0 1.899999999999865 -3.3639650538932894e-13 -0.1
23.127499999999998 1.9 0.0 1.8999999999998654 -3.3749996020792625e-13 -0.1
23.1325 1.9 0.0 1.899999999999866 -3.3609769796846046e-13 -0.1
23.137500000000003 1.9 0.0 1.8999999999998665 -3.3327972933048525e-13 -0.1
23.1425 1.9 0.0 1.899999999999866 -3.335051909239772e-13 -0.1
23.1475 1.9 0.0 1.8999999999998658 -3.3616010722792026e-13 -0.1
23.152500000000003 1.9 0.0 1.8999999999998658 -3.4062134787651336e-13 -0.1
23.1575 1.9 0.0 1.8999999999998662 -3.4643010962621414e-13 -0.1
23.1625 1.9 0.0 1.8999999999998662 -3.511729393989705e-13 -0.1
23.1675 1.9 0.0 1.8999999999998665 -3.518305306645685e-13 -0.1
23.1725 1.9 0.0 1.8999999999998667 -3.497766757628627e-13 -0.1
23.177500000000002 1.9 0.0 1.899999999999868 -3.486012039015645e-13 -0.1
23.182499999999997 1.9 0.0 1.8999999999998685 -3.4881480655340343e-13 -0.1
23.1875 1.9 0.0 1.8999999999998685 -3.5286216189850137e-13 -0.1
23.192500000000003 1.9 0.0 1.8999999999998693 -3.551241397199811e-13 -0.1
23.197499999999998 1.9 0.0 1.899999999999869 -3.503393761495102e-13 -0.1
23.2025 1.9 0.0 1.8999999999998674 -3.4744942766138877e-13 -0.1
23.207500000000003 1.9 0.0 1.8999999999998665 -3.4558139202040727e-13 -0.1
23.2125 1.9 0.0 1.8999999999998667 -3.447248534617108e-13 -0.1
23.2175 1.9 0.0 1.8999999999998667 -3.479315457504264e-13 -0.1
23.2225 1.9 0.0 1.8999999999998667 -3.5179170233566677e-13 -0.1
23.2275 1.9 0.0 1.8999999999998662 -3.539487122073586e-13 -0.1
23.2325 1.9 0.0 1.8999999999998658 -3.562500274984884e-13 -0.1
23.2375 1.9 0.0 1.899999999999865 -3.582027568701176e-13 -0.1
23.2425 1.9 0.0 1.8999999999998651 -3.5750261660251184e-13 -0.1
23.247500000000002 1.9 0.0 1.8999999999998665 -3.540131794248438e-13 -0.1
23.252499999999998 1.9 0.0 1.8999999999998678 -3.5035406854220247e-13 -0.1
23.2575 1.9 0.0 1.899999999999868 -3.49288910816388e-13 -0.1
23.262500000000003 1.9 0.0 1.899999999999868 -3.5056321457569465e-13 -0.1
23.2675 1.9 0.0 1.8999999999998685 -3.5255346737153333e-13 -0.1
23.2725 1.9 0.0 1.8999999999998685 -3.5283738219266085e-13 -0.1
23.277500000000003 1.9 0.0 1.8999999999998678 -3.543505674436117e-13 -0.1
23.2825 1.9 0.0 1.8999999999998667 -3.5874018077018784e-13 -0.1
23.2875 1.9 0.0 1.8999999999998667 -3.6330084823676094e-13 -0.1
23.2925 1.9 0.0 1.8999999999998667 -3.6434941205714654e-13 -0.1
23.2975 1.9 0.0 1.8999999999998662 -3.6484026762549263e-13 -0.1
23.302500000000002 1.9 0.0 1.8999999999998667 -3.6660740873066514e-13 -0.1
23.307499999999997 1.9 0.0 1.8999999999998667 -3.724124054683342e-13 -0.1
23.3125 1.9 0.0 1.8999999999998676 -3.762445655931788e-13 -0.1
23.317500000000003 1.9 0.0 1.899999999999868 -3.7627075220227407e-13 -0.1
23.322499999999998 1.9 0.0 1.899999999999868 -3.7351506562733885e-13 -0.1
23.3275 1.9 0.0 1.8999999999998678 -3.673013483503061e-13 -0.1
23.332500000000003 1.9 0.0 1.8999999999998674 -3.6408625635109635e-13 -0.1
23.3375 1.9 0.0 1.8999999999998682 -3.6434827698955776e-13 -0.1
23.3425 1.9 0.0 1.899999999999869 -3.678225131709598e-13 -0.1
23.3475 1.9 0.0 1.8999999999998698 -3.728338415413019e-13 -0.1
23.3525 1.9 0.0 1.8999999999998702 -3.775768879610676e-13 -0.1
23.3575 1.9 0.0 1.89999999999987 -3.7802071692723295e-13 -0.1
23.3625 1.9 0.0 1.89999999999987 -3.7689561728429344e-13 -0.1
23.3675 1.9 0.0 1.8999999999998698 -3.789014359429707e-13 -0.1
23.372500000000002 1.9 0.0 1.89999999999987 -3.795015187992548e-13 -0.1
23.377499999999998 1.9 0.0 1.8999999999998707 -3.7848006486456813e-13 -0.1
23.3825 1.9 0.0 1.899999999999871 -3.759180759433728e-13 -0.1
23.387500000000003 1.9 0.0 1.8999999999998713 -3.743227902077758e-13 -0.1
23.3925 1.9 0.0 1.8999999999998725 -3.7375372775097616e-13 -0.1
23.3975 1.9 0.0 1.8999999999998733 -3.7139372461648377e-13 -0.1
23.402500000000003 1.9 0.0 1.8999999999998738 -3.717222748187111e-13 -0.1
23.4075 1.9 0.0 1.8999999999998738 -3.7213710419314534e-13 -0.1
23.4125 1.9 0.0 1.8999999999998733 -3.7128274818649267e-13 -0.1
23.4175 1.9 0.0 1.8999999999998733 -3.7152284901532887e-13 -0.1
23.4225 1.9 0.0 1.8999999999998733 -3.745460870401183e-13 -0.1
23.427500000000002 1.9 0.0 1.8999999999998733 -3.7592140993998454e-13 -0.1
23.432499999999997 1.9 0.0 1.8999999999998725 -3.714145242910059e-13 -0.1
23.4375 1.9 0.0 1.8999999999998725 -3.636447124952598e-13 -0.1
23.442500000000003 1.9 0.0 1.8999999999998725 -3.5876256650088097e-13 -0.1
23.447499999999998 1.9 0.0 1.8999999999998727 -3.5969428123038556e-13 -0.1
23.4525 1.9 0.0 1.899999999999873 -3.5994052932614327e-13 -0.1
23.457500000000003 1.9 0.0 1.899999999999873 -3.618707440863925e-13 -0.1
23.4625 1.9 0.0 1.899999999999872 -3.6670173174245376e-13 -0.1
23.4675 1.9 0.0 1.8999999999998716 -3.7026741500725286e-13 -0.1
23.4725 1.9 0.0 1.8999999999998716 -3.737325460833701e-13 -0.1
23.4775 1.9 0.0 1.8999999999998713 -3.7497456814313214e-13 -0.1
23.4825 1.9 0.0 1.8999999999998713 -3.761650511577805e-13 -0.1
23.4875 1.9 0.0 1.8999999999998707 -3.775642354934552e-13 -0.1
23.4925 1.9 0.0 1.8999999999998713 -3.7526677906401623e-13 -0.1
23.497500000000002 1.9 0.0 1.8999999999998727 -3.716768568492894e-13 -0.1
23.502499999999998 1.9 0.0 1.8999999999998733 -3.6913887019944433e-13 -0.1
23.5075 1.9 0.0 1.8999999999998733 -3.6889073084981657e-13 -0.1
23.512500000000003 1.9 0.0 1.8999999999998733 -3.713220163508992e-13 -0.1
23.5175 1.9 0.0 1.8999999999998738 -3.7162382351288847e-13 -0.1
23.5225 1.9 0.0 1.8999999999998738 -3.720327112336139e-13 -0.1
23.527500000000003 1.9 0.0 1.8999999999998738 -3.7287181321509283e-13 -0.1
23.5325 1.9 0.0 1.8999999999998738 -3.721010649374494e-13 -0.1
23.5375 1.9 0.0 1.8999999999998738 -3.7275528965443424e-13 -0.1
23.5425 1.9 0.0 1.8999999999998738 -3.742436515063029e-13 -0.1
23.5475 1.9 0.0 1.8999999999998738 -3.774916878844817e-13 -0.1
23.552500000000002 1.9 0.0 1.8999999999998738 -3.7767856971418224e-13 -0.1
23.557499999999997 1.9 0.0 1.8999999999998733 -3.7752984306214037e-13 -0.1
23.5625 1.9 0.0 1.8999999999998733 -3.7982280338662065e-13 -0.1
23.567500000000003 1.9 0.0 1.8999999999998733 -3.8164616930451444e-13 -0.1
23.572499999999998 1.9 0.0 1.8999999999998738 -3.8210281355345184e-13 -0.1
23.5775 1.9 0.0 1.8999999999998738 -3.8271844502923953e-13 -0.1
23.582500000000003 1.9 0.0 1.8999999999998733 -3.8525474737553254e-13 -0.1
23.5875 1.9 0.0 1.8999999999998736 -3.8402085955488054e-13 -0.1
23.5925 1.9 0.0 1.8999999999998745 -3.7991176846713796e-13 -0.1
23.5975 1.9 0.0 1.8999999999998753 -3.783680521419542e-13 -0.1
23.6025 1.9 0.0 1.8999999999998753 -3.779577863839363e-13 -0.1
23.6075 1.9 0.0 1.8999999999998753 -3.782877553869871e-13 -0.1
23.6125 1.9 0.0 1.8999999999998753 -3.787716949995109e-13 -0.1
23.6175 1.9 0.0 1.8999999999998753 -3.7844862594102355e-13 -0.1
23.622500000000002 1.9 0.0 1.8999999999998753 -3.789568699541992e-13 -0.1
23.627499999999998 1.9 0.0 1.8999999999998756 -3.790690884359805e-13 -0.1
23.6325 1.9 0.0 1.899999999999876 -3.7792655675820527e-13 -0.1
23.637500000000003 1.9 0.0 1.8999999999998765 -3.7588003276757176e-13 -0.1
23.6425 1.9 0.0 1.899999999999876 -3.742290749045432e-13 -0.1
23.6475 1.9 0.0 1.8999999999998753 -3.728581075339545e-13 -0.1
23.652500000000003 1.9 0.0 1.8999999999998753 -3.717559004589382e-13 -0.1
23.6575 1.9 0.0 1.8999999999998751 -3.7323680132405706e-13 -0.1
23.6625 1.9 0.0 1.8999999999998753 -3.741228066287927e-13 -0.1
23.6675 1.9 0.0 1.8999999999998753 -3.7328965504252085e-13 -0.1
23.6725 1.9 0.0 1.8999999999998753 -3.740473894816814e-13 -0.1
23.677500000000002 1.9 0.0 1.8999999999998753 -3.743320187846468e-13 -0.1
23.682499999999997 1.9 0.0 1.8999999999998751 -3.74321661157829e-13 -0.1
23.6875 1.9 0.0 1.8999999999998751 -3.7481155927214494e-13 -0.1
23.692500000000003 1.9 0.0 1.8999999999998751 -3.7544806127127507e-13 -0.1
23.697499999999998 1.9 0.0 1.8999999999998751 -3.767790248898049e-13 -0.1
23.7025 1.9 0.0 1.8999999999998751 -3.796163976454482e-13 -0.1
23.707500000000003 1.9 0.0 1.8999999999998745 -3.7833705647016e-13 -0.1
23.7125 1.9 0.0 1.8999999999998733 -3.7526038463207927e-13 -0.1
23.7175 1.9 0.0 1.899999999999873 -3.7376565578655606e-13 -0.1
23.7225 1.9 0.0 1.899999999999873 -3.741495260703058e-13 -0.1
23.7275 1.9 0.0 1.8999999999998733 -3.7634167490618093e-13 -0.1
23.7325 1.9 0.0 1.8999999999998733 -3.771590584898579e-13 -0.1
23.7375 1.9 0.0 1.8999999999998733 -3.768859968189308e-13 -0.1
23.7425 1.9 0.0 1.8999999999998733 -3.7771702157915023e-13 -0.1
23.747500000000002 1.9 0.0 1.8999999999998733 -3.784989813745579e-13 -0.1
23.752499999999998 1.9 0.0 1.8999999999998738 -3.783541909718816e-13 -0.1
23.7575 1.9 0.0 1.8999999999998738 -3.794998906952446e-13 -0.1
23.762500000000003 1.9 0.0 1.8999999999998738 -3.7947036381390285e-13 -0.1
23.7675 1.9 0.0 1.8999999999998733 -3.808144544950051e-13 -0.1
23.7725 1.9 0.0 1.8999999999998738 -3.8379099249906587e-13 -0.1
23.777500000000003 1.9 0.0 1.8999999999998738 -3.8737551980652335e-13 -0.1
23.7825 1.9 0.0 1.899999999999875 -3.9088441288082425e-13 -0.1
23.7875 1.9 0.0 1.8999999999998747 -3.9279844403568444e-13 -0.1
23.7925 1.9 0.0 1.8999999999998751 -3.9297153280261596e-13 -0.1
23.7975 1.9 0.0 1.8999999999998751 -3.931067840878857e-13 -0.1
23.802500000000002 1.9 0.0 1.8999999999998747 -3.9472521726144107e-13 -0.1
23.807499999999997 1.9 0.0 1.8999999999998747 -3.957226016462972e-13 -0.1
23.8125 1.9 0.0 1.8999999999998747 -3.960790510923516e-13 -0.1
23.817500000000003 1.9 0.0 1.8999999999998747 -3.970173243728527e-13 -0.1
23.822499999999998 1.9 0.0 1.8999999999998747 -3.9779944840299703e-13 -0.1
23.8275 1.9 0.0 1.8999999999998747 -3.995308810350494e-13 -0.1
23.832500000000003 1.9 0.0 1.8999999999998747 -4.008349776197499e-13 -0.1
23.8375 1.9 0.0 1.8999999999998747 -4.0199432191642674e-13 -0.1
23.8425 1.9 0.0 1.8999999999998751 -4.0328153785647915e-13 -0.1
23.8475 1.9 0.0 1.8999999999998753 -4.029150210099595e-13 -0.1
23.8525 1.9 0.0 1.8999999999998753 -4.0303700816168513e-13 -0.1
23.8575 1.9 0.0 1.8999999999998753 -4.0344086476239697e-13 -0.1
23.8625 1.9 0.0 1.8999999999998753 -4.0301193066865967e-13 -0.1
23.8675 1.9 0.0 1.8999999999998753 -4.0430392802555657e-13 -0.1
23.872500000000002 1.9 0.0 1.8999999999998758 -4.0443691323892783e-13 -0.1
23.877499999999998 1.9 0.0 1.899999999999877 -3.985011690055597e-13 -0.1
23.8825 1.9 0.0 1.899999999999878 -3.9437459663834627e-13 -0.1
23.887500000000003 1.9 0.0 1.8999999999998793 -3.912290093586372e-13 -0.1
23.8925 1.9 0.0 1.8999999999998805 -3.878677798875015e-13 -0.1
23.8975 1.9 0.0 1.8999999999998805 -3.8887613898561365e-13 -0.1
23.902500000000003 1.9 0.0 1.8999999999998805 -3.8974691993181513e-13 -0.1
23.9075 1.9 0.0 1.8999999999998805 -3.8949620362604157e-13 -0.1
23.9125 1.9 0.0 1.8999999999998805 -3.90441705422076e-13 -0.1
23.9175 1.9 0.0 1.8999999999998805 -3.913098125706473e-13 -0.1
23.9225 1.9 0.0 1.8999999999998805 -3.9339485473868955e-13 -0.1
23.927500000000002 1.9 0.0 1.8999999999998805 -3.948165461641162e-13 -0.1
23.9325 1.9 0.0 1.89999999999988 -3.957706817407639e-13 -0.1
23.9375 1.9 0.0 1.8999999999998805 -3.9642716814959197e-13 -0.1
23.942500000000003 1.9 0.0 1.89999999999988 -3.958451576205991e-13 -0.1
23.947499999999998 1.9 0.0 1.89999999999988 -3.9736737528471487e-13 -0.1
23.9525 1.9 0.0 1.89999999999988 -3.9765186202914055e-13 -0.1
23.957500000000003 1.9 0.0 1.89999999999988 -3.9859306738463796e-13 -0.1
23.9625 1.9 0.0 1.8999999999998805 -3.988327029756222e-13 -0.1
23.9675 1.9 0.0 1.8999999999998805 -3.990682409637609e-13 -0.1
23.9725 1.9 0.0 1.8999999999998805 -4.017627451257633e-13 -0.1
23.9775 1.9 0.0 1.8999999999998807 -4.024215998841467e-13 -0.1
23.9825 1.9 0.0 1.8999999999998805 -4.0361001221785784e-13 -0.1
23.9875 1.9 0.0 1.8999999999998805 -4.060119414555035e-13 -0.1
23.9925 1.9 0.0 1.8999999999998805 -4.063390776231702e-13 -0.1
23.997500000000002 1.9 0.0 1.8999999999998805 -4.060889875631035e-13 -0.1
24.002499999999998 1.9 0.0 1.8999999999998805 -4.067015516829811e-13 -0.1
24.0075 1.9 0.0 1.89999999999988 -4.0853052738199716e-13 -0.1
24.012500000000003 1.9 0.0 1.8999999999998805 -4.090536740916472e-13 -0.1
24.0175 1.9 0.0 1.8999999999998805 -4.0871315968680674e-13 -0.1
24.0225 1.9 0.0 1.8999999999998805 -4.107341294551071e-13 -0.1
24.027500000000003 1.9 0.0 1.8999999999998805 -4.1138665838934606e-13 -0.1
24.0325 1.9 0.0 1.8999999999998805 -4.1046467210754864e-13 -0.1
24.0375 1.9 0.0 1.8999999999998805 -4.110715086851481e-13 -0.1
24.0425 1.9 0.0 1.8999999999998805 -4.125335142057667e-13 -0.1
24.0475 1.9 0.0 1.89999999999988 -4.1158749692970927e-13 -0.1
24.052500000000002 1.9 0.0 1.8999999999998791 -4.0930236510220543e-13 -0.1
24.0575 1.9 0.0 1.8999999999998787 -4.100423008820927e-13 -0.1
24.0625 1.9 0.0 1.8999999999998791 -4.1157671118228914e-13 -0.1
24.067500000000003 1.9 0.0 1.8999999999998791 -4.1261333682743254e-13 -0.1
24.072499999999998 1.9 0.0 1.8999999999998791 -4.1469553154421284e-13 -0.1
24.0775 1.9 0.0 1.8999999999998791 -4.149555135942481e-13 -0.1
24.082500000000003 1.9 0.0 1.8999999999998791 -4.144224612741082e-13 -0.1
24.0875 1.9 0.0 1.8999999999998791 -4.153013119767133e-13 -0.1
24.0925 1.9 0.0 1.8999999999998791 -4.161164158187559e-13 -0.1
24.0975 1.9 0.0 1.8999999999998791 -4.1710304608427436e-13 -0.1
24.1025 1.9 0.0 1.8999999999998791 -4.171034183301523e-13 -0.1
24.1075 1.9 0.0 1.8999999999998787 -4.1719018128160817e-13 -0.1
24.1125 1.9 0.0 1.8999999999998782 -4.1788552781173457e-13 -0.1
24.1175 1.9 0.0 1.8999999999998782 -4.19319485540232e-13 -0.1
24.122500000000002 1.9 0.0 1.8999999999998787 -4.203883988065869e-13 -0.1
24.127499999999998 1.9 0.0 1.8999999999998787 -4.217301577552521e-13 -0.1
24.1325 1.9 0.0 1.8999999999998782 -4.2353742372107655e-13 -0.1
24.137500000000003 1.9 0.0 1.8999999999998787 -4.238868081542838e-13 -0.1
24.1425 1.9 0.0 1.8999999999998798 -4.2093845263336203e-13 -0.1
24.1475 1.9 0.0 1.8999999999998813 -4.1462617461902237e-13 -0.1
24.152500000000003 1.9 0.0 1.8999999999998831 -4.07169740137146e-13 -0.1
24.1575 1.9 0.0 1.899999999999884 -4.026080161899044e-13 -0.1
24.1625 1.9 0.0 1.8999999999998844 -4.0221770323289745e-13 -0.1
24.1675 1.9 0.0 1.8999999999998844 -4.0237950470194276e-13 -0.1
24.1725 1.9 0.0 1.8999999999998844 -4.037489015055126e-13 -0.1
24.177500000000002 1.9 0.0 1.8999999999998844 -4.0441039068956897e-13 -0.1
24.1825 1.9 0.0 1.899999999999884 -4.046723537938287e-13 -0.1
24.1875 1.9 0.0 1.899999999999884 -4.066422676569567e-13 -0.1
24.192500000000003 1.9 0.0 1.8999999999998844 -4.080717916319509e-13 -0.1
24.197499999999998 1.9 0.0 1.8999999999998844 -4.08296698353203e-13 -0.1
24.2025 1.9 0.0 1.899999999999884 -4.0877773888214495e-13 -0.1
24.207500000000003 1.9 0.0 1.899999999999884 -4.0886536115235365e-13 -0.1
24.2125 1.9 0.0 1.899999999999884 -4.090110848779314e-13 -0.1
24.2175 1.9 0.0 1.899999999999884 -4.1058026714796593e-13 -0.1
24.2225 1.9 0.0 1.899999999999884 -4.125676168905987e-13 -0.1
24.2275 1.9 0.0 1.8999999999998844 -4.1285573013136906e-13 -0.1
24.2325 1.9 0.0 1.899999999999884 -4.1437191366157744e-13 -0.1
24.2375 1.9 0.0 1.899999999999884 -4.157194856612763e-13 -0.1
24.2425 1.9 0.0 1.899999999999884 -4.152972940531328e-13 -0.1
24.247500000000002 1.9 0.0 1.899999999999884 -4.1567856823586427e-13 -0.1
24.252499999999998 1.9 0.0 1.899999999999884 -4.1605378589557344e-13 -0.1
24.2575 1.9 0.0 1.899999999999884 -4.161095778679383e-13 -0.1
24.262500000000003 1.9 0.0 1.899999999999884 -4.163601875216561e-13 -0.1
24.2675 1.9 0.0 1.899999999999884 -4.1748205867478155e-13 -0.1
24.2725 1.9 0.0 1.899999999999884 -4.1812686666268335e-13 -0.1
24.277500000000003 1.9 0.0 1.899999999999884 -4.2018032248914785e-13 -0.1
24.2825 1.9 0.0 1.899999999999884 -4.222099696202643e-13 -0.1
24.2875 1.9 0.0 1.899999999999884 -4.209484602498522e-13 -0.1
24.2925 1.9 0.0 1.8999999999998836 -4.190621838327551e-13 -0.1
24.2975 1.9 0.0 1.8999999999998833 -4.1713712602716065e-13 -0.1
24.302500000000002 1.9 0.0 1.8999999999998827 -4.1733667389602076e-13 -0.1
24.3075 1.9 0.0 1.8999999999998827 -4.191161514733692e-13 -0.1
24.3125 1.9 0.0 1.8999999999998827 -4.1991637142511353e-13 -0.1
24.317500000000003 1.9 0.0 1.8999999999998827 -4.2100412680745546e-13 -0.1
24.322499999999998 1.9 0.0 1.8999999999998827 -4.218112458878144e-13 -0.1
24.3275 1.9 0.0 1.899999999999882 -4.208757389763875e-13 -0.1
24.332500000000003 1.9 0.0 1.899999999999882 -4.224348459007488e-13 -0.1
24.3375 1.9 0.0 1.8999999999998827 -4.2346213358779685e-13 -0.1
24.3425 1.9 0.0 1.8999999999998827 -4.23254843891219e-13 -0.1
24.3475 1.9 0.0 1.8999999999998827 -4.255265149391288e-13 -0.1
24.3525 1.9 0.0 1.8999999999998827 -4.266707993844104e-13 -0.1
24.3575 1.9 0.0 1.8999999999998827 -4.2501618565610093e-13 -0.1
24.3625 1.9 0.0 1.8999999999998836 -4.2172730103979816e-13 -0.1
24.3675 1.9 0.0 1.899999999999884 -4.1994468781259996e-13 -0.1
24.372500000000002 1.9 0.0 1.899999999999884 -4.196947111745805e-13 -0.1
24.377499999999998 1.9 0.0 1.899999999999884 -4.21687769737396e-13 -0.1
24.3825 1.9 0.0 1.899999999999884 -4.2222789604459993e-13 -0.1
24.387500000000003 1.9 0.0 1.899999999999884 -4.22802903281803e-13 -0.1
24.3925 1.9 0.0 1.8999999999998844 -4.2451877917117223e-13 -0.1
24.3975 1.9 0.0 1.8999999999998844 -4.2490230555056574e-13 -0.1
24.402500000000003 1.9 0.0 1.899999999999884 -4.255873031750749e-13 -0.1
24.4075 1.9 0.0 1.899999999999884 -4.2731259486494037e-13 -0.1
24.4125 1.9 0.0 1.8999999999998844 -4.280208156411818e-13 -0.1
24.4175 1.9 0.0 1.899999999999884 -4.276718729816945e-13 -0.1
24.4225 1.9 0.0 1.8999999999998851 -4.2504059660123943e-13 -0.1
24.427500000000002 1.9 0.0 1.8999999999998858 -4.2301585202303687e-13 -0.1
24.4325 1.9 0.0 1.8999999999998858 -4.241144209012602e-13 -0.1
24.4375 1.9 0.0 1.8999999999998853 -4.2549051055653115e-13 -0.1
24.442500000000003 1.9 0.0 1.8999999999998853 -4.271794474150158e-13 -0.1
24.447499999999998 1.9 0.0 1.8999999999998853 -4.284391137632182e-13 -0.1
24.4525 1.9 0.0 1.8999999999998853 -4.2945782018297285e-13 -0.1
24.457500000000003 1.9 0.0 1.8999999999998853 -4.3009268577287043e-13 -0.1
24.4625 1.9 0.0 1.8999999999998853 -4.305325226993485e-13 -0.1
24.4675 1.9 0.0 1.8999999999998853 -4.3243463687242503e-13 -0.1
24.4725 1.9 0.0 1.8999999999998858 -4.33748491543995e-13 -0.1
24.4775 1.9 0.0 1.8999999999998858 -4.346604634545268e-13 -0.1
24.4825 1.9 0.0 1.8999999999998858 -4.3555937331079476e-13 -0.1
24.4875 1.9 0.0 1.8999999999998853 -4.3692376145405937e-13 -0.1
24.4925 1.9 0.0 1.8999999999998858 -4.3714180225507214e-13 -0.1
24.497500000000002 1.9 0.0 1.899999999999885 -4.364842809721457e-13 -0.1
24.502499999999998 1.9 0.0 1.8999999999998858 -4.3864634974486897e-13 -0.1
24.5075 1.9 0.0 1.8999999999998867 -4.3541063356046936e-13 -0.1
24.512500000000003 1.9 0.0 1.8999999999998876 -4.3208107953967446e-13 -0.1
24.5175 1.9 0.0 1.899999999999888 -4.3215277086940653e-13 -0.1
24.5225 1.9 0.0 1.899999999999888 -4.3154755762589193e-13 -0.1
24.527500000000003 1.9 0.0 1.8999999999998876 -4.3237645728545675e-13 -0.1
24.5325 1.9 0.0 1.899999999999888 -4.320107046388877e-13 -0.1
24.5375 1.9 0.0 1.899999999999888 -4.3208768758224304e-13 -0.1
24.5425 1.9 0.0 1.899999999999888 -4.3365905247783957e-13 -0.1
24.5475 1.9 0.0 1.899999999999888 -4.3541113995735575e-13 -0.1
24.552500000000002 1.9 0.0 1.899999999999888 -4.361292482993783e-13 -0.1
24.5575 1.9 0.0 1.8999999999998876 -4.375033960662962e-13 -0.1
24.5625 1.9 0.0 1.899999999999888 -4.3672251292330495e-13 -0.1
24.567500000000003 1.9 0.0 1.8999999999998893 -4.3391702509792597e-13 -0.1
24.572499999999998 1.9 0.0 1.8999999999998898 -4.334312643095595e-13 -0.1
24.5775 1.9 0.0 1.8999999999998893 -4.344055540310036e-13 -0.1
24.582500000000003 1.9 0.0 1.8999999999998893 -4.3517651185513034e-13 -0.1
24.5875 1.9 0.0 1.8999999999998898 -4.353298954768082e-13 -0.1
24.5925 1.9 0.0 1.8999999999998898 -4.353823781188691e-13 -0.1
24.5975 1.9 0.0 1.8999999999998893 -4.36137233773122e-13 -0.1
24.6025 1.9 0.0 1.8999999999998898 -4.3621225535261385e-13 -0.1
24.6075 1.9 0.0 1.8999999999998893 -4.369919995292497e-13 -0.1
24.6125 1.9 0.0 1.8999999999998893 -4.3868452460839424e-13 -0.1
24.6175 1.9 0.0 1.8999999999998893 -4.389472420559467e-13 -0.1
24.622500000000002 1.9 0.0 1.8999999999998893 -4.398900956261362e-13 -0.1
24.627499999999998 1.9 0.0 1.8999999999998893 -4.3977604496946184e-13 -0.1
24.6325 1.9 0.0 1.8999999999998893 -4.408493366071501e-13 -0.1
24.637500000000003 1.9 0.0 1.8999999999998893 -4.426423867173865e-13 -0.1
24.6425 1.9 0.0 1.8999999999998893 -4.428044650393134e-13 -0.1
24.6475 1.9 0.0 1.8999999999998889 -4.4425438191509977e-13 -0.1
24.652500000000003 1.9 0.0 1.8999999999998887 -4.454385337750036e-13 -0.1
24.6575 1.9 0.0 1.8999999999998893 -4.4264367013862735e-13 -0.1
24.6625 1.9 0.0 1.8999999999998907 -4.3975293830569613e-13 -0.1
24.6675 1.9 0.0 1.8999999999998898 -4.4193311320274425e-13 -0.1
24.6725 1.9 0.0 1.8999999999998893 -4.450742164202836e-13 -0.1
24.677500000000002 1.9 0.0 1.8999999999998887 -4.4637965437030604e-13 -0.1
24.6825 1.9 0.0 1.899999999999888 -4.4760541041961544e-13 -0.1
24.6875 1.9 0.0 1.8999999999998887 -4.4696468193503643e-13 -0.1
24.692500000000003 1.9 0.0 1.8999999999998893 -4.4398015059114614e-13 -0.1
24.697499999999998 1.9 0.0 1.8999999999998898 -4.4280951552452207e-13 -0.1
24.7025 1.9 0.0 1.89999999999989 -4.3963163989685847e-13 -0.1
24.707500000000003 1.9 0.0 1.8999999999998898 -4.384501946203009e-13 -0.1
24.7125 1.9 0.0 1.8999999999998896 -4.4069432487479284e-13 -0.1
24.7175 1.9 0.0 1.8999999999998889 -4.4199446330637545e-13 -0.1
24.7225 1.9 0.0 1.8999999999998889 -4.4348937881670485e-13 -0.1
24.7275 1.9 0.0 1.899999999999889 -4.4617697173509883e-13 -0.1
24.7325 1.9 0.0 1.899999999999889 -4.4929521161387224e-13 -0.1
24.7375 1.9 0.0 1.8999999999998884 -4.5379695293579955e-13 -0.1
24.7425 1.9 0.0 1.8999999999998887 -4.559207514142155e-13 -0.1
24.747500000000002 1.9 0.0 1.8999999999998887 -4.5399323133738137e-13 -0.1
24.752499999999998 1.9 0.0 1.8999999999998887 -4.5443942804438953e-13 -0.1
24.7575 1.9 0.0 1.8999999999998884 -4.5359908289113005e-13 -0.1
24.762500000000003 1.9 0.0 1.8999999999998882 -4.547747150477229e-13 -0.1
24.7675 1.9 0.0 1.899999999999888 -4.577065535392216e-13 -0.1
24.7725 1.9 0.0 1.899999999999888 -4.600047993532795e-13 -0.1
24.777500000000003 1.9 0.0 1.899999999999888 -4.608090482459849e-13 -0.1
24.7825 1.9 0.0 1.899999999999888 -4.603087793108675e-13 -0.1
24.7875 1.9 0.0 1.899999999999888 -4.610992021667429e-13 -0.1
24.7925 1.9 0.0 1.899999999999888 -4.620896881274426e-13 -0.1
24.7975 1.9 0.0 1.899999999999888 -4.627140838307296e-13 -0.1
24.802500000000002 1.9 0.0 1.8999999999998873 -4.613508704748169e-13 -0.1
24.8075 1.9 0.0 1.8999999999998873 -4.596386061944004e-13 -0.1
24.8125 1.9 0.0 1.899999999999888 -4.59978397692429e-13 -0.1
24.817500000000003 1.9 0.0 1.899999999999888 -4.614772953888977e-13 -0.1
24.822499999999998 1.9 0.0 1.899999999999888 -4.623148598037905e-13 -0.1
24.8275 1.9 0.0 1.8999999999998889 -4.578318332893747e-13 -0.1
24.832500000000003 1.9 0.0 1.8999999999998898 -4.5314247276436475e-13 -0.1
24.8375 1.9 0.0 1.89999999999989 -4.530190007854117e-13 -0.1
24.8425 1.9 0.0 1.89999999999989 -4.53744946707924e-13 -0.1
24.8475 1.9 0.0 1.899999999999891 -4.5129304186561454e-13 -0.1
24.8525 1.9 0.0 1.8999999999998924 -4.4746487098837646e-13 -0.1
24.8575 1.9 0.0 1.8999999999998924 -4.47438394651243e-13 -0.1
24.8625 1.9 0.0 1.8999999999998924 -4.4831973779928515e-13 -0.1
24.8675 1.9 0.0 1.8999999999998924 -4.483988212693111e-13 -0.1
24.872500000000002 1.9 0.0 1.8999999999998927 -4.492863153994266e-13 -0.1
24.877499999999998 1.9 0.0 1.8999999999998927 -4.495497456604231e-13 -0.1
24.8825 1.9 0.0 1.8999999999998927 -4.501676444673465e-13 -0.1
24.887500000000003 1.9 0.0 1.8999999999998927 -4.517024388658559e-13 -0.1
24.8925 1.9 0.0 1.8999999999998927 -4.5090931450583993e-13 -0.1
24.8975 1.9 0.0 1.899999999999892 -4.509810635238416e-13 -0.1
24.902500000000003 1.9 0.0 1.899999999999892 -4.496116916289353e-13 -0.1
24.9075 1.9 0.0 1.8999999999998916 -4.503896005459157e-13 -0.1
24.9125 1.9 0.0 1.8999999999998916 -4.5303443009936256e-13 -0.1
24.9175 1.9 0.0 1.899999999999891 -4.578758921144847e-13 -0.1
24.9225 1.9 0.0 1.899999999999891 -4.592836276812721e-13 -0.1
24.927500000000002 1.9 0.0 1.8999999999998902 -4.640134636790185e-13 -0.1
24.9325 1.9 0.0 1.8999999999998907 -4.655164924110666e-13 -0.1
24.9375 1.9 0.0 1.8999999999998889 -4.710994402934111e-13 -0.1
24.942500000000003 1.9 0.0 1.8999999999998907 -4.650319148589328e-13 -0.1
24.947499999999998 1.9 0.0 1.8999999999998887 -4.741643385621451e-13 -0.1
24.9525 1.9 0.0 1.8999999999998913 -4.61767609784564e-13 -0.1
24.957500000000003 1.9 0.0 1.8999999999998873 -4.812837511200288e-13 -0.1
24.9625 1.9 0.0 1.8999999999998933 -4.55323456612696e-13 -0.1
24.9675 1.9 0.0 1.8999999999998844 -4.938610812021012e-13 -0.1
24.9725 1.9 0.0 1.8999999999998973 -4.388450752167323e-13 -0.1
24.9775 1.9 0.0 1.8999999999998793 -5.179603747058278e-13 -0.1
24.9825 1.9 0.0 1.8999999999999073 -3.96537236976891e-13 -0.1
24.9875 1.9 0.0 1.899999999999868 -5.662476823720981e-13 -0.1
24.9925 1.9 0.0 1.8999999999999262 -3.169131200437729e-13 -0.1
24.997500000000002 1.9 0.0 1.8999999999998467 -6.616187713780076e-13 -0.1

