0.0025 2.999999999999999 4.42 2.999999999999999 4.42 -1.3790593622234122e-70
0.0075 2.999999999999999 4.42 2.999999999999999 4.42 -1.6758460996899557e-70
0.0125 2.999999999999999 4.42 2.999999999999999 4.42 -2.0270559036300675e-70
0.0175 2.999999999999999 4.42 2.999999999999999 4.42 -2.44187297645711e-70
0.0225 2.999999999999999 4.42 2.999999999999999 4.42 -2.930952835662774e-70
0.0275 2.999999999999999 4.42 2.999999999999999 4.42 -3.5066495981456865e-70
0.0325 2.999999999999999 4.42 2.999999999999999 4.42 -4.1832774258043423e-70
0.037500000000000006 2.999999999999999 4.42 2.999999999999999 4.42 -4.9774111563089664e-70
0.042499999999999996 2.999999999999999 4.42 2.999999999999999 4.42 -5.908231868617492e-70
0.0475 2.999999999999999 4.42 2.999999999999999 4.42 -6.997923961638603e-70
0.052500000000000005 2.999999999999999 4.42 2.999999999999999 4.42 -8.272131271001598e-70
0.057499999999999996 2.999999999999999 4.42 2.999999999999999 4.42 -9.760480829593164e-70
0.0625 2.999999999999999 4.42 2.999999999999999 4.42 -1.1497184111213586e-69
0.0675 2.999999999999999 4.42 2.999999999999999 4.42 -1.3521727004676061e-69
0.07250000000000001 2.999999999999999 4.42 2.999999999999999 4.42 -1.587966137231769e-69
0.0775 2.999999999999999 4.42 2.999999999999999 4.42 -1.8623512879828529e-69
0.0825 2.999999999999999 4.42 2.999999999999999 4.42 -2.1813821875023e-69
0.0875 2.999999999999999 4.42 2.999999999999999 4.42 -2.55203364775579e-69
0.0925 2.999999999999999 4.42 2.999999999999999 4.42 -2.982337976023084e-69
0.0975 2.999999999999999 4.42 2.999999999999999 4.42 -3.481541600190898e-69
0.10250000000000001 2.999999999999999 4.42 2.999999999999999 4.42 -4.0602844524737043e-69
0.1075 2.999999999999999 4.42 2.999999999999999 4.42 -4.730805365428287e-69
0.1125 2.999999999999999 4.42 2.999999999999999 4.42 -5.50717719283256e-69
0.1175 2.999999999999999 4.42 2.999999999999999 4.42 -6.405575890593817e-69
0.1225 2.999999999999999 4.42 2.999999999999999 4.42 -7.444588388082509e-69
0.1275 2.999999999999999 4.42 2.999999999999999 4.42 -8.645564758164884e-69
0.1325 2.999999999999999 4.42 2.999999999999999 4.42 -1.0033020966093977e-68
0.1375 2.999999999999999 4.42 2.999999999999999 4.42 -1.1635099356149476e-68
0.14250000000000002 2.999999999999999 4.42 2.999999999999999 4.42 -1.3484095035222095e-68
0.1475 2.999999999999999 4.42 2.999999999999999 4.42 -1.5617057450920286e-68
0.1525 2.999999999999999 4.42 2.999999999999999 4.42 -1.8076477757254241e-68
0.1575 2.999999999999999 4.42 2.999999999999999 4.42 -2.0911074034827997e-68
0.1625 2.999999999999999 4.42 2.999999999999999 4.42 -2.4176688109133217e-68
0.1675 2.999999999999999 4.42 2.999999999999999 4.42 -2.793730961763713e-68
0.17250000000000001 2.999999999999999 4.42 2.999999999999999 4.42 -3.226624514508567e-68
0.1775 2.999999999999999 4.42 2.999999999999999 4.42 -3.724745271257266e-68
0.1825 2.999999999999999 4.42 2.999999999999999 4.42 -4.297706470952456e-68
0.1875 2.999999999999999 4.42 2.999999999999999 4.42 -4.956512554488603e-68
0.1925 2.999999999999999 4.42 2.999999999999999 4.42 -5.7137573916047345e-68
0.1975 2.999999999999999 4.42 2.999999999999999 4.42 -6.583850371058892e-68
0.2025 2.999999999999999 4.42 2.999999999999999 4.42 -7.583274223329352e-68
0.20750000000000002 2.999999999999999 4.42 2.999999999999999 4.42 -8.73087897647848e-68
0.2125 2.999999999999999 4.42 2.999999999999999 4.42 -1.0048217049466512e-67
0.2175 2.999999999999999 4.42 2.999999999999999 4.42 -1.1559925172787331e-67
0.2225 2.999999999999999 4.42 2.999999999999999 4.42 -1.3294159604919938e-67
0.2275 2.999999999999999 4.42 2.999999999999999 4.42 -1.528309199714675e-67
0.2325 2.999999999999999 4.42 2.999999999999999 4.42 -1.75634742630506e-67
0.2375 2.999999999999999 4.42 2.999999999999999 4.42 -2.0177281948396558e-67
0.2425 2.999999999999999 4.42 2.999999999999999 4.42 -2.3172446890408157e-67
0.2475 2.999999999999999 4.42 2.999999999999999 4.42 -2.6603691423183244e-67
0.2525 2.999999999999999 4.42 2.999999999999999 4.42 -3.053347805148097e-67
0.2575 2.999999999999999 4.42 2.999999999999999 4.42 -3.5033090404848925e-67
0.2625 2.999999999999999 4.42 2.999999999999999 4.42 -4.018386342776648e-67
0.2675 2.999999999999999 4.42 2.999999999999999 4.42 -4.6078583193286396e-67
0.2725 2.999999999999999 4.42 2.999999999999999 4.42 -5.2823079485558313e-67
0.2775 2.999999999999999 4.42 2.999999999999999 4.42 -6.053803742442027e-67
0.28250000000000003 2.999999999999999 4.42 2.999999999999999 4.42 -6.936105795160753e-67
0.2875 2.999999999999999 4.42 2.999999999999999 4.42 -7.944900101904554e-67
0.2925 2.999999999999999 4.42 2.999999999999999 4.42 -9.098064987789774e-67
0.2975 2.999999999999999 4.42 2.999999999999999 4.42 -1.0415974003353164e-66
0.3025 2.999999999999999 4.42 2.999999999999999 4.42 -1.1921840228741437e-66
0.3075 2.999999999999999 4.42 2.999999999999999 4.42 -1.3642107592246355e-66
0.3125 2.999999999999999 4.42 2.999999999999999 4.42 -1.5606895560755955e-66
0.3175 2.999999999999999 4.42 2.999999999999999 4.42 -1.7850504411534008e-66
0.3225 2.999999999999999 4.42 2.999999999999999 4.42 -2.0411989259774092e-66
0.3275 2.999999999999999 4.42 2.999999999999999 4.42 -2.3335812109450782e-66
0.3325 2.999999999999999 4.42 2.999999999999999 4.42 -2.6672582432960435e-66
0.3375 2.999999999999999 4.42 2.999999999999999 4.42 -3.047989818704041e-66
0.3425 2.999999999999999 4.42 2.999999999999999 4.42 -3.4823300759855237e-66
0.34750000000000003 2.999999999999999 4.42 2.999999999999999 4.42 -3.977735914151629e-66
0.35250000000000004 2.999999999999999 4.42 2.999999999999999 4.42 -4.5426900644890787e-66
0.3575 2.999999999999999 4.42 2.999999999999999 4.42 -5.186840780677984e-66
0.3625 2.999999999999999 4.42 2.999999999999999 4.42 -5.921160370615494e-66
0.3675 2.999999999999999 4.42 2.999999999999999 4.42 -6.758125088627962e-66
0.3725 2.999999999999999 4.42 2.999999999999999 4.42 -7.711919240561685e-66
0.3775 2.999999999999999 4.42 2.999999999999999 4.42 -8.798666731935114e-66
0.3825 2.999999999999999 4.42 2.999999999999999 4.42 -1.0036693716650759e-65
0.3875 2.999999999999999 4.42 2.999999999999999 4.42 -1.1446826487103051e-65
0.3925 2.999999999999999 4.42 2.999999999999999 4.42 -1.305272929327943e-65
0.3975 2.999999999999999 4.42 2.999999999999999 4.42 -1.4881287396750002e-65
0.4025 2.999999999999999 4.42 2.999999999999999 4.42 -1.696304136471897e-65
0.40750000000000003 2.999999999999999 4.42 2.999999999999999 4.42 -1.933267939995452e-65
0.41250000000000003 2.999999999999999 4.42 2.999999999999999 4.42 -2.2029595396344515e-65
0.4175 2.999999999999999 4.42 2.999999999999999 4.42 -2.5098521420441516e-65
0.4225 2.999999999999999 4.42 2.999999999999999 4.42 -2.8590244461693085e-65
0.4275 2.999999999999999 4.42 2.999999999999999 4.42 -3.2562418585272163e-65
0.4325 2.999999999999999 4.42 2.999999999999999 4.42 -3.7080485080592204e-65
0.4375 2.999999999999999 4.42 2.999999999999999 4.42 -4.221871484767452e-65
0.4425 2.999999999999999 4.42 2.999999999999999 4.42 -4.806138912666421e-65
0.4475 2.999999999999999 4.42 2.999999999999999 4.42 -5.4704136781014575e-65
0.4525 2.999999999999999 4.42 2.999999999999999 4.42 -6.225544872296053e-65
0.4575 2.999999999999999 4.42 2.999999999999999 4.42 -7.083839275621506e-65
0.4625 2.999999999999999 4.42 2.999999999999999 4.42 -8.05925551450868e-65
0.4675 2.999999999999999 4.42 2.999999999999999 4.42 -9.167623864574696e-65
0.47250000000000003 2.999999999999999 4.42 2.999999999999999 4.42 -1.042689506051616e-64
0.47750000000000004 2.999999999999999 4.42 2.999999999999999 4.42 -1.1857421910234172e-64
0.4825 2.999999999999999 4.42 2.999999999999999 4.42 -1.3482278003995889e-64
0.4875 2.999999999999999 4.42 2.999999999999999 4.42 -1.5327618366328095e-64
0.4925 2.999999999999999 4.42 2.999999999999999 4.42 -1.7423087527021033e-64
0.4975 2.999999999999999 4.42 2.999999999999999 4.42 -1.980228119718218e-64
0.5025 2.999999999999999 4.42 2.999999999999999 4.42 -2.2503268537095473e-64
0.5075000000000001 2.999999999999999 4.42 2.999999999999999 4.42 -2.5569182906401962e-64
0.5125 2.999999999999999 4.42 2.999999999999999 4.42 -2.9048890006825248e-64
0.5175000000000001 2.999999999999999 4.42 2.999999999999999 4.42 -3.29977434782936e-64
0.5225 2.999999999999999 4.42 2.999999999999999 4.42 -3.7478439307291665e-64
0.5275000000000001 2.999999999999999 4.42 2.999999999999999 4.42 -4.256198187061687e-64
0.5325 2.999999999999999 4.42 2.999999999999999 4.42 -4.832877608934616e-64
0.5375000000000001 2.999999999999999 4.42 2.999999999999999 4.42 -5.4869862030630075e-64
0.5425 2.999999999999999 4.42 2.999999999999999 4.42 -6.228831039583116e-64
0.5475000000000001 2.999999999999999 4.42 2.999999999999999 4.42 -7.07007997023945e-64
0.5525 2.999999999999999 4.42 2.999999999999999 4.42 -8.023939863812013e-64
0.5575000000000001 2.999999999999999 4.42 2.999999999999999 4.42 -9.105358007790321e-64
0.5625 2.999999999999999 4.42 2.999999999999999 4.42 -1.0331249664820779e-63
0.5675000000000001 2.999999999999999 4.42 2.999999999999999 4.42 -1.1720755155142651e-63
0.5725 2.999999999999999 4.42 2.999999999999999 4.42 -1.329553026758476e-63
0.5775 2.999999999999999 4.42 2.999999999999999 4.42 -1.5080074287854763e-63
0.5825 2.999999999999999 4.42 2.999999999999999 4.42 -1.7102100480687628e-63
0.5874999999999999 2.999999999999999 4.42 2.999999999999999 4.42 -1.93929544797814e-63
0.5925 2.999999999999999 4.42 2.999999999999999 4.42 -2.198808673499352e-63
0.5974999999999999 2.999999999999999 4.42 2.999999999999999 4.42 -2.4927585949947157e-63
0.6025 2.999999999999999 4.42 2.999999999999999 4.42 -2.825678132594467e-63
0.6074999999999999 2.999999999999999 4.42 2.999999999999999 4.42 -3.2026922422553033e-63
0.6125 2.999999999999999 4.42 2.999999999999999 4.42 -3.6295946565155e-63
0.6174999999999999 2.999999999999999 4.42 2.999999999999999 4.42 -4.112934499122416e-63
0.6225 2.999999999999999 4.42 2.999999999999999 4.42 -4.66011403475136e-63
0.6275 2.999999999999999 4.42 2.999999999999999 4.42 -5.279498974982407e-63
0.6325000000000001 2.999999999999999 4.42 2.999999999999999 4.42 -5.980542941796658e-63
0.6375 2.999999999999999 4.42 2.999999999999999 4.42 -6.77392789259667e-63
0.6425000000000001 2.999999999999999 4.42 2.999999999999999 4.42 -7.671722539004628e-63
0.6475 2.999999999999999 4.42 2.999999999999999 4.42 -8.687561048597598e-63
0.6525000000000001 2.999999999999999 4.42 2.999999999999999 4.42 -9.8368446079123e-63
0.6575 2.999999999999999 4.42 2.999999999999999 4.42 -1.1136968750482202e-62
0.6625000000000001 2.999999999999999 4.42 2.999999999999999 4.42 -1.2607579719892636e-62
0.6675 2.999999999999999 4.42 2.999999999999999 4.42 -1.4270863549939797e-62
0.6725000000000001 2.999999999999999 4.42 2.999999999999999 4.42 -1.615187200761512e-62
0.6775 2.999999999999999 4.42 2.999999999999999 4.42 -1.8278890066302197e-62
0.6825000000000001 2.999999999999999 4.42 2.999999999999999 4.42 -2.0683850163349276e-62
0.6875 2.999999999999999 4.42 2.999999999999999 4.42 -2.340279915629186e-62
0.6925000000000001 2.999999999999999 4.42 2.999999999999999 4.42 -2.6476424634394226e-62
0.6975 2.999999999999999 4.42 2.999999999999999 4.42 -2.9950648077154858e-62
0.7025 2.999999999999999 4.42 2.999999999999999 4.42 -3.3877293290426664e-62
0.7075 2.999999999999999 4.42 2.999999999999999 4.42 -3.8314839606580805e-62
0.7124999999999999 2.999999999999999 4.42 2.999999999999999 4.42 -4.3329270522407695e-62
0.7175 2.999999999999999 4.42 2.999999999999999 4.42 -4.899502978303451e-62
0.7224999999999999 2.999999999999999 4.42 2.999999999999999 4.42 -5.539609842069648e-62
0.7275 2.999999999999999 4.42 2.999999999999999 4.42 -6.262720794371051e-62
0.7324999999999999 2.999999999999999 4.42 2.999999999999999 4.42 -7.079520676688199e-62
0.7375 2.999999999999999 4.42 2.999999999999999 4.42 -8.002059910505465e-62
0.7424999999999999 2.999999999999999 4.42 2.999999999999999 4.42 -9.043927794610435e-62
0.7475 2.999999999999999 4.42 2.999999999999999 4.42 -1.0220447641012123e-61
0.7525 2.999999999999999 4.42 2.999999999999999 4.42 -1.1548896482483214e-61
0.7575000000000001 2.999999999999999 4.42 2.999999999999999 4.42 -1.3048752424401321e-61
0.7625 2.999999999999999 4.42 2.999999999999999 4.42 -1.4741973095134e-61
0.7675000000000001 2.999999999999999 4.42 2.999999999999999 4.42 -1.665330907789096e-61
0.7725 2.999999999999999 4.42 2.999999999999999 4.42 -1.8810656688413255e-61
0.7775000000000001 2.999999999999999 4.42 2.999999999999999 4.42 -2.124545500366879e-61
0.7825 2.999999999999999 4.42 2.999999999999999 4.42 -2.3993132654028448e-61
0.7875000000000001 2.999999999999999 4.42 2.999999999999999 4.42 -2.70936105733644e-61
0.7925 2.999999999999999 4.42 2.999999999999999 4.42 -3.0591867667357772e-61
0.7975000000000001 2.999999999999999 4.42 2.999999999999999 4.42 -3.453857722003329e-61
0.8025 2.999999999999999 4.42 2.999999999999999 4.42 -3.899082282391101e-61
0.8075000000000001 2.999999999999999 4.42 2.999999999999999 4.42 -4.401290370271317e-61
0.8125 2.999999999999999 4.42 2.999999999999999 4.42 -4.9677240512015786e-61
0.8175000000000001 2.999999999999999 4.42 2.999999999999999 4.42 -5.606539406844133e-61
0.8225 2.999999999999999 4.42 2.999999999999999 4.42 -6.326921099026198e-61
0.8275000000000001 2.999999999999999 4.42 2.999999999999999 4.42 -7.139211195188363e-61
0.8325 2.999999999999999 4.42 2.999999999999999 4.42 -8.055054018408806e-61
0.8374999999999999 2.999999999999999 4.42 2.999999999999999 4.42 -9.087559001715815e-61
0.8425 2.999999999999999 4.42 2.999999999999999 4.42 -1.0251483769283644e-60
0.8474999999999999 2.999999999999999 4.42 2.999999999999999 4.42 -1.156343993963718e-60
0.8525 2.999999999999999 4.42 2.999999999999999 4.42 -1.3042124451656008e-60
0.8574999999999999 2.999999999999999 4.42 2.999999999999999 4.42 -1.470857955707897e-60
0.8625 2.999999999999999 4.42 2.999999999999999 4.42 -1.6586485007756497e-60
0.8674999999999999 2.999999999999999 4.42 2.999999999999999 4.42 -1.870248639722246e-60
0.8725 2.999999999999999 4.42 2.999999999999999 4.42 -2.1086564099804027e-60
0.8775 2.999999999999999 4.42 2.999999999999999 4.42 -2.3772447792817095e-60
0.8825000000000001 2.999999999999999 4.42 2.999999999999999 4.42 -2.679808215549553e-60
0.8875 2.999999999999999 4.42 2.999999999999999 4.42 -3.020615002001045e-60
0.8925000000000001 2.999999999999999 4.42 2.999999999999999 4.42 -3.4044660014234095e-60
0.8975 2.999999999999999 4.42 2.999999999999999 4.42 -3.836760659254613e-60
0.9025000000000001 2.999999999999999 4.42 2.999999999999999 4.42 -4.323571131127765e-60
0.9075 2.999999999999999 4.42 2.999999999999999 4.42 -4.8717255281570484e-60
0.9125000000000001 2.999999999999999 4.42 2.999999999999999 4.42 -5.488901393850938e-60
0.9175 2.999999999999999 4.42 2.999999999999999 4.42 -6.183730661697658e-60
0.9225000000000001 2.999999999999999 4.42 2.999999999999999 4.42 -6.965917493901825e-60
0.9275 2.999999999999999 4.42 2.999999999999999 4.42 -7.846370571437129e-60
0.9325000000000001 2.999999999999999 4.42 2.999999999999999 4.42 -8.83735159566029e-60
0.9375 2.999999999999999 4.42 2.999999999999999 4.42 -9.952641974695324e-60
0.9425000000000001 2.999999999999999 4.42 2.999999999999999 4.42 -1.1207729906319751e-59
0.9475 2.999999999999999 4.42 2.999999999999999 4.42 -1.2620020336259147e-59
0.9525000000000001 2.999999999999999 4.42 2.999999999999999 4.42 -1.4209070570032978e-59
0.9575 2.999999999999999 4.42 2.999999999999999 4.42 -1.5996854651561406e-59
0.9624999999999999 2.999999999999999 4.42 2.999999999999999 4.42 -1.8008059997021185e-59
0.9675 2.999999999999999 4.42 2.999999999999999 4.42 -2.0270420192544704e-59
0.9724999999999999 2.999999999999999 4.42 2.999999999999999 4.42 -2.281508833481226e-59
0.9775 2.999999999999999 4.42 2.999999999999999 4.42 -2.5677055820174174e-59
0.9824999999999999 2.999999999999999 4.42 2.999999999999999 4.42 -2.8895622077523283e-59
0.9875 2.999999999999999 4.42 2.999999999999999 4.42 -3.2514921399973854e-59
0.9924999999999999 2.999999999999999 4.42 2.999999999999999 4.42 -3.65845137690486e-59
0.9975 2.999999999999999 4.42 2.999999999999999 4.42 -4.11600473916389e-59
1.0025 2.999999999999999 4.42 2.999999999999999 4.42 -4.630400159505326e-59
1.0075 2.999999999999999 4.42 2.999999999999999 4.42 -5.2086519760617765e-59
1.0125000000000002 2.999999999999999 4.42 2.999999999999999 4.42 -5.858634313440563e-59
1.0175 2.999999999999999 4.42 2.999999999999999 4.42 -6.589185764958727e-59
1.0225 2.999999999999999 4.42 2.999999999999999 4.42 -7.410226734441692e-59
1.0274999999999999 2.999999999999999 4.42 2.999999999999999 4.42 -8.33289095816411e-59
1.0325 2.999999999999999 4.42 2.999999999999999 4.42 -9.369672908890156e-59
1.0375 2.999999999999999 4.42 2.999999999999999 4.42 -1.0534592986849285e-58
1.0425 2.999999999999999 4.42 2.999999999999999 4.42 -1.184338262938591e-58
1.0474999999999999 2.999999999999999 4.42 2.999999999999999 4.42 -1.3313691724728044e-58
1.0525 2.999999999999999 4.42 2.999999999999999 4.42 -1.4965320999076581e-58
1.0575 2.999999999999999 4.42 2.999999999999999 4.42 -1.682048236341037e-58
1.0625 2.999999999999999 4.42 2.999999999999999 4.42 -1.8904090561110707e-58
1.0675 2.999999999999999 4.42 2.999999999999999 4.42 -2.1244089853985317e-58
1.0725 2.999999999999999 4.42 2.999999999999999 4.42 -2.3871819927515568e-58
1.0775000000000001 2.999999999999999 4.42 2.999999999999999 4.42 -2.6822425691562848e-58
1.0825 2.999999999999999 4.42 2.999999999999999 4.42 -3.0135316206505536e-58
1.0875 2.999999999999999 4.42 2.999999999999999 4.42 -3.3854678583601626e-58
1.0925 2.999999999999999 4.42 2.999999999999999 4.42 -3.8030053399891585e-58
1.0975000000000001 2.999999999999999 4.42 2.999999999999999 4.42 -4.2716978940752076e-58
1.1025 2.999999999999999 4.42 2.999999999999999 4.42 -4.797771244650292e-58
1.1075 2.999999999999999 4.42 2.999999999999999 4.42 -5.388203750421153e-58
1.1125 2.999999999999999 4.42 2.999999999999999 4.42 -6.0508167803313155e-58
1.1175000000000002 2.999999999999999 4.42 2.999999999999999 4.42 -6.794375867753622e-58
1.1225 2.999999999999999 4.42 2.999999999999999 4.42 -7.628703920013032e-58
1.1275 2.999999999999999 4.42 2.999999999999999 4.42 -8.564807910107414e-58
1.1325 2.999999999999999 4.42 2.999999999999999 4.42 -9.615020645219129e-58
1.1375000000000002 2.999999999999999 4.42 2.999999999999999 4.42 -1.0793159393872074e-57
1.1425 2.999999999999999 4.42 2.999999999999999 4.42 -1.2114703362744166e-57
1.1475 2.999999999999999 4.42 2.999999999999999 4.42 -1.3596992247610127e-57
1.1525 2.999999999999999 4.42 2.999999999999999 4.42 -1.525944834360069e-57
1.1575 2.999999999999999 4.42 2.999999999999999 4.42 -1.7123824990974121e-57
1.1625 2.999999999999999 4.42 2.999999999999999 4.42 -1.9214484457434897e-57
1.1675 2.999999999999999 4.42 2.999999999999999 4.42 -2.155870872067407e-57
1.1724999999999999 2.999999999999999 4.42 2.999999999999999 4.42 -2.4187047019450658e-57
1.1775 2.999999999999999 4.42 2.999999999999999 4.42 -2.71337044932202e-57
1.1825 2.999999999999999 4.42 2.999999999999999 4.42 -3.0436976734278765e-57
1.1875 2.999999999999999 4.42 2.999999999999999 4.42 -3.4139735638802406e-57
1.1925 2.999999999999999 4.42 2.999999999999999 4.42 -3.8289972570601003e-57
1.1975 2.999999999999999 4.42 2.999999999999999 4.42 -4.2941405551471405e-57
1.2025000000000001 2.999999999999999 4.42 2.999999999999999 4.42 -4.815415797296146e-57
1.2075 2.999999999999999 4.42 2.999999999999999 4.42 -5.399551719551593e-57
1.2125 2.999999999999999 4.42 2.999999999999999 4.42 -6.054078237262675e-57
1.2175 2.999999999999999 4.42 2.999999999999999 4.42 -6.78742119212582e-57
1.2225000000000001 2.999999999999999 4.42 2.999999999999999 4.42 -7.609008226850257e-57
1.2275 2.999999999999999 4.42 2.999999999999999 4.42 -8.529387085197284e-57
1.2325 2.999999999999999 4.42 2.999999999999999 4.42 -9.56035778543582e-57
1.2375 2.999999999999999 4.42 2.999999999999999 4.42 -1.071512028279251e-56
1.2425000000000002 2.999999999999999 4.42 2.999999999999999 4.42 -1.2008439423286847e-56
1.2475 2.999999999999999 4.42 2.999999999999999 4.42 -1.345682919957124e-56
1.2525 2.999999999999999 4.42 2.999999999999999 4.42 -1.507875855151807e-56
1.2575 2.999999999999999 4.42 2.999999999999999 4.42 -1.6894881213034011e-56
1.2625000000000002 2.999999999999999 4.42 2.999999999999999 4.42 -1.8928292394916361e-56
1.2675 2.999999999999999 4.42 2.999999999999999 4.42 -2.1204815414943364e-56
1.2725 2.999999999999999 4.42 2.999999999999999 4.42 -2.375332174445785e-56
1.2775 2.999999999999999 4.42 2.999999999999999 4.42 -2.6606088339744514e-56
1.2825 2.999999999999999 4.42 2.999999999999999 4.42 -2.9799196571048843e-56
1.2875 2.999999999999999 4.42 2.999999999999999 4.42 -3.3372977557357843e-56
1.2925 2.999999999999999 4.42 2.999999999999999 4.42 -3.7372509266842777e-56
1.2974999999999999 2.999999999999999 4.42 2.999999999999999 4.42 -4.184817135739202e-56
1.3025 2.999999999999999 4.42 2.999999999999999 4.42 -4.685626441626008e-56
1.3075 2.999999999999999 4.42 2.999999999999999 4.42 -5.245970102018299e-56
1.3125 2.999999999999999 4.42 2.999999999999999 4.42 -5.872877688638674e-56
1.3175 2.999999999999999 4.42 2.999999999999999 4.42 -6.574203133032784e-56
1.3225 2.999999999999999 4.42 2.999999999999999 4.42 -7.358720729868796e-56
1.3275000000000001 2.999999999999999 4.42 2.999999999999999 4.42 -8.236232241822964e-56
1.3325 2.999999999999999 4.42 2.999999999999999 4.42 -9.217686380595925e-56
1.3375 2.999999999999999 4.42 2.999999999999999 4.42 -1.0315312083855977e-55
1.3425 2.999999999999999 4.42 2.999999999999999 4.42 -1.1542767169587314e-55
1.3475000000000001 2.999999999999999 4.42 2.999999999999999 4.42 -1.2915304129288525e-55
1.3525 2.999999999999999 4.42 2.999999999999999 4.42 -1.4449955021730514e-55
1.3575 2.999999999999999 4.42 2.999999999999999 4.42 -1.6165737651887193e-55
1.3625 2.999999999999999 4.42 2.999999999999999 4.42 -1.8083885467636622e-55
1.3675000000000002 2.999999999999999 4.42 2.999999999999999 4.42 -2.0228103882814273e-55
1.3725 2.999999999999999 4.42 2.999999999999999 4.42 -2.2624856042205062e-55
1.3775 2.999999999999999 4.42 2.999999999999999 4.42 -2.5303681385613632e-55
1.3825 2.999999999999999 4.42 2.999999999999999 4.42 -2.8297550748132744e-55
1.3875000000000002 2.999999999999999 4.42 2.999999999999999 4.42 -3.1643262156309425e-55
1.3925 2.999999999999999 4.42 2.999999999999999 4.42 -3.5381881950007275e-55
1.3975 2.999999999999999 4.42 2.999999999999999 4.42 -3.9559236382471894e-55
1.4025 2.999999999999999 4.42 2.999999999999999 4.42 -4.422645943249276e-55
1.4075 2.999999999999999 4.42 2.999999999999999 4.42 -4.944060320892366e-55
1.4125 2.999999999999999 4.42 2.999999999999999 4.42 -5.5265318046565485e-55
1.4175 2.999999999999999 4.42 2.999999999999999 4.42 -6.177161019150974e-55
1.4224999999999999 2.999999999999999 4.42 2.999999999999999 4.42 -6.903868586226871e-55
1.4275 2.999999999999999 4.42 2.999999999999999 4.42 -7.715489146057122e-55
1.4325 2.999999999999999 4.42 2.999999999999999 4.42 -8.62187608031248e-55
1.4375 2.999999999999999 4.42 2.999999999999999 4.42 -9.634018146557815e-55
1.4425 2.999999999999999 4.42 2.999999999999999 4.42 -1.0764169368551072e-54
1.4475 2.999999999999999 4.42 2.999999999999999 4.42 -1.2025993677767173e-54
1.4525000000000001 2.999999999999999 4.42 2.999999999999999 4.42 -1.3434725968860156e-54
1.4575 2.999999999999999 4.42 2.999999999999999 4.42 -1.5007351417753708e-54
1.4625 2.999999999999999 4.42 2.999999999999999 4.42 -1.6762805117658993e-54
1.4675 2.999999999999999 4.42 2.999999999999999 4.42 -1.8722194317837164e-54
1.4725000000000001 2.999999999999999 4.42 2.999999999999999 4.42 -2.090904580488835e-54
1.4775 2.999999999999999 4.42 2.999999999999999 4.42 -2.3349581249494153e-54
1.4825 2.999999999999999 4.42 2.999999999999999 4.42 -2.607302365606237e-54
1.4875 2.999999999999999 4.42 2.999999999999999 4.42 -2.911193840193229e-54
1.4925000000000002 2.999999999999999 4.42 2.999999999999999 4.42 -3.2502612740645744e-54
1.4975 2.999999999999999 4.42 2.999999999999999 4.42 -3.6285478074364736e-54
1.5025 2.999999999999999 4.42 2.999999999999999 4.42 -4.050557977857189e-54
1.5075 2.999999999999999 4.42 2.999999999999999 4.42 -4.5213099892962975e-54
1.5125000000000002 2.999999999999999 4.42 2.999999999999999 4.42 -5.0463938581506594e-54
1.5175 2.999999999999999 4.42 2.999999999999999 4.42 -5.632036091864048e-54
1.5225 2.999999999999999 4.42 2.999999999999999 4.42 -6.285171628426679e-54
1.5275 2.999999999999999 4.42 2.999999999999999 4.42 -7.0135238455716e-54
1.5325000000000002 2.999999999999999 4.42 2.999999999999999 4.42 -7.825693537862013e-54
1.5375 2.999999999999999 4.42 2.999999999999999 4.42 -8.731257859033412e-54
1.5425 2.999999999999999 4.42 2.999999999999999 4.42 -9.740880337002507e-54
1.5474999999999999 2.999999999999999 4.42 2.999999999999999 4.42 -1.086643319101017e-53
1.5525 2.999999999999999 4.42 2.999999999999999 4.42 -1.212113331580964e-53
1.5575 2.999999999999999 4.42 2.999999999999999 4.42 -1.3519693447992853e-53
1.5625 2.999999999999999 4.42 2.999999999999999 4.42 -1.5078490196182649e-53
1.5675 2.999999999999999 4.42 2.999999999999999 4.42 -1.6815750801565838e-53
1.5725 2.999999999999999 4.42 2.999999999999999 4.42 -1.87517607001542e-53
1.5775000000000001 2.999999999999999 4.42 2.999999999999999 4.42 -2.090909418536273e-53
1.5825 2.999999999999999 4.42 2.999999999999999 4.42 -2.331287072141755e-53
1.5875 2.999999999999999 4.42 2.999999999999999 4.42 -2.599103973739228e-53
1.5925 2.999999999999999 4.42 2.999999999999999 4.42 -2.8974697041273723e-53
1.5975000000000001 2.999999999999999 4.42 2.999999999999999 4.42 -3.2298436336704886e-53
1.6025 2.999999999999999 4.42 2.999999999999999 4.42 -3.60007397053801e-53
1.6075 2.999999999999999 4.42 2.999999999999999 4.42 -4.0124411339753154e-53
1.6125 2.999999999999999 4.42 2.999999999999999 4.42 -4.471705927782454e-53
1.6175000000000002 2.999999999999999 4.42 2.999999999999999 4.42 -4.983163040958636e-53
1.6225 2.999999999999999 4.42 2.999999999999999 4.42 -5.552700459827107e-53
1.6275 2.999999999999999 4.42 2.999999999999999 4.42 -6.186865439507669e-53
1.6325 2.999999999999999 4.42 2.999999999999999 4.42 -6.892937753016119e-53
1.6375000000000002 2.999999999999999 4.42 2.999999999999999 4.42 -7.679011014248401e-53
1.6425 2.999999999999999 4.42 2.999999999999999 4.42 -8.554082957501088e-53
1.6475 2.999999999999999 4.42 2.999999999999999 4.42 -9.528155651839487e-53
1.6525 2.999999999999999 4.42 2.999999999999999 4.42 -1.0612346734583123e-52
1.6575000000000002 2.999999999999999 4.42 2.999999999999999 4.42 -1.1819012865496216e-52
1.6625 2.999999999999999 4.42 2.999999999999999 4.42 -1.3161886733165038e-52
1.6675 2.999999999999999 4.42 2.999999999999999 4.42 -1.4656229088883534e-52
1.6724999999999999 2.999999999999999 4.42 2.999999999999999 4.42 -1.631899744255613e-52
1.6775 2.999999999999999 4.42 2.999999999999999 4.42 -1.8169033231401916e-52
1.6825 2.999999999999999 4.42 2.999999999999999 4.42 -2.02272694672809e-52
1.6875 2.999999999999999 4.42 2.999999999999999 4.42 -2.2516961084400117e-52
1.6925 2.999999999999999 4.42 2.999999999999999 4.42 -2.5063940448050248e-52
1.6975 2.999999999999999 4.42 2.999999999999999 4.42 -2.7896900749420396e-52
1.7025000000000001 2.999999999999999 4.42 2.999999999999999 4.42 -3.104771030406126e-52
1.7075 2.999999999999999 4.42 2.999999999999999 4.42 -3.455176109521521e-52
1.7125 2.999999999999999 4.42 2.999999999999999 4.42 -3.844835526125213e-52
1.7175 2.999999999999999 4.42 2.999999999999999 4.42 -4.278113362246959e-52
1.7225000000000001 2.999999999999999 4.42 2.999999999999999 4.42 -4.759855078060536e-52
1.7275 2.999999999999999 4.42 2.999999999999999 4.42 -5.295440180878982e-52
1.7325 2.999999999999999 4.42 2.999999999999999 4.42 -5.890840608547864e-52
1.7375 2.999999999999999 4.42 2.999999999999999 4.42 -6.552685441822141e-52
1.7425000000000002 2.999999999999999 4.42 2.999999999999999 4.42 -7.288332625816879e-52
1.7475 2.999999999999999 4.42 2.999999999999999 4.42 -8.105948453031782e-52
1.7525 2.999999999999999 4.42 2.999999999999999 4.42 -9.014595640492093e-52
1.7575 2.999999999999999 4.42 2.999999999999999 4.42 -1.0024330922041782e-51
1.7625000000000002 2.999999999999999 4.42 2.999999999999999 4.42 -1.1146313174602364e-51
1.7675 2.999999999999999 4.42 2.999999999999999 4.42 -1.2392923205304706e-51
1.7725 2.999999999999999 4.42 2.999999999999999 4.42 -1.3777896445809034e-51
1.7775 2.999999999999999 4.42 2.999999999999999 4.42 -1.5316469932114e-51
1.7825000000000002 2.999999999999999 4.42 2.999999999999999 4.42 -1.7025545093932122e-51
1.7875 2.999999999999999 4.42 2.999999999999999 4.42 -1.8923868038778735e-51
1.7925 2.999999999999999 4.42 2.999999999999999 4.42 -2.1032229193856256e-51
1.7974999999999999 2.999999999999999 4.42 2.999999999999999 4.42 -2.3373684365296025e-51
1.8025 2.999999999999999 4.42 2.999999999999999 4.42 -2.597379949139667e-51
1.8075 2.999999999999999 4.42 2.999999999999999 4.42 -2.886092160612805e-51
1.8125 2.999999999999999 4.42 2.999999999999999 4.42 -3.206647879385634e-51
1.8175 2.999999999999999 4.42 2.999999999999999 4.42 -3.5625312208424e-51
1.8225 2.999999999999999 4.42 2.999999999999999 4.42 -3.957604355230819e-51
1.8275000000000001 2.999999999999999 4.42 2.999999999999999 4.42 -4.396148176768217e-51
1.8325 2.999999999999999 4.42 2.999999999999999 4.42 -4.8829073084275276e-51
1.8375 2.999999999999999 4.42 2.999999999999999 4.42 -5.423139900270304e-51
1.8425 2.999999999999999 4.42 2.999999999999999 4.42 -6.022672727068181e-51
1.8475000000000001 2.999999999999999 4.42 2.999999999999999 4.42 -6.687962143783433e-51
1.8525 2.999999999999999 4.42 2.999999999999999 4.42 -7.426161515756004e-51
1.8575 2.999999999999999 4.42 2.999999999999999 4.42 -8.245195804758908e-51
1.8625 2.999999999999999 4.42 2.999999999999999 4.42 -9.15384406300332e-51
1.8675000000000002 2.999999999999999 4.42 2.999999999999999 4.42 -1.0161830665429556e-50
1.8725 2.999999999999999 4.42 2.999999999999999 4.42 -1.127992619690196e-50
1.8775 2.999999999999999 4.42 2.999999999999999 4.42 -1.2520059006089266e-50
1.8825 2.999999999999999 4.42 2.999999999999999 4.42 -1.3895438542755944e-50
1.8875000000000002 2.999999999999999 4.42 2.999999999999999 4.42 -1.5420691710867659e-50
1.8925 2.999999999999999 4.42 2.999999999999999 4.42 -1.7112013597487525e-50
1.8975 2.999999999999999 4.42 2.999999999999999 4.42 -1.8987334078016654e-50
1.9025 2.999999999999999 4.42 2.999999999999999 4.42 -2.1066501953335872e-50
1.9075000000000002 2.999999999999999 4.42 2.999999999999999 4.42 -2.337148844519356e-50
1.9125 2.999999999999999 4.42 2.999999999999999 4.42 -2.592661206439967e-50
1.9175 2.999999999999999 4.42 2.999999999999999 4.42 -2.875878707381227e-50
1.9224999999999999 2.999999999999999 4.42 2.999999999999999 4.42 -3.1897797996573804e-50
1.9275 2.999999999999999 4.42 2.999999999999999 4.42 -3.537660287182571e-50
1.9325 2.999999999999999 4.42 2.999999999999999 4.42 -3.9231668237369917e-50
1.9375 2.999999999999999 4.42 2.999999999999999 4.42 -4.350333912421186e-50
1.9425 2.999999999999999 4.42 2.999999999999999 4.42 -4.823624768422325e-50
1.9475 2.999999999999999 4.42 2.999999999999999 4.42 -5.34797644425476e-50
1.9525000000000001 2.999999999999999 4.42 2.999999999999999 4.42 -5.928849657417682e-50
1.9575 2.999999999999999 4.42 2.999999999999999 4.42 -6.572283805308412e-50
1.9625 2.999999999999999 4.42 2.999999999999999 4.42 -7.284957701652568e-50
1.9675 2.999999999999999 4.42 2.999999999999999 4.42 -8.074256623104561e-50
1.9725000000000001 2.999999999999999 4.42 2.999999999999999 4.42 -8.94834631455089e-50
1.9775 2.999999999999999 4.42 2.999999999999999 4.42 -9.916254667515524e-50
1.9825 2.999999999999999 4.42 2.999999999999999 4.42 -1.0987961858570925e-49
1.9875 2.999999999999999 4.42 2.999999999999999 4.42 -1.2174499814395766e-49
1.9925000000000002 2.999999999999999 4.42 2.999999999999999 4.42 -1.3488061957865739e-49
1.9975 2.999999999999999 4.42 2.999999999999999 4.42 -1.4942124286054144e-49
2.0025 2.999999999999999 4.42 2.999999999999999 4.42 -1.6551578937150665e-49
2.0075000000000003 2.999999999999999 4.42 2.999999999999999 4.42 -1.8332881520021585e-49
2.0125 2.999999999999999 4.42 2.999999999999999 4.42 -2.030421360844878e-49
2.0175 2.999999999999999 4.42 2.999999999999999 4.42 -2.2485661943188978e-49
2.0225 2.999999999999999 4.42 2.999999999999999 4.42 -2.4899416040056e-49
2.0275 2.999999999999999 4.42 2.999999999999999 4.42 -2.7569986072729236e-49
2.0325 2.999999999999999 4.42 2.999999999999999 4.42 -3.0524443086323915e-49
2.0375 2.999999999999999 4.42 2.999999999999999 4.42 -3.379268380360855e-49
2.0425 2.999999999999999 4.42 2.999999999999999 4.42 -3.740772251201615e-49
2.0475 2.999999999999999 4.42 2.999999999999999 4.42 -4.140601276801994e-49
2.0525 2.999999999999999 4.42 2.999999999999999 4.42 -4.582780192850979e-49
2.0575 2.999999999999999 4.42 2.999999999999999 4.42 -5.071752181853276e-49
2.0625 2.999999999999999 4.42 2.999999999999999 4.42 -5.612421917410396e-49
2.0675 2.999999999999999 4.42 2.999999999999999 4.42 -6.210202986027784e-49
2.0725 2.999999999999999 4.42 2.999999999999999 4.42 -6.871070126162433e-49
2.0775 2.999999999999999 4.42 2.999999999999999 4.42 -7.601616767800493e-49
2.0825 2.999999999999999 4.42 2.999999999999999 4.42 -8.409118403682303e-49
2.0875 2.999999999999999 4.42 2.999999999999999 4.42 -9.301602375783494e-49
2.0925000000000002 2.999999999999999 4.42 2.999999999999999 4.42 -1.0287924718252613e-48
2.0975 2.999999999999999 4.42 2.999999999999999 4.42 -1.137785476121293e-48
2.1025 2.999999999999999 4.42 2.999999999999999 4.42 -1.25821682691543e-48
2.1075 2.999999999999999 4.42 2.999999999999999 4.42 -1.3912749963683608e-48
2.1125 2.999999999999999 4.42 2.999999999999999 4.42 -1.5382706363806926e-48
2.1175 2.999999999999999 4.42 2.999999999999999 4.42 -1.7006489968362183e-48
2.1225 2.999999999999999 4.42 2.999999999999999 4.42 -1.880003590549424e-48
2.1275 2.999999999999999 4.42 2.999999999999999 4.42 -2.0780912283969597e-48
2.1325000000000003 2.999999999999999 4.42 2.999999999999999 4.42 -2.2968485601633824e-48
2.1375 2.999999999999999 4.42 2.999999999999999 4.42 -2.5384102698320256e-48
2.1425 2.999999999999999 4.42 2.999999999999999 4.42 -2.80512908852406e-48
2.1475 2.999999999999999 4.42 2.999999999999999 4.42 -3.099597804136223e-48
2.1525 2.999999999999999 4.42 2.999999999999999 4.42 -3.4246734640958124e-48
2.1575 2.999999999999999 4.42 2.999999999999999 4.42 -3.7835039866680744e-48
2.1625 2.999999999999999 4.42 2.999999999999999 4.42 -4.1795574170777066e-48
2.1675 2.999999999999999 4.42 2.999999999999999 4.42 -4.6166540875140444e-48
2.1725000000000003 2.999999999999999 4.42 2.999999999999999 4.42 -5.09900196504856e-48
2.1775 2.999999999999999 4.42 2.999999999999999 4.42 -5.63123549882728e-48
2.1825 2.999999999999999 4.42 2.999999999999999 4.42 -6.218458307796452e-48
2.1875 2.999999999999999 4.42 2.999999999999999 4.42 -6.866290082952759e-48
2.1925 2.999999999999999 4.42 2.999999999999999 4.42 -7.580918113902488e-48
2.1975 2.999999999999999 4.42 2.999999999999999 4.42 -8.369153888675568e-48
2.2025 2.999999999999999 4.42 2.999999999999999 4.42 -9.238495258568574e-48
2.2075 2.999999999999999 4.42 2.999999999999999 4.42 -1.0197194706620675e-47
2.2125 2.999999999999999 4.42 2.999999999999999 4.42 -1.1254334309526266e-47
2.2175000000000002 2.999999999999999 4.42 2.999999999999999 4.42 -1.241990803874464e-47
2.2225 2.999999999999999 4.42 2.999999999999999 4.42 -1.3704912107739754e-47
2.2275 2.999999999999999 4.42 2.999999999999999 4.42 -1.5121444139105805e-47
2.2325 2.999999999999999 4.42 2.999999999999999 4.42 -1.6682811998344437e-47
2.2375 2.999999999999999 4.42 2.999999999999999 4.42 -1.8403653220803882e-47
2.2425 2.999999999999999 4.42 2.999999999999999 4.42 -2.0300066045389933e-47
2.2475 2.999999999999999 4.42 2.999999999999999 4.42 -2.238975316372658e-47
2.2525 2.999999999999999 4.42 2.999999999999999 4.42 -2.4692179397247306e-47
2.2575000000000003 2.999999999999999 4.42 2.999999999999999 4.42 -2.7228744627997664e-47
2.2625 2.999999999999999 4.42 2.999999999999999 4.42 -3.0022973432510753e-47
2.2675 2.999999999999999 4.42 2.999999999999999 4.42 -3.3100723003016986e-47
2.2725 2.999999999999999 4.42 2.999999999999999 4.42 -3.6490411087290403e-47
2.2775 2.999999999999999 4.42 2.999999999999999 4.42 -4.022326583887634e-47
2.2825 2.999999999999999 4.42 2.999999999999999 4.42 -4.433359964429225e-47
2.2875 2.999999999999999 4.42 2.999999999999999 4.42 -4.885910918439656e-47
2.2925 2.999999999999999 4.42 2.999999999999999 4.42 -5.384120419487542e-47
2.2975000000000003 2.999999999999999 4.42 2.999999999999999 4.42 -5.932536761703947e-47
2.3025 2.999999999999999 4.42 2.999999999999999 4.42 -6.536155007668789e-47
2.3075 2.999999999999999 4.42 2.999999999999999 4.42 -7.20046018971598e-47
2.3125 2.999999999999999 4.42 2.999999999999999 4.42 -7.931474614496866e-47
2.3175 2.999999999999999 4.42 2.999999999999999 4.42 -8.735809652448189e-47
2.3225 2.999999999999999 4.42 2.999999999999999 4.42 -9.620722428418306e-47
2.3275 2.999999999999999 4.42 2.999999999999999 4.42 -1.0594177867359742e-46
2.3325 2.999999999999999 4.42 2.999999999999999 4.42 -1.1664916589943688e-46
2.3375 2.999999999999999 4.42 2.999999999999999 4.42 -1.284252919747139e-46
2.3425000000000002 2.999999999999999 4.42 2.999999999999999 4.42 -1.4137537533844386e-46
2.3475 2.999999999999999 4.42 2.999999999999999 4.42 -1.5561483564950132e-46
2.3525 2.999999999999999 4.42 2.999999999999999 4.42 -1.7127026572931873e-46
2.3575 2.999999999999999 4.42 2.999999999999999 4.42 -1.8848049424843546e-46
2.3625 2.999999999999999 4.42 2.999999999999999 4.42 -2.07397747425451e-46
2.3675 2.999999999999999 4.42 2.999999999999999 4.42 -2.2818891873777348e-46
2.3725 2.999999999999999 4.42 2.999999999999999 4.42 -2.5103695643654677e-46
2.3775 2.999999999999999 4.42 2.999999999999999 4.42 -2.7614237951809395e-46
2.3825000000000003 2.999999999999999 4.42 2.999999999999999 4.42 -3.037249337368942e-46
2.3875 2.999999999999999 4.42 2.999999999999999 4.42 -3.3402540025532064e-46
2.3925 2.999999999999999 4.42 2.999999999999999 4.42 -3.673075706207639e-46
2.3975 2.999999999999999 4.42 2.999999999999999 4.42 -4.038604029458916e-46
2.4025 2.999999999999999 4.42 2.999999999999999 4.42 -4.440003754521098e-46
2.4075 2.999999999999999 4.42 2.999999999999999 4.42 -4.8807405492497705e-46
2.4125 2.999999999999999 4.42 2.999999999999999 4.42 -5.364608991329305e-46
2.4175 2.999999999999999 4.42 2.999999999999999 4.42 -5.895763138857503e-46
2.4225000000000003 2.999999999999999 4.42 2.999999999999999 4.42 -6.478749871642837e-46
2.4275 2.999999999999999 4.42 2.999999999999999 4.42 -7.11854524650699e-46
2.4325 2.999999999999999 4.42 2.999999999999999 4.42 -7.820594130353138e-46
2.4375 2.999999999999999 4.42 2.999999999999999 4.42 -8.590853396874958e-46
2.4425 2.999999999999999 4.42 2.999999999999999 4.42 -9.435838996614228e-46
2.4475 2.999999999999999 4.42 2.999999999999999 4.42 -1.0362677235777123e-45
2.4525 2.999999999999999 4.42 2.999999999999999 4.42 -1.137916062691835e-45
2.4575 2.999999999999999 4.42 2.999999999999999 4.42 -1.2493808704421868e-45
2.4625 2.999999999999999 4.42 2.999999999999999 4.42 -1.3715934229804476e-45
2.4675000000000002 2.999999999999999 4.42 2.999999999999999 4.42 -1.5055715246384718e-45
2.4725 2.999999999999999 4.42 2.999999999999999 4.42 -1.6524273479978758e-45
2.4775 2.999999999999999 4.42 2.999999999999999 4.42 -1.8133759622125013e-45
2.4825 2.999999999999999 4.42 2.999999999999999 4.42 -1.9897446075131855e-45
2.4875 2.999999999999999 4.42 2.999999999999999 4.42 -2.18298277841166e-45
2.4925 2.999999999999999 4.42 2.999999999999999 4.42 -2.3946731830392877e-45
2.4975 2.999999999999999 4.42 2.999999999999999 4.42 -2.6265436513209057e-45
2.5025 2.999999999999999 4.42 2.999999999999999 4.42 -2.880480070317775e-45
2.5075000000000003 2.999999999999999 4.42 2.999999999999999 4.42 -3.158540431097998e-45
2.5125 2.999999999999999 4.42 2.999999999999999 4.42 -3.462970077919892e-45
2.5175 2.999999999999999 4.42 2.999999999999999 4.42 -3.7962182573795374e-45
2.5225 2.999999999999999 4.42 2.999999999999999 4.42 -4.1609560724779417e-45
2.5275 2.999999999999999 4.42 2.999999999999999 4.42 -4.5600959543512485e-45
2.5325 2.999999999999999 4.42 2.999999999999999 4.42 -4.996812772675157e-45
2.5375 2.999999999999999 4.42 2.999999999999999 4.42 -5.474566714537244e-45
2.5425 2.999999999999999 4.42 2.999999999999999 4.42 -5.997128070885602e-45
2.5475000000000003 2.999999999999999 4.42 2.999999999999999 4.42 -6.568604079511208e-45
2.5525 2.999999999999999 4.42 2.999999999999999 4.42 -7.193467983945524e-45
2.5575 2.999999999999999 4.42 2.999999999999999 4.42 -7.876590478633436e-45
2.5625 2.999999999999999 4.42 2.999999999999999 4.42 -8.623273722320799e-45
2.5675 2.999999999999999 4.42 2.999999999999999 4.42 -9.439288113745672e-45
2.5725 2.999999999999999 4.42 2.999999999999999 4.42 -1.0330912036465273e-44
2.5775 2.999999999999999 4.42 2.999999999999999 4.42 -1.1304974792980647e-44
2.5825 2.999999999999999 4.42 2.999999999999999 4.42 -1.2368902962212665e-44
2.5875 2.999999999999999 4.42 2.999999999999999 4.42 -1.3530770428828e-44
2.5925000000000002 2.999999999999999 4.42 2.999999999999999 4.42 -1.4799352347873342e-44
2.5975 2.999999999999999 4.42 2.999999999999999 4.42 -1.6184183323624466e-44
2.6025 2.999999999999999 4.42 2.999999999999999 4.42 -1.7695620097416967e-44
2.6075 2.999999999999999 4.42 2.999999999999999 4.42 -1.9344909055435275e-44
2.6125 2.999999999999999 4.42 2.999999999999999 4.42 -2.114425888392383e-44
2.6175 2.999999999999999 4.42 2.999999999999999 4.42 -2.3106918715918083e-44
2.6225 2.999999999999999 4.42 2.999999999999998 4.4200000000000035 -2.5247262130239185e-44
2.6275 2.999999999999999 4.42 2.9999999999999973 4.420000000000007 -2.75808773800035e-44
2.6325000000000003 2.999999999999999 4.42 2.9999999999999964 4.420000000000007 -3.01246642440922e-44
2.6375 2.999999999999999 4.42 2.9999999999999964 4.420000000000007 -3.2896937910595615e-44
2.6425 2.999999999999999 4.42 2.9999999999999947 4.420000000000011 -3.5917540316060286e-44
2.6475 2.999999999999999 4.42 2.999999999999994 4.420000000000014 -3.9207959377907097e-44
2.6525 2.999999999999999 4.42 2.9999999999999925 4.4200000000000195 -4.279145656951016e-44
2.6575 2.999999999999999 4.42 2.999999999999991 4.420000000000025 -4.669320329746833e-44
2.6625 2.999999999999999 4.42 2.999999999999991 4.420000000000025 -5.094042654817987e-44
2.6675 2.999999999999999 4.42 2.999999999999991 4.420000000000025 -5.556256427538979e-44
2.6725000000000003 2.999999999999999 4.42 2.999999999999991 4.420000000000025 -6.059143100103167e-44
2.6775 2.999999999999999 4.42 2.999999999999991 4.420000000000025 -6.606139409794438e-44
2.6825 2.999999999999999 4.42 2.999999999999991 4.420000000000025 -7.20095612136625e-44
2.6875 2.999999999999999 4.42 2.999999999999991 4.420000000000025 -7.847597927876126e-44
2.6925 2.999999999999999 4.42 2.999999999999991 4.420000000000025 -8.550384551967398e-44
2.6975 2.999999999999999 4.42 2.999999999999991 4.420000000000025 -9.313973086333087e-44
2.7025 2.999999999999999 4.42 2.999999999999991 4.420000000000025 -1.0143381607779438e-43
2.7075 2.999999999999999 4.42 2.999999999999991 4.420000000000025 -1.1044014093747189e-43
2.7125 2.999999999999999 4.42 2.999999999999991 4.420000000000025 -1.202168666314927e-43
2.7175000000000002 2.999999999999999 4.42 2.999999999999991 4.420000000000025 -1.308265515470219e-43
2.7225 2.999999999999999 4.42 2.999999999999991 4.420000000000025 -1.423364404534678e-43
2.7275 2.999999999999999 4.42 2.999999999999991 4.420000000000025 -1.5481876698504554e-43
2.7325 2.999999999999999 4.42 2.999999999999991 4.420000000000025 -1.6835106916543426e-43
2.7375 2.999999999999999 4.42 2.999999999999991 4.420000000000025 -1.8301651753491355e-43
2.7425 2.999999999999999 4.42 2.999999999999991 4.420000000000025 -1.9890425522359987e-43
2.7475 2.999999999999999 4.42 2.999999999999991 4.420000000000025 -2.161097490589726e-43
2.7525 2.999999999999999 4.42 2.999999999999991 4.420000000000025 -2.347351504965857e-43
2.7575000000000003 2.999999999999999 4.42 2.999999999999991 4.420000000000025 -2.5488966481388035e-43
2.7625 2.999999999999999 4.42 2.999999999999991 4.420000000000025 -2.7668992660047867e-43
2.7675 2.999999999999999 4.42 2.999999999999991 4.420000000000025 -3.002603791079871e-43
2.7725 2.999999999999999 4.42 2.999999999999991 4.420000000000025 -3.257336544776351e-43
2.7775 2.999999999999999 4.42 2.999999999999991 4.420000000000025 -3.5325095123723877e-43
2.7825 2.999999999999999 4.42 2.999999999999991 4.420000000000025 -3.8296240473698445e-43
2.7875 2.999999999999999 4.42 2.999999999999991 4.420000000000025 -4.150274453656305e-43
2.7925 2.999999999999999 4.42 2.999999999999991 4.420000000000025 -4.4961513844042365e-43
2.7975000000000003 2.999999999999999 4.42 2.999999999999991 4.420000000000025 -4.8690449857912895e-43
2.8025 2.999999999999999 4.42 2.999999999999991 4.420000000000025 -5.270847701257914e-43
2.8075 2.999999999999999 4.42 2.999999999999991 4.420000000000025 -5.703556637904751e-43
2.8125 2.999999999999999 4.42 2.999999999999991 4.420000000000025 -6.16927538059152e-43
2.8175 2.999999999999999 4.42 2.999999999999991 4.420000000000025 -6.6702151210579465e-43
2.8225 2.999999999999999 4.42 2.999999999999991 4.420000000000025 -7.208694948686812e-43
2.8275 2.999999999999999 4.42 2.999999999999991 4.420000000000025 -7.787141126068085e-43
2.8325 2.999999999999999 4.42 2.999999999999991 4.420000000000025 -8.408085145954053e-43
2.8375 2.999999999999999 4.42 2.999999999999991 4.420000000000025 -9.074160336139498e-43
2.8425000000000002 2.999999999999999 4.42 2.999999999999991 4.420000000000025 -9.788096744839266e-43
2.8475 2.999999999999999 4.42 2.999999999999991 4.420000000000025 -1.0552714000797693e-42
2.8525 2.999999999999999 4.42 2.999999999999991 4.420000000000025 -1.1370911799114691e-42
2.8575 2.999999999999999 4.42 2.999999999999991 4.420000000000025 -1.2245657615028027e-42
2.8625 2.999999999999999 4.42 2.999999999999991 4.420000000000025 -1.317997119300767e-42
2.8675 2.999999999999999 4.42 2.999999999999991 4.420000000000025 -1.4176905296753581e-42
2.8725 2.999999999999999 4.42 2.999999999999991 4.420000000000025 -1.5239522136235068e-42
2.8775 2.999999999999999 4.42 2.999999999999991 4.420000000000025 -1.6370864809864787e-42
2.8825000000000003 2.999999999999999 4.42 2.999999999999991 4.420000000000025 -1.757392301228405e-42
2.8875 2.999999999999999 4.42 2.999999999999991 4.420000000000025 -1.8851592159867795e-42
2.8925 2.999999999999999 4.42 2.999999999999991 4.420000000000025 -2.0206624975789998e-42
2.8975 2.999999999999999 4.42 2.9999999999999902 4.420000000000027 -2.164157445283223e-42
2.9025 2.999999999999999 4.42 2.9999999999999876 4.420000000000035 -2.3158726973647096e-42
2.9075 2.999999999999999 4.42 2.999999999999986 4.420000000000043 -2.4760024213111798e-42
2.9125 2.999999999999999 4.42 2.9999999999999845 4.420000000000046 -2.644697227386271e-42
2.9175 2.999999999999999 4.42 2.9999999999999845 4.420000000000046 -2.822053631203475e-42
2.9225000000000003 2.999999999999999 4.42 2.9999999999999845 4.420000000000046 -3.0081018693195784e-42
2.9275 2.999999999999999 4.42 2.9999999999999845 4.420000000000046 -3.202791847601616e-42
2.9325 2.999999999999999 4.42 2.9999999999999845 4.420000000000046 -3.40597697503379e-42
2.9375 2.999999999999999 4.42 2.9999999999999836 4.420000000000049 -3.6173956053941074e-42
2.9425 2.999999999999999 4.42 2.9999999999999813 4.420000000000057 -3.836649775482889e-42
2.9475 2.999999999999999 4.42 2.9999999999999787 4.4200000000000665 -4.063180890937773e-42
2.9525 2.999999999999999 4.42 2.9999999999999765 4.4200000000000745 -4.2962419686918166e-42
2.9575 2.999999999999999 4.42 2.9999999999999765 4.420000000000076 -4.534865998337242e-42
2.9625 2.999999999999999 4.42 2.9999999999999765 4.420000000000076 -4.777829932515162e-42
2.9675000000000002 2.999999999999999 4.42 2.9999999999999765 4.420000000000076 -5.0236137583737526e-42
2.9725 2.999999999999999 4.42 2.999999999999976 4.420000000000076 -5.270354037470267e-42
2.9775 2.999999999999999 4.42 2.9999999999999747 4.420000000000082 -5.5157912295084084e-42
2.9825 2.999999999999999 4.42 2.999999999999973 4.420000000000087 -5.75721003520602e-42
2.9875 2.999999999999999 4.42 2.9999999999999716 4.4200000000000905 -5.991371904493634e-42
2.9925 2.999999999999999 4.42 2.9999999999999702 4.420000000000095 -6.214438757164441e-42
2.9975 2.999999999999999 4.42 2.999999999999968 4.420000000000105 -6.421886852958712e-42
3.0025 2.999999999999999 4.42 2.999999999999965 4.420000000000117 -6.608409625658215e-42
3.0075000000000003 2.999999999999999 4.42 2.9999999999999623 4.420000000000126 -6.767808159777292e-42
3.0125 2.999999999999999 4.42 2.999999999999961 4.4200000000001305 -6.89286783738512e-42
3.0175 2.999999999999999 4.42 2.999999999999959 4.420000000000137 -6.975219514881453e-42
3.0225 2.999999999999999 4.42 2.999999999999958 4.420000000000142 -7.005183403353713e-42
3.0275 2.999999999999999 4.42 2.9999999999999556 4.420000000000149 -6.971593619530009e-42
3.0325 2.999999999999999 4.42 2.999999999999953 4.42000000000016 -6.861601145085148e-42
3.0375 2.999999999999999 4.42 2.9999999999999494 4.420000000000172 -6.660452677773915e-42
3.0425 2.999999999999999 4.42 2.9999999999999463 4.420000000000184 -6.351242575878556e-42
3.0475000000000003 2.999999999999999 4.42 2.9999999999999436 4.420000000000192 -5.914634784827187e-42
3.0525 2.999999999999999 4.42 2.9999999999999423 4.420000000000197 -5.3285512883218044e-42
3.0575 2.999999999999999 4.42 2.9999999999999405 4.420000000000202 -4.567823242330446e-42
3.0625 2.999999999999999 4.42 2.9999999999999387 4.420000000000209 -3.603800524878784e-42
3.0675 2.999999999999999 4.42 2.999999999999935 4.420000000000223 -2.4039149633834536e-42
3.0725000000000002 2.999999999999999 4.42 2.9999999999999307 4.420000000000239 -9.311919794715607e-43
3.0775 2.999999999999999 4.42 2.9999999999999254 4.4200000000002575 8.562951864692607e-43
3.0825 2.999999999999999 4.42 2.99999999999992 4.420000000000277 3.0060351482261805e-42
3.0875 2.999999999999999 4.42 2.9999999999999147 4.420000000000297 5.57175912906062e-42
3.0925000000000002 2.999999999999999 4.42 2.9999999999999094 4.420000000000316 8.614200767226069e-42
3.0975 2.999999999999999 4.42 2.999999999999904 4.4200000000003365 1.2201943805728165e-41
3.1025 2.999999999999999 4.42 2.9999999999998987 4.420000000000356 1.6412367458280085e-41
3.1075 2.999999999999999 4.42 2.9999999999998934 4.420000000000375 2.133270030267325e-41
3.1125 2.999999999999999 4.42 2.999999999999889 4.4200000000003925 2.7061194723868177e-41
3.1175 2.999999999999999 4.42 2.9999999999998854 4.420000000000405 3.3708435223553514e-41
3.1225 2.999999999999999 4.42 2.999999999999882 4.420000000000419 4.139879534344506e-41
3.1275 2.999999999999999 4.42 2.9999999999998774 4.420000000000437 5.027205953018628e-41
3.1325000000000003 2.999999999999999 4.42 2.999999999999872 4.420000000000456 6.048522801596841e-41
3.1375 2.999999999999999 4.42 2.9999999999998668 4.420000000000474 7.221452471750234e-41
3.1425 2.999999999999999 4.42 2.9999999999998628 4.420000000000488 8.565763028605943e-41
3.1475 2.999999999999999 4.42 2.9999999999998592 4.420000000000503 1.0103616479274605e-40
3.1525 2.999999999999999 4.42 2.9999999999998543 4.420000000000519 1.1859844712951798e-40
3.1575 2.999999999999999 4.42 2.999999999999849 4.420000000000538 1.3862256107175515e-40
3.1625 2.999999999999999 4.42 2.9999999999998437 4.420000000000557 1.6141976111042752e-40
3.1675 2.999999999999999 4.42 2.9999999999998384 4.4200000000005755 1.8733825465126673e-40
3.1725000000000003 2.999999999999999 4.42 2.999999999999833 4.420000000000597 2.167674010271968e-40
3.1775 2.999999999999999 4.42 2.9999999999998277 4.420000000000617 2.5014237201655417e-40
3.1825 2.999999999999999 4.42 2.9999999999998237 4.420000000000632 2.87949323241467e-40
3.1875 2.999999999999999 4.42 2.9999999999998197 4.420000000000646 3.3073113098458767e-40
3.1925 2.999999999999999 4.42 2.9999999999998153 4.4200000000006625 3.790937546542328e-40
3.1975000000000002 2.999999999999999 4.42 2.99999999999981 4.420000000000683 4.337132914030294e-40
3.2025 2.999999999999999 4.42 2.9999999999998046 4.420000000000703 4.953437963209725e-40
3.2075 2.999999999999999 4.42 2.9999999999997993 4.420000000000723 5.648259492451483e-40
3.2125 2.999999999999999 4.42 2.999999999999794 4.4200000000007424 6.430966576254081e-40
3.2175000000000002 2.999999999999999 4.42 2.9999999999997886 4.420000000000761 7.311996941357904e-40
3.2225 2.999999999999999 4.42 2.9999999999997833 4.4200000000007815 8.3029747791215e-40
3.2275 2.999999999999999 4.42 2.999999999999778 4.420000000000801 9.416841195180137e-40
3.2325 2.999999999999999 4.42 2.9999999999997726 4.4200000000008215 1.0667998620987216e-39
3.2375 2.999999999999999 4.42 2.9999999999997673 4.420000000000841 1.2072470647902017e-39
3.2425 2.999999999999999 4.42 2.999999999999762 4.420000000000861 1.3648078894278453e-39
3.2475 2.999999999999999 4.42 2.9999999999997566 4.420000000000881 1.5414638680872948e-39
3.2525 2.999999999999999 4.42 2.9999999999997513 4.420000000000901 1.739417547134213e-39
3.2575000000000003 2.999999999999999 4.42 2.999999999999746 4.420000000000921 1.9611164234287273e-39
3.2625 2.999999999999999 4.42 2.9999999999997407 4.42000000000094 2.2092794102958995e-39
3.2675 2.999999999999999 4.42 2.9999999999997353 4.42000000000096 2.4869260950464172e-39
3.2725 2.999999999999999 4.42 2.99999999999973 4.42000000000098 2.797409076411002e-39
3.2775 2.999999999999999 4.42 2.9999999999997247 4.420000000000999 3.144449699494115e-39
3.2825 2.999999999999999 4.42 2.9999999999997193 4.420000000001019 3.5321775380030553e-39
3.2875 2.999999999999999 4.42 2.999999999999714 4.42000000000104 3.965174008858363e-39
3.2925 2.999999999999999 4.42 2.9999999999997087 4.42000000000106 4.448520543164129e-39
3.2975000000000003 2.999999999999999 4.42 2.9999999999997033 4.42000000000108 4.987851780230542e-39
3.3025 2.999999999999999 4.42 2.999999999999698 4.4200000000011 5.5894142983097056e-39
3.3075 2.999999999999999 4.42 2.9999999999996927 4.420000000001121 6.260131447299604e-39
3.3125 2.999999999999999 4.42 2.9999999999996874 4.420000000001139 7.007674905386313e-39
3.3175 2.999999999999999 4.42 2.999999999999682 4.420000000001158 7.840543643890819e-39
3.3225000000000002 2.999999999999999 4.42 2.9999999999996767 4.420000000001179 8.768151053030246e-39
3.3275 2.999999999999999 4.42 2.9999999999996714 4.420000000001199 9.800921056483188e-39
3.3325 2.999999999999999 4.42 2.999999999999666 4.420000000001219 1.0950394125221556e-38
3.3375 2.999999999999999 4.42 2.9999999999996607 4.420000000001238 1.222934419173884e-38
3.3425000000000002 2.999999999999999 4.42 2.9999999999996554 4.420000000001257 1.365190756536998e-38
3.3475 2.999999999999999 4.42 2.99999999999965 4.420000000001277 1.5233725058714003e-38
3.3525 2.999999999999999 4.42 2.9999999999996447 4.420000000001298 1.6992098655161695e-38
3.3575 2.999999999999999 4.42 2.9999999999996394 4.420000000001318 1.8946164179245045e-38
3.3625 2.999999999999999 4.42 2.999999999999634 4.4200000000013375 2.1117081576087347e-38
3.3675 2.999999999999999 4.42 2.9999999999996287 4.420000000001357 2.3528244564869384e-38
3.3725 2.999999999999999 4.42 2.9999999999996234 4.420000000001377 2.6205511605295965e-38
3.3775 2.999999999999999 4.42 2.999999999999618 4.420000000001397 2.9177460306999164e-38
3.3825000000000003 2.999999999999999 4.42 2.9999999999996128 4.420000000001417 3.247566762136347e-38
3.3875 2.999999999999999 4.42 2.9999999999996074 4.420000000001436 3.6135018384988445e-38
3.3925 2.999999999999999 4.42 2.999999999999602 4.4200000000014565 4.0194045036116863e-38
3.3975 2.999999999999999 4.42 2.9999999999995968 4.420000000001476 4.469530160167011e-38
3.4025 2.999999999999999 4.42 2.9999999999995914 4.420000000001497 4.968577535567025e-38
3.4075 2.999999999999999 4.42 2.999999999999586 4.420000000001516 5.521733988207063e-38
3.4125 2.999999999999999 4.42 2.999999999999581 4.420000000001537 6.134725363929868e-38
3.4175 2.999999999999999 4.42 2.9999999999995755 4.420000000001558 6.813870852315337e-38
3.4225000000000003 2.999999999999999 4.42 2.99999999999957 4.420000000001577 7.566143336229905e-38
3.4275 2.999999999999999 4.42 2.999999999999565 4.420000000001596 8.399235776030449e-38
3.4325 2.999999999999999 4.42 2.9999999999995595 4.420000000001616 9.321634222368232e-38
3.4375 2.999999999999999 4.42 2.999999999999554 4.420000000001634 1.0342698109135129e-37
3.4425 2.999999999999999 4.42 2.999999999999549 4.420000000001653 1.147274854118054e-37
3.4475000000000002 2.999999999999999 4.42 2.9999999999995435 4.420000000001673 1.2723165360542082e-37
3.4525 2.999999999999999 4.42 2.999999999999538 4.420000000001693 1.4106493850637928e-37
3.4575 2.999999999999999 4.42 2.999999999999533 4.420000000001713 1.5636562020786409e-37
3.4625 2.999999999999999 4.42 2.9999999999995275 4.420000000001734 1.7328609504207296e-37
3.4675000000000002 2.999999999999999 4.42 2.999999999999522 4.420000000001752 1.9199429202089323e-37
3.4725 2.999999999999999 4.42 2.999999999999517 4.420000000001771 2.1267522915168483e-37
3.4775 2.999999999999999 4.42 2.9999999999995124 4.420000000001789 2.355327232343674e-37
3.4825 2.999999999999999 4.42 2.999999999999508 4.420000000001806 2.6079126805048885e-37
3.4875 2.999999999999999 4.42 2.9999999999995026 4.420000000001827 2.886980972829585e-37
3.4925 2.999999999999999 4.42 2.9999999999994973 4.420000000001848 3.195254500678692e-37
3.4975 2.999999999999999 4.42 2.999999999999492 4.420000000001867 3.5357305879004193e-37
3.5025 2.999999999999999 4.42 2.9999999999994866 4.420000000001885 3.911708806049433e-37
3.5075000000000003 2.999999999999999 4.42 2.9999999999994813 4.420000000001905 4.326820962176601e-37
3.5125 2.999999999999999 4.42 2.999999999999476 4.4200000000019255 4.7850640168858564e-37
3.5175 2.999999999999999 4.42 2.9999999999994706 4.420000000001946 5.290836214866425e-37
3.5225 2.999999999999999 4.42 2.9999999999994653 4.420000000001966 5.848976736897976e-37
3.5275 2.999999999999999 4.42 2.99999999999946 4.420000000001986 6.464809211644787e-37
3.5325 2.999999999999999 4.42 2.9999999999994547 4.420000000002004 7.144189457602518e-37
3.5375 2.999999999999999 4.42 2.9999999999994493 4.420000000002022 7.893557860607175e-37
3.5425 2.999999999999999 4.42 2.999999999999444 4.420000000002042 8.71999683064545e-37
3.5475000000000003 2.999999999999999 4.42 2.9999999999994387 4.420000000002061 9.631293823582182e-37
3.5525 2.999999999999999 4.42 2.9999999999994333 4.420000000002083 1.0636010459236418e-36
3.5575 2.999999999999999 4.42 2.999999999999428 4.420000000002101 1.1743558317270053e-36
3.5625 2.999999999999999 4.42 2.9999999999994222 4.4200000000021245 1.2964282047082334e-36
3.5675 2.999999999999999 4.42 2.999999999999412 4.420000000002165 1.4309550487674519e-36
3.5725000000000002 2.999999999999999 4.42 2.999999999999396 4.420000000002228 1.5791856558781707e-36
3.5775 2.999999999999999 4.42 2.9999999999993747 4.420000000002311 1.7424926755950818e-36
3.5825 2.999999999999999 4.42 2.999999999999353 4.420000000002396 1.922384116022674e-36
3.5875 2.999999999999999 4.42 2.99999999999933 4.420000000002485 2.1205164958301467e-36
3.5925000000000002 2.999999999999999 4.42 2.9999999999993068 4.420000000002574 2.3387092562018817e-36
3.5975 2.999999999999999 4.42 2.999999999999284 4.420000000002659 2.578960551779081e-36
3.6025 2.999999999999999 4.42 2.999999999999261 4.4200000000027515 2.8434645507451223e-36
3.6075 2.999999999999999 4.42 2.999999999999238 4.420000000002842 3.134630386328903e-36
3.6125 2.999999999999999 4.42 2.999999999999215 4.420000000002936 3.45510291523422e-36
3.6175 2.999999999999999 4.42 2.999999999999188 4.4200000000030375 3.8077854529553054e-36
3.6225 2.999999999999999 4.42 2.99999999999916 4.420000000003149 4.1958646717097937e-36
3.6275 2.999999999999999 4.42 2.999999999999127 4.420000000003279 4.6228378639404034e-36
3.6325000000000003 2.999999999999999 4.42 2.9999999999990905 4.420000000003419 5.092542793136124e-36
3.6375 2.999999999999999 4.42 2.999999999999052 4.420000000003575 5.609190374227446e-36
3.6425 2.999999999999999 4.42 2.999999999999012 4.420000000003735 6.177400448207016e-36
3.6475 2.999999999999999 4.42 2.9999999999989724 4.420000000003894 6.802240940042523e-36
3.6525 2.999999999999999 4.42 2.9999999999989324 4.42000000000405 7.489270715610836e-36
3.6575 2.999999999999999 4.42 2.9999999999988924 4.420000000004207 8.244586482454509e-36
3.6625 2.999999999999999 4.42 2.9999999999988525 4.420000000004364 9.074874110881228e-36
3.6675 2.999999999999999 4.42 2.9999999999988125 4.420000000004522 9.987464786536555e-36
3.6725000000000003 2.999999999999999 4.42 2.9999999999987725 4.420000000004676 1.0990396443305471e-35
3.6775 2.999999999999999 4.42 2.9999999999987317 4.420000000004836 1.20924809665765e-35
3.6825 2.999999999999999 4.42 2.9999999999986873 4.420000000005009 1.3303377701763015e-35
3.6875 2.999999999999999 4.42 2.999999999998637 4.420000000005206 1.4633673851942304e-35
3.6925 2.999999999999999 4.42 2.9999999999985825 4.42000000000542 1.6094972401819089e-35
3.6975000000000002 2.999999999999999 4.42 2.9999999999985243 4.420000000005654 1.7699988263400766e-35
3.7025 2.999999999999999 4.42 2.9999999999984603 4.4200000000059045 1.9462653402193387e-35
3.7075 2.999999999999999 4.42 2.999999999998393 4.42000000000617 2.139823177185513e-35
3.7125 2.999999999999999 4.42 2.9999999999983205 4.4200000000064525 2.3523444960592118e-35
3.7175000000000002 2.999999999999999 4.42 2.9999999999982454 4.420000000006748 2.58566095346762e-35
3.7225 2.999999999999999 4.42 2.9999999999981655 4.420000000007064 2.841778715398069e-35
3.7275 2.999999999999999 4.42 2.999999999998081 4.420000000007397 3.1228948631897063e-35
3.7325 2.999999999999999 4.42 2.9999999999979923 4.4200000000077475 3.431415321824898e-35
3.7375 2.999999999999999 4.42 2.9999999999978995 4.4200000000081126 3.769974449954612e-35
3.7425 2.999999999999999 4.42 2.9999999999978018 4.420000000008492 4.141456443700726e-35
3.7475 2.999999999999999 4.42 2.9999999999977 4.420000000008895 4.5490187200103163e-35
3.7525 2.999999999999999 4.42 2.999999999997593 4.420000000009317 4.996117460292594e-35
3.7575000000000003 2.999999999999999 4.42 2.999999999997481 4.420000000009756 5.48653551136489e-35
3.7625 2.999999999999999 4.42 2.9999999999973634 4.4200000000102175 6.024412858462897e-35
3.7675 2.999999999999999 4.42 2.999999999997241 4.4200000000107 6.614279904398632e-35
3.7725 2.999999999999999 4.42 2.9999999999971125 4.420000000011205 7.261093809965952e-35
3.7775 2.999999999999999 4.42 2.9999999999969793 4.420000000011732 7.970278173602389e-35
3.7825 2.999999999999999 4.42 2.99999999999684 4.420000000012284 8.747766353231689e-35
3.7875 2.999999999999999 4.42 2.999999999996694 4.420000000012861 9.600048760340652e-35
3.7925 2.999999999999999 4.42 2.9999999999965428 4.420000000013465 1.0534224485883306e-34
3.7975000000000003 2.999999999999999 4.42 2.999999999996383 4.420000000014095 1.1558057649723699e-34
3.8025 2.999999999999999 4.42 2.9999999999962155 4.420000000014754 1.2680038900319797e-34
3.8075 2.999999999999999 4.42 2.99999999999604 4.420000000015445 1.3909452529387303e-34
3.8125 2.999999999999999 4.42 2.9999999999958558 4.420000000016172 1.5256449707696942e-34
3.8175 2.999999999999999 4.42 2.9999999999956617 4.42000000001694 1.6732128393200854e-34
3.8225000000000002 2.999999999999999 4.42 2.999999999995458 4.420000000017744 1.8348620511679897e-34
3.8275 2.999999999999999 4.42 2.9999999999952442 4.420000000018589 2.011918706341254e-34
3.8325 2.999999999999999 4.42 2.99999999999502 4.420000000019474 2.205832186734157e-34
3.8375 2.999999999999999 4.42 2.999999999994786 4.420000000020398 2.4181864717261646e-34
3.8425000000000002 2.999999999999999 4.42 2.9999999999945404 4.420000000021368 2.6507124793119165e-34
3.8475 2.999999999999999 4.42 2.9999999999942846 4.4200000000223785 2.9053015245081315e-34
3.8525 2.999999999999999 4.42 2.999999999994018 4.42000000002343 3.1840199949102497e-34
3.8575 2.999999999999999 4.42 2.99999999999374 4.420000000024526 3.489125352083537e-34
3.8625 2.999999999999999 4.42 2.9999999999934506 4.420000000025668 3.823083577057737e-34
3.8675 2.999999999999999 4.42 2.9999999999931486 4.420000000026857 4.188588188608518e-34
3.8725 2.999999999999999 4.42 2.9999999999928333 4.420000000028098 4.588580974330303e-34
3.8775 2.999999999999999 4.42 2.999999999992503 4.4200000000294075 5.026274586806957e-34
3.8825000000000003 2.999999999999999 4.42 2.9999999999921565 4.420000000030779 5.505177170564546e-34
3.8875 2.999999999999999 4.42 2.9999999999917932 4.420000000032211 6.029119200010419e-34
3.8925 2.999999999999999 4.42 2.999999999991414 4.4200000000337125 6.602282724363591e-34
3.8975 2.999999999999999 4.42 2.999999999991015 4.4200000000352855 7.229233232720816e-34
3.9025 2.999999999999999 4.42 2.9999999999905986 4.42000000003693 7.914954371051052e-34
3.9075 2.999999999999999 4.42 2.9999999999901625 4.420000000038653 8.664885763145744e-34
3.9125 2.999999999999999 4.42 2.999999999989708 4.4200000000404485 9.484964209540896e-34
3.9175 2.999999999999999 4.42 2.999999999989234 4.42000000004232 1.0381668562317126e-33
3.9225000000000003 2.999999999999999 4.42 2.999999999988738 4.420000000044277 1.1362068599605353e-33
3.9275 2.999999999999999 4.42 2.9999999999882205 4.420000000046322 1.243387825181047e-33
3.9325 2.999999999999999 4.42 2.99999999998768 4.420000000048463 1.3605513562124071e-33
3.9375 2.999999999999999 4.42 2.9999999999871143 4.420000000050703 1.4886155797128192e-33
3.9425 2.999999999999999 4.42 2.9999999999865237 4.420000000053041 1.6285820159321152e-33
3.9475000000000002 2.999999999999999 4.42 2.9999999999859055 4.420000000055486 1.7815430592542338e-33
3.9525 2.999999999999999 4.42 2.999999999985259 4.420000000058044 1.9486901213748167e-33
3.9575 2.999999999999999 4.42 2.999999999984584 4.42000000006071 2.131322495070423e-33
3.9625000000000004 2.999999999999999 4.42 2.9999999999838796 4.420000000063493 2.3308570015195362e-33
3.9675000000000002 2.999999999999999 4.42 2.9999999999831424 4.420000000066403 2.548838489565188e-33
3.9725 2.999999999999999 4.42 2.9999999999823728 4.420000000069447 2.7869512612042567e-33
3.9775 2.999999999999999 4.42 2.999999999981566 4.420000000072626 3.0470315039794306e-33
3.9825 2.999999999999999 4.42 2.999999999980725 4.420000000075944 3.331080817888557e-33
3.9875 2.999999999999999 4.42 2.9999999999798472 4.42000000007941 3.6412809319511946e-33
3.9925 2.999999999999999 4.42 2.9999999999789315 4.42000000008303 3.980009713735774e-33
3.9975 2.999999999999999 4.42 2.999999999977976 4.420000000086806 4.349858584005959e-33
4.0024999999999995 2.999999999999999 4.42 2.999999999976978 4.4200000000907504 4.753651458246893e-33
4.0075 2.999999999999999 4.42 2.9999999999759366 4.42000000009487 5.1944653472508695e-33
4.012499999999999 2.999999999999999 4.42 2.9999999999748503 4.420000000099168 5.675652760230583e-33
4.0175 2.999999999999999 4.42 2.9999999999737157 4.42000000010365 6.200866066183668e-33
4.022500000000001 2.999999999999999 4.42 2.99999999997253 4.420000000108328 6.774083982499077e-33
4.0275 2.999999999999999 4.42 2.999999999971293 4.420000000113212 7.399640374203386e-33
4.032500000000001 2.999999999999999 4.42 2.999999999970003 4.420000000118306 8.082255562843402e-33
4.0375 2.999999999999999 4.42 2.999999999968658 4.420000000123623 8.82707036091572e-33
4.0425 2.999999999999999 4.42 2.9999999999672537 4.420000000129171 9.639683066098964e-33
4.047499999999999 2.999999999999999 4.42 2.99999999996579 4.420000000134955 1.0526189669401779e-32
4.0525 2.999999999999999 4.42 2.9999999999642637 4.420000000140988 1.1493227552887095e-32
4.0575 2.999999999999999 4.42 2.9999999999626716 4.4200000001472795 1.2548022975953696e-32
4.0625 2.999999999999999 4.42 2.9999999999610107 4.420000000153841 1.3698442674456298e-32
4.067500000000001 2.999999999999999 4.42 2.999999999959279 4.420000000160687 1.4953049924323234e-32
4.0725 2.999999999999999 4.42 2.9999999999574722 4.420000000167825 1.6321165451012505e-32
4.077500000000001 2.999999999999999 4.42 2.999999999955589 4.420000000175266 1.7812933598301942e-32
4.0825 2.999999999999999 4.42 2.9999999999536255 4.420000000183023 1.9439394204709194e-32
4.0875 2.999999999999999 4.42 2.99999999995158 4.420000000191106 2.1212560673577565e-32
4.092499999999999 2.999999999999999 4.42 2.9999999999494475 4.420000000199531 2.314550476367546e-32
4.0975 2.999999999999999 4.42 2.9999999999472253 4.420000000208317 2.525244867141766e-32
4.1025 2.999999999999999 4.42 2.999999999944908 4.420000000217472 2.7548865023677956e-32
4.1075 2.999999999999999 4.42 2.9999999999424936 4.420000000227019 3.005158545204233e-32
4.112500000000001 2.999999999999999 4.42 2.9999999999399765 4.420000000236971 3.2778918475463313e-32
4.1175 2.999999999999999 4.42 2.9999999999373532 4.420000000247338 3.575077747907442e-32
4.1225000000000005 2.999999999999999 4.42 2.9999999999346203 4.420000000258138 3.898881964268927e-32
4.1274999999999995 2.999999999999999 4.42 2.9999999999317732 4.420000000269389 4.251659674370321e-32
4.1325 2.999999999999999 4.42 2.999999999928807 4.420000000281112 4.6359718836213585e-32
4.137499999999999 2.999999999999999 4.42 2.999999999925717 4.420000000293324 5.05460318915081e-32
4.1425 2.999999999999999 4.42 2.999999999922499 4.4200000003060405 5.510581057537891e-32
4.147500000000001 2.999999999999999 4.42 2.9999999999191465 4.420000000319288 6.007196743529833e-32
4.1525 2.999999999999999 4.42 2.9999999999156564 4.420000000333085 6.548027987617744e-32
4.157500000000001 2.999999999999999 4.42 2.999999999912022 4.420000000347448 7.136963641770696e-32
4.1625 2.999999999999999 4.42 2.9999999999082387 4.420000000362399 7.778230384986794e-32
4.1675 2.999999999999999 4.42 2.9999999999043 4.420000000377964 8.476421703701189e-32
4.172499999999999 2.999999999999999 4.42 2.999999999900198 4.42000000039417 9.236529326542577e-32
4.1775 2.999999999999999 4.42 2.9999999998959295 4.420000000411038 1.006397731858521e-31
4.1825 2.999999999999999 4.42 2.999999999891487 4.420000000428599 1.096465905714308e-31
4.1875 2.999999999999999 4.42 2.999999999886863 4.420000000446874 1.1944977329459876e-31
4.192500000000001 2.999999999999999 4.42 2.999999999882051 4.420000000465889 1.3011887812410308e-31
4.1975 2.999999999999999 4.42 2.9999999998770432 4.420000000485675 1.4172946215713858e-31
4.202500000000001 2.999999999999999 4.42 2.9999999998718314 4.420000000506267 1.5436359393282016e-31
4.2075 2.999999999999999 4.42 2.9999999998664086 4.420000000527697 1.6811040752286936e-31
4.2125 2.999999999999999 4.42 2.999999999860767 4.420000000549996 1.8306670316567107e-31
4.217499999999999 2.999999999999999 4.42 2.9999999998548974 4.420000000573192 1.9933759830144953e-31
4.2225 2.999999999999999 4.42 2.9999999998487934 4.420000000597318 2.1703723318201023e-31
4.2275 2.999999999999999 4.42 2.9999999998424443 4.420000000622414 2.3628953556898785e-31
4.2325 2.999999999999999 4.42 2.9999999998358406 4.4200000006485105 2.5722904940321664e-31
4.237500000000001 2.999999999999999 4.42 2.999999999828974 4.420000000675645 2.8000183272523375e-31
4.2425 2.999999999999999 4.42 2.999999999821834 4.42000000070386 3.0476643055727105e-31
4.2475000000000005 2.999999999999999 4.42 2.9999999998144093 4.420000000733198 3.316949289210958e-31
4.2524999999999995 2.999999999999999 4.42 2.99999999980669 4.420000000763698 3.6097409666763904e-31
4.2575 2.999999999999999 4.42 2.9999999997986673 4.420000000795402 3.9280662233637315e-31
4.262499999999999 2.999999999999999 4.42 2.9999999997903295 4.420000000828357 4.274124538469331e-31
4.2675 2.999999999999999 4.42 2.999999999781664 4.420000000862611 4.650302494578309e-31
4.272500000000001 2.999999999999999 4.42 2.999999999772658 4.420000000898211 5.05918949108776e-31
4.2775 2.999999999999999 4.42 2.9999999997632987 4.420000000935205 5.5035947600006185e-31
4.282500000000001 2.999999999999999 4.42 2.9999999997535736 4.42000000097364 5.986565790576215e-31
4.2875 2.999999999999999 4.42 2.999999999743469 4.42000000101357 6.511408277905352e-31
4.2925 2.999999999999999 4.42 2.999999999732971 4.420000001055051 7.081707719749912e-31
4.297499999999999 2.999999999999999 4.42 2.9999999997220637 4.420000001098152 7.701352795982191e-31
4.3025 2.999999999999999 4.42 2.9999999997107354 4.420000001142923 8.374560675761517e-31
4.3075 2.999999999999999 4.42 2.9999999996989692 4.420000001189424 9.105904409227142e-31
4.3125 2.999999999999999 4.42 2.9999999996867492 4.4200000012377165 9.90034257306422e-31
4.317500000000001 2.999999999999999 4.42 2.9999999996740603 4.420000001287862 1.0763251352859663e-30
4.3225 2.999999999999999 4.42 2.999999999660884 4.4200000013399325 1.1700459259796733e-30
4.327500000000001 2.999999999999999 4.42 2.9999999996472058 4.420000001393996 1.2718284695034696e-30
4.3325 2.999999999999999 4.42 2.999999999633005 4.420000001450122 1.3823576592131695e-30
4.3375 2.999999999999999 4.42 2.999999999618265 4.420000001508379 1.5023758386263738e-30
4.342499999999999 2.999999999999999 4.42 2.9999999996029656 4.420000001568841 1.6326875578776417e-30
4.3475 2.999999999999999 4.42 2.9999999995870863 4.420000001631594 1.7741647187004173e-30
4.352500000000001 2.999999999999999 4.42 2.9999999995706084 4.420000001696716 1.9277521392300267e-30
4.3575 2.999999999999999 4.42 2.9999999995535083 4.420000001764299 2.0944735724094414e-30
4.362500000000001 2.999999999999999 4.42 2.9999999995357642 4.420000001834428 2.2754382144570334e-30
4.3675 2.999999999999999 4.42 2.9999999995173545 4.420000001907186 2.4718477427421807e-30
4.3725000000000005 2.999999999999999 4.42 2.9999999994982565 4.420000001982668 2.6850039255314234e-30
4.3774999999999995 2.999999999999999 4.42 2.9999999994784456 4.420000002060965 2.9163168494190193e-30
4.3825 2.999999999999999 4.42 2.9999999994578985 4.420000002142168 3.167313813877544e-30
4.387499999999999 2.999999999999999 4.42 2.9999999994365893 4.420000002226388 3.439648946257551e-30
4.3925 2.999999999999999 4.42 2.9999999994144915 4.420000002313719 3.735113594771191e-30
4.397500000000001 2.999999999999999 4.42 2.999999999391579 4.420000002404268 4.055647561515679e-30
4.4025 2.999999999999999 4.42 2.999999999367824 4.420000002498151 4.403351242475823e-30
4.407500000000001 2.999999999999999 4.42 2.9999999993431965 4.42000000259548 4.780498746694378e-30
4.4125 2.999999999999999 4.42 2.999999999317668 4.420000002696376 5.1895520724616134e-30
4.4175 2.999999999999999 4.42 2.999999999291207 4.420000002800955 5.633176424475656e-30
4.422499999999999 2.999999999999999 4.42 2.9999999992637827 4.4200000029093385 6.1142567624867906e-30
4.4275 2.999999999999999 4.42 2.999999999235363 4.420000003021655 6.635915679020803e-30
4.4325 2.999999999999999 4.42 2.999999999205915 4.420000003138038 7.201532711384913e-30
4.4375 2.999999999999999 4.42 2.999999999175405 4.42000000325862 7.814765201370724e-30
4.442500000000001 2.999999999999999 4.42 2.9999999991437964 4.420000003383545 8.47957082489789e-30
4.4475 2.999999999999999 4.42 2.9999999991110533 4.420000003512954 9.200231923345811e-30
4.452500000000001 2.999999999999999 4.42 2.9999999990771378 4.420000003646993 9.981381778572187e-30
4.4575 2.999999999999999 4.42 2.9999999990420108 4.420000003785816 1.0828032984616972e-29
4.4625 2.999999999999999 4.42 2.9999999990056345 4.420000003929582 1.1745608080974023e-29
4.467499999999999 2.999999999999999 4.42 2.999999998967967 4.420000004078446 1.27399726250565e-29
4.4725 2.999999999999999 4.42 2.999999998928967 4.42000000423258 1.3817470895242147e-29
4.477500000000001 2.999999999999999 4.42 2.9999999988885904 4.420000004392151 1.4984964430646602e-29
4.4825 2.999999999999999 4.42 2.9999999988467936 4.420000004557331 1.6249873629702947e-29
4.487500000000001 2.999999999999999 4.42 2.9999999988035326 4.420000004728305 1.7620222646721333e-29
4.4925 2.999999999999999 4.42 2.9999999987587596 4.420000004905254 1.9104687844023646e-29
4.4975000000000005 2.999999999999999 4.42 2.999999998712427 4.420000005088369 2.0712650077058554e-29
4.5024999999999995 2.999999999999999 4.42 2.999999998664484 4.420000005277846 2.2454251111191988e-29
4.5075 2.999999999999999 4.42 2.9999999986148813 4.420000005473881 2.4340454491803944e-29
4.512499999999999 2.999999999999999 4.42 2.999999998563567 4.4200000056766875 2.638311121393388e-29
4.5175 2.999999999999999 4.42 2.999999998510486 4.4200000058864735 2.8595030564252187e-29
4.522500000000001 2.999999999999999 4.42 2.999999998455586 4.420000006103448 3.099005653658577e-29
4.5275 2.999999999999999 4.42 2.9999999983988097 4.420000006327839 3.358315025289972e-29
4.532500000000001 2.999999999999999 4.42 2.9999999983400985 4.420000006559876 3.6390478854543965e-29
4.5375 2.999999999999999 4.42 2.9999999982793932 4.420000006799796 3.942951136397047e-29
4.5425 2.999999999999999 4.42 2.9999999982166345 4.4200000070478325 4.271912205521877e-29
4.547499999999999 2.999999999999999 4.42 2.9999999981517584 4.420000007304231 4.627970191229873e-29
4.5525 2.999999999999999 4.42 2.999999998084702 4.420000007569251 5.0133278798630625e-29
4.5575 2.999999999999999 4.42 2.9999999980153977 4.420000007843151 5.430364700784712e-29
4.5625 2.999999999999999 4.42 2.99999999794378 4.420000008126191 5.881650691709571e-29
4.567500000000001 2.999999999999999 4.42 2.9999999978697787 4.4200000084186515 6.369961551842543e-29
4.5725 2.999999999999999 4.42 2.9999999977933243 4.420000008720811 6.898294866246769e-29
4.577500000000001 2.999999999999999 4.42 2.999999997714343 4.420000009032954 7.46988759115352e-29
4.5825 2.999999999999999 4.42 2.9999999976327634 4.420000009355366 8.088234896679662e-29
4.5875 2.999999999999999 4.42 2.9999999975485085 4.420000009688352 8.757110470686863e-29
4.592499999999999 2.999999999999999 4.42 2.9999999974614995 4.420000010032224 9.48058839529872e-29
4.5975 2.999999999999999 4.42 2.999999997371658 4.420000010387291 1.0263066715976736e-28
4.602500000000001 2.999999999999999 4.42 2.9999999972789038 4.420000010753872 1.1109292832028792e-28
4.6075 2.999999999999999 4.42 2.999999997183153 4.420000011132299 1.2024390847086003e-28
4.612500000000001 2.999999999999999 4.42 2.9999999970843203 4.420000011522902 1.3013891028435411e-28
4.6175 2.999999999999999 4.42 2.9999999969823197 4.420000011926023 1.4083761535211725e-28
4.6225000000000005 2.999999999999999 4.42 2.9999999968770616 4.420000012342016 1.5240442587399772e-28
4.6274999999999995 2.999999999999999 4.42 2.999999996768456 4.420000012771239 1.6490883260386665e-28
4.6325 2.999999999999999 4.42 2.9999999966564097 4.42000001321406 1.7842581103573258e-28
4.637499999999999 2.999999999999999 4.42 2.9999999965408297 4.420000013670854 1.9303624796275626e-28
4.6425 2.999999999999999 4.42 2.999999996421618 4.420000014141997 2.088274007000168e-28
4.647500000000001 2.999999999999999 4.42 2.999999996298676 4.420000014627883 2.25893391431341e-28
4.6525 2.999999999999999 4.42 2.9999999961719026 4.4200000151289105 2.443357393229416e-28
4.657500000000001 2.999999999999999 4.42 2.999999996041196 4.420000015645484 2.642639332417327e-28
4.6625 2.999999999999999 4.42 2.9999999959064523 4.420000016178015 2.8579604812573865e-28
4.6675 2.999999999999999 4.42 2.9999999957675643 4.420000016726926 3.0905940827894414e-28
4.672499999999999 2.999999999999999 4.42 2.9999999956244228 4.420000017292641 3.341913011034374e-28
4.6775 2.999999999999999 4.42 2.999999995476919 4.4200000178756 3.613397450406167e-28
4.6825 2.999999999999999 4.42 2.99999999532494 4.420000018476243 3.9066431576962994e-28
4.6875 2.999999999999999 4.42 2.9999999951683716 4.420000019095022 4.223370350087268e-28
4.692500000000001 2.999999999999999 4.42 2.999999995007096 4.420000019732408 4.565433265830326e-28
4.6975 2.999999999999999 4.42 2.999999994840996 4.4200000203888585 4.934830447637118e-28
4.702500000000001 2.999999999999999 4.42 2.999999994669951 4.420000021064851 5.3337158024912315e-28
4.7075 2.999999999999999 4.42 2.9999999944938396 4.420000021760867 5.76441049550051e-28
4.7125 2.999999999999999 4.42 2.999999994312537 4.420000022477401 6.2294157396157685e-28
4.717499999999999 2.999999999999999 4.42 2.999999994125918 4.420000023214953 6.7314265475319185e-28
4.7225 2.999999999999999 4.42 2.999999993933853 4.420000023974024 7.273346516915512e-28
4.727500000000001 2.999999999999999 4.42 2.999999993736214 4.420000024755124 7.85830372525529e-28
4.7325 2.999999999999999 4.42 2.999999993532869 4.420000025558776 8.489667816171017e-28
4.737500000000001 2.999999999999999 4.42 2.9999999933236845 4.420000026385504 9.17106836493174e-28
4.7425 2.999999999999999 4.42 2.9999999931085277 4.420000027235842 9.90641461727597e-28
4.7475000000000005 2.999999999999999 4.42 2.9999999928872603 4.420000028110328 1.069991670242411e-27
4.7524999999999995 2.999999999999999 4.42 2.999999992659744 4.420000029009508 1.1556108428432618e-27
4.7575 2.999999999999999 4.42 2.9999999924258427 4.420000029933924 1.2479871775836307e-27
4.762499999999999 2.999999999999999 4.42 2.999999992185413 4.420000030884138 1.3476463213843163e-27
4.7675 2.999999999999999 4.42 2.9999999919383145 4.4200000318607096 1.4551541972281108e-27
4.772500000000001 2.999999999999999 4.42 2.9999999916844025 4.4200000328642055 1.5711200412022378e-27
4.7775 2.999999999999999 4.42 2.9999999914235342 4.4200000338952 1.6961996646843843e-27
4.782500000000001 2.999999999999999 4.42 2.9999999911555624 4.420000034954272 1.83109895806019e-27
4.7875 2.999999999999999 4.42 2.9999999908803416 4.420000036041991 1.976577653529029e-27
4.7925 2.999999999999999 4.42 2.9999999905977264 4.420000037158938 2.133453365807931e-27
4.797499999999999 2.999999999999999 4.42 2.999999990307567 4.420000038305696 2.3026059308789834e-27
4.8025 2.999999999999999 4.42 2.9999999900097167 4.420000039482851 2.4849820643601936e-27
4.8075 2.999999999999999 4.42 2.999999989704026 4.4200000406909865 2.681600362607449e-27
4.8125 2.999999999999999 4.42 2.9999999893903477 4.42000004193069 2.893556671295461e-27
4.817500000000001 2.999999999999999 4.42 2.999999989068532 4.420000043202558 3.1220298479737335e-27
4.8225 2.999999999999999 4.42 2.9999999887384305 4.420000044507173 3.3682879469660336e-27
4.827500000000001 2.999999999999999 4.42 2.999999988399895 4.420000045845117 3.633694856983934e-27
4.8325 2.999999999999999 4.42 2.999999988052779 4.420000047216979 3.919717423960374e-27
4.8375 2.999999999999999 4.42 2.9999999876969348 4.420000048623333 4.227933093900043e-27
4.842499999999999 2.999999999999999 4.42 2.999999987332217 4.420000050064757 4.560038112980245e-27
4.8475 2.999999999999999 4.42 2.999999986958481 4.420000051541826 4.917856324753382e-27
4.852500000000001 2.999999999999999 4.42 2.9999999865755838 4.420000053055094 5.303348607083947e-27
4.8575 2.999999999999999 4.42 2.999999986183384 4.420000054605122 5.718622994439696e-27
4.862500000000001 2.999999999999999 4.42 2.9999999857817445 4.420000056192466 6.165945534335626e-27
4.8675 2.999999999999999 4.42 2.9999999853705264 4.420000057817665 6.64775193012921e-27
4.8725000000000005 2.999999999999999 4.42 2.999999984949597 4.420000059481243 7.166660026001803e-27
4.8774999999999995 2.999999999999999 4.42 2.999999984518827 4.420000061183712 7.725483193830189e-27
4.8825 2.999999999999999 4.42 2.9999999840780878 4.420000062925583 8.327244685803272e-27
4.887499999999999 2.999999999999999 4.42 2.9999999836272555 4.420000064707347 8.975193021048755e-27
4.8925 2.999999999999999 4.42 2.9999999831662114 4.42000006652947 9.672818479264584e-27
4.897500000000001 2.999999999999999 4.42 2.99999998269484 4.420000068392405 1.042387077937629e-26
4.9025 2.999999999999999 4.42 2.9999999822130343 4.420000070296577 1.1232378026627623e-26
4.907500000000001 2.999999999999999 4.42 2.9999999817206895 4.4200000722424 1.2102667017243472e-26
4.9125 2.999999999999999 4.42 2.9999999812177083 4.420000074230259 1.3039384995923398e-26
4.9175 2.999999999999999 4.42 2.9999999807040005 4.4200000762605125 1.4047522967965495e-26
4.922499999999999 2.999999999999999 4.42 2.999999980179482 4.420000078333495 1.513244067477455e-26
4.9275 2.999999999999999 4.42 2.999999979644076 4.420000080449508 1.6299893348955272e-26
4.9325 2.999999999999999 4.42 2.9999999790977143 4.420000082608823 1.7556060373101396e-26
4.9375 2.999999999999999 4.42 2.9999999785403384 4.420000084811669 1.890757597486316e-26
4.942500000000001 2.999999999999999 4.42 2.999999977971899 4.420000087058235 2.0361562099871483e-26
4.9475 2.999999999999999 4.42 2.999999977392356 4.4200000893486795 2.192566361371712e-26
4.952500000000001 2.999999999999999 4.42 2.999999976801683 4.420000091683113 2.360808599442835e-26
4.9575 2.999999999999999 4.42 2.999999976199865 4.4200000940615976 2.5417635687795335e-26
4.9625 2.999999999999999 4.42 2.9999999755868965 4.420000096484145 2.736376330955119e-26
4.967499999999999 2.999999999999999 4.42 2.9999999749627895 4.420000098950713 2.94566098907892e-26
4.9725 2.999999999999999 4.42 2.999999974327567 4.420000101461213 3.170705637624209e-26
4.977500000000001 2.999999999999999 4.42 2.9999999736812697 4.420000104015484 3.4126776599090355e-26
4.9825 2.999999999999999 4.42 2.999999973023953 4.420000106613308 3.672829397099478e-26
4.987500000000001 2.999999999999999 4.42 2.9999999723556887 4.4200001092543975 3.952504214199791e-26
4.9925 2.999999999999999 4.42 2.99999997167657 4.420000111938382 4.2531429901938497e-26
4.9975000000000005 2.999999999999999 4.42 2.999999970986708 4.420000114664829 4.5762910613174555e-26
5.0024999999999995 2.999999999999999 4.42 2.9999999702862308 4.420000117433226 4.9236056483627193e-26
5.0075 2.999999999999999 4.42 2.999999969575292 4.420000120242971 5.296863800975406e-26
5.012499999999999 2.999999999999999 4.42 2.9999999688540657 4.420000123093376 5.697970894083752e-26
5.0175 2.999999999999999 4.42 2.9999999681227516 4.420000125983648 6.128969713929066e-26
5.022500000000001 2.999999999999999 4.42 2.9999999673815725 4.420000128912902 6.592050173635612e-26
5.0275 2.999999999999999 4.42 2.9999999666307797 4.420000131880151 7.089559700896064e-26
5.032500000000001 2.999999999999999 4.42 2.9999999658706527 4.420000134884289 7.624014343144673e-26
5.0375 2.999999999999999 4.42 2.999999965101501 4.4200001379241 8.198110638568598e-26
5.0425 2.999999999999999 4.42 2.9999999643236634 4.420000140998233 8.814738304480259e-26
5.047499999999999 2.999999999999999 4.42 2.9999999635375154 4.4200001441052095 9.476993797934132e-26
5.0525 2.999999999999999 4.42 2.9999999627434635 4.420000147243429 1.018819480706212e-25
5.0575 2.999999999999999 4.42 2.9999999619419517 4.420000150411132 1.0951895735396595e-25
5.0625 2.999999999999999 4.42 2.999999961133462 4.420000153606415 1.177190424551076e-25
5.067500000000001 2.999999999999999 4.42 2.999999960318517 4.420000156827211 1.2652298932592846e-25
5.0725 2.999999999999999 4.42 2.9999999594976803 4.420000160071294 1.3597448203147922e-25
5.077500000000001 2.999999999999999 4.42 2.999999958671559 4.420000163336266 1.461203043887591e-25
5.0825 2.999999999999999 4.42 2.9999999578408083 4.420000166619535 1.570105553092213e-25
5.0875 2.999999999999999 4.42 2.9999999570061298 4.420000169918327 1.6869887875189862e-25
5.092499999999999 2.999999999999999 4.42 2.999999956168276 4.420000173229663 1.8124270925198753e-25
5.0975 2.999999999999999 4.42 2.9999999553280534 4.420000176550356 1.9470353405172665e-25
5.102500000000001 2.999999999999999 4.42 2.999999954486325 4.420000179876997 2.09147172925707e-25
5.1075 2.999999999999999 4.42 2.9999999536440107 4.420000183205953 2.246440768625589e-25
5.112500000000001 2.999999999999999 4.42 2.9999999528020913 4.420000186533352 2.4126964683866886e-25
5.1175 2.999999999999999 4.42 2.99999995196161 4.420000189855072 2.5910457399789224e-25
5.1225000000000005 2.999999999999999 4.42 2.9999999511236766 4.420000193166716 2.782352026345653e-25
5.1274999999999995 2.999999999999999 4.42 2.999999950289472 4.420000196463626 2.9875391746495724e-25
5.1325 2.999999999999999 4.42 2.999999949460247 4.420000199740851 3.2075955676619366e-25
5.137499999999999 2.999999999999999 4.42 2.999999948637332 4.420000202993147 3.443578530603814e-25
5.1425 2.999999999999999 4.42 2.999999947822131 4.420000206214953 3.696619031272863e-25
5.147500000000001 2.999999999999999 4.42 2.999999947016132 4.4200002094003885 3.967926692397841e-25
5.1525 2.999999999999999 4.42 2.999999946220911 4.420000212543231 4.258795136348367e-25
5.157500000000001 2.999999999999999 4.42 2.999999945438132 4.420000215636899 4.570607683576115e-25
5.1625 2.999999999999999 4.42 2.999999944669552 4.420000218674452 4.90484342748818e-25
5.1675 2.999999999999999 4.42 2.999999943917027 4.4200002216485474 5.263083709860638e-25
5.172499999999999 2.999999999999999 4.42 2.9999999431825146 4.420000224551464 5.647019022381491e-25
5.1775 2.999999999999999 4.42 2.9999999424680728 4.420000227375052 6.058456361492504e-25
5.1825 2.999999999999999 4.42 2.9999999417758745 4.420000230110727 6.499327065358479e-25
5.1875 2.999999999999999 4.42 2.999999941108206 4.4200002327494605 6.971695163562433e-25
5.192500000000001 2.999999999999999 4.42 2.999999940467471 4.420000235281749 7.477766271985709e-25
5.1975 2.999999999999999 4.42 2.9999999398561985 4.420000237697597 8.0198970673081595e-25
5.202500000000001 2.999999999999999 4.42 2.9999999392770444 4.420000239986504 8.600605377652505e-25
5.2075 2.999999999999999 4.42 2.9999999387328002 4.4200002421374425 9.222580928099292e-25
5.2125 2.999999999999999 4.42 2.9999999382263978 4.420000244138832 9.888696782141118e-25
5.217499999999999 2.999999999999999 4.42 2.9999999377609106 4.4200002459785175 1.0602021522600994e-24
5.2225 2.999999999999999 4.42 2.999999937339564 4.420000247643749 1.136583221815901e-24
5.227500000000001 2.999999999999999 4.42 2.9999999369657404 4.420000249121162 1.218362822437181e-24
5.2325 2.999999999999999 4.42 2.999999936642983 4.42000025039675 1.3059145870992132e-24
5.237500000000001 2.999999999999999 4.42 2.999999936375005 4.420000251455839 1.3996374090457433e-24
5.2425 2.999999999999999 4.42 2.999999936165695 4.4200002522830655 1.4999571045662512e-24
5.2475000000000005 2.999999999999999 4.42 2.9999999360191216 4.420000252862343 1.6073281818560618e-24
5.2524999999999995 2.999999999999999 4.42 2.9999999359395426 4.420000253176845 1.7222357224736173e-24
5.2575 2.999999999999999 4.42 2.9999999359314105 4.420000253208981 1.8451973822920415e-24
5.262499999999999 2.999999999999999 4.42 2.9999999359993814 4.420000252940346 1.9767655192418878e-24
5.2675 2.999999999999999 4.42 2.999999936148324 4.4200002523517 2.117529455568358e-24
5.272500000000001 2.999999999999999 4.42 2.9999999363833214 4.42000025142295 2.2681178827696525e-24
5.2775 2.999999999999999 4.42 2.9999999367096857 4.420000250133104 2.4292014178571168e-24
5.282500000000001 2.999999999999999 4.42 2.9999999371329613 4.420000248460248 2.6014953200714587e-24
5.2875 2.999999999999999 4.42 2.999999937658937 4.420000246381504 2.785762377711515e-24
5.2925 2.999999999999999 4.42 2.999999938293654 4.420000243872995 2.9828159752840022e-24
5.297499999999999 2.999999999999999 4.42 2.999999939043414 4.420000240909817 3.193523351757823e-24
5.3025 2.999999999999999 4.42 2.9999999399147894 4.420000237465997 3.418809061319437e-24
5.3075 2.999999999999999 4.42 2.9999999409146336 4.420000233514455 3.65965864866166e-24
5.3125 2.999999999999999 4.42 2.999999942050087 4.420000229026964 3.91712255151615e-24
5.317500000000001 2.999999999999999 4.42 2.9999999433285907 4.420000223974116 4.1923202438438796e-24
5.3225 2.999999999999999 4.42 2.9999999447578976 4.420000218325267 4.486444633843359e-24
5.327500000000001 2.999999999999999 4.42 2.999999946346082 4.420000212048512 4.8007667317181865e-24
5.3325 2.999999999999999 4.42 2.9999999481015465 4.420000205110629 5.1366406029619754e-24
5.3375 2.999999999999999 4.42 2.999999950033043 4.420000197477032 5.495508623785668e-24
5.342499999999999 2.999999999999999 4.42 2.999999952149678 4.420000189111741 5.878907056207231e-24
5.3475 2.999999999999999 4.42 2.9999999544609235 4.420000179977319 6.288471961279439e-24
5.352500000000001 2.999999999999999 4.42 2.9999999569766342 4.420000170034822 6.725945469915108e-24
5.3575 2.999999999999999 4.42 2.999999959707056 4.420000159243754 7.193182431817096e-24
5.362500000000001 2.999999999999999 4.42 2.9999999626628417 4.4200001475620105 7.692157464105311e-24
5.3675 2.999999999999999 4.42 2.9999999658550647 4.420000134945827 8.224972422371393e-24
5.3725000000000005 2.999999999999999 4.42 2.9999999692952324 4.420000121349729 8.793864318092014e-24
5.3774999999999995 2.999999999999999 4.42 2.9999999729952984 4.420000106726468 9.40121370756911e-24
5.3825 2.999999999999999 4.42 2.9999999769676835 4.420000091026952 1.0049553578880024e-23
5.387499999999999 2.999999999999999 4.42 2.999999981225285 4.420000074200223 1.0741578764671479e-23
5.3925 2.999999999999999 4.42 2.99999998578149 4.42000005619336 1.1480155910065557e-23
5.397500000000001 2.999999999999999 4.42 2.9999999906502017 4.420000036951423 1.2268334026416762e-23
5.4025 2.999999999999999 4.42 2.9999999958458488 4.420000016417386 1.3109355663217706e-23
5.407500000000001 2.999999999999999 4.42 3.0000000013834023 4.41999999453208 1.4006668732058246e-23
5.4125 2.999999999999999 4.42 3.000000007278396 4.419999971234114 1.4963939018217394e-23
5.4175 2.999999999999999 4.42 3.0000000135469422 4.419999946459798 1.5985063417228636e-23
5.422499999999999 2.999999999999999 4.42 3.000000020205751 4.419999920143105 1.7074183935557026e-23
5.4275 2.999999999999999 4.42 3.0000000272721445 4.41999989221557 1.8235702496436616e-23
5.4325 2.999999999999999 4.42 3.000000034764084 4.419999862606211 1.9474296593852878e-23
5.4375 2.999999999999999 4.42 3.0000000427001803 4.419999831241477 2.0794935839713404e-23
5.442500000000001 2.999999999999999 4.42 3.0000000510997213 4.4199997980451355 2.220289945133551e-23
5.4475 2.999999999999999 4.42 3.00000005998269 4.419999762938202 2.370379472857553e-23
5.452500000000001 2.999999999999999 4.42 3.0000000693697895 4.419999725838862 2.5303576572181187e-23
5.4575 2.999999999999999 4.42 3.0000000792824606 4.419999686662371 2.7008568097265507e-23
5.4625 2.999999999999999 4.42 3.000000089742908 4.419999645320981 2.8825482398236007e-23
5.467499999999999 2.999999999999999 4.42 3.0000001007741206 4.419999601723839 3.076144552395874e-23
5.4725 2.999999999999999 4.42 3.0000001123998947 4.41999955577689 3.282402072453069e-23
5.477500000000001 2.999999999999999 4.42 3.0000001246448638 4.41999950738278 3.502123403361768e-23
5.4825 2.999999999999999 4.42 3.000000137534518 4.419999456440774 3.736160125305046e-23
5.487500000000001 2.999999999999999 4.42 3.0000001510952305 4.419999402846632 3.985415640911204e-23
5.4925 2.999999999999999 4.42 3.000000165354284 4.419999346492531 4.250848175277013e-23
5.4975000000000005 2.999999999999999 4.42 3.000000180339897 4.41999928726695 4.533473937902625e-23
5.5024999999999995 2.999999999999999 4.42 3.0000001960812552 4.419999225054539 4.834370454345307e-23
5.5075 2.999999999999999 4.42 3.000000212608535 4.419999159736037 5.154680075702872e-23
5.512499999999999 2.999999999999999 4.42 3.0000002299529336 4.419999091188156 5.495613674335928e-23
5.5175 2.999999999999999 4.42 3.0000002481466974 4.419999019283443 5.858454534551444e-23
5.522500000000001 2.999999999999999 4.42 3.0000002672231583 4.419998943890166 6.244562447272041e-23
5.5275 2.999999999999999 4.42 3.0000002872167553 4.419998864872219 6.655378018034868e-23
5.532500000000001 2.999999999999999 4.42 3.000000308163073 4.419998782088961 7.092427197969432e-23
5.5375 2.999999999999999 4.42 3.0000003300988713 4.419998695395111 7.557326047715962e-23
5.5425 2.999999999999999 4.42 3.000000353062121 4.4199986046406075 8.051785744558815e-23
5.547499999999999 2.999999999999999 4.42 3.0000003770920336 4.419998509670478 8.57761784334579e-23
5.5525 2.999999999999999 4.42 3.000000402229099 4.419998410324694 9.136739802072371e-23
5.5575 2.999999999999999 4.42 3.0000004285151216 4.419998306438041 9.731180783290456e-23
5.5625 2.999999999999999 4.42 3.0000004559932543 4.419998197839971 1.0363087742791856e-22
5.567500000000001 2.999999999999999 4.42 3.000000484708038 4.419998084354453 1.1034731817274071e-22
5.5725 2.999999999999999 4.42 3.000000514705437 4.419997965799829 1.1748515022953874e-22
5.577500000000001 2.999999999999999 4.42 3.0000005460328802 4.41999784198865 1.2506977277325665e-22
5.5825 2.999999999999999 4.42 3.000000578739301 4.419997712727522 1.3312803756463564e-22
5.5875 2.999999999999999 4.42 3.0000006128751755 4.419997577816956 1.4168832600462197e-22
5.592499999999999 2.999999999999999 4.42 3.000000648492565 4.419997437051194 1.507806297974583e-22
5.5975 2.999999999999999 4.42 3.00000068564516 4.419997290218045 1.6043663535107573e-22
5.602500000000001 2.999999999999999 4.42 3.0000007243883244 4.419997137098707 1.706898120439705e-22
5.6075 2.999999999999999 4.42 3.0000007647791334 4.419996977467605 1.8157550448817697e-22
5.612500000000001 2.999999999999999 4.42 3.0000008068764257 4.419996811092194 1.9313102891756649e-22
5.6175 2.999999999999999 4.42 3.0000008507408467 4.419996637732793 2.0539577382981124e-22
5.6225000000000005 2.999999999999999 4.42 3.000000896434897 4.419996457142396 2.184113050089324e-22
5.6274999999999995 2.999999999999999 4.42 3.000000944022978 4.419996269066473 2.322214750527618e-22
5.6325 2.999999999999999 4.42 3.000000993571443 4.419996073242787 2.4687253752674255e-22
5.637499999999999 2.999999999999999 4.42 3.0000010451486454 4.419995869401184 2.624132658610087e-22
5.6425 2.999999999999999 4.42 3.000001098824993 4.419995657263399 2.7889507710276775e-22
5.647500000000001 2.999999999999999 4.42 3.0000011546730017 4.41999543654285 2.963721606292097e-22
5.6525 2.999999999999999 4.42 3.0000012127673408 4.419995206944422 3.149016119187299e-22
5.657500000000001 2.999999999999999 4.42 3.0000012731848953 4.419994968164253 3.3454357146877787e-22
5.6625 2.999999999999999 4.42 3.000001336004816 4.41999471988952 3.5536136893775927e-22
5.6675 2.999999999999999 4.42 3.000001401308582 4.419994461798208 3.7742167257596706e-22
5.672499999999999 2.999999999999999 4.42 3.000001469180053 4.419994193558885 4.0079464399546148e-22
5.6775 2.999999999999999 4.42 3.0000015397055275 4.419993914830485 4.25554098312379e-22
5.6825 2.999999999999999 4.42 3.000001612973809 4.419993625262043 4.517776696754499e-22
5.6875 2.999999999999999 4.42 3.0000016890762633 4.419993324492468 4.795469821729646e-22
5.692500000000001 2.999999999999999 4.42 3.0000017681068796 4.419993012150304 5.089478260853442e-22
5.6975 2.999999999999999 4.42 3.0000018501623313 4.419992687853463 5.400703394225002e-22
5.702500000000001 2.999999999999999 4.42 3.0000019353420475 4.419992351208984 5.73009194653857e-22
5.7075 2.999999999999999 4.42 3.0000020237482765 4.419992001812763 6.078637905031894e-22
5.7125 2.999999999999999 4.42 3.0000021154861534 4.419991639249291 6.44738448641507e-22
5.717499999999999 2.999999999999999 4.42 3.0000022106637623 4.419991263091395 6.83742615066489e-22
5.7225 2.999999999999999 4.42 3.0000023093922135 4.41999087289995 7.2499106590866415e-22
5.727500000000001 2.999999999999999 4.42 3.00000241178571 4.419990468223604 7.686041173493438e-22
5.7325 2.999999999999999 4.42 3.00000251796162 4.419990048598491 8.147078392756631e-22
5.737500000000001 2.999999999999999 4.42 3.000002628040554 4.419989613547933 8.634342722308051e-22
5.7425 2.999999999999999 4.42 3.0000027421464353 4.419989162582167 9.149216471436915e-22
5.7475000000000005 2.999999999999999 4.42 3.0000028604065743 4.419988695198036 9.693146072414637e-22
5.7524999999999995 2.999999999999999 4.42 3.0000029829517505 4.4199882108786746 1.0267644314576777e-21
5.7575 2.999999999999999 4.42 3.000003109916287 4.41998770909321 1.087429258551161e-21
5.762499999999999 2.999999999999999 4.42 3.0000032414381317 4.41998718929644 1.151474311041249e-21
5.7675 2.999999999999999 4.42 3.000003377658939 4.419986650928516 1.2190721179470646e-21
5.772500000000001 2.999999999999999 4.42 3.000003518724153 4.419986093414611 1.2904027351866471e-21
5.7775 2.999999999999999 4.42 3.0000036647830894 4.419985516164602 1.3656539623501385e-21
5.782500000000001 2.999999999999999 4.42 3.0000038159890234 4.419984918572718 1.4450215544038003e-21
5.7875 2.999999999999999 4.42 3.0000039724992735 4.4199843000172 1.5287094267106103e-21
5.7925 2.999999999999999 4.42 3.000004134475288 4.419983659859959 1.6169298515671295e-21
5.797499999999999 2.999999999999999 4.42 3.0000043020827407 4.419982997446219 1.709903644250888e-21
5.8025 2.999999999999999 4.42 3.000004475491617 4.419982312104171 1.807860336351817e-21
5.8075 2.999999999999999 4.42 3.000004654876305 4.419981603144594 1.911038333916793e-21
5.8125 2.999999999999999 4.42 3.0000048404156914 4.419980869860479 2.0196850576742936e-21
5.817500000000001 2.999999999999999 4.42 3.0000050322932577 4.419980111526675 2.1340570623169867e-21
5.8225 2.999999999999999 4.42 3.000005230697173 4.4199793273994885 2.254420131508484e-21
5.827500000000001 2.999999999999999 4.42 3.0000054358203956 4.419978516716313 2.381049344940791e-21
5.8325 2.999999999999999 4.42 3.000005647860766 4.419977678695221 2.5142291133985484e-21
5.8375 2.999999999999999 4.42 3.000005867021118 4.419976812534572 2.65425317738774e-21
5.842499999999999 2.999999999999999 4.42 3.000006093509369 4.419975917412626 2.8014245644485816e-21
5.8475 2.999999999999999 4.42 3.000006327538635 4.419974992487101 2.9560554998041398e-21
5.852500000000001 2.999999999999999 4.42 3.0000065693273257 4.419974036894786 3.1184672644814813e-21
5.8575 2.999999999999999 4.42 3.000006819099254 4.419973049751113 3.288989994491357e-21
5.862500000000001 2.999999999999999 4.42 3.0000070770837484 4.419972030149731 3.467962414050767e-21
5.8675 2.999999999999999 4.42 3.000007343515754 4.41997097716206 3.655731495182913e-21
5.8725000000000005 2.999999999999999 4.42 3.000007618635952 4.419969889836876 3.852652035329693e-21
5.8774999999999995 2.999999999999999 4.42 3.0000079026908635 4.419968767199857 4.059086143847489e-21
5.8825 2.999999999999999 4.42 3.0000081959329723 4.419967608253128 4.275402627440366e-21
5.887499999999999 2.999999999999999 4.42 3.0000084986208315 4.419966411974817 4.50197626369326e-21
5.8925 2.999999999999999 4.42 3.000008811019182 4.419965177318589 4.739186950912706e-21
5.897500000000001 2.999999999999999 4.42 3.0000091333990735 4.419963903213177 4.9874187214435496e-21
5.9025 2.999999999999999 4.42 3.0000094660379832 4.419962588561921 5.247058604516868e-21
5.907500000000001 2.999999999999999 4.42 3.0000098092199305 4.4199612322422865 5.518495323475777e-21
5.9125 2.999999999999999 4.42 3.000010163235606 4.419959833105377 5.8021178109256694e-21
5.9175 2.999999999999999 4.42 3.0000105283824943 4.419958389975453 6.0983135239561306e-21
5.922499999999999 2.999999999999999 4.42 3.0000109049649946 4.41995690164944 6.407466540065517e-21
5.9275 2.999999999999999 4.42 3.0000112932945484 4.4199553668964215 6.7299554127967935e-21
5.9325 2.999999999999999 4.42 3.0000116936897716 4.419953784457131 7.066150764332412e-21
5.9375 2.999999999999999 4.42 3.000012106476574 4.41995215304347 7.416412590413098e-21
5.942500000000001 2.999999999999999 4.42 3.0000125319882995 4.419950471337955 7.781087250907067e-21
5.9475 2.999999999999999 4.42 3.0000129705658534 4.419948737993224 8.16050411716967e-21
5.952500000000001 2.999999999999999 4.42 3.000013422557833 4.419946951631498 8.554971844979406e-21
5.9575 2.999999999999999 4.42 3.000013888320665 4.419945110844062 8.964774239299528e-21
5.9625 2.999999999999999 4.42 3.0000143682187392 4.419943214190722 9.390165674396287e-21
5.967499999999999 2.999999999999999 4.42 3.000014862624547 4.419941260199259 9.831366029910307e-21
5.9725 2.999999999999999 4.42 3.000015371918815 4.419939247364905 1.0288555100337654e-20
5.977500000000001 2.999999999999999 4.42 3.0000158964906483 4.419937174149772 1.0761866431986541e-20
5.9825 2.999999999999999 4.42 3.0000164367376687 4.4199350389823095 1.1251380537854135e-20
5.987500000000001 2.999999999999999 4.42 3.0000169930661595 4.41993284025674 1.1757117436957047e-20
5.9925 2.999999999999999 4.42 3.0000175658912007 4.4199305763325025 1.2279028460465198e-20
5.9975000000000005 2.999999999999999 4.42 3.0000181556368215 4.419928245533672 1.2816987262494864e-20
6.0024999999999995 2.999999999999999 4.42 3.000018762736137 4.419925846148396 1.3370779968583754e-20
6.0075 2.999999999999999 4.42 3.000019387631502 4.419923376428319 1.394009438970567e-20
6.0125 2.999999999999999 4.42 3.00002003077465 4.4199208345880034 1.4524508224114695e-20
6.0175 2.999999999999999 4.42 3.000020692626844 4.419918218804337 1.5123476163367573e-20
6.022500000000001 2.999999999999999 4.42 3.0000213736590267 4.41991552721594 1.573631581247634e-20
6.0275 2.999999999999999 4.42 3.0000220743519703 4.419912757922592 1.636219232730091e-20
6.032500000000001 2.999999999999999 4.42 3.0000227951964256 4.419909908984629 1.7000101664959452e-20
6.0375 2.999999999999999 4.42 3.0000235366932713 4.419906978422347 1.76488523351619e-20
6.0425 2.999999999999999 4.42 3.0000242993536714 4.419903964215383 1.830704553196227e-20
6.047499999999999 2.999999999999999 4.42 3.000025083699224 4.419900864302132 1.8973053516390185e-20
6.0525 2.999999999999999 4.42 3.0000258902621137 4.419897676579132 1.9644996110776405e-20
6.0575 2.999999999999999 4.42 3.0000267195852715 4.419894398900451 2.0320715155225283e-20
6.0625 2.999999999999999 4.42 3.0000275722225234 4.419891029077081 2.0997746765631944e-20
6.067500000000001 2.999999999999999 4.42 3.0000284487387536 4.419887564876312 2.1673291220776476e-20
6.0725 2.999999999999999 4.42 3.0000293497100516 4.419884004021116 2.2344180293352276e-20
6.077500000000001 2.999999999999999 4.42 3.0000302757238773 4.419880344189538 2.3006841826218516e-20
6.0825 2.999999999999999 4.42 3.0000312273792087 4.419876583014077 2.365726134064557e-20
6.0875 2.999999999999999 4.42 3.000032205286708 4.419872718081043 2.4290940447810965e-20
6.092499999999999 2.999999999999999 4.42 3.000033210068877 4.419868746929948 2.490285181819137e-20
6.0975 2.999999999999999 4.42 3.0000342423602118 4.419864667052877 2.5487390445767214e-20
6.102500000000001 2.999999999999999 4.42 3.0000353028073623 4.41986047589387 2.6038320924966875e-20
6.1075 2.999999999999999 4.42 3.0000363920692927 4.4198561708482895 2.6548720438027437e-20
6.112500000000001 2.999999999999999 4.42 3.000037510817437 4.419851749262199 2.7010917128765656e-20
6.1175 2.999999999999999 4.42 3.0000386597358553 4.419847208431733 2.74164235156174e-20
6.1225000000000005 2.999999999999999 4.42 3.000039839521402 4.419842545602467 2.7755864572082737e-20
6.1274999999999995 2.999999999999999 4.42 3.0000410508838717 4.419837757968793 2.801890007629636e-20
6.1325 2.999999999999999 4.42 3.000042294546166 4.419832842673296 2.8194140803258544e-20
6.1375 2.999999999999999 4.42 3.000043571244447 4.4198277968061275 2.8269058103138997e-20
6.1425 2.999999999999999 4.42 3.000044881728297 4.419822617404387 2.8229886376939946e-20
6.147500000000001 2.999999999999999 4.42 3.0000462267608707 4.419817301451504 2.806151792648458e-20
6.1525 2.999999999999999 4.42 3.0000476071190563 4.419811845876605 2.774738961909743e-20
6.157500000000001 2.999999999999999 4.42 3.000049023593631 4.419806247553915 2.726936076826462e-20
6.1625 2.999999999999999 4.42 3.000050476989414 4.419800503302134 2.6607581589896417e-20
6.1675 2.999999999999999 4.42 3.0000519681254203 4.419794609883821 2.574035154933998e-20
6.172499999999999 2.999999999999999 4.42 3.0000534978350193 4.419788564004791 2.4643966866886597e-20
6.1775 2.999999999999999 4.42 3.0000550669660804 4.4197823623135175 2.3292556398932124e-20
6.1825 2.999999999999999 4.42 3.0000566763811305 4.419776001400517 2.1657905058053748e-20
6.1875 2.999999999999999 4.42 3.000058326957501 4.419769477797776 1.970926387775956e-20
6.192500000000001 2.999999999999999 4.42 3.0000600195874783 4.419762787978137 1.741314576641656e-20
6.1975 2.999999999999999 4.42 3.000061755178451 4.419755928354712 1.4733105929551304e-20
6.202500000000001 2.999999999999999 4.42 3.0000635346530595 4.419748895280317 1.1629505870119443e-20
6.2075 2.999999999999999 4.42 3.0000653589493353 4.419741685046896 8.059259802220545e-21
6.2125 2.999999999999999 4.42 3.000067229020849 4.419734293884942 3.9755622346984e-21
6.217499999999999 2.999999999999999 4.42 3.0000691458368496 4.419726717962949 -6.7240460301459435e-22
6.2225 2.999999999999999 4.42 3.0000711103824034 4.419718953386858 -5.939784910139598e-21
6.227500000000001 2.999999999999999 4.42 3.0000731236585354 4.419710996199499 -1.1886386551558408e-20
6.2325 2.999999999999999 4.42 3.0000751866823596 4.419702842380054 -1.8577042996958164e-20
6.237500000000001 2.999999999999999 4.42 3.000077300487221 4.419694487843534 -2.60820016846176e-20
6.2425 2.999999999999999 4.42 3.000079466122818 4.419685928440254 -3.447734064747373e-20
6.2475000000000005 2.999999999999999 4.42 3.00008168465534 4.419677159955318 -4.384541536176779e-20
6.2524999999999995 2.999999999999999 4.42 3.000083957167584 4.419668178108132 -5.42753379088525e-20
6.2575 2.999999999999999 4.42 3.0000862847590835 4.419658978551901 -6.586349067971357e-20
6.2625 2.999999999999999 4.42 3.0000886685462302 4.419649556873157 -7.871407699921798e-20
6.2675 2.999999999999999 4.42 3.0000911096623897 4.419639908591289 -9.293971120439745e-20
6.272500000000001 2.999999999999999 4.42 3.000093609258017 4.419630029158084 -1.0866205087797007e-19
6.2775 2.999999999999999 4.42 3.0000961685007677 4.419619913957277 -1.2601247411609931e-19
6.282500000000001 2.999999999999999 4.42 3.000098788575607 4.41960955830413 -1.451328048983946e-19
6.2875 2.999999999999999 4.42 3.000101470684915 4.419598957445021 -1.6617608982886256e-19
6.2925 2.999999999999999 4.42 3.000104216048584 4.419588106557033 -1.8930742973045924e-19
6.297499999999999 2.999999999999999 4.42 3.0001070259041214 4.419577000747566 -2.14704869802523e-19
6.3025 2.999999999999999 4.42 3.0001099015067414 4.4195656350539645 -2.4256035229216377e-19
6.3075 2.999999999999999 4.42 3.000112844129453 4.419554004443162 -2.73080735886644e-19
6.3125 2.999999999999999 4.42 3.000115855063145 4.419542103811349 -3.06488886306849e-19
6.317500000000001 2.999999999999999 4.42 3.0001189356166673 4.419529927983634 -3.4302484287100724e-19
6.3225 2.999999999999999 4.42 3.0001220871169103 4.419517471713747 -3.8294706610575184e-19
6.327500000000001 2.999999999999999 4.42 3.0001253109088735 4.419504729683759 -4.26533771808331e-19
6.3325 2.999999999999999 4.42 3.0001286083557335 4.419491696503805 -4.740843573105156e-19
6.3375 2.999999999999999 4.42 3.000131980838903 4.419478366711839 -5.25920926063927e-19
6.342499999999999 2.999999999999999 4.42 3.0001354297580924 4.419464734773408 -5.823899170570072e-19
6.3475 2.999999999999999 4.42 3.0001389565313605 4.419450795081442 -6.438638459903456e-19
6.352500000000001 2.999999999999999 4.42 3.000142562595156 4.419436541956065 -7.107431655771823e-19
6.3575 2.999999999999999 4.42 3.0001462494043616 4.419421969644443 -7.83458252805e-19
6.362500000000001 2.999999999999999 4.42 3.000150018432329 4.419407072320631 -8.624715314906395e-19
6.3675 2.999999999999999 4.42 3.0001538711709057 4.419391844085463 -9.482797389885665e-19
6.3725000000000005 2.999999999999999 4.42 3.000157809130458 4.4193762789664515 -1.0414163464724083e-18
6.3774999999999995 2.999999999999999 4.42 3.000161833839886 4.41936037091773 -1.142454142802355e-18
6.3825 2.999999999999999 4.42 3.000165946846635 4.419344113820008 -1.2520079926225654e-18
6.3875 2.999999999999999 4.42 3.0001701497166984 4.419327501480553 -1.3707377799990646e-18
6.3925 2.999999999999999 4.42 3.0001744440346085 4.419310527633209 -1.4993515496193007e-18
6.397500000000001 2.999999999999999 4.42 3.0001788314034323 4.419293185938418 -1.6386088583244696e-18
6.4025 2.999999999999999 4.42 3.000183313444751 4.4192754699833054 -1.7893243505437943e-18
6.407500000000001 2.999999999999999 4.42 3.0001878917986327 4.419257373281765 -1.952371572045065e-18
6.4125 2.999999999999999 4.42 3.0001925681235995 4.4192388892745935 -2.1286870373103242e-18
6.4175 2.999999999999999 4.42 3.000197344096587 4.419220011329646 -2.319274566798071e-18
6.422499999999999 2.999999999999999 4.42 3.0002022214128954 4.41920073274202 -2.5252099113564493e-18
6.4275 2.999999999999999 4.42 3.000207201786131 4.419181046734284 -2.747645682122861e-18
6.4325 2.999999999999999 4.42 3.000212286948138 4.419160946456726 -2.987816605371931e-18
6.4375 2.999999999999999 4.42 3.000217478648932 4.4191404249876385 -3.2470451229757577e-18
6.442500000000001 2.999999999999999 4.42 3.0002227786566076 4.419119475333654 -3.526747360406797e-18
6.4475 2.999999999999999 4.42 3.0002281887572533 4.419098090430079 -3.828439485559401e-18
6.452500000000001 2.999999999999999 4.42 3.000233710754845 4.4190762631413225 -4.1537444830917074e-18
6.4575 2.999999999999999 4.42 3.0002393464711385 4.419053986261296 -4.504399370495026e-18
6.4625 2.999999999999999 4.42 3.000245097745549 4.419031252513891 -4.88226288370011e-18
6.467499999999999 2.999999999999999 4.42 3.000250966435023 4.419008054553489 -5.289323661716115e-18
6.4725 2.999999999999999 4.42 3.000256954413892 4.418984384965509 -5.7277089615956844e-18
6.477500000000001 2.999999999999999 4.42 3.0002630635737284 4.4189602362669875 -6.199693936909455e-18
6.4825 2.999999999999999 4.42 3.0002692958231845 4.418935600907206 -6.707711514926811e-18
6.487500000000001 2.999999999999999 4.42 3.0002756530878205 4.418910471268356 -7.254362909822111e-18
6.4925 2.999999999999999 4.42 3.000282137309923 4.418884839666258 -7.842428811472353e-18
6.4975000000000005 2.999999999999999 4.42 3.0002887504483082 4.4188586983511104 -8.474881291799765e-18
6.5024999999999995 2.999999999999999 4.42 3.000295494478126 4.4188320395082865 -9.154896473121207e-18
6.5075 2.999999999999999 4.42 3.000302371390638 4.418804855259175 -9.885868005642797e-18
6.5125 2.999999999999999 4.42 3.000309383192993 4.418777137662078 -1.067142140404454e-17
6.5175 2.999999999999999 4.42 3.0003165319079916 4.41874887871313 -1.1515429296095242e-17
6.522500000000001 2.999999999999999 4.42 3.000323819573828 4.418720070347297 -1.2422027639381316e-17
6.5275 2.999999999999999 4.42 3.000331248243836 4.418690704439387 -1.339563296557488e-17
6.532500000000001 2.999999999999999 4.42 3.000338819986209 4.418660772805145 -1.4440960715197046e-17
6.5375 2.999999999999999 4.42 3.0003465368837103 4.4186302672023725 -1.55630447295512e-17
6.5425 2.999999999999999 4.42 3.00035440103338 4.4185991793320945 -1.676725797046535e-17
6.547499999999999 2.999999999999999 4.42 3.000362414546217 4.418567500839817 -1.8059334542626272e-17
6.5525 2.999999999999999 4.42 3.000370579546848 4.41853522331678 -1.9445393097725782e-17
6.5575 2.999999999999999 4.42 3.0003788981731985 4.418502338301302 -2.0931961704267102e-17
6.5625 2.999999999999999 4.42 3.000387372576129 4.418468837280168 -2.2526004271834337e-17
6.567500000000001 2.999999999999999 4.42 3.0003960049190743 4.418434711690068 -2.423494862380481e-17
6.5725 2.999999999999999 4.42 3.000404797377661 4.418399952919093 -2.6066716317997595e-17
6.577500000000001 2.999999999999999 4.42 3.000413752139311 4.418364552308286 -2.802975432056292e-17
6.5825 2.999999999999999 4.42 3.000422871402832 4.418328501153246 -3.0133068644533184e-17
6.5875 2.999999999999999 4.42 3.0004321573779977 4.418291790705798 -3.2386260070975655e-17
6.592499999999999 2.999999999999999 4.42 3.0004416122851016 4.41825441217572 -3.47995620774889e-17
6.5975 2.999999999999999 4.42 3.0004512383545094 4.418216356732518 -3.7383881106066165e-17
6.602500000000001 2.999999999999999 4.42 3.0004610378261933 4.4181776155072665 -4.0150839309936e-17
6.6075 2.999999999999999 4.42 3.000471012949239 4.418138179594499 -4.311281992709876e-17
6.612500000000001 2.999999999999999 4.42 3.0004811659813577 4.418098040054175 -4.6283015436768435e-17
6.6175 2.999999999999999 4.42 3.000491499188362 4.4180571879137105 -4.967547866390718e-17
6.6225000000000005 2.999999999999999 4.42 3.000502014843643 4.418015614170052 -5.3305177006573534e-17
6.6274999999999995 2.999999999999999 4.42 3.000512715227625 4.417973309791821 -5.718804997075302e-17
6.6325 2.999999999999999 4.42 3.0005236026271964 4.417930265721517 -6.134107020799075e-17
6.6375 2.999999999999999 4.42 3.000534679335139 4.417886472877798 -6.578230826221413e-17
6.6425 2.999999999999999 4.42 3.0005459476495315 4.417841922157827 -7.053100124398755e-17
6.647500000000001 2.999999999999999 4.42 3.000557409873138 4.417796604439657 -7.560762566279464e-17
6.6525 2.999999999999999 4.42 3.0005690683127835 4.417750510584693 -8.103397466108141e-17
6.657500000000001 2.999999999999999 4.42 3.00058092527871 4.417703631440229 -8.683323990761896e-17
6.6625 2.999999999999999 4.42 3.0005929830839113 4.41765595784206 -9.303009842227549e-17
6.6675 2.999999999999999 4.42 3.000605244043464 4.417607480617127 -9.965080461976003e-17
6.672499999999999 2.999999999999999 4.42 3.0006177104738283 4.417558190586247 -1.067232878759767e-16
6.6775 2.999999999999999 4.42 3.0006303846921387 4.4175080785669305 -1.1427725593789458e-16
6.6825 2.999999999999999 4.42 3.0006432690154754 4.41745713537623 -1.2234430451569445e-16
6.6875 2.999999999999999 4.42 3.0006563657601157 4.4174053518336835 -1.3095803341512223e-16
6.692500000000001 2.999999999999999 4.42 3.0006696772407775 4.417352718764317 -1.4015416958789348e-16
6.6975 2.999999999999999 4.42 3.00068320576983 4.417299227001723 -1.4997069749917564e-16
6.702500000000001 2.999999999999999 4.42 3.000696953656502 4.4172448673911955 -1.6044799723346216e-16
6.7075 2.999999999999999 4.42 3.000710923206068 4.4171896307929295 -1.7162899078350175e-16
6.7125 2.999999999999999 4.42 3.0007251167190128 4.417133508085322 -1.835592969918481e-16
6.717499999999999 2.999999999999999 4.42 3.000739536490181 4.417076490168309 -1.962873956404341e-16
6.7225 3.0 4.42 3.0007541848079073 4.417018567966793 -2.0986480121125364e-16
6.727500000000001 3.0 4.42 3.0007690639531317 4.416959732434123 -2.2434624686989787e-16
6.7325 3.0 4.42 3.000784176198497 4.416899974555669 -2.3978987925439324e-16
6.737500000000001 3.0 4.42 3.000799523807426 4.41683928535244 -2.562574646837114e-16
6.7425 3.0 4.42 3.0008151090331836 4.416777655884795 -2.738146074341061e-16
6.7475000000000005 3.0 4.42 3.0008309341179222 4.416715077256209 -2.925309807671834e-16
6.7524999999999995 3.0 4.42 3.0008470012917003 4.416651540617115 -3.124805714308032e-16
6.7575 3.0 4.42 3.0008633127714974 4.416587037168805 -3.337419383936668e-16
6.7625 3.0 4.42 3.0008798707602042 4.4165215581674175 -3.5639848661564606e-16
6.7675 3.0 4.42 3.000896677445592 4.416455094928001 -3.805387566999804e-16
6.772500000000001 3.0 4.42 3.0009137349992665 4.416387638828615 -4.0625673131913603e-16
6.7775 3.0 4.42 3.0009310455756175 4.416319181314522 -4.3365215935479206e-16
6.782500000000001 3.0 4.42 3.000948611310724 4.416249713902448 -4.628308987433753e-16
6.7875 3.0 4.42 3.000966434321269 4.416179228184902 -4.939052790719221e-16
6.7925 3.0 4.42 3.0009845167034217 4.416107715834574 -5.269944850259868e-16
6.797499999999999 3.0 4.42 3.0010028605317096 4.416035168608792 -5.622249618500429e-16
6.8025 3.0 4.42 3.0010214678578713 4.415961578354043 -5.99730844043971e-16
6.8075 3.0 4.42 3.001040340709692 4.4158869370105815 -6.396544085842307e-16
6.8125 2.9999999999999996 4.42 3.0010594810898232 4.415811236617077 -6.821465540280686e-16
6.817500000000001 2.9999999999999996 4.42 3.001078890974588 4.415734469315328 -7.273673069312507e-16
6.8225 2.9999999999999996 4.42 3.0010985723127686 4.415656627355077 -7.75486357086492e-16
6.827500000000001 2.9999999999999996 4.42 3.001118527024376 4.415577703098822 -8.266836231702492e-16
6.8325 2.9999999999999996 4.42 3.001138756999415 4.415497689026747 -8.811498504694486e-16
6.8375 2.9999999999999996 4.42 3.0011592640966143 4.4154165777417065 -9.390872424494704e-16
6.842499999999999 2.9999999999999996 4.42 3.001180050142157 4.415334361974235 -1.0007101280168938e-15
6.8475 2.9999999999999996 4.42 3.0012011169283954 4.4152510345876586 -1.066245666429999e-15
6.852500000000001 2.999999999999999 4.42 3.001222466212546 4.415166588583234 -1.135934591911706e-15
6.8575 2.999999999999999 4.42 3.0012440997153695 4.4150810171053525 -1.2100320001293455e-15
6.862500000000001 2.999999999999999 4.42 3.0012660191198446 4.414994313446811 -1.288808178818708e-15
6.8675 2.999999999999999 4.42 3.0012882260698204 4.414906471054121 -1.372549484949523e-15
6.8725000000000005 2.999999999999999 4.42 3.00131072216866 4.414817483532881 -1.4615592709560014e-15
6.8774999999999995 2.999999999999999 4.42 3.00133350897787 4.414727344653192 -1.5561588626868561e-15
6.8825 2.9999999999999987 4.42 3.001356588015719 4.414636048355135 -1.656688591869508e-15
6.8875 2.9999999999999987 4.42 3.001379960755843 4.414543588754267 -1.763508886027102e-15
6.8925 2.9999999999999987 4.42 3.00140362862584 4.414449960147207 -1.877001418941907e-15
6.897500000000001 2.9999999999999964 4.42 3.0014275930058547 4.414355157017241 -1.9975703249176194e-15
6.9025 2.9999999999999964 4.42 3.0014518552271445 4.414259174039959 -2.125643480262785e-15
6.907500000000001 2.9999999999999964 4.42 3.001476416570652 4.414162006088958 -2.261673855594938e-15
6.9125 2.9999999999999964 4.42 3.001501278265552 4.41406364824156 -2.4061409427494602e-15
6.9175 2.9999999999999973 4.42 3.0015264414878007 4.413964095784591 -2.5595522602749247e-15
6.922499999999999 2.9999999999999973 4.42 3.0015519073586647 4.41386334422017 -2.722444941698538e-15
6.9275 2.9999999999999973 4.42 3.001577676943257 4.413761389271539 -2.895387410963418e-15
6.9325 2.9999999999999973 4.42 3.001603751249053 4.413658226888947 -3.0789811496621107e-15
6.9375 2.9999999999999973 4.42 3.001630131224408 4.413553853255511 -3.273862560930351e-15
6.942500000000001 2.999999999999996 4.42 3.0016568177570635 4.41344826479314 -3.4807049351111373e-15
6.9475 2.999999999999996 4.42 3.0016838116726494 4.413341458168485 -3.700220522561197e-15
6.952500000000001 2.9999999999999947 4.42 3.0017111137331876 4.4132334302988765 -3.933162719245543e-15
6.9575 2.9999999999999947 4.42 3.0017387246355827 4.4131241783583155 -4.1803283710504954e-15
6.9625 2.999999999999995 4.42 3.0017666450101124 4.413013699783451 -4.442560203050163e-15
6.967499999999999 2.999999999999994 4.42 3.0017948754189185 4.412901992279579 -4.7207493802717335e-15
6.9725 2.999999999999994 4.42 3.001823416354494 4.41278905382666 -5.015838206841508e-15
6.977500000000001 2.9999999999999925 4.42 3.0018522682381663 4.4126748826853275 -5.328822970734338e-15
6.9825 2.999999999999992 4.42 3.0018814314185884 4.412559477402891 -5.660756941718281e-15
6.987500000000001 2.99999999999999 4.42 3.0019109061702185 4.412442836819368 -6.0127535304639905e-15
6.9925 2.99999999999999 4.42 3.0019406926918126 4.4123249600735015 -6.385989617187698e-15
6.9975000000000005 2.999999999999991 4.42 3.001970791104915 4.412205846608741 -6.781709058619565e-15
7.0024999999999995 2.999999999999989 4.42 3.0020012014523503 4.412085496179245 -7.20122638252128e-15
7.0075 2.999999999999991 4.42 3.0020319236967166 4.411963908855869 -7.645930679444714e-15
7.0125 2.9999999999999876 4.42 3.002062957718893 4.411841085032121 -8.117289701896794e-15
7.0175 2.9999999999999885 4.42 3.0020943033165475 4.411717025430104 -8.616854181589128e-15
7.022500000000001 2.9999999999999885 4.42 3.0021259602026484 4.411591731106428 -9.146262375972822e-15
7.0275 2.9999999999999876 4.42 3.00215792800399 4.411465203458091 -9.707244855816822e-15
7.032500000000001 2.999999999999986 4.42 3.0021902062597228 4.4113374442283355 -1.0301629546169048e-14
7.0375 2.9999999999999862 4.42 3.002222794419893 4.411208455512475 -1.0931347033642366e-14
7.0425 2.999999999999986 4.42 3.0022556918439958 4.411078239763665 -1.1598436153612626e-14
7.047499999999999 2.999999999999984 4.42 3.002288897799537 4.410946799798628 -1.230504987157115e-14
7.0525 2.999999999999983 4.42 3.0023224114606135 4.410814138803347 -1.3053461473584923e-14
7.0575 2.999999999999982 4.42 3.002356231906498 4.410680260338699 -1.3846071081534564e-14
7.0625 2.999999999999982 4.42 3.0023903581202447 4.410545168346015 -1.4685412509578057e-14
7.067500000000001 2.999999999999978 4.42 3.002424788987313 4.410408867152609 -1.557416047907812e-14
7.0725 2.999999999999978 4.42 3.0024595232941995 4.410271361477226 -1.6515138210074053e-14
7.077500000000001 2.999999999999977 4.42 3.0024945597270967 4.410132656435405 -1.7511325408258718e-14
7.0825 2.9999999999999756 4.42 3.0025298968705707 4.409992757544793 -1.8565866667326356e-14
7.0875 2.9999999999999756 4.42 3.002565533206253 4.409851670730367 -1.968208030753711e-14
7.092499999999999 2.9999999999999725 4.42 3.0026014671115577 4.409709402329592 -2.0863467672323244e-14
7.0975 2.999999999999971 4.42 3.00263769685842 4.409565959097459 -2.2113722905840286e-14
7.102500000000001 2.9999999999999707 4.42 3.002674220612059 4.40942134821145 -2.343674323543681e-14
7.1075 2.999999999999971 4.42 3.002711036429769 4.409275577276416 -2.4836639784191228e-14
7.112500000000001 2.9999999999999654 4.42 3.0027481422597293 4.409128654329333 -2.6317748939851047e-14
7.1175 2.9999999999999636 4.42 3.002785535939846 4.408980587843965 -2.788464430776476e-14
7.1225000000000005 2.9999999999999614 4.42 3.0028232151966225 4.4088313867354145 -2.9542149276729645e-14
7.1274999999999995 2.9999999999999605 4.42 3.0028611776440592 4.408681060364545 -3.1295350228023704e-14
7.1325 2.999999999999957 4.42 3.0028994207825797 4.40852961854231 -3.314961041935884e-14
7.1375 2.999999999999955 4.42 3.002937941997999 4.40837707153394 -3.5110584576960147e-14
7.1425 2.9999999999999516 4.42 3.002976738560509 4.408223430063008 -3.718423423057937e-14
7.147500000000001 2.9999999999999503 4.42 3.0030158076237163 4.408068705315329 -3.937684382785967e-14
7.1525 2.9999999999999463 4.42 3.0030551462236996 4.40791290894279 -4.1695037666202216e-14
7.157500000000001 2.9999999999999414 4.42 3.0030947512781125 4.40775605306697 -4.4145797682075265e-14
7.1625 2.99999999999994 4.42 3.0031346195853255 4.407598150282643 -4.6736482139555124e-14
7.1675 2.9999999999999365 4.42 3.0031747478235955 4.407439213661131 -4.947484526188338e-14
7.172499999999999 2.9999999999999325 4.42 3.0032151325502907 4.407279256753476 -5.236905785181357e-14
7.1775 2.999999999999926 4.42 3.003255770201144 4.4071182935934905 -5.5427728948711055e-14
7.1825 2.999999999999924 4.42 3.0032966570895585 4.40695633870059 -5.865992857253592e-14
7.1875 2.99999999999992 4.42 3.0033377894059474 4.406793407082507 -6.207521160722045e-14
7.192500000000001 2.9999999999999103 4.42 3.0033791632171236 4.406629514237799 -6.56836428783374e-14
7.1975 2.999999999999907 4.42 3.0034207744657357 4.406464676158183 -6.949582348250937e-14
7.202500000000001 2.999999999999902 4.42 3.0034626189697455 4.406298909330696 -7.352291842866646e-14
7.2075 2.9999999999998987 4.42 3.0035046924219566 4.406132230739653 -7.77766856539771e-14
7.2125 2.9999999999998903 4.42 3.003546990389596 4.405964657868415 -8.226950648023434e-14
7.217499999999999 2.9999999999998863 4.42 3.0035895083139383 4.40579620870098 -8.701441757939247e-14
7.2225 2.999999999999881 4.42 3.003632241509983 4.405626901723354 -9.202514452019274e-14
7.227500000000001 2.999999999999872 4.42 3.0036751851661823 4.405456755924722 -9.73161369709874e-14
7.2325 2.999999999999864 4.42 3.0037183343442257 4.405285790798399 -1.0290260563738269e-13
7.237500000000001 2.999999999999852 4.42 3.003761683978876 4.405114026342619 -1.0880056101682564e-13
7.2425 2.9999999999998455 4.42 3.0038052288778547 4.40494148306104 -1.1502685405597978e-13
7.2475000000000005 2.999999999999841 4.42 3.0038489637217927 4.404768181963082 -1.21599218800672e-13
7.2524999999999995 2.9999999999998304 4.42 3.00389288306423 4.40459414456401 -1.2853631713213784e-13
7.2575 2.999999999999818 4.42 3.0039369813316767 4.404419392884809 -1.3585778568762728e-13
7.2625 2.9999999999998117 4.42 3.0039812528237233 4.404243949451829 -1.4358428506770407e-13
7.2675 2.9999999999998015 4.42 3.0040256917132204 4.404067837296189 -1.5173755143728136e-13
7.272500000000001 2.99999999999979 4.42 3.0040702920465114 4.403891079952956 -1.6034045063210607e-13
7.2775 2.9999999999997753 4.42 3.0041150477437277 4.40371370146009 -1.6941703488745319e-13
7.282500000000001 2.9999999999997615 4.42 3.0041599525991414 4.403535726357129 -1.7899260231097566e-13
7.2875 2.9999999999997486 4.42 3.0042050002815803 4.4033571796836615 -1.8909375922699539e-13
7.2925 2.999999999999734 4.42 3.0042501843349063 4.403178086977509 -1.9974848552530368e-13
7.297499999999999 2.99999999999972 4.42 3.004295498178555 4.40299847427271 -2.109862031532009e-13
7.3025 2.9999999999997047 4.42 3.0043409351081363 4.402818368097239 -2.2283784789587432e-13
7.3075 2.999999999999689 4.42 3.0043864882961007 4.402637795470451 -2.353359445963221e-13
7.3125 2.9999999999996687 4.42 3.0044321507924696 4.402456783900297 -2.4851468597291215e-13
7.317500000000001 2.999999999999653 4.42 3.0044779155256234 4.40227536138028 -2.6241001519938417e-13
7.3225 2.9999999999996296 4.42 3.004523775303162 4.402093556386163 -2.7705971241940746e-13
7.327500000000001 2.999999999999609 4.42 3.00456972281282 4.401911397872411 -2.9250348537531406e-13
7.3325 2.999999999999587 4.42 3.004615750623456 4.401728915268371 -3.0878306433827817e-13
7.3375 2.999999999999568 4.42 3.0046618511861 4.401546138474217 -3.2594230153560294e-13
7.342499999999999 2.9999999999995417 4.42 3.0047080168350666 4.401363097856612 -3.4402727527889314e-13
7.3475 2.999999999999518 4.42 3.004754239789139 4.401179824244112 -3.6308639900604673e-13
7.352500000000001 2.99999999999949 4.42 3.0048005121528085 4.400996348922332 -3.8317053545879666e-13
7.3575 2.999999999999461 4.42 3.004846825917583 4.400812703628835 -4.043331162273894e-13
7.362500000000001 2.999999999999434 4.42 3.004893172963361 4.400628920547772 -4.2663026690368756e-13
7.3675 2.999999999999399 4.42 3.0049395450598704 4.400445032304252 -4.501209380942697e-13
7.3725000000000005 2.9999999999993676 4.42 3.0049859338681664 4.400261071958479 -4.748670425561024e-13
7.3774999999999995 2.999999999999333 4.42 3.0050323309421976 4.400077072999612 -5.009335987280911e-13
7.3825 2.999999999999299 4.42 3.005078727730435 4.399893069339367 -5.28388880943862e-13
7.3875 2.9999999999992584 4.42 3.0051251155775676 4.399709095305379 -5.573045766227573e-13
7.3925 2.999999999999218 4.42 3.0051714857262497 4.399525185634315 -5.877559507489949e-13
7.397500000000001 2.999999999999177 4.42 3.005217829318924 4.399341375464715 -6.198220179615804e-13
7.4025 2.999999999999132 4.42 3.005264137399696 4.3991577003296145 -6.535857225913627e-13
7.407500000000001 2.999999999999084 4.42 3.0053104009162768 4.398974196148886 -6.891341269957533e-13
7.4125 2.999999999999033 4.42 3.0053566107219787 4.398790899221385 -7.265586085558583e-13
7.4175 2.99999999999898 4.42 3.005402757577777 4.398607846216805 -7.659550657166598e-13
7.422499999999999 2.999999999998926 4.42 3.0054488321544293 4.398425074167335 -8.074241334658963e-13
7.4275 2.999999999998867 4.42 3.0054948250346456 4.398242620459055 -8.51071408664501e-13
7.4325 2.9999999999988054 4.42 3.0055407267153296 4.398060522823106 -8.970076856577184e-13
7.4375 2.9999999999987423 4.42 3.005586527609865 4.397878819326648 -9.453492026144965e-13
7.442500000000001 2.999999999998673 4.42 3.005632218050459 4.39769754836358 -9.962178990605007e-13
7.4475 2.999999999998603 4.42 3.0056777882905394 4.397516748645057 -1.0497416850895364e-12
7.452500000000001 2.999999999998525 4.42 3.005723228507213 4.397336459189758 -1.1060547227580813e-12
7.4575 2.99999999999845 4.42 3.005768528803766 4.397156719313978 -1.1652977201876508e-12
7.4625 2.999999999998369 4.42 3.00581367921222 4.396977568621482 -1.2276182389220713e-12
7.467499999999999 2.9999999999982787 4.42 3.0058586696959377 4.396799046993197 -1.2931710151075728e-12
7.4725 2.999999999998186 4.42 3.0059034901522694 4.396621194576673 -1.3621182950882131e-12
7.477500000000001 2.999999999998086 4.42 3.005948130415262 4.396444051775353 -1.4346301860312815e-12
7.4825 2.99999999999799 4.42 3.0059925802584004 4.3962676592376955 -1.510885022223763e-12
7.487500000000001 2.9999999999978826 4.42 3.006036829397394 4.396092057846063 -1.5910697477054735e-12
7.4925 2.999999999997768 4.42 3.006080867493017 4.395917288705458 -1.6753803159313343e-12
7.4975000000000005 2.9999999999976503 4.42 3.0061246841539795 4.39574339313211 -1.7640221071837443e-12
7.5024999999999995 2.999999999997526 4.42 3.006168268939838 4.395570412641867 -1.8572103644830703e-12
7.5075 2.9999999999973963 4.42 3.0062116113639545 4.395398388938441 -1.9551706487759448e-12
7.5125 2.99999999999726 4.42 3.006254700896479 4.395227363901504 -2.0581393142097944e-12
7.5175 2.9999999999971156 4.42 3.0062975269673773 4.395057379574644 -2.1663640043359462e-12
7.522500000000001 2.999999999996964 4.42 3.006340078969489 4.394888478153187 -2.280104170115116e-12
7.5275 2.999999999996807 4.42 3.0063823462616135 4.394720701971862 -2.399631610634324e-12
7.532500000000001 2.999999999996636 4.42 3.0064243181716357 4.394554093492355 -2.5252310374798313e-12
7.5375 2.999999999996461 4.42 3.0064659839996652 4.394388695290761 -2.657200663746494e-12
7.5425 2.999999999996279 4.42 3.006507333021221 4.394224550044896 -2.7958528187037924e-12
7.547499999999999 2.999999999996084 4.42 3.0065483544904215 4.394061700521526 -2.9415145891762422e-12
7.5525 2.9999999999958766 4.42 3.006589037643216 4.3939001895634835 -3.0945284887389438e-12
7.5575 2.999999999995665 4.42 3.006629371700626 4.3937400600767 -3.255253155869184e-12
7.5625 2.9999999999954383 4.42 3.006669345872014 4.393581355017128 -3.424064082240977e-12
7.567500000000001 2.9999999999952047 4.42 3.006708949358367 4.393424117377629 -3.6013543723931115e-12
7.5725 2.9999999999949587 4.42 3.006748171355591 4.393268390174766 -3.787535536049063e-12
7.577500000000001 2.999999999994696 4.42 3.006787001057818 4.393114216435579 -3.983038314416226e-12
7.5825 2.9999999999944236 4.42 3.006825427660714 4.392961639184341 -4.188313541840342e-12
7.5875 2.9999999999941345 4.42 3.0068634403647954 4.392810701429253 -4.403833044246174e-12
7.592499999999999 2.9999999999938365 4.42 3.0069010283787465 4.392661446149168 -4.630090575845237e-12
7.5975 2.9999999999935225 4.42 3.0069381809227558 4.392513916280211 -4.867602795651864e-12
7.602500000000001 2.9999999999931877 4.42 3.0069748872318733 4.392368154702314 -5.116910285401274e-12
7.6075 2.999999999992839 4.42 3.007011136559421 4.392224204225538 -5.378578610527667e-12
7.612500000000001 2.999999999992476 4.42 3.007046918180463 4.3920821075761385 -5.653199425919127e-12
7.6175 2.999999999992089 4.42 3.007082221395329 4.391941907382442 -5.9413916282289025e-12
7.6225000000000005 2.9999999999916875 4.42 3.007117035533163 4.391803646160607 -6.2438025565929505e-12
7.6274999999999995 2.9999999999912665 4.42 3.007151349955402 4.391667366300638 -6.561109243664901e-12
7.6325 2.9999999999908202 4.42 3.007185154059055 4.391533110053217 -6.89401971895707e-12
7.6375 2.999999999990357 4.42 3.0072184372796187 4.391400919517967 -7.243274366541262e-12
7.6425 2.9999999999898694 4.42 3.0072511890934908 4.391270836633678 -7.609647339245586e-12
7.647500000000001 2.999999999989357 4.42 3.0072833990199004 4.391142903170499 -7.993948031554159e-12
7.6525 2.9999999999888214 4.42 3.0073150566225952 4.391017160723042 -8.397022613500371e-12
7.657500000000001 2.9999999999882587 4.42 3.007346151511914 4.390893650701989 -8.81975562792728e-12
7.6625 2.9999999999876668 4.42 3.0073766733482463 4.39077241432017 -9.263071653569137e-12
7.6675 2.999999999987049 4.42 3.0074066118481118 4.390653492568234 -9.727937036503535e-12
7.672499999999999 2.9999999999864015 4.42 3.0074359567939375 4.390536926175626 -1.0215361692605173e-11
7.6775 2.9999999999857194 4.42 3.00746469804775 4.3904227555560045 -1.0726400983735886e-11
7.6825 2.9999999999850093 4.42 3.0074928255673083 4.390311020742959 -1.1262157670491256e-11
7.6875 2.999999999984258 4.42 3.007520329420654 4.390201761332029 -1.182378394443425e-11
7.692500000000001 2.999999999983475 4.42 3.0075471997922305 4.390095016456131 -1.2412483542840183e-11
7.6975 2.9999999999826534 4.42 3.0075734269716228 4.389990824830136 -1.3029513949088122e-11
7.702500000000001 2.9999999999817937 4.42 3.0075990013161062 4.389889224899419 -1.3676188681943295e-11
7.7075 2.999999999980891 4.42 3.007623913182634 4.389790255109873 -1.435387967708087e-11
7.7125 2.9999999999799467 4.42 3.007648152834815 4.389693954277315 -1.5064019764329204e-11
7.717499999999999 2.9999999999789533 4.42 3.007671710346321 4.389600361971091 -1.580810524421504e-11
7.7225 2.9999999999779154 4.42 3.00769457554165 4.3895095187493025 -1.6587698567531552e-11
7.727500000000001 2.9999999999768283 4.42 3.00771673803287 4.389421466012716 -1.7404431121762396e-11
7.7325 2.9999999999756906 4.42 3.007738187417985 4.389336245216497 -1.826000612833668e-11
7.737500000000001 2.999999999974496 4.42 3.007758913691629 4.389253896238256 -1.91562016548182e-11
7.7425 2.999999999973247 4.42 3.007778907871275 4.389174454889629 -2.009487374626786e-11
7.7475000000000005 2.9999999999719384 4.42 3.0077981627566786 4.389097949898332 -2.1077959680170624e-11
7.7524999999999995 2.9999999999705675 4.42 3.007816673622604 4.389024400155083 -2.2107481349449495e-11
7.7575 2.99999999996913 4.42 3.007834438517726 4.388953813525214 -2.3185548778257398e-11
7.7625 2.99999999996763 4.42 3.007851457748162 4.388886188900088 -2.4314363775371634e-11
7.7675 2.999999999966055 4.42 3.0078677321217526 4.388821523172893 -2.5496223730197146e-11
7.772500000000001 2.999999999964407 4.42 3.0078832596844687 4.388759824206554 -2.6733525556528764e-11
7.7775 2.9999999999626814 4.42 3.0078980310447303 4.388701129413442 -2.8028769789401454e-11
7.782500000000001 2.9999999999608784 4.42 3.0079120239649844 4.388645527247737 -2.9384564840531745e-11
7.7875 2.999999999958989 4.42 3.007925198640703 4.388593175967108 -3.0803631418017366e-11
7.7925 2.9999999999570113 4.42 3.0079374958286467 4.38854431107284 -3.2288807116166875e-11
7.797499999999999 2.999999999954945 4.42 3.007948840473591 4.388499230900385 -3.3843051181490444e-11
7.8025 2.9999999999527773 4.42 3.0079591533901047 4.388458250199768 -3.546944946110502e-11
7.807500000000001 2.999999999950511 4.42 3.00796837255438 4.3884216155253934 -3.717121953997428e-11
7.8125 2.9999999999481437 4.42 3.0079764834247777 4.388389384744549 -3.895171607363096e-11
7.817500000000001 2.999999999945665 4.42 3.0079835544472546 4.388361285939411 -4.0814436323225724e-11
7.8225 2.9999999999430695 4.42 3.0079897698818314 4.388336586953311 -4.2763025899949653e-11
7.827500000000001 2.9999999999403535 4.42 3.007995448116676 4.388314022606856 -4.48012847261243e-11
7.8325 2.9999999999375158 4.42 3.0080010309478165 4.388291837292851 -4.693317322043751e-11
7.8375 2.999999999934548 4.42 3.008007029395099 4.388268000290141 -4.916281871507737e-11
7.842499999999999 2.999999999931445 4.42 3.0080139159577945 4.3882406339198425 -5.149452211270269e-11
7.8475 2.999999999928196 4.42 3.0080219627529616 4.388208656764048 -5.393276479147973e-11
7.852500000000001 2.9999999999248024 4.42 3.008031039675593 4.3881725857760845 -5.648221576661139e-11
7.8575 2.9999999999212528 4.42 3.008040405032343 4.388135368340298 -5.914773911708127e-11
7.862500000000001 2.9999999999175433 4.42 3.0080485397584136 4.388103041172283 -6.193440168656448e-11
7.8675 2.9999999999136655 4.42 3.008053090503351 4.388084956557147 -6.484748106772362e-11
7.8725000000000005 2.99999999990961 4.42 3.00805099091492 4.388093300279598 -6.789247387940221e-11
7.8774999999999995 2.999999999905372 4.42 3.008038819153234 4.388141670469751 -7.107510434646309e-11
7.8825 2.9999999999009455 4.42 3.0080134198247523 4.388242605312875 -7.440133319235072e-11
7.8875 2.9999999998963167 4.42 3.0079727703338017 4.388404139432296 -7.787736685468733e-11
7.8925 2.999999999891483 4.42 3.0079170094497263 4.388625716398393 -8.150966703457227e-11
7.897500000000001 2.9999999998864286 4.42 3.0078494780055998 4.388894054811985 -8.530496059049113e-11
7.9025 2.9999999998811493 4.42 3.0077775595436806 4.389179811676479 -8.927024978809027e-11
7.907500000000001 2.9999999998756364 4.42 3.0077130661236047 4.389436054416823 -9.341282291738263e-11
7.9125 2.999999999869876 4.42 3.0076719070101614 4.3895995802439485 -9.774026528922682e-11
7.9175 2.999999999863856 4.42 3.00767282278425 4.389595941553463 -1.0226047062332564e-10
7.922499999999999 2.9999999998575704 4.42 3.0077350814275627 4.389348584034639 -1.0698165284022763e-10
7.9275 2.9999999998510045 4.42 3.0078752259979105 4.388791742882375 -1.1191235827024592e-10
7.932500000000001 2.9999999998441496 4.42 3.0081032257542217 4.387885710663281 -1.1706147829246761e-10
7.9375 2.99999999983699 4.42 3.0084186686616166 4.386631963131062 -1.224382624174479e-10
7.942500000000001 2.999999999829517 4.42 3.008807854365605 4.385084750448231 -1.280523318275012e-10
7.9475 2.9999999998217146 4.42 3.0092426860754338 4.383355588093298 -1.3391369338884717e-10
7.952500000000001 2.9999999998135687 4.42 3.0096820199059287 4.381608003863324 -1.4003275415031064e-10
7.9575 2.9999999998050657 4.42 3.0100756007345657 4.380041972519671 -1.4642033634353768e-10
7.9625 2.9999999997961893 4.42 3.0103700192290788 4.378870225627358 -1.5308769290020031e-10
7.967499999999999 2.9999999997869207 4.42 3.0105155060066116 4.378291117075278 -1.6004652350190155e-10
7.9725 2.9999999997772555 4.42 3.0104720916785657 4.378463924522531 -1.6730899117904307e-10
7.977500000000001 2.9999999997671627 4.42 3.010213841465694 4.379491799811415 -1.7488773947514955e-10
7.9825 2.9999999997566347 4.42 3.0097304531587477 4.381415282301781 -1.8279591019369094e-10
7.987500000000001 2.9999999997456497 4.42 3.009026249380002 4.384216300683416 -1.9104716174475952e-10
7.9925 2.9999999997341877 4.42 3.008117217244526 4.387830057832597 -1.996556881093677e-10
7.9975000000000005 2.999999999722233 4.42 3.0070270620405766 4.392160902842616 -2.086362384396456e-10
8.002500000000001 2.9999999997097593 4.42 3.0057832169848546 4.39709838018449 -2.1800413731348e-10
8.0075 2.9999999996967497 4.42 3.0044134902450295 4.402530699812539 -2.2777530566271783e-10
8.0125 2.9999999996831814 4.42 3.0029436853061173 4.408354272835149 -2.3796628239439146e-10
8.0175 2.9999999996690336 4.42 3.0013962278554205 4.414479186374885 -2.4859424672484886e-10
8.0225 2.999999999654278 4.42 2.9997896362645724 4.420831284013338 -2.596770412471583e-10
8.0275 2.999999999638893 4.42 2.9981385895799297 4.427351850909134 -2.712331957525793e-10
8.032499999999999 2.999999999622853 4.42 2.996454348254148 4.433995892850714 -2.832819518272967e-10
8.037500000000001 2.9999999996061275 4.42 2.9947453305963068 4.440729802109369 -2.9584328824608817e-10
8.0425 2.999999999588696 4.42 2.993017710263452 4.447528949403724 -3.089379471849694e-10
8.0475 2.9999999995705213 4.42 2.991275957239992 4.454375510458969 -3.225874612755243e-10
8.0525 2.9999999995515805 4.42 2.9895232879229185 4.461256662159819 -3.368141815236856e-10
8.057500000000001 2.9999999995318425 4.42 2.9877620179087447 4.468163171528789 -3.516413061165494e-10
8.0625 2.9999999995112714 4.42 2.985993826431419 4.475088339905065 -3.6709291014105447e-10
8.067499999999999 2.9999999994898316 4.42 2.9842199478771025 4.482027239417526 -3.8319397623883146e-10
8.0725 2.9999999994674975 4.42 2.9824413068726603 4.488976175083653 -3.999704262219613e-10
8.0775 2.999999999444229 4.42 2.9806586117314406 4.495932313087257 -4.174491536748263e-10
8.0825 2.9999999994199853 4.42 2.9788724182552726 4.502893427152401 -4.356580575677033e-10
8.0875 2.9999999993947353 4.42 2.9770831730106906 4.509857726573283 -4.546260769081381e-10
8.092500000000001 2.9999999993684283 4.42 2.975291242684595 4.516823739560387 -4.743832264564636e-10
8.0975 2.999999999341033 4.42 2.9734969341336104 4.523790233536326 -4.949606335325046e-10
8.1025 2.9999999993125033 4.42 2.9717005082618315 4.530756159923142 -5.163905759406383e-10
8.1075 2.9999999992827937 4.42 2.96990218981213 4.537720615144237 -5.387065210409124e-10
8.1125 2.9999999992518536 4.42 2.968102174437658 4.544682812421135 -5.619431659943075e-10
8.1175 2.9999999992196456 4.42 2.966300633941544 4.551642060845511 -5.861364792106104e-10
8.1225 2.9999999991861115 4.42 2.9644977202604306 4.5585977494453624 -6.113237430277278e-10
8.127500000000001 2.9999999991512034 4.42 2.96269356856667 4.565549334759707 -6.375435976515084e-10
8.1325 2.999999999114867 4.42 2.960888299735944 4.572496330943203 -6.648360863857274e-10
8.1375 2.9999999990770516 4.42 2.9590820223456658 4.579438301744347 -6.932427021819997e-10
8.1425 2.9999999990376898 4.42 2.9572748343174755 4.586374853906832 -7.228064355397477e-10
8.1475 2.9999999989967323 4.42 2.95546682428357 4.593305631676566 -7.535718237866195e-10
8.1525 2.9999999989541077 4.42 2.9536580727345125 4.6002303121844905 -7.855850017701686e-10
8.157499999999999 2.999999998909762 4.42 2.951848652991316 4.607148601534088 -8.188937539916343e-10
8.162500000000001 2.9999999988636294 4.42 2.9500386320343863 4.614060231463402 -8.535475682129716e-10
8.1675 2.9999999988156314 4.42 2.9482280712145643 4.620964956480383 -8.895976905683922e-10
8.1725 2.999999998765707 4.42 2.94641702686626 4.627862551391633 -9.270971822122753e-10
8.1775 2.999999998713778 4.42 2.944605550838654 4.634752809160484 -9.661009775345936e-10
8.182500000000001 2.99999999865977 4.42 2.9427936909579158 4.641635539042628 -1.006665943975909e-09
8.1875 2.9999999986036103 4.42 2.9409814914310104 4.6485105649567675 -1.04885094347367e-09
8.192499999999999 2.999999998545208 4.42 2.939168993199795 4.655377724055329 -1.0927168955716983e-09
8.1975 2.9999999984844834 4.42 2.9373562342526127 4.662236865466218 -1.138326842224505e-09
8.2025 2.9999999984213535 4.42 2.935543249899391 4.669087849181446 -1.1857460143283563e-09
8.2075 2.999999998355725 4.42 2.9337300730152904 4.675930545072351 -1.2350419000107067e-09
8.2125 2.9999999982874996 4.42 2.9319167342571495 4.682764832014457 -1.2862843147096084e-09
8.217500000000001 2.9999999982165915 4.42 2.930103262256308 4.689590597107599 -1.339545473074084e-09
8.2225 2.9999999981428958 4.42 2.928289683790858 4.696407734979056 -1.3949000627169356e-09
8.2275 2.99999999806631 4.42 2.9264760239399195 4.703216147159273 -1.4524253198504804e-09
8.2325 2.999999997986729 4.42 2.924662306222139 4.7100157415212145 -1.5122011068355999e-09
8.2375 2.999999997904038 4.42 2.922848552720322 4.716806431775634 -1.5743099916739913e-09
8.2425 2.9999999978181306 4.42 2.921034784193826 4.723588137015653 -1.6388373294732162e-09
8.2475 2.999999997728886 4.42 2.9192210201801414 4.730360781304975 -1.7058713459132313e-09
8.252500000000001 2.999999997636182 4.42 2.917407279086892 4.737124293304808 -1.7755032227424334e-09
8.2575 2.999999997539893 4.42 2.9155935782753177 4.7438786059352465 -1.8478271853309324e-09
8.2625 2.9999999974398928 4.42 2.9137799341361865 4.7506236560673605 -1.9229405923075456e-09
8.2675 2.999999997336039 4.42 2.9119663621589353 4.757359384242673 -2.000944027306046e-09
8.2725 2.9999999972282017 4.42 2.910152876994743 4.764085734417144 -2.08194139284537e-09
8.2775 2.9999999971162388 4.42 2.908339492514177 4.77080265372708 -2.1660400063676232e-09
8.282499999999999 2.9999999969999984 4.42 2.906526221859941 4.777510092274759 -2.253350698455875e-09
8.287500000000001 2.999999996879326 4.42 2.904713077495242 4.784208002931796 -2.343987913252887e-09
8.2925 2.9999999967540707 4.42 2.902900071248184 4.790896341158582 -2.43806981109998e-09
8.2975 2.999999996624065 4.42 2.9010872143526005 4.797575064838249 -2.535718373415076e-09
8.3025 2.9999999964891444 4.42 2.899274517485645 4.804244134123774 -2.637059509824731e-09
8.307500000000001 2.9999999963491333 4.42 2.897461990802456 4.810903511296997 -2.7422231675656128e-09
8.3125 2.999999996203857 4.42 2.8956496439681474 4.817553160638425 -2.8513434431676317e-09
8.317499999999999 2.999999996053127 4.42 2.893837486187377 4.8241930483068 -2.9645586964291464e-09
8.3225 2.999999995896757 4.42 2.8920255262316985 4.830823142227594 -3.082011666691992e-09
8.3275 2.999999995734548 4.42 2.8902137724649046 4.837443411989653 -3.203849591422242e-09
8.3325 2.999999995566297 4.42 2.8884022328665364 4.844053828749319 -3.3302243270997155e-09
8.3375 2.9999999953918 4.42 2.8865909150537092 4.850654365141406 -3.4612924724165178e-09
8.342500000000001 2.999999995210838 4.42 2.8847798263014104 4.857244995196447 -3.5972154937812763e-09
8.3475 2.9999999950231917 4.42 2.8829689735613906 4.863825694263667 -3.7381598531239235e-09
8.3525 2.99999999482863 4.42 2.881158363479747 4.8703964389391885 -3.88429713799134e-09
8.3575 2.9999999946269242 4.42 2.8793480024133213 4.87695720699905 -4.035804193920797e-09
8.3625 2.999999994417819 4.42 2.8775378964449927 4.883507977336637 -4.1928632590745826e-09
8.3675 2.999999994201077 4.42 2.8757280513979673 4.890048729904216 -4.35566210111524e-09
8.3725 2.9999999939764384 4.42 2.8739184728491347 4.896579445658277 -4.524394156296291e-09
8.377500000000001 2.9999999937436277 4.42 2.872109166141575 4.903100106508392 -4.699258670738348e-09
8.3825 2.9999999935023887 4.42 2.8703001363962715 4.90961069526931 -4.8804608438567945e-09
8.3875 2.9999999932524246 4.42 2.86849138852309 4.916111195616045 -5.068211973901572e-09
8.3925 2.9999999929934527 4.42 2.866682927231074 4.922601592041712 -5.262729605563524e-09
8.3975 2.999999992725175 4.42 2.8648747570381126 4.929081869817887 -5.464237679597247e-09
8.4025 2.999999992447282 4.42 2.86306688228001 4.935552014957352 -5.672966684403895e-09
8.407499999999999 2.999999992159459 4.42 2.8612593071190258 4.942012014179018 -5.889153809511428e-09
8.412500000000001 2.9999999918613867 4.42 2.8594520355519015 4.948461854874978 -6.113043100881915e-09
8.4175 2.999999991552722 4.42 2.857645071417426 4.954901525079447 -6.344885617969572e-09
8.4225 2.9999999912331248 4.42 2.85583841840357 4.961331013439502 -6.584939592447668e-09
8.4275 2.999999990902242 4.42 2.8540320800542047 4.96775030918749 -6.833470588509472e-09
8.432500000000001 2.9999999905597097 4.42 2.8522260597754414 4.974159402114953 -7.090751664645808e-09
8.4375 2.999999990205157 4.42 2.850420360841613 4.980558282547989 -7.357063536790531e-09
8.442499999999999 2.9999999898381904 4.42 2.848614986400926 4.986946941323945 -7.632694742716465e-09
8.4475 2.9999999894584284 4.42 2.8468099394808006 4.9933253697693765 -7.91794180755501e-09
8.4525 2.999999989065456 4.42 2.8450052229929232 4.999693559679219 -8.213109410302858e-09
8.4575 2.999999988658863 4.42 2.8432008397380355 5.006051503297064 -8.518510551169574e-09
8.4625 2.999999988238212 4.42 2.8413967924104617 5.012399193296493 -8.834466719608285e-09
8.467500000000001 2.999999987803069 4.42 2.8395930836024053 5.018736622763359 -9.16130806285844e-09
8.4725 2.9999999873529877 4.42 2.8377897158080128 5.025063785178986 -9.49937355482281e-09
8.4775 2.9999999868874974 4.42 2.835986691427232 5.0313806744042004 -9.849011165082799e-09
8.4825 2.999999986406121 4.42 2.8341840127694673 5.03768728466415 -1.0210578027846662e-08
8.4875 2.9999999859083815 4.42 2.8323816820570547 5.043983610533889 -1.0584440610609571e-08
8.4925 2.9999999853937673 4.42 2.8305797014285643 5.050269646924714 -1.0970974882292584e-08
8.4975 2.9999999848617698 4.42 2.8287780729419367 5.05654538907115 -1.1370566480610761e-08
8.502500000000001 2.9999999843118634 4.42 2.826976798577471 5.06281083251859 -1.178361087840383e-08
8.5075 2.9999999837435047 4.42 2.8251758802406606 5.069065973111521 -1.2210513548651455e-08
8.5125 2.9999999831561417 4.42 2.8233753197648976 5.075310806982282 -1.2651690127873112e-08
8.5175 2.9999999825492103 4.42 2.8215751189140335 5.081545330540347 -1.3107566577597017e-08
8.5225 2.9999999819221284 4.42 2.8197752793848343 5.0877695404621175 -1.3578579343564127e-08
8.5275 2.9999999812742955 4.42 2.8179758028093067 5.093983433681176 -1.4065175512314868e-08
8.532499999999999 2.999999980605108 4.42 2.8161766907569206 5.100187007379016 -1.4567812964784217e-08
8.537500000000001 2.9999999799139396 4.42 2.8143779447367354 5.106380258976184 -1.5086960526510765e-08
8.5425 2.999999979200148 4.42 2.812579566199426 5.112563186123833 -1.5623098114042834e-08
8.5475 2.9999999784630913 4.42 2.8107815565392125 5.118735786695641 -1.6176716877107367e-08
8.5525 2.9999999777020867 4.42 2.808983917095702 5.124898058780076 -1.674831933607295e-08
8.557500000000001 2.999999976916456 4.42 2.8071866491556503 5.131050000673001 -1.7338419514223876e-08
8.5625 2.999999976105496 4.42 2.8053897539546373 5.137191610870581 -1.794754306433284e-08
8.567499999999999 2.999999975268498 4.42 2.8035932326786774 5.143322888062524 -1.8576227388992847e-08
8.572500000000002 2.999999974404721 4.42 2.801797086465756 5.149443831125597 -1.9225021754140523e-08
8.5775 2.999999973513429 4.42 2.8000013164073003 5.15555443911745 -1.9894487395174985e-08
8.5825 2.9999999725938493 4.42 2.798205923549588 5.161654711270687 -2.0585197615052863e-08
8.5875 2.9999999716452086 4.42 2.796410908895094 5.16774464698715 -2.1297737873694268e-08
8.592500000000001 2.999999970666703 4.42 2.794616273403772 5.173824245832483 -2.2032705868016923e-08
8.5975 2.9999999696575332 4.42 2.7928220179942915 5.179893507530879 -2.2790711601876012e-08
8.6025 2.999999968616859 4.42 2.7910281435452147 5.185952431960045 -2.3572377445152076e-08
8.6075 2.999999967543846 4.42 2.7892346508961268 5.1920010191463675 -2.4378338181193377e-08
8.6125 2.9999999664376205 4.42 2.7874415408487216 5.198039269260319 -2.5209241041782595e-08
8.6175 2.999999965297308 4.42 2.7856488141678444 5.204067182612006 -2.6065745728761123e-08
8.6225 2.999999964122023 4.42 2.7838564715824887 5.210084759646918 -2.694852442139948e-08
8.627500000000001 2.9999999629108443 4.42 2.7820645137867466 5.216092000941824 -2.785826176856065e-08
8.6325 2.9999999616628386 4.42 2.780272941440729 5.222088907200824 -2.8795654864666076e-08
8.6375 2.999999960377073 4.42 2.778481755171443 5.228075479251557 -2.976141320842326e-08
8.6425 2.9999999590525834 4.42 2.776690955573633 5.2340517180415365 -3.0756258643226573e-08
8.6475 2.9999999576883916 4.42 2.7749005432105913 5.240017624634653 -3.1780925278099106e-08
8.6525 2.9999999562835016 4.42 2.7731105186149367 5.245973200207794 -3.283615938799273e-08
8.657499999999999 2.999999954836909 4.42 2.77132088228936 5.251918446047624 -3.392271929220892e-08
8.662500000000001 2.999999953347582 4.42 2.76953163470734 5.257853363547449 -3.5041375209650534e-08
8.6675 2.999999951814484 4.42 2.767742776313838 5.2637779542041985 -3.6192909089557355e-08
8.6725 2.999999950236558 4.42 2.7659543075259494 5.269692219615531 -3.7378114416333894e-08
8.6775 2.9999999486127344 4.42 2.7641662287335484 5.275596161477019 -3.859779598699303e-08
8.682500000000001 2.999999946941922 4.42 2.7623785402998866 5.281489781579458 -3.985276965970181e-08
8.6875 2.999999945223022 4.42 2.760591242562188 5.2873730818062565 -4.114386207184302e-08
8.692499999999999 2.9999999434549243 4.42 2.758804335832209 5.293246064130948 -4.247191032593809e-08
8.697500000000002 2.999999941636494 4.42 2.7570178203967823 5.299108730614776 -4.3837761641711484e-08
8.7025 2.999999939766595 4.42 2.7552316965183397 5.3049610834043595 -4.5242272972503835e-08
8.7075 2.999999937844073 4.42 2.75344596443541 5.310803124729441 -4.6686310584184514e-08
8.7125 2.999999935867759 4.42 2.751660624363103 5.316634856900723 -4.817074959460682e-08
8.717500000000001 2.9999999338364822 4.42 2.7498756764935677 5.322456282307753 -4.9696473471604737e-08
8.7225 2.999999931749054 4.42 2.748091120996441 5.328267403416885 -5.126437348743397e-08
8.7275 2.9999999296042823 4.42 2.7463069580192747 5.334068222769335 -5.2875348127480146e-08
8.7325 2.9999999274009554 4.42 2.744523187687947 5.339858742979288 -5.4530302450969e-08
8.7375 2.999999925137861 4.42 2.742739810107058 5.345638966732089 -5.623014740133098e-08
8.7425 2.999999922813787 4.42 2.740956825360314 5.351408896782466 -5.797579906378231e-08
8.7475 2.9999999204274967 4.42 2.73917423351089 5.357168535952835 -5.976817786758703e-08
8.752500000000001 2.9999999179777714 4.42 2.737392034601786 5.362917887131631 -6.160820773036205e-08
8.7575 2.999999915463367 4.42 2.7356102286561588 5.368656953271705 -6.349681514170826e-08
8.7625 2.9999999128830552 4.42 2.7338288156776525 5.374385737388781 -6.543492818332685e-08
8.7675 2.9999999102355974 4.42 2.7320477956507085 5.380104242559971 -6.742347548268197e-08
8.7725 2.9999999075197596 4.42 2.7302671685408697 5.385812471922324 -6.946338509716447e-08
8.7775 2.999999904734304 4.42 2.7284869342950673 5.39151042867142 -7.155558332559918e-08
8.782499999999999 2.999999901878011 4.42 2.726707092841902 5.397198116060046 -7.370099344381876e-08
8.787500000000001 2.999999898949646 4.42 2.72492764409191 5.4028755373968576 -7.59005343609066e-08
8.7925 2.999999895947999 4.42 2.723148587937818 5.408542696045113 -7.815511919258948e-08
8.7975 2.9999998928718625 4.42 2.7213699242547933 5.414199595421434 -8.046565374815384e-08
8.8025 2.999999889720044 4.42 2.7195916529006756 5.41984623899462 -8.28330349270856e-08
8.807500000000001 2.9999998864913646 4.42 2.71781377371621 5.425482630284479 -8.525814902154089e-08
8.8125 2.9999998831846573 4.42 2.7160362865252625 5.431108772860734 -8.774186992060323e-08
8.817499999999999 2.999999879798776 4.42 2.7142591911350333 5.43672467034192 -9.02850572121356e-08
8.822500000000002 2.9999998763326063 4.42 2.7124824873362545 5.4423303263943446 -9.288855417789123e-08
8.8275 2.9999998727850423 4.42 2.710706174903387 5.447925744731066 -9.555318567739621e-08
8.8325 2.9999998691550154 4.42 2.7089302535948057 5.453510929110898 -9.827975591599011e-08
8.8375 2.9999998654414863 4.42 2.707154723152975 5.459085883337454 -1.0106904609219183e-07
8.842500000000001 2.999999861643449 4.42 2.705379583304619 5.464650611258201 -1.0392181191945312e-07
8.8475 2.999999857759936 4.42 2.703604833760884 5.470205116763574 -1.0683878101717262e-07
8.8525 2.9999998537900154 4.42 2.7018304742174983 5.475749403786097 -1.0982065016566318e-07
8.8575 2.999999849732813 4.42 2.7000565043549223 5.481283476299536 -1.1286808241959665e-07
8.8625 2.9999998455874826 4.42 2.6982829238384887 5.486807338318083 -1.1598170407426578e-07
8.8675 2.9999998413532545 4.42 2.6965097323185403 5.492320993895547 -1.1916210147882653e-07
8.8725 2.999999837029397 4.42 2.6947369294305603 5.497824447124576 -1.224098176904781e-07
8.877500000000001 2.9999998326152593 4.42 2.692964514795298 5.503317702135903 -1.2572534896333583e-07
8.8825 2.999999828110239 4.42 2.6911924880188884 5.508800763097598 -1.2910914106558013e-07
8.8875 2.9999998235138174 4.42 2.6894208486929627 5.514273634214391 -1.325615854182277e-07
8.8925 2.9999998188255548 4.42 2.687649596394759 5.519736319726953 -1.3608301504866352e-07
8.8975 2.999999814045089 4.42 2.685878730687227 5.525188823911243 -1.3967370035186273e-07
8.9025 2.999999809172146 4.42 2.6841082511191265 5.530631151077859 -1.4333384465201186e-07
8.907499999999999 2.9999998042065528 4.42 2.682338157225114 5.5360633055713935 -1.4706357955698963e-07
8.912500000000001 2.999999799148238 4.42 2.680568448525835 5.5414852917698285 -1.5086296009794732e-07
8.9175 2.9999997939972336 4.42 2.6787991245280116 5.546897114083926 -1.547319596459713e-07
8.9225 2.9999997887536978 4.42 2.6770301847245115 5.5522987769566505 -1.586704645976124e-07
8.9275 2.999999783417902 4.42 2.6752616285944315 5.557690284862617 -1.6267826882072388e-07
8.932500000000001 2.999999777990241 4.42 2.6734934556031646 5.563071642307535 -1.6675506785187474e-07
8.9375 2.9999997724712757 4.42 2.671725665202468 5.568442853827676 -1.7090045283630125e-07
8.942499999999999 2.999999766861685 4.42 2.6699582568305242 5.573803923989362 -1.751139042010891e-07
8.947500000000002 2.999999761162322 4.42 2.668191229912 5.57915485738845 -1.793947850519965e-07
8.9525 2.999999755374205 4.42 2.6664245838581 5.584495658649855 -1.8374233428404273e-07
8.9575 2.999999749498511 4.42 2.6646583180666186 5.5898263324270765 -1.8815565939573976e-07
8.9625 2.9999997435366197 4.42 2.6628924319219824 5.5951468834017195 -1.9263372899644288e-07
8.967500000000001 2.9999997374901044 4.42 2.661126924795302 5.600457316283049 -1.9717536499609782e-07
8.9725 2.9999997313607327 4.42 2.659361796044407 5.605757635807572 -2.0177923446628748e-07
8.9775 2.9999997251504924 4.42 2.6575970450138886 5.611047846738593 -2.0644384116118412e-07
8.9825 2.999999718861616 4.42 2.6558326710351277 5.616327953865822 -2.1116751668666006e-07
8.9875 2.9999997124965625 4.42 2.654068673426328 5.621597962004956 -2.1594841130550255e-07
8.9925 2.9999997060580457 4.42 2.6523050514925446 5.626857875997288 -2.2078448436633472e-07
8.9975 2.9999996995490488 4.42 2.6505418045257043 5.63210770070933 -2.2567349434347422e-07
9.002500000000001 2.9999996929728394 4.42 2.6487789318046344 5.637347441032434 -2.3061298847460162e-07
9.0075 2.9999996863329823 4.42 2.6470164325950734 5.64257710188245 -2.3560029198278593e-07
9.0125 2.9999996796333397 4.42 2.6452543061496954 5.6477966881993655 -2.4063249686899673e-07
9.0175 2.99999967287812 4.42 2.643492551708121 5.653006204946974 -2.4570645026086294e-07
9.0225 2.999999666071858 4.42 2.641731168496924 5.658205657112549 -2.5081874230305686e-07
9.0275 2.9999996592194504 4.42 2.6399701557296473 5.663395049706512 -2.5596569357429514e-07
9.032499999999999 2.999999652326176 4.42 2.6382095126068053 5.668574387762121 -2.611433420155113e-07
9.037500000000001 2.999999645397701 4.42 2.6364492383158864 5.673743676335156 -2.663474293533641e-07
9.0425 2.999999638440111 4.42 2.6346893320313556 5.6789029205036385 -2.7157338700280563e-07
9.0475 2.999999631459914 4.42 2.6329297929146547 5.684052125367542 -2.768163214320586e-07
9.0525 2.9999996244640874 4.42 2.631170620114196 5.689191296048503 -2.8207099897280755e-07
9.057500000000001 2.9999996174600656 4.42 2.629411812765362 5.694320437689573 -2.873318300580591e-07
9.0625 2.9999996104557907 4.42 2.627653369990492 5.699439555454932 -2.9259285286963165e-07
9.067499999999999 2.999999603459715 4.42 2.625895290898882 5.704548654529641 -2.978477163767709e-07
9.072500000000002 2.999999596480835 4.42 2.624137574586763 5.709647740119392 -3.0308966274689855e-07
9.0775 2.999999589528716 4.42 2.622380220137297 5.714736817450252 -3.083115091090355e-07
9.0825 2.9999995826135115 4.42 2.6206232266205536 5.719815891768443 -3.1350562864999374e-07
9.0875 2.999999575745994 4.42 2.6188665930934967 5.724884968340115 -3.186639310228116e-07
9.092500000000001 2.9999995689375756 4.42 2.6171103185999693 5.7299440524511045 -3.2377784204651816e-07
9.0975 2.999999562200343 4.42 2.61535440217067 5.734993149406733 -3.288382826757395e-07
9.1025 2.9999995555470886 4.42 2.6135988428231327 5.740032264531592 -3.3383564721813413e-07
9.1075 2.9999995489913314 4.42 2.611843639561702 5.745061403169343 -3.3875978077710227e-07
9.1125 2.999999542547351 4.42 2.6100887913775086 5.75008057068251 -3.4359995589668213e-07
9.1175 2.999999536230226 4.42 2.608334297248442 5.755089772452297 -3.4834484838500127e-07
9.1225 2.9999995300558577 4.42 2.6065801561391257 5.760089013878391 -3.5298251229205064e-07
9.127500000000001 2.9999995240410193 4.42 2.604826367000885 5.7650783003787796 -3.575003540169948e-07
9.1325 2.9999995182033663 4.42 2.6030729287717196 5.770057637389588 -3.6188510551966117e-07
9.1375 2.9999995125615113 4.42 2.60131984037627 5.775027030364892 -3.661227966102474e-07
9.1425 2.999999507135007 4.42 2.5995671007257855 5.779986484776563 -3.7019872629066153e-07
9.1475 2.999999501944453 4.42 2.597814708718089 5.784936006114108 -3.740974331203371e-07
9.1525 2.999999497011485 4.42 2.5960626632375425 5.789875599884509 -3.778026645787303e-07
9.157499999999999 2.999999492358834 4.42 2.594310963155012 5.794805271612056 -3.8129734539606494e-07
9.162500000000001 2.9999994880103684 4.42 2.592559607327828 5.799725026838226 -3.845635448232645e-07
9.1675 2.9999994839911515 4.42 2.59080859459975 5.804634871121523 -3.875824428113487e-07
9.1725 2.999999480327465 4.42 2.589057923800924 5.809534810037344 -3.9033429506995935e-07
9.1775 2.999999477046877 4.42 2.58730759374785 5.814424849177845 -3.927983969739357e-07
9.182500000000001 2.999999474178277 4.42 2.585557603243331 5.819304994151823 -3.9495304628625654e-07
9.1875 2.999999471751946 4.42 2.5838079510764422 5.824175250584575 -3.9677550466495557e-07
9.192499999999999 2.9999994697995764 4.42 2.58205863602248 5.829035624117787 -3.9824195792090693e-07
9.197500000000002 2.999999468354373 4.42 2.580309656842924 5.833886120409412 -3.9932747499270383e-07
9.2025 2.999999467451061 4.42 2.578561012285391 5.838726745133556 -4.000059656041228e-07
9.2075 2.9999994671259844 4.42 2.576812701083597 5.843557503980374 -4.00250136568967e-07
9.2125 2.9999994674171373 4.42 2.5750647219573057 5.848378402655956 -4.0003144670731907e-07
9.217500000000001 2.9999994683642424 4.42 2.573317073612288 5.853189446882228 -3.9932006033654695e-07
9.2225 2.9999994700088104 4.42 2.571569754740276 5.857990642396866 -3.9808479929961585e-07
9.2275 2.9999994723942036 4.42 2.5698227640189177 5.862781994953192 -3.962930934925364e-07
9.2325 2.9999994755657036 4.42 2.5680761001117345 5.867563510320074 -3.939109298520046e-07
9.2375 2.999999479570585 4.42 2.566329761668067 5.872335194281851 -3.909027997635313e-07
9.2425 2.9999994844581868 4.42 2.564583747323036 5.877097052638244 -3.8723164484957234e-07
9.2475 2.9999994902799854 4.42 2.562838055697494 5.881849091204272 -3.82858801096389e-07
9.252500000000001 2.999999497089667 4.42 2.5610926853979814 5.886591315810179 -3.7774394127759805e-07
9.2575 2.9999995049432173 4.42 2.5593476350166786 5.891323732301368 -3.718450156315406e-07
9.2625 2.9999995138989903 4.42 2.557602903131359 5.896046346538315 -3.6511819074880834e-07
9.2675 2.9999995240178094 4.42 2.5558584883053483 5.900759164396506 -3.575177866254786e-07
9.2725 2.999999535363033 4.42 2.5541143890874696 5.905462191766384 -3.48996211836765e-07
9.2775 2.9999995480006505 4.42 2.5523706040120087 5.910155434553259 -3.395038967849579e-07
9.282499999999999 2.999999561999384 4.42 2.550627131598659 5.914838898677274 -3.2898922497472817e-07
9.287500000000001 2.9999995774307777 4.42 2.5488839703524873 5.919512590073339 -3.173984622680347e-07
9.2925 2.999999594369279 4.42 2.547141118763879 5.924176514691086 -3.04675684070048e-07
9.2975 2.9999996128923674 4.42 2.5453985753085036 5.9288306784948155 -2.907627003965192e-07
9.3025 2.999999633080625 4.42 2.543656338447267 5.933475087463446 -2.755989787724612e-07
9.307500000000001 2.9999996550178722 4.42 2.5419144066262698 5.938109747590473 -2.591215649108789e-07
9.3125 2.9999996787912595 4.42 2.5401727782767667 5.942734664883922 -2.4126500111955035e-07
9.317499999999999 2.999999704491366 4.42 2.5384314518151276 5.947349845366315 -2.2196124238299644e-07
9.322500000000002 2.999999732212352 4.42 2.53669042564279 5.951955295074636 -2.0113957006592636e-07
9.3275 2.999999762052041 4.42 2.534949698146229 5.956551020060299 -1.7872650318360263e-07
9.3325 2.999999794112067 4.42 2.533209267696913 5.9611370263891175 -1.5464570718346412e-07
9.3375 2.999999828497982 4.42 2.531469132651268 5.965713320141272 -1.28817900181956e-07
9.342500000000001 2.9999998653193884 4.42 2.5297292913506477 5.97027990741129 -1.0116075659919272e-07
9.3475 2.9999999046900765 4.42 2.527989742121292 5.974836794308018 -7.158880813339281e-08
9.3525 2.9999999467281437 4.42 2.5262504832742936 5.979383986954614 -4.001334201616047e-08
9.3575 2.9999999915561664 4.42 2.5245115131055695 5.983921491488531 -6.342296488855986e-09
9.3625 3.0000000393013138 4.42 2.5227728298958274 5.988449314061484 2.95198465606592e-08
9.3675 3.000000090095501 4.42 2.5210344319105387 5.992967460839459 6.767217186250092e-08
9.3725 3.000000144075542 4.42 2.5192963173999114 5.997475938002701 1.0821744399285425e-07
9.377500000000001 3.0000002013833047 4.42 2.517558484598859 6.001974751745719 1.5126222362880161e-07
9.3825 3.000000262165868 4.42 2.5158209317269833 6.0064639082772615 1.9691698689426088e-07
9.3875 3.0000003265757025 4.42 2.5140836569885474 6.010943413820327 2.452962478619007e-07
9.3925 3.0000003947707965 4.42 2.512346658572458 6.01541327461217 2.9651868427680476e-07
9.3975 3.000000466914878 4.42 2.51060993465224 6.01987349690432 3.507072665686143e-07
9.4025 3.000000543177545 4.42 2.5088734833860302 6.024324086962569 4.0798939021975433e-07
9.407499999999999 3.0000006237344836 4.42 2.5071373029165516 6.0287650510669994 4.684970115580191e-07
9.412500000000001 3.0000007087676313 4.42 2.5054013913711084 6.033196395511991 5.323667870426377e-07
9.4175 3.0000007984653685 4.42 2.5036657468615697 6.0376181266062545 5.997402161136923e-07
9.4225 3.0000008930227238 4.42 2.501930367484366 6.042030250672843 6.707637876762752e-07
9.4275 3.0000009926415703 4.42 2.5001952513204806 6.046432774049181 7.455891302901115e-07
9.432500000000001 3.00000109753082 4.42 2.4984603964354455 6.0508257030871 8.24373166137557e-07
9.4375 3.0000012079066614 4.42 2.4967258008793394 6.055209044152861 9.072782688430747e-07
9.442499999999999 3.0000013239927275 4.42 2.4949914626867917 6.059582803627204 9.944724252180275e-07
9.447500000000002 3.0000014460203737 4.42 2.49325737987698 6.06394698790538 1.086129401005343e-06
9.4525 3.00000157422885 4.42 2.491523550453641 6.068301603397215 1.1824289106992786e-06
9.4575 3.0000017088655793 4.42 2.4897899724050765 6.072646656527139 1.283556791517246e-06
9.4625 3.0000018501863606 4.42 2.4880566437041667 6.076982153734252 1.3897051815992123e-06
9.467500000000001 3.000001998455629 4.42 2.4863235623083804 6.081308101472379 1.5010727025129926e-06
9.4725 3.0000021539466926 4.42 2.4845907261597935 6.085624506210134 1.617864646143432e-06
9.4775 3.0000023169420014 4.42 2.482858133185106 6.089931374431002 1.7402931660442472e-06
9.4825 3.0000024877334077 4.42 2.481125781295666 6.094228712633391 1.86857747333168e-06
9.4875 3.000002666622414 4.42 2.4793936683874875 6.098516527330739 2.0029440372001085e-06
9.4925 3.000002853920466 4.42 2.4776617923412836 6.102794825051589 2.1436267901404415e-06
9.4975 3.0000030499492243 4.42 2.4759301510224887 6.107063612339676 2.2908673379422474e-06
9.502500000000001 3.0000032550408497 4.42 2.474198742281296 6.111322895754036 2.4449151745607878e-06
9.5075 3.0000034695382896 4.42 2.4724675639526854 6.115572681869116 2.606027901931984e-06
9.5125 3.000003693795605 4.42 2.470736613856465 6.119812977274884 2.774471454817484e-06
9.5175 3.000003928178243 4.42 2.4690058897973026 6.124043788576955 2.9505203307626996e-06
9.5225 3.000004173063356 4.42 2.4672753895647705 6.128265122396728 3.134457825251456e-06
9.5275 3.0000044288401506 4.42 2.465545110933385 6.1324769853715235 3.326576272141442e-06
9.532499999999999 3.00000469591017 4.42 2.4638150516626536 6.136679384154735 3.5271772894643536e-06
9.537500000000001 3.0000049746876774 4.42 2.4620852094971144 6.140872325415991 3.736572030675125e-06
9.5425 3.0000052655999463 4.42 2.460355582166389 6.145055815841341 3.955081441434704e-06
9.5475 3.000005569087655 4.42 2.458626167385221 6.149229862133442 4.183036522013233e-06
9.5525 3.0000058856052134 4.42 2.4568969628535346 6.15339447101174 4.420778595396208e-06
9.557500000000001 3.000006215621144 4.42 2.455167966256475 6.157549649212708 4.668659581180621e-06
9.5625 3.000006559618451 4.42 2.4534391752644606 6.1616954034900715 4.927042275346514e-06
9.567499999999999 3.0000069180949906 4.42 2.4517105875332277 6.165831740615052 5.1963006359894e-06
9.572500000000002 3.000007291563875 4.42 2.4499822007038827 6.169958667376625 5.476820075098658e-06
9.5775 3.000007680553864 4.42 2.4482540124029386 6.174076190581836 5.768997756467254e-06
9.5825 3.000008085609754 4.42 2.4465260202423664 6.1781843170560835 6.073242899820807e-06
9.5875 3.0000085072928124 4.42 2.444798221819631 6.182283053643459 6.389977091247624e-06
9.592500000000001 3.0000089461811976 4.42 2.443070614717728 6.186372407207093 6.719634600017341e-06
9.5975 3.0000094028703743 4.42 2.4413431965052173 6.1904523846295465 7.062662701873008e-06
9.6025 3.0000098779735596 4.42 2.439615964736241 6.194522992813229 7.419522008881057e-06
9.6075 3.000010372122185 4.42 2.437888916950551 6.198584238680832 7.790686805923072e-06
9.6125 3.000010885966331 4.42 2.4361620506735133 6.2026361291758185 8.176645393913645e-06
9.6175 3.0000114201752064 4.42 2.434435363416113 6.20667867126294 8.577900439828756e-06
9.6225 3.000011975437613 4.42 2.432708852674941 6.210711871928796 8.994969333627058e-06
9.627500000000001 3.0000125524624495 4.42 2.4309825159321745 6.2147357381824415 9.42838455214545e-06
9.6325 3.0000131519791875 4.42 2.4292563506555385 6.2187502770560386 9.878694030052857e-06
9.6375 3.0000137747383757 4.42 2.427530354298245 6.222755495605572 1.0346461537942637e-05
9.6425 3.0000144215121596 4.42 2.4258045242989255 6.226751400911612 1.0832267067642804e-05
9.6475 3.000015093094808 4.42 2.4240788580815322 6.230738000080163 1.1336707224824584e-05
9.6525 3.000015790303227 4.42 2.4223533530552133 6.234715300243558 1.186039562898847e-05
9.657499999999999 3.000016513977524 4.42 2.4206280066141668 6.23868330856144 1.2403963320904768e-05
9.662500000000001 3.000017264981543 4.42 2.41890281613745 6.242642032221861 1.2968059177584796e-05
9.6675 3.000018044203442 4.42 2.417177778988771 6.246591478442414 1.3553350334857021e-05
9.6725 3.000018852556255 4.42 2.415452892516213 6.250531654471528 1.4160522617627697e-05
9.6775 3.0000196909784727 4.42 2.413728154051935 6.254462567589853 1.4790280977891226e-05
9.682500000000001 3.0000205604346526 4.42 2.412003560911808 6.258384225111763 1.5443349940566515e-05
9.6875 3.0000214619160035 4.42 2.410279110394997 6.26229663438702 1.6120474057228993e-05
9.692499999999999 3.0000223964409987 4.42 2.4085547997834698 6.266199802802579 1.6822418367806035e-05
9.697500000000002 3.0000233650560295 4.42 2.406830626341432 6.270093737784574 1.7549968870301998e-05
9.7025 3.0000243688360095 4.42 2.4051065873146866 6.273978446800477 1.8303932998616656e-05
9.7075 3.0000254088850378 4.42 2.403382679929886 6.27785393736149 1.9085140108527086e-05
9.7125 3.000026486337057 4.42 2.4016589013936827 6.281720217025153 1.989444197188443e-05
9.717500000000001 3.0000276023564987 4.42 2.399935248891759 6.285577293398228 2.0732713279090825e-05
9.7225 3.0000287581390075 4.42 2.398211719587719 6.289425174139858 2.1600852149913526e-05
9.7275 3.0000299549120912 4.42 2.3964883106218307 6.2932638669650505 2.2499780652689904e-05
9.7325 3.0000311939358406 4.42 2.3947650191095917 6.297093379648536 2.3430445331974684e-05
9.7375 3.000032476503636 4.42 2.3930418421401063 6.300913720029007 2.4393817744680962e-05
9.7425 3.0000338039428924 4.42 2.3913187767742357 6.304724896013825 2.5390895004763294e-05
9.7475 3.0000351776157634 4.42 2.3895958200425067 6.308526915584217 2.642270033648784e-05
9.752500000000001 3.000036598919912 4.42 2.3878729689427427 6.312319786801044 2.749028363632724e-05
9.7575 3.0000380692892574 4.42 2.386150220437372 6.3161035178112055 2.859472204352634e-05
9.7625 3.0000395901947625 4.42 2.3844275714503778 6.319878116854756 2.973712051937154e-05
9.7675 3.000041163145197 4.42 2.382705018863848 6.323643592272834 3.0918612435195735e-05
9.7725 3.0000427896879365 4.42 2.3809825595140612 6.327399952516491 3.214036016915016e-05
9.7775 3.000044471409779 4.42 2.3792601901870487 6.331147206156562 3.340355571177138e-05
9.782499999999999 3.000046209937752 4.42 2.377537907613558 6.334885361894697 3.470942128036558e-05
9.787500000000001 3.000048006939943 4.42 2.3758157084633384 6.338614428575715 3.605920994222771e-05
9.7925 3.000049864126332 4.42 2.3740935893386492 6.342334415201488 3.745420624671021e-05
9.7975 3.00005178324967 4.42 2.3723715467668764 6.346045330946531 3.889572686616489e-05
9.8025 3.0000537661063182 4.42 2.3706495771921308 6.349747185175559 4.038512124574847e-05
9.807500000000001 3.0000558145371317 4.42 2.3689276769656793 6.353439987463297 4.1923772262107e-05
9.8125 3.00005793042835 4.42 2.3672058423350273 6.357123747616883 4.351309689093828e-05
9.817499999999999 3.000060115712496 4.42 2.365484069431442 6.360798475701245 4.515454688342568e-05
9.822500000000002 3.000062372369281 4.42 2.363762354255679 6.364464182067915 4.6849609451533224e-05
9.8275 3.0000647024265406 4.42 2.3620406926616258 6.3681208773878435 4.859980796214508e-05
9.8325 3.0000671079611676 4.42 2.360319080337522 6.371768572688795 5.040670264004711e-05
9.8375 3.000069591100029 4.42 2.358597512784352 6.375407279398127 5.2271891279703905e-05
9.842500000000001 3.0000721540209767 4.42 2.356875985290939 6.379037009391839 5.4197009965817284e-05
9.8475 3.000074798953772 4.42 2.3551544929051604 6.382657775050981 5.6183733802631743e-05
9.8525 3.0000775281810883 4.42 2.353433030400605 6.386269589326676 5.8233777651946096e-05
9.8575 3.0000803440395023 4.42 2.3517115922378506 6.389872465815324 6.0348896879783114e-05
9.8625 3.0000832489204927 4.42 2.349990172519363 6.393466418845868 6.253088811167093e-05
9.8675 3.0000862452714596 4.42 2.3482687649367993 6.39705146358141 6.478158999648221e-05
9.8725 3.000089335596749 4.42 2.346547362709248 6.400627616137888 6.710288397876872e-05
9.877500000000001 3.000092522458689 4.42 2.3448259585105866 6.404194893723322 6.949669507951399e-05
9.8825 3.000095808478639 4.42 2.3431045443837153 6.407753314801748 7.196499268524574e-05
9.8875 3.0000991963380637 4.42 2.341383111638904 6.411302899287076 7.450979134541856e-05
9.8925 3.000102688779581 4.42 2.3396616507327748 6.414843668773414 7.713315157797857e-05
9.8975 3.0001062886080563 4.42 2.337940151123584 6.418375646809985 7.983718068301887e-05
9.9025 3.0001099986917006 4.42 2.3362186010972907 6.421898859230968 8.262403356442901e-05
9.907499999999999 3.000113821963145 4.42 2.3344969875574066 6.425413334553455 8.549591355942927e-05
9.912500000000001 3.0001177614205856 4.42 2.3327752957696277 6.428919104460399 8.84550732758701e-05
9.9175 3.000121820128901 4.42 2.3310535090495863 6.432416204390478 9.150381543717379e-05
9.9225 3.0001260012207567 4.42 2.329331608378464 6.435904674263511 9.464449373481319e-05
9.9275 3.000130307897778 4.42 2.327609571926343 6.439384559379237 9.787951368815324e-05
9.932500000000001 3.000134743431692 4.42 2.3258873744563537 6.442855911540072 0.00010121133351153556
9.9375 3.000139311165477 4.42 2.3241649865732494 6.446318790466186 0.00010464246498845123
9.942499999999999 3.0001440145145595 4.42 2.322442373766539 6.449773265596622 0.00010817547435263879
9.947500000000002 3.000148856967958 4.42 2.3207194951789987 6.453219418406517 0.00011181298317593565
9.9525 3.000153842089505 4.42 2.3189963020032422 6.456657345423362 0.00011555766926269938
9.9575 3.0001589735190146 4.42 2.317272735367774 6.460087162202798 0.00011941226755064885
9.9625 3.0001642549734937 4.42 2.315548723513136 6.463509008638584 0.00012337957101788091
9.967500000000001 3.0001696902483825 4.42 2.3138241779690096 6.466923056149589 0.00012746243159589092
9.9725 3.000175283218725 4.42 2.312098988311842 6.470329517532129 0.00013166376108838434
9.9775 3.0001810378404277 4.42 2.31037301489327 6.473728660618672 0.00013598653209565307
9.9825 3.000186958151494 4.42 2.308646078664731 6.477120827375082 0.00014043377894428023
9.9875 3.0001930482732457 4.42 2.306917946870751 6.48050646071826 0.00014500859862194131
9.9925 3.0001993124115756 4.42 2.30518831295206 6.483886142120606 0.00014971415171705627
9.9975 3.000205754858214 4.42 2.3034567685578704 6.487260643851199 0.0001545536633630337
10.002500000000001 3.0002123799919738 4.42 2.3017227653105725 6.490631000105253 0.0001595304241868177
10.0075 3.0002191922800066 4.42 2.299985564348498 6.493998600430191 0.00016464779126149174
10.0125 3.000226196279083 4.42 2.2982441736151253 6.497365305029695 0.00016990918906263362
10.0175 3.0002333966368684 4.42 2.296497278083361 6.5007335715085155 0.00017531811042811722
10.0225 3.0002407980931767 4.42 2.294743179551517 6.504106560950648 0.00018087811752106003
10.0275 3.0002484054812673 4.42 2.2929797849739804 6.5074881493855266 0.0001865928427956008
10.032499999999999 3.000256223729133 4.42 2.2912047220585556 6.510882696841564 0.00019246598996517652
10.037500000000001 3.000264257860767 4.42 2.2894157258301133 6.514294306655353 0.00019850133497294463
10.0425 3.000272512997455 4.42 2.2876115359168194 6.517725132925081 0.00020470272696399778
10.0475 3.0002809943590774 4.42 2.2857936676117037 6.521172073165744 0.0002110740892590555
10.0525 3.0002897072653796 4.42 2.2839695403442994 6.5246209740378145 0.0002176194203291845
10.057500000000001 3.0002986571372716 4.42 2.282157480518024 6.528037436912685 0.00022434279477121034
10.0625 3.0003078494981317 4.42 2.280393883751417 6.53135375764214 0.00023124836428342147
10.067499999999999 3.0003172899750647 4.42 2.2787420258716535 6.534452995193294 0.0002383403586411489
10.072500000000002 3.0003269843002247 4.42 2.2773002900956216 6.537154251936429 0.0002456230866717987
10.0775 3.00033693831207 4.42 2.276204796773683 6.539208156436878 0.00025310093722889115
10.0825 3.0003471579566807 4.42 2.275618389845785 6.540316841797276 0.0002607783801647348
10.0875 3.0003576492890085 4.42 2.2756973884168143 6.540193734153334 0.0002686599673011799
10.092500000000001 3.0003684184741815 4.42 2.2765341436687745 6.538667178145857 0.0002767503333980471
10.0975 3.0003794717887566 4.42 2.278090337033427 6.535802571988569 0.0002850541971187504
10.1025 3.0003908156220165 4.42 2.2801566546334255 6.53198006025546 0.00029357636199261295
10.1075 3.000402456477193 4.42 2.282378871538258 6.527853211969636 0.00030232171737336024
10.1125 3.000414400972764 4.42 2.2843598382377643 6.524164972654312 0.00031129523939328987
10.1175 3.0004266558436803 4.42 2.2857939257823987 6.521495324754602 0.00032050199191259953
10.1225 3.0004392279426195 4.42 2.2865612572500624 6.5200776029753165 0.0003299471274633294
10.127500000000001 3.000452124241212 4.42 2.2867352251895703 6.519778239400378 0.00033963588818732926
10.1325 3.0004653518312763 4.42 2.286514622967492 6.52022355790439 0.00034957360676774954
10.1375 3.0004789179260145 4.42 2.286129764994413 6.52097895771803 0.00035976570735344194
10.1425 3.0004928298612477 4.42 2.285768320264988 6.521690579146215 0.0003702177064756751
10.1475 3.0005070950965744 4.42 2.285539929428978 6.522152193411637 0.0003809352139565719
10.1525 3.00052172121658 4.42 2.2854756422770555 6.522305683755848 0.00039192393380867066
10.157499999999999 3.000536715931984 4.42 2.2855487629399556 6.522201418119467 0.0004031896651249722
10.162500000000001 3.000552087080798 4.42 2.285703682845545 6.521944009641411 0.00041473830295881515
10.1675 3.0005678426294726 4.42 2.2858825047590647 6.52164238216401 0.0004265758391929221
10.1725 3.000583990673999 4.42 2.2860430539379344 6.5213759489497765 0.0004387083633970451
10.1775 3.000600539441036 4.42 2.2861658978112773 6.521181361774852 0.00045114206367338717
10.182500000000001 3.0006174972889843 4.42 2.2862518148309507 6.521057214295462 0.0004638832274892067
10.1875 3.000634872709047 4.42 2.286313720743623 6.520979217789695 0.0004769382424958915
10.192499999999999 3.000652674326302 4.42 2.286367630002251 6.520917227670099 0.0004903135973337794
10.197500000000002 3.0006709109006984 4.42 2.28642602776178 6.520847738826701 0.0005040158824219836
10.2025 3.000689591328097 4.42 2.2864950171984244 6.520759266286195 0.0005180517907324611
10.2075 3.0007087246412194 4.42 2.286574803764755 6.520651436809947 0.000532428118547706
10.2125 3.0007283200106283 4.42 2.286662069961406 6.520530517678765 0.0005471517662011102
10.217500000000001 3.0007483867456535 4.42 2.286752661648762 6.5204043565596805 0.0005622297387993402
10.2225 3.00076893429531 4.42 2.2868434876820283 6.520278801037805 0.0005776691469259322
10.2275 3.0007899722491587 4.42 2.2869332403744504 6.520156338674651 0.0005934772073252876
10.2325 3.000811510338173 4.42 2.2870221368070522 6.52003658263901 0.0006096612435662354
10.2375 3.0008335584355774 4.42 2.2871111771674597 6.519917668875982 0.000626228686684365
10.2425 3.0008561265576055 4.42 2.287201408402215 6.5197976444141945 0.0006431870758023093
10.2475 3.0008792248642937 4.42 2.2872934841129844 6.519675297769233 0.0006605440587271279
10.252500000000001 3.0009028636601847 4.42 2.287387574694976 6.519550329020673 0.0006783073925238632
10.2575 3.0009270533950443 4.42 2.287483516537099 6.51942306881651 0.0006964849440645162
10.2625 3.0009518046645196 4.42 2.2875810359796165 6.519294056037647 0.0007150846905515005
10.2675 3.000977128210735 4.42 2.2876799209537246 6.519163713889604 0.0007341147200146679
10.2725 3.0010030349229124 4.42 2.287780089234621 6.519032220940264 0.0007535832317810315
10.2775 3.001029535837903 4.42 2.2878815688317014 6.518899547979606 0.0007734985369162929
10.282499999999999 3.001056642140692 4.42 2.287984438011504 6.518765571158321 0.0007938690586372512
10.287500000000001 3.0010843651648695 4.42 2.2880887698511923 6.5186301766663926 0.0008147033326941148
10.2925 3.001112716393064 4.42 2.2881946045281403 6.51849331309885 0.0008360100077217791
10.2975 3.001141707457285 4.42 2.2883019496023684 6.518354990969869 0.0008577978455592812
10.3025 3.0011713501393116 4.42 2.288410795433351 6.518215253622412 0.0008800757215362189
10.307500000000001 3.001201656370938 4.42 2.2885211315114145 6.518074146382297 0.0009028526247253307
10.3125 3.001232638234226 4.42 2.2886329554628793 6.517931699534452 0.0009261376581602602
10.317499999999999 3.0012643079617 4.42 2.288746273765594 6.517787926957752 0.000949940039017481
10.322500000000002 3.001296677936489 4.42 2.2888610976990598 6.517642833770914 0.0009742690987613911
10.3275 3.00132976069241 4.42 2.2889774387847224 6.517496424950316 0.000999134283251522
10.3325 3.0013635689140044 4.42 2.2890953062541355 6.517348710120146 0.0010245451528110988
10.3375 3.001398115436515 4.42 2.289214706873295 6.517199703889167 0.0010505113822555994
10.342500000000001 3.0014334132458256 4.42 2.2893356460919767 6.517049423680016 0.001077042760880511
10.3475 3.0014694754783044 4.42 2.289458129288028 6.516897887375942 0.0011041491924072358
10.3525 3.001506315420636 4.42 2.2895821624106123 6.516745112102431 0.0011318406948861042
10.3575 3.0015439465095577 4.42 2.2897077519761107 6.516591114233037 0.001160127400555392
10.3625 3.0015823823315615 4.42 2.289834904738237 6.516435910012444 0.0011890195556553734
10.3675 3.00162163662249 4.42 2.2899636273744486 6.5162795161496785 0.0012185275201963789
10.3725 3.001661723267124 4.42 2.2900939263558024 6.5161219500645995 0.0012486617676798033
10.377500000000001 3.001702656298665 4.42 2.290225807984704 6.515963229816221 0.0012794328847708888
10.3825 3.001744449898161 4.42 2.290359278499051 6.515803373904579 0.0013108515709224376
10.3875 3.0017871183938705 4.42 2.2904943441537284 6.51564240111479 0.001342928637948273
10.3925 3.0018306762605445 4.42 2.2906310112471404 6.515480330464972 0.0013756750095453728
10.3975 3.0018751381186486 4.42 2.290769286107782 6.515317181230044 0.0014091017207636532
10.4025 3.0019205187335096 4.42 2.29090917507132 6.515152972983756 0.0014432199174223808
10.407499999999999 3.001966833014369 4.42 2.2910506844687237 6.514987725619779 0.0014780408554721266
10.412500000000001 3.002014096013402 4.42 2.2911938206290197 6.514821459344739 0.0015135759003011373
10.4175 3.002062322924614 4.42 2.2913385898896523 6.514654194656341 0.0015498365259850604
10.4225 3.00211152908268 4.42 2.2914849986063555 6.514485952322015 0.0015868343144792335
10.4275 3.002161729961718 4.42 2.2916330531588813 6.5143167533653 0.0016245809547520496
10.432500000000001 3.002212941173953 4.42 2.2917827599532727 6.514146619058838 0.0016630882418586233
10.4375 3.0022651784683143 4.42 2.291934125423176 6.513975570919234 0.0017023680759536896
10.442499999999999 3.0023184577289386 4.42 2.2920871560319256 6.513803630700318 0.0017424324612426466
10.447500000000002 3.0023727949736063 4.42 2.2922418582756867 6.513630820383991 0.001783293504869665
10.4525 3.0024282063520724 4.42 2.292398238687037 6.513457162169869 0.0018249634157417535
10.4575 3.0024847081443076 4.42 2.292556303838297 6.513282678465111 0.0018674545032881485
10.4625 3.00254231675868 4.42 2.292716060344314 6.513107391875135 0.0019107791761534254
10.467500000000001 3.002601048729989 4.42 2.292877514864845 6.5129313251951135 0.001954949940823682
10.4725 3.0026609207174735 4.42 2.2930406741067357 6.512754501401735 0.0019999794001847528
10.4775 3.002721949502679 4.42 2.293205544826074 6.512576943644799 0.0020458802520114004
10.4825 3.0027841519872354 4.42 2.293372133830301 6.512398675238513 0.0020926652873864207
10.4875 3.0028475451905647 4.42 2.2935404479802757 6.51221971965257 0.0021403473890487666
10.4925 3.002912146247463 4.42 2.29371049419221 6.512040100503196 0.002188939529669745
10.4975 3.002977972405604 4.42 2.293882279439479 6.511859841544342 0.002238454770056333
10.502500000000001 3.0030450410229212 4.42 2.2940558107542808 6.511678966659014 0.0022889062572804472
10.5075 3.0031133695649013 4.42 2.2942310952291605 6.5114974998507105 0.0023403072227335636
10.5125 3.0031829756017885 4.42 2.294408140018377 6.511315465234858 0.0023926709801055973
10.5175 3.00325387680566 4.42 2.2945869523391327 6.511132887030177 0.002446010923287079
10.5225 3.003326090947402 4.42 2.294767539472633 6.510949789550083 0.0025003405241938036
10.5275 3.003399635893598 4.42 2.2949499087650187 6.510766197194089 0.0025556733305131586
10.532499999999999 3.003474529603289 4.42 2.295134067628158 6.510582134439331 0.0026120229633712043
10.537500000000001 3.0035507901246388 4.42 2.295320023540296 6.51039762583218 0.0026694031149196175
10.5425 3.003628435591492 4.42 2.2955077840465568 6.510212695979874 0.0027278275458415845
10.5475 3.0037074842197797 4.42 2.295697356759284 6.510027369542203 0.002787310082776394
10.5525 3.0037879543039105 4.42 2.2958887493582134 6.509841671223151 0.002847864615661148
10.557500000000001 3.0038698642129296 4.42 2.296081969590476 6.50965562576262 0.0029095050949893573
10.5625 3.0039532323866647 4.42 2.296277025270453 6.509469257928197 0.0029722455289856228
10.567499999999999 3.0040380773317 4.42 2.296473924279451 6.509282592507059 0.003036099980695639
10.572500000000002 3.004124417617245 4.42 2.29667267456522 6.509095654297948 0.0031010825649907528
10.5775 3.004212271870914 4.42 2.2968732841413035 6.508908468103231 0.0031672074454863605
10.5825 3.0043016587743585 4.42 2.2970757610862016 6.508721058720956 0.0032344888313740484
10.5875 3.0043925970588123 4.42 2.2972801135423575 6.50853345093699 0.003302940974166054
10.592500000000001 3.00448510550047 4.42 2.297486349714955 6.508345669517231 0.0033725781643519754
10.5975 3.0045792029158043 4.42 2.2976944778705586 6.508157739199899 0.003443414727967151
10.6025 3.0046749081567503 4.42 2.297904506335546 6.507969684687965 0.0035154650230721134
10.6075 3.004772240105721 4.42 2.2981164434943726 6.507781530641674 0.003588743436142523
10.6125 3.004871217670568 4.42 2.2983302977876425 6.507593301671134 0.0036632643783692065
10.6175 3.004971859779403 4.42 2.2985460777099838 6.507405022328989 0.0037390422818679827
10.6225 3.0050741853752627 4.42 2.298763791807727 6.507216717103176 0.003816091595798831
10.627500000000001 3.0051782134107032 4.42 2.2989834486764 6.507028410409751 0.0038944267823937317
10.6325 3.005283962842244 4.42 2.299205056958026 6.506840126585891 0.003974062312893366
10.6375 3.0053914526246945 4.42 2.299428625338221 6.506651889882974 0.004055012663392115
10.6425 3.005500701705364 4.42 2.299654162543095 6.506463724459797 0.004137292310591009
10.6475 3.0056117290181543 4.42 2.29988167733596 6.5062756543758615 0.004220915727458545
10.6525 3.0057245534775063 4.42 2.3001111785138257 6.50608770358479 0.004305897378799277
10.657499999999999 3.0058391939722537 4.42 2.3003426749037024 6.505899895927804 0.004392251716729974
10.662500000000001 3.005955669359335 4.42 2.3005761753586897 6.505712255127376 0.004479993176063149
10.6675 3.0060739984574014 4.42 2.3008116887538743 6.505524804780989 0.004569136169597771
10.6725 3.006194200040289 4.42 2.301049223982025 6.505337568355017 0.004659695083317993
10.6775 3.0063162928303644 4.42 2.3012887899490764 6.505150569178742 0.004751684271498684
10.682500000000001 3.0064402954917657 4.42 2.301530395569414 6.504963830438454 0.004845118051718675
10.6875 3.0065662266235216 4.42 2.30177404976095 6.504777375171707 0.004940010699781705
10.692499999999999 3.00669410475253 4.42 2.3020197614399915 6.504591226261674 0.0050363764445451875
10.697500000000002 3.0068239483264336 4.42 2.3022675395159165 6.504405406431637 0.0051342294626568735
10.7025 3.00695577570639 4.42 2.30251739288563 6.504219938239632 0.005233583873199602
10.7075 3.0070896051596874 4.42 2.3027693304278354 6.504034844073192 0.005334453732245264
10.7125 3.0072254548522563 4.42 2.303023360997085 6.503850146144259 0.005436853027317106
10.717500000000001 3.0073633428410993 4.42 2.3032794934176417 6.503665866484187 0.005540795671761575
10.7225 3.0075032870665366 4.42 2.303537736477124 6.503482026938891 0.005646295499030098
10.7275 3.007645305344413 4.42 2.303798098919967 6.503298649164106 0.005753366256871228
10.7325 3.007789415358118 4.42 2.3040605894406716 6.503115754620806 0.005862021601433563
10.7375 3.007935634650543 4.42 2.3043252166768546 6.502933364570776 0.005972275091280169
10.7425 3.008083980615915 4.42 2.304591989202121 6.502751500072278 0.0060841401813153916
10.7475 3.008234470491502 4.42 2.3048609155187165 6.502570181975866 0.006197630216624654
10.752500000000001 3.008387121349228 4.42 2.305132004050006 6.50238943092033 0.006312758426227624
10.7575 3.008541950087179 4.42 2.305405263132743 6.502209267328774 0.006429537916746318
10.7625 3.0086989734209806 4.42 2.3056807010091616 6.502029711404826 0.006547981665988633
10.7675 3.0088582078750985 4.42 2.305958325818879 6.501850783128989 0.006668102516448183
10.7725 3.0090196697740397 4.42 2.3062381455906085 6.501672502255118 0.006789913168721543
10.7775 3.009183375233391 4.42 2.3065201682336927 6.501494888307039 0.006913426174844211
10.782499999999999 3.0093493401508624 4.42 2.3068044015294595 6.501317960575294 0.007038653931546225
10.787500000000001 3.009517580197122 4.42 2.3070908531223937 6.5011417381140095 0.007165608673428547
10.7925 3.009688110806618 4.42 2.307379530511136 6.500966239737896 0.007294302466061214
10.7975 3.009860947168265 4.42 2.307670441039312 6.500791484019392 0.007424747199005859
10.8025 3.010036104216045 4.42 2.3079635918861907 6.500617489285929 0.007556954578762129
10.807500000000001 3.0102135966195345 4.42 2.308258990057178 6.500444273617322 0.007690936121640656
10.8125 3.0103934387743125 4.42 2.308556642374153 6.500271854843291 0.0078267031465639
10.817499999999999 3.010575644792338 4.42 2.308856555465635 6.500100250541118 0.007964266767796348
10.822500000000002 3.0107602284921726 4.42 2.309158735756802 6.499929478033403 0.008103637887605505
10.8275 3.0109472033891933 4.42 2.3094631894593585 6.499759554385969 0.008244827188855249
10.8325 3.011136582685683 4.42 2.309769922561248 6.499590496405891 0.008387845127534514
10.8375 3.011328379260858 4.42 2.3100789408162385 6.499422320639612 0.008532701925221287
10.842500000000001 3.0115226056608417 4.42 2.31039024973335 6.499255043371234 0.008679407561485008
10.8475 3.011719274088548 4.42 2.3107038545661553 6.499088680620894 0.0088279717662292
10.8525 3.011918396393504 4.42 2.311019760301956 6.4989232481432495 0.008978404011976169
10.8575 3.0121199840616164 4.42 2.3113379716508167 6.498758761426107 0.00913071350609572
10.8625 3.012324048204879 4.42 2.3116584930344954 6.498595235689144 0.009284909182980135
10.8675 3.012530599551016 4.42 2.3119813285752397 6.498432685882757 0.009440999696167941
10.8725 3.012739648433089 4.42 2.3123064820844865 6.49827112668702 0.009598993410418538
10.877500000000001 3.0129512047790246 4.42 2.312633957051435 6.498110572510757 0.00975889839373949
10.8825 3.013165278101143 4.42 2.312963756631544 6.497951037490711 0.009920722409369895
10.8875 3.013381877485597 4.42 2.313295883634905 6.497792535490831 0.010084472907721746
10.8925 3.0136010115817937 4.42 2.3136303405145475 6.497635080101647 0.010250157018281657
10.8975 3.0138226885918082 4.42 2.31396712935463 6.497478684639775 0.010417781541475808
10.9025 3.0140469162597014 4.42 2.314306251858578 6.497323362147512 0.010587352940500946
10.907499999999999 3.014273701860881 4.42 2.3146477093371276 6.497169125392527 0.010758877333124047
10.912500000000001 3.014503052191409 4.42 2.3149915026963126 6.497015986867651 0.010932360483453215
10.9175 3.0147349735572684 4.42 2.3153376324253685 6.4968639587907795 0.011107807793682424
10.9225 3.0149694717636573 4.42 2.3156860985846017 6.496713053104842 0.011285224295814727
10.9275 3.0152065521042584 4.42 2.3160369007931845 6.4965632814778935 0.011464614643364438
10.932500000000001 3.0154462193504776 4.42 2.316390038216918 6.496414655303278 0.011645983103042967
10.9375 3.0156884777407384 4.42 2.3167455095559477 6.496267185699894 0.011829333546431228
10.942499999999999 3.0159333309696934 4.42 2.317103313032451 6.496120883512531 0.012014669441641613
10.947500000000002 3.0161807821775515 4.42 2.3174634463782917 6.495975759312305 0.012201993844972588
10.9525 3.016430833939312 4.42 2.317825906822649 6.495831823397189 0.012391309392559018
10.9575 3.0166834882541007 4.42 2.318190691079634 6.495689085792609 0.01258261829202318
10.9625 3.016938746534459 4.42 2.318557795335906 6.49554755625212 0.012775922314127507
10.967500000000001 3.0171966095957266 4.42 2.3189272152382747 6.4954072442581605 0.012971222784434059
10.9725 3.0174570776453917 4.42 2.31929894588131 6.495268159022911 0.013168520574974155
10.9775 3.0177201502725213 4.42 2.3196729817949695 6.495130309489179 0.013367816095931535
10.9825 3.017985826437229 4.42 2.3200493169322303 6.494993704331406 0.013569109287342472
10.9875 3.018254104460156 4.42 2.3204279446567546 6.494858351956706 0.01377239961081675
10.9925 3.018524982012048 4.42 2.3208088577305874 6.494724260505999 0.013977686041283596
10.9975 3.0187984561033674 4.42 2.3211920483018833 6.494591437855203 0.014184967058766228
11.002500000000001 3.019074523073958 4.42 2.3215775078926852 6.494459891616496 0.014394240640188072
11.0075 3.0193531785827985 4.42 2.3219652273867535 6.49432962913964 0.014605504251215927
11.0125 3.0196344175978114 4.42 2.3223551970174547 6.4942006575133675 0.014818754838143345
11.0175 3.0199182343857727 4.42 2.322747406355714 6.494072983566828 0.015033988819817996
11.0225 3.0202046225022774 4.42 2.32314184429804 6.493946613871095 0.015251202079617396
11.0275 3.0204935747818116 4.42 2.3235384990546257 6.493821554740738 0.015470389957477381
11.032499999999999 3.0207850833279135 4.42 2.3239373581375515 6.493697812235419 0.015691547241977258
11.037500000000001 3.0210791395034367 4.42 2.324338408349064 6.493575392161576 0.01591466816248557
11.0425 3.021375733920926 4.42 2.324741635769965 6.493454300074153 0.016139746381370442
11.0475 3.0216748564330915 4.42 2.325147025748112 6.4933345412783705 0.01636677498628083
11.0525 3.0219764961233975 4.42 2.3255545628870307 6.49321612083154 0.01659574648249998
11.057500000000001 3.0222806412967973 4.42 2.325964231034643 6.493099043544949 0.01682665278537743
11.0625 3.022587279470577 4.42 2.32637601327214 6.49298331398577 0.017059485212843672
11.067499999999999 3.0228963973653324 4.42 2.3267898919029797 6.492868936479022 0.01729423447801181
11.072500000000002 3.023207980896102 4.42 2.3272058484420306 6.492755915109571 0.01753089068187026
11.0775 3.0235220151636253 4.42 2.327623863604878 6.4926442537241735 0.01776944330607087
11.0825 3.0238384844457626 4.42 2.3280439172972667 6.492533955933569 0.01800988120581896
11.0875 3.0241573721890793 4.42 2.3284659886047336 6.492425025114597 0.018252192602866774
11.092500000000001 3.024478661000579 4.42 2.3288900557823977 6.492317464412354 0.018496365078616916
11.0975 3.0248023326396214 4.42 2.329316096244947 6.492211276742356 0.01874238556734013
11.1025 3.0251283680099856 4.42 2.3297440865568046 6.49210646479278 0.018990240349511862
11.1075 3.02545674715215 4.42 2.3301740024225 6.492003031026664 0.019239915045271835
11.1125 3.025787449235735 4.42 2.330605818677241 6.491900977684185 0.019491394608011626
11.1175 3.0261204525521483 4.42 2.331039509277681 6.491800306784975 0.019744663318095296
11.1225 3.026455734507414 4.42 2.3314750472928933 6.491701020130472 0.01999970477671749
11.127500000000001 3.026793271615216 4.42 2.3319124048955455 6.491603119306358 0.02025650189990277
11.1325 3.0271330394901588 4.42 2.3323515533532952 6.491506605685027 0.020515036912652537
11.1375 3.0274750128412213 4.42 2.332792463020395 6.491411480428133 0.020775291343243317
11.1425 3.0278191654654427 4.42 2.333235103329557 6.491317744489135 0.021037246017680842
11.1475 3.0281654702418317 4.42 2.3336794427841014 6.491225398615786 0.021300881054314977
11.1525 3.0285138991255205 4.42 2.33412544895041 6.491134443352546 0.02156617585862063
11.157499999999999 3.028864423142124 4.42 2.334573088450735 6.49104487904283 0.021833109118148886
11.162500000000001 3.029217012382375 4.42 2.335022326956354 6.49095670583111 0.02210165879765288
11.1675 3.029571635997011 4.42 2.3354731291810715 6.490869923664917 0.022371802134392653
11.1725 3.029928262191849 4.42 2.3359254588750136 6.4907845322967965 0.022643515633626186
11.1775 3.03028685822321 4.42 2.3363792788186504 6.490700531286432 0.02291677506428758
11.182500000000001 3.030647390393553 4.42 2.3368345508169766 6.490617920003034 0.023191555454859392
11.1875 3.0310098240473846 4.42 2.3372912356937725 6.490536697628194 0.023467831089443454
11.192499999999999 3.031374123567451 4.42 2.337749293285937 6.490456863159215 0.02374557550403454
11.197500000000002 3.0317402523712165 4.42 2.3382086824379105 6.490378415412926 0.024024761483001103
11.2025 3.0321081729076003 4.42 2.3386693609962967 6.490301353029715 0.024305361055777283
11.2075 3.03247784665405 4.42 2.339131285804843 6.490225674477532 0.024587345493773276
11.2125 3.032849234113848 4.42 2.3395944126999435 6.4901513780555105 0.024870685307504685
11.217500000000001 3.0332222948137666 4.42 2.3400586965068113 6.490078461896918 0.02515535024394778
11.2225 3.033596987302019 4.42 2.340524091036412 6.490006923971282 0.025441309284124778
11.2275 3.033973269146499 4.42 2.3409905490831213 6.489936762085735 0.02572853064092323
11.2325 3.0343510969333534 4.42 2.341458022423024 6.489867973885785 0.02601698175715335
11.2375 3.0347304262658685 4.42 2.3419264618126254 6.48980055685596 0.026306629303848028
11.2425 3.0351112117636685 4.42 2.34239581698779 6.4897345083207405 0.026597439178810044
11.2475 3.0354934070622632 4.42 2.342866036662717 6.48966982544614 0.02688937650541046
11.252500000000001 3.035876964812914 4.42 2.343337068528852 6.48960650524217 0.027182405631641093
11.2575 3.0362618366828165 4.42 2.343808859253751 6.489544544566151 0.027476490129427152
11.2625 3.0366479733556693 4.42 2.3442813544800254 6.489483940126648 0.0277715927942028
11.2675 3.037035324532543 4.42 2.3447544988245483 6.489424688487649 0.02806767564475337
11.2725 3.0374238389331056 4.42 2.345228235878137 6.489366786072578 0.028364699923328407
11.2775 3.037813464297236 4.42 2.345702508205858 6.489310229167829 0.028662626096029712
11.282499999999999 3.0382041473869243 4.42 2.346177257348047 6.489255013925661 0.028961413853477804
11.287500000000001 3.038595833988596 4.42 2.346652423822024 6.489201136366488 0.02926102211175985
11.2925 3.0389884689157594 4.42 2.347127947124383 6.489148592380824 0.029561409013662485
11.2975 3.039381996012026 4.42 2.347603765733771 6.489097377731035 0.029862531930195568
11.3025 3.0397763581545125 4.42 2.3480798171140043 6.489047488053257 0.030164347462406097
11.307500000000001 3.0401714972575933 4.42 2.3485560377174632 6.4889989188595525 0.030466811443488395
11.3125 3.0405673542770306 4.42 2.349032362988753 6.4889516655403945 0.03076987894119322
11.317499999999999 3.040963869214508 4.42 2.349508727368666 6.488905723367367 0.03107350426053877
11.322500000000002 3.0413609811224864 4.42 2.3499850642984974 6.488861087495988 0.03137764094682601
11.3275 3.041758628109523 4.42 2.350461306224818 6.488817752968496 0.03168224178896119
11.3325 3.0421567473458766 4.42 2.3509373846047037 6.488775714716509 0.03198725882309064
11.3375 3.0425552750696 4.42 2.3514132299114756 6.488734967563575 0.03229264333654681
11.342500000000001 3.042954146592931 4.42 2.3518887716409154 6.488695506227566 0.03259834587211047
11.3475 3.043353296309121 4.42 2.3523639383179464 6.488657325323028 0.03290431623259147
11.3525 3.0437526576996703 4.42 2.352838657503751 6.488620419363498 0.033210503485729875
11.3575 3.0441521633419004 4.42 2.3533128558033125 6.488584782763842 0.03351685596941937
11.3625 3.044551744916972 4.42 2.3537864588733712 6.488550409842624 0.03382332129725535
11.3675 3.044951333218284 4.42 2.35425939143081 6.488517294824476 0.034129846364410334
11.3725 3.0453508581602424 4.42 2.3547315772614654 6.488485431842492 0.03443637735383787
11.377500000000001 3.045750248787473 4.42 2.3552029392293763 6.488454814940611 0.034742859742805866
11.3825 3.0461494332844046 4.42 2.355673399286494 6.48842543807593 0.03504923830976272
11.3875 3.0465483389852475 4.42 2.356142878482828 6.48839729512104 0.035355457141536734
11.3925 3.0469468923843785 4.42 2.356611296977055 6.488370379866286 0.03566145964086965
11.3975 3.0473450191471505 4.42 2.3570785740475673 6.488344686022008 0.03596718853428604
11.4025 3.0477426441210476 4.42 2.357544628103967 6.488320207220767 0.03627258588029998
11.407499999999999 3.048139691347296 4.42 2.358009376699002 6.488296937019559 0.03657759307795946
11.412500000000001 3.048536084072835 4.42 2.3584727365409397 6.488274868902003 0.03688215087572896
11.4175 3.048931744762717 4.42 2.3589346235063786 6.48825399628052 0.03718619938071044
11.4225 3.049326595112872 4.42 2.3593949526534965 6.488234312498509 0.03748967806820596
11.4275 3.049720556063315 4.42 2.3598536382357516 6.488215810832456 0.03779252579161803
11.432500000000001 3.050113547811692 4.42 2.36031059371601 6.488198484494071 0.038094680792690655
11.4375 3.0505054898272834 4.42 2.3607657317811226 6.488182326632337 0.03839608071209057
11.442499999999999 3.05089630086537 4.42 2.361218964356934 6.488167330335587 0.03869666260032831
11.447500000000002 3.05128589898198 4.42 2.361670202623724 6.488153488633531 0.038996362929018466
11.4525 3.0516742015490443 4.42 2.3621193570320718 6.488140794499281 0.039295117602478204
11.4575 3.0520611252699776 4.42 2.362566337319157 6.48812924085134 0.03959286196966611
11.4625 3.05244658619554 4.42 2.3630110525254904 6.488118820555565 0.03988953083645663
11.467500000000001 3.0528304997402325 4.42 2.3634534110120553 6.4881095264271185 0.040185058478251476
11.4725 3.0532127806989315 4.42 2.363893320477883 6.488101351232392 0.04047937865292689
11.4775 3.0535933432640183 4.42 2.364330687978043 6.488094287690883 0.040772424614114816
11.4825 3.053972101042799 4.42 2.364765419942051 6.488088328477061 0.04106412912481622
11.4875 3.054348967075369 4.42 2.3651974221926833 6.488083466222221 0.04135442447134536
11.4925 3.054723853852801 4.42 2.3656265999651973 6.488079693516292 0.041643242477603495
11.4975 3.055096673335732 4.42 2.366052857926963 6.488077002909639 0.04193051451967965
11.502500000000001 3.0554673369732805 4.42 2.366476100197482 6.488075386914837 0.04221617154077539
11.5075 3.0558357557223883 4.42 2.3668962303688135 6.48807483800841 0.04250014406645306
11.5125 3.0562018400674336 4.42 2.3673131515263943 6.488075348632546 0.042782362220203755
11.5175 3.0565655000402723 4.42 2.3677267662702373 6.48807691119678 0.043062755739332194
11.5225 3.0569266452406065 4.42 2.368136976736518 6.488079518079664 0.04334125399115606
11.5275 3.0572851848566676 4.42 2.3685436846195307 6.488083161630417 0.04361778598951683
11.532499999999999 3.057641027686293 4.42 2.3689467911940256 6.488087834170535 0.04389228041159886
11.537500000000001 3.0579940821582863 4.42 2.3693461973379 6.488093527995396 0.04416466561505264
11.5425 3.0583442563541596 4.42 2.3697418035552658 6.488100235375808 0.0444348696554186
11.5475 3.0586914580301583 4.42 2.370133509999875 6.488107948559528 0.04470282030384998
11.5525 3.059035594639638 4.42 2.3705212164988954 6.488116659772783 0.04496844506512709
11.557500000000001 3.0593765733557365 4.42 2.3709048225770233 6.488126361221721 0.045231671195961415
11.5625 3.0597143010943735 4.42 2.371284227480941 6.488137045093884 0.04549242572358476
11.567499999999999 3.0600486845375374 4.42 2.3716593302040887 6.48814870355965 0.04575063546461869
11.572500000000002 3.0603796301568824 4.42 2.372030029511757 6.488161328773691 0.0460062270442195
11.5775 3.0607070442376276 4.42 2.3723962239664926 6.488174912876381 0.04625912691549335
11.5825 3.06103083290271 4.42 2.3727578119538166 6.488189447995202 0.04650926137917894
11.5875 3.061350902137255 4.42 2.3731146917082544 6.488204926246116 0.046756556603589086
11.592500000000001 3.061667157813282 4.42 2.373466761339687 6.48822133973483 0.04700093864480806
11.5975 3.061979505714734 4.42 2.3738139188600265 6.488238680558019 0.0472423334671389
11.6025 3.0622878515626915 4.42 2.374156062210209 6.488256940804387 0.04748066696379456
11.6075 3.0625921010409076 4.42 2.3744930892875 6.4882761125556785 0.04771586497782691
11.6125 3.062892159821552 4.42 2.374824897973099 6.488296187887578 0.047947853323287604
11.6175 3.0631879335911876 4.42 2.3751513861599967 6.48831715887059 0.048176557806615214
11.6225 3.0634793280770154 4.42 2.3754724517810506 6.48833901757099 0.048401904248241645
11.627500000000001 3.0637662490733097 4.42 2.3757879928372327 6.488361756051883 0.04862381850441073
11.6325 3.0640486024680724 4.42 2.376097907425991 6.48838536637449 0.04884222648920351
11.6375 3.0643262942699105 4.42 2.376402093769718 6.488409840599678 0.049057054196762824
11.6425 3.064599230635103 4.42 2.3767004502443227 6.4884351707897 0.049268227723709486
11.6475 3.0648673178948527 4.42 2.3769928754079386 6.488461349010064 0.04947567329174353
11.6525 3.065130462582734 4.42 2.377279268029839 6.488488367331369 0.04967931727042329
11.657499999999999 3.0653885714623135 4.42 2.3775595271196144 6.488516217830974 0.04987908620011451
11.662500000000001 3.065641551554932 4.42 2.3778335519567126 6.488544892594273 0.050074906815101655
11.6675 3.0658893101676346 4.42 2.3781012421203545 6.488574383715513 0.050266706066853274
11.6725 3.066131754921267 4.42 2.3783624975198467 6.488604683298101 0.05045441114743542
11.6775 3.066368793778712 4.42 2.378617218425237 6.488635783454499 0.05063794951306213
11.682500000000001 3.0666003350732347 4.42 2.378865305498219 6.488667676305875 0.05081724890777663
11.6875 3.0668262875369616 4.42 2.37910665982317 6.488700353981725 0.05099223738725463
11.692499999999999 3.06704656032949 4.42 2.3793411829382087 6.488733808619731 0.051162843342720914
11.697500000000002 3.067261063066553 4.42 2.3795687768661478 6.488768032366009 0.05132899552497043
11.7025 3.067469705848842 4.42 2.379789344145326 6.4888030173758455 0.05149062306848504
11.7075 3.0676723992908457 4.42 2.380002787860292 6.488838755814935 0.051647655515638366
11.7125 3.0678690545498077 4.42 2.3802090116724055 6.488875239860938 0.05180002284097746
11.717500000000001 3.0680595833547377 4.42 2.3804079198504455 6.488912461705168 0.051947655475573895
11.7225 3.0682438980354614 4.42 2.3805994173013136 6.4889504135542 0.05209048433143445
11.7275 3.068421911551735 4.42 2.380783409600914 6.4889890876312 0.0522284408259621
11.7325 3.068593537522376 4.42 2.3809598030252612 6.48902847617687 0.05236145690645769
11.7375 3.068758690254435 4.42 2.381128504581791 6.489068571449984 0.05248946507465265
11.7425 3.0689172847723567 4.42 2.381289422040836 6.489109365727642 0.05261239841126369
11.7475 3.0690692368471812 4.42 2.3814424639671814 6.489150851305333 0.0527301906005591
11.752500000000001 3.069214463025676 4.42 2.3815875397516306 6.489193020497005 0.05284277595492677
11.7575 3.0693528806595367 4.42 2.381724559642495 6.489235865635211 0.05295008943943456
11.7625 3.069484407934468 4.42 2.381853434776981 6.489279379071458 0.053052066696372524
11.7675 3.0696089638993063 4.42 2.381974077212452 6.489323553176701 0.05314864406976705
11.7725 3.0697264684950114 4.42 2.382086399957597 6.489368380341957 0.05323975862985662
11.7775 3.069836842583687 4.42 2.382190317003519 6.489413852978956 0.05332534819751922
11.782499999999999 3.0699400079774484 4.42 2.3822857433547617 6.489459963520774 0.053405351368641094
11.787500000000001 3.0700358874672724 4.42 2.3823725950602985 6.489506704422378 0.05347970753841606
11.7925 3.0701244048516974 4.42 2.382450789244479 6.489554068161049 0.05354835692556528
11.7975 3.070205484965472 4.42 2.3825202441379076 6.489602047236764 0.05361124059646754
11.8025 3.0702790537080604 4.42 2.3825808791082395 6.489650634172479 0.053668300489188484
11.807500000000001 3.0703450380720128 4.42 2.3826326146908667 6.489699821514393 0.053719479437399006
11.8125 3.0704033661712313 4.42 2.3826753726194676 6.4897496018322345 0.053764721194172214
11.817499999999999 3.0704539672690703 4.42 2.382709075856399 6.489799967719537 0.0538039704556481
11.822500000000002 3.070496771806269 4.42 2.3827336486229385 6.489850911793914 0.05383717288455548
11.8275 3.0705317114287363 4.42 2.3827490164293486 6.489902426697356 0.05386427513358036
11.8325 3.0705587190151444 4.42 2.3827551061047654 6.489954505096526 0.05388522486857061
11.8375 3.0705777287043254 4.42 2.3827518458269092 6.490007139683016 0.05389997079156556
11.842500000000001 3.0705886759224645 4.42 2.382739165151607 6.490060323173571 0.05390846266364053
11.8475 3.070591497410117 4.42 2.382716995042113 6.4901140483103195 0.053910651327555174
11.8525 3.0705861312489473 4.42 2.38268526789821 6.490168307860964 0.05390648873019544
11.8575 3.0705725168882614 4.42 2.382643917585102 6.490223094618955 0.05389592794479808
11.8625 3.0705505951712997 4.42 2.382592879462052 6.490278401403652 0.05387892319294753
11.8675 3.0705203083612624 4.42 2.3825320904107796 6.490334221060458 0.05385542986633423
11.8725 3.0704816001670614 4.42 2.3824614888635955 6.490390546460976 0.05382540454826423
11.877500000000001 3.070434415768808 4.42 2.3823810148312665 6.490447370503124 0.05378880503490922
11.8825 3.070378701843011 4.42 2.3822906099305956 6.490504686111246 0.05374559035628682
11.8875 3.070314406587462 4.42 2.382190217411715 6.490562486236222 0.05369572079696051
11.8925 3.07024147974582 4.42 2.382079782185066 6.490620763855558 0.05363915791644906
11.8975 3.0701598726318795 4.42 2.381959250848083 6.490679511973459 0.05357586456933517
11.9025 3.070069538153503 4.42 2.381828571711546 6.4907387236208764 0.05350580492506273
11.907499999999999 3.069970430836203 4.42 2.3816876948256036 6.490798391855563 0.05342894448741316
11.912500000000001 3.0698625068463885 4.42 2.381536572005448 6.4908585097621 0.053345250113650246
11.9175 3.0697457240142336 4.42 2.38137515685663 6.490919070451945 0.053254690033324066
11.9225 3.0696200418561936 4.42 2.3812034048000257 6.490980067063418 0.053157233866723136
11.9275 3.0694854215971175 4.42 2.381021273096408 6.491041492761725 0.05305285264296627
11.932500000000001 3.0693418261919616 4.42 2.3808287208706505 6.491103340738942 0.0529415188177235
11.9375 3.0691892203471545 4.42 2.3806257091355203 6.4911656042140065 0.05282320629055684
11.942499999999999 3.069027570541475 4.42 2.380412200815087 6.49122827643268 0.05269789042187132
11.947500000000002 3.0688568450465565 4.42 2.3801881607676982 6.4912913506675105 0.05256554804946696
11.9525 3.068677013946949 4.42 2.3799535558085405 6.49135482021779 0.05242615750468308
11.9575 3.0684880491597313 4.42 2.379708354731765 6.491418678409498 0.052279698628124184
11.9625 3.068289924453688 4.42 2.3794525283321666 6.49148291859523 0.052126152784960376
11.967500000000001 3.0680826154680094 4.42 2.379186049426411 6.491547534154133 0.05196550287979265
11.9725 3.0678660997305327 4.42 2.3789088928738042 6.491612518491838 0.05179773337107402
11.9775 3.067640356675506 4.42 2.378621035596581 6.491677865040356 0.05162283028507833
11.9825 3.0674053676608617 4.42 2.378322456599733 6.4917435672579815 0.05144078122940878
11.9875 3.0671611159849848 4.42 2.3780131369903286 6.491809618629185 0.05125157540603735
11.9925 3.066907586902992 4.42 2.3776930599963584 6.4918760126644885 0.05105520362386736
11.9975 3.066644767642507 4.42 2.3773622109850585 6.491942742900326 0.05085165831081088
12.002500000000001 2.0663726474188784 4.42 2.3770205774807254 6.492009802898926 0.050640933525374535
12.0075 2.066091217449896 4.42 2.3766681491820147 6.492077186248155 0.05042302496774457
12.0125 2.0658004709699727 4.42 2.3763049179786986 6.4921448865613645 0.05019792999036485
12.0175 2.0655004032437567 4.42 2.3759308779678765 6.492212897477266 0.04996564760800054
12.0225 2.065191011579227 4.42 2.375546025469637 6.49228121265981 0.049726178507280824
12.0275 2.0648722953401863 4.42 2.3751503590421477 6.492349825798068 0.04947952505571284
12.0325 2.064544255958207 4.42 2.374743879496177 6.492418730606152 0.049225691310161336
12.037500000000001 2.0642068969440297 4.42 2.374326589909037 6.492487920823121 0.04896468302478796
12.0425 2.063860223898315 4.42 2.373898495637955 6.492557390212898 0.04869650765844296
12.0475 2.0635042445218787 4.42 2.3734596043328855 6.492627132564121 0.048421174381504076
12.0525 2.063138968625273 4.42 2.373009925948746 6.492697141689944 0.0481386940821573
12.057500000000001 2.0627644081377916 4.42 2.3725494727571106 6.4927674114277405 0.04784907937211376
12.0625 2.0623805771158703 4.42 2.3720782593573313 6.492837935638725 0.047552344591757154
12.067499999999999 2.0619874917508727 4.42 2.3715963026870988 6.492908708207477 0.04724850581471703
12.072500000000002 2.061585170376236 4.42 2.371103622032406 6.492979723041394 0.046937580851863704
12.0775 2.0611736334740094 4.42 2.3706002390368868 6.493050974070194 0.046619589254720525
12.0825 2.060752903680773 4.42 2.370086177710479 6.493122455245462 0.046294552318286615
12.0875 2.060323005792882 4.42 2.3695614644373775 6.493194160540395 0.0459624930832703
12.092500000000001 2.0598839667710918 4.42 2.3690261279832487 6.493266083949722 0.045623436337726635
12.0975 2.0594358157445605 4.42 2.368480199501658 6.493338219489914 0.04527740861809602
12.1025 2.058978584014156 4.42 2.367923712539759 6.493410561199598 0.044924438209640885
12.1075 2.058512305055117 4.42 2.3673567030432334 6.49348310314014 0.04456455514627813
12.1125 2.0580370145190954 4.42 2.366779209360571 6.493555839396229 0.04419779120980399
12.1175 2.0575527502354776 4.42 2.36619127224673 6.49362876407635 0.04382417992850867
12.1225 2.057059552212069 4.42 2.365592934866271 6.493701871312985 0.04344375657517863
12.127500000000001 2.0565574626351224 4.42 2.3649842427959626 6.4937751552624725 0.043056558164486225
12.1325 2.0560465258686413 4.42 2.364365244026933 6.493848610104436 0.0426626234497626
12.1375 2.0555267884530557 4.42 2.363735988966294 6.493922230040855 0.04226199291915384
12.1425 2.054998299103205 4.42 2.3630965304382006 6.493996009294929 0.04185470879115988
12.1475 2.054461108705607 4.42 2.362446923684255 6.4940699421098405 0.041440815009554634
12.1525 2.053915270315085 4.42 2.3617872263631523 6.494144022747679 0.04102035723768649
12.1575 2.053360839150679 4.42 2.3611174985494934 6.494218245488636 0.04059338285215929
12.162500000000001 2.052797872590882 4.42 2.360437802731702 6.494292604630614 0.040159940935895276
12.1675 2.05222643016817 4.42 2.359748203809062 6.494367094489213 0.039720082270577946
12.1725 2.0516465735628615 4.42 2.359048769087874 6.494441709398069 0.03927385932847666
12.1775 2.0510583665962407 4.42 2.3583395682768273 6.49451644370936 0.03882132626365457
12.182500000000001 2.050461875223055 4.42 2.357620673481641 6.494591291794338 0.03836253890256048
12.1875 2.049857167523234 4.42 2.3568921591990595 6.494666248043751 0.03789755473400547
12.192499999999999 2.049244313692983 4.42 2.356154102310243 6.494741306868018 0.03742643289852673
12.197500000000002 2.0486233860351377 4.42 2.355406582073586 6.494816462697131 0.0369492341771411
12.2025 2.0479944589488364 4.42 2.3546496801169097 6.494891709980351 0.036466020979491386
12.2075 2.047357608918489 4.42 2.353883480429026 6.4949670431857465 0.0359768573313838
12.2125 2.0467129145020593 4.42 2.353108069350592 6.4950424567997 0.03548180886172577
12.217500000000001 2.046060456318649 4.42 2.352323535564223 6.495117945326474 0.034980942788863385
12.2225 2.0454003170353827 4.42 2.351529970083819 6.495193503287925 0.034474327906322315
12.2275 2.0447325813536015 4.42 2.3507274662431086 6.495269125223314 0.033962034567956455
12.2325 2.044057335994354 4.42 2.3499161196834164 6.4953448056892595 0.03344413467250942
12.2375 2.043374669683231 4.42 2.3490960283406843 6.495420539259753 0.032920701647592095
12.2425 2.0426846731344686 4.42 2.348267292431755 6.495496320526171 0.032391810433080655
12.2475 2.041987439034396 4.42 2.34743001443997 6.495572144097257 0.03185753746394011
12.252500000000001 2.0412830620241755 4.42 2.3465842991000554 6.495648004599062 0.03131796065248069
12.2575 2.0405716386818864 4.42 2.3457302533823263 6.4957238966748285 0.030773159370049197
12.2625 2.0398532675039185 4.42 2.344867986476186 6.495799814984837 0.030223214428162788
12.2675 2.0391280488856753 4.42 2.34399760977289 6.495875754206289 0.02966820805909198
12.2725 2.0383960851016374 4.42 2.3431192368476124 6.49595170903317 0.02910822389589834
12.2775 2.037657480284713 4.42 2.3422329834407596 6.496027674176165 0.028543346951932703
12.2825 2.036912340404994 4.42 2.341338967438566 6.496103644362609 0.02797366359980124
12.287500000000001 2.0361607732477585 4.42 2.340437308852958 6.4961796143364605 0.02739926154980854
12.2925 2.0354028883909 4.42 2.3395281298007062 6.496255578858288 0.026820229827881473
12.2975 2.0346387971816617 4.42 2.3386115544818704 6.496331532705264 0.02623665875298344
12.3025 2.0338686127127343 4.42 2.3376877091575334 6.496407470671159 0.025648639914027424
12.307500000000001 2.0330924497977123 4.42 2.3367567221268373 6.49648338756632 0.02505626614629526
12.3125 2.032310424945912 4.42 2.335818723703321 6.496559278217671 0.024459631507370596
12.317499999999999 2.0315226563365627 4.42 2.3348738461905443 6.496635137468727 0.02385883125259494
12.322500000000002 2.0307292637923715 4.42 2.33392222385702 6.496710960179605 0.02325396181005631
12.3275 2.02993036875246 4.42 2.3329639929104484 6.496786741227051 0.022645120755120218
12.3325 2.0291260942447207 4.42 2.331999291471248 6.496862475504495 0.022032406784506915
12.3375 2.0283165648575023 4.42 2.3310282595454046 6.496938157922115 0.02141591968993258
12.342500000000001 2.0275019067107727 4.42 2.3300510389966256 6.497013783406903 0.020795760331318813
12.3475 2.0266822474266424 4.42 2.3290677735178127 6.497089346902755 0.020172030609581136
12.3525 2.025857716099303 4.42 2.3280786086018628 6.4971648433705695 0.01954483343900714
12.3575 2.0250284432644072 4.42 2.3270836915117883 6.497240267788345 0.01891427271923571
12.3625 2.0241945608678713 4.42 2.3260831712501675 6.497315615151301 0.01828045330684697
12.3675 2.0233562022341074 4.42 2.3250771985279295 6.497390880472019 0.017643480986572847
12.3725 2.0225135020337133 4.42 2.3240659257324747 6.497466058780573 0.01700346244213989
12.377500000000001 2.0216665962506033 4.42 2.323049506895141 6.497541145124707 0.0163605052267577
12.3825 2.0208156221486253 4.42 2.3220280976580154 6.497616134569998 0.015714717733260383
12.3875 2.0199607182376154 4.42 2.321001855240098 6.497691022200053 0.015066209163914665
12.3925 2.019102024238962 4.42 2.3199709384028275 6.497765803116682 0.014415089499907085
12.3975 2.018239681050654 4.42 2.3189355074149676 6.497840472440156 0.01376146947052124
12.4025 2.017373830711821 4.42 2.3178957240168647 6.497915025309398 0.013105460522016133
12.4075 2.0165046163667877 4.42 2.3168517513840814 6.497989456882243 0.012447174786218417
12.412500000000001 2.0156321822286394 4.42 2.3158037540904077 6.498063762335701 0.011786725048843283
12.4175 2.014756673542336 4.42 2.3147518980702664 6.498137936866217 0.011124224717552103
12.4225 2.013878236547358 4.42 2.313696350580514 6.498211975689957 0.010459787789761862
12.4275 2.012997018439892 4.42 2.3126372801616344 6.49828587404312 0.009793528820219671
12.432500000000001 2.012113167334581 4.42 2.311574856598345 6.4983596271822535 0.009125562888354357
12.4375 2.0112268322258737 4.42 2.310509250879622 6.498433230384576 0.008456005565417002
12.442499999999999 2.0103381629489157 4.42 2.3094406351581442 6.49850667894834 0.00778497288142454
12.447500000000002 2.0094473101400823 4.42 2.3083691827091677 6.498579968193188 0.007112581291920154
12.4525 2.008554425197066 4.42 2.307295067888843 6.498653093460536 0.006438947644564515
12.4575 2.0076596602386396 4.42 2.3062184660919773 6.49872605011396 0.005764189145565192
12.4625 2.0067631680640154 4.42 2.3051395537092576 6.498798833539589 0.0050884233259666945
12.467500000000001 2.0058651021118465 4.42 2.3040585080839295 6.498871439146541 0.004411768007808686
12.4725 2.0049656164189233 4.42 2.302975507467962 6.498943862367343 0.003734341270166618
12.4775 2.00406486557848 4.42 2.3018907309776813 6.499016098658375 0.0030562614150890966
12.4825 2.003163004698247 4.42 2.300804358548911 6.499088143500333 0.002377646933446626
12.4875 2.002260189358152 4.42 2.2997165708915857 6.499159992398725 0.0016986164707044591
12.4925 2.0013565755677503 4.42 2.298627549443888 6.4992316408843855 0.0010192887926323425
12.4975 2.000452319723398 4.42 2.2975374763258896 6.499303084514031 0.00033978275096564737
12.502500000000001 1.9995475785651045 4.42 2.2964465342927154 6.499374318870831 -0.00033978275096588876
12.5075 1.9986425091332114 4.42 2.295354906687254 6.499445339565008 -0.0010192887926323425
12.5125 1.99773726872477 4.42 2.2942627773924227 6.499516142234436 -0.0016986164707044591
12.5175 1.9968320148497725 4.42 2.293170330783008 6.499586722545242 -0.002377646933446626
12.5225 1.995926905187068 4.42 2.2920777516771276 6.499657076192332 -0.0030562614150890966
12.5275 1.995022097540227 4.42 2.2909852252872938 6.499727198899904 -0.003734341270166618
12.5325 1.9941177497931106 4.42 2.28989293717113 6.499797086421889 -0.004411768007808928
12.537500000000001 1.993214019865365 4.42 2.2888010731817126 6.499866734542378 -0.005088423325966935
12.5425 1.9923110656677046 4.42 2.287709819417559 6.499936139076022 -0.005764189145565192
12.5475 1.9914090450571302 4.42 2.286619362172229 6.5000052958685055 -0.006438947644564515
12.5525 1.9905081157919837 4.42 2.285529887883536 6.500074200797126 -0.007112581291920393
12.557500000000001 1.9896084354869528 4.42 2.2844415830823444 6.500142849771527 -0.00778497288142454
12.5625 1.9887101615679277 4.42 2.2833546343409727 6.500211238734605 -0.008456005565417002
12.567499999999999 1.9878134512268928 4.42 2.282269228221208 6.5002793636635685 -0.009125562888354357
12.572500000000002 1.9869184613766655 4.42 2.281185551222002 6.500347220571091 -0.00979352882021991
12.5775 1.9860253486056916 4.42 2.280103789726864 6.500414805506507 -0.010459787789761862
12.5825 1.985134269132781 4.42 2.2790241299510585 6.500482114556916 -0.011124224717552103
12.5875 1.9842453787618468 4.42 2.2779467578886377 6.5005491438481515 -0.011786725048843516
12.592500000000001 1.9833588328366984 4.42 2.276871859259348 6.5006158895455854 -0.012447174786218651
12.5975 1.9824747861958303 4.42 2.275799619455433 6.500682347854738 -0.013105460522016133
12.6025 1.981593393127298 4.42 2.2747302234883198 6.500748515021779 -0.01376146947052124
12.6075 1.9807148073236576 4.42 2.2736638559351663 6.500814387333969 -0.014415089499907085
12.6125 1.9798391818370127 4.42 2.272600700885242 6.500879961120155 -0.015066209163914665
12.6175 1.9789666690341168 4.42 2.2715409418861428 6.500945232751331 -0.015714717733260383
12.6225 1.9780974205516801 4.42 2.270484761889845 6.501010198641296 -0.01636050522675793
12.627500000000001 1.9772315872517603 4.42 2.26943234319863 6.501074855247393 -0.01700346244214012
12.6325 1.976369319177354 4.42 2.2683838674109214 6.501139199071259 -0.017643480986572847
12.6375 1.9755107655081372 4.42 2.2673395153670874 6.501203226659582 -0.01828045330684697
12.6425 1.9746560745164567 4.42 2.2662994670952283 6.501266934604802 -0.01891427271923571
12.6475 1.9738053935234632 4.42 2.2652639017569642 6.501330319545809 -0.01954483343900714
12.6525 1.9729588688555855 4.42 2.264232997593214 6.501393378168686 -0.020172030609581136
12.6575 1.9721166458011545 4.42 2.2632069318699664 6.501456107207525 -0.02079576033131903
12.662500000000001 1.9712788685673677 4.42 2.2621858808240316 6.501518503445381 -0.021415919689932797
12.6675 1.9704456802375465 4.42 2.261170019608808 6.501580563715352 -0.022032406784506915
12.6725 1.9696172227286646 4.42 2.2601595222401003 6.50164228490174 -0.022645120755120218
12.6775 1.968793636749252 4.42 2.259154561542074 6.501703663941202 -0.02325396181005653
12.682500000000001 1.967975061757616 4.42 2.258155309093392 6.501764697823824 -0.02385883125259494
12.6875 1.9671616359204647 4.42 2.2571619351736225 6.501825383594049 -0.024459631507370596
12.692499999999999 1.9663534960718785 4.42 2.2561746087099 6.5018857183514545 -0.02505626614629526
12.697500000000002 1.9655507776727117 4.42 2.2551934972239014 6.501945699251394 -0.025648639914027632
12.7025 1.964753614770442 4.42 2.2542187667790934 6.502005323505601 -0.02623665875298344
12.7075 1.9639621399593974 4.42 2.253250581928233 6.502064588382815 -0.026820229827881473
12.7125 1.9631764843415125 4.42 2.252289105661143 6.50212349120947 -0.027399261549808738
12.717500000000001 1.9623967774875406 4.42 2.25133449935275 6.502182029370482 -0.02797366359980144
12.7225 1.9616231473987569 4.42 2.2503869227114497 6.5022402003101085 -0.028543346951932703
12.7275 1.9608557204691826 4.42 2.2494465337278258 6.502298001532816 -0.02910822389589834
12.7325 1.9600946214483663 4.42 2.248513488623795 6.502355430604137 -0.02966820805909198
12.7375 1.9593399734046968 4.42 2.2475879418022067 6.502412485151478 -0.030223214428162788
12.7425 1.958591897689292 4.42 2.2466700457969404 6.502469162864866 -0.030773159370049197
12.7475 1.9578505139004818 4.42 2.245759951223511 6.502525461497658 -0.03131796065248089
12.752500000000001 1.957115939848922 4.42 2.2448578067302116 6.502581378867204 -0.0318575374639403
12.7575 1.9563882915232855 4.42 2.2439637589498114 6.502636912855514 -0.032391810433080655
12.7625 1.9556676830566349 4.42 2.2430779524518085 6.502692061409903 -0.032920701647592095
12.7675 1.9549542266934499 4.42 2.2422005296952956 6.502746822543678 -0.03344413467250942
12.7725 1.954248032757318 4.42 2.2413316309824562 6.502801194336797 -0.033962034567956455
12.7775 1.9535492096193359 4.42 2.2404713944127237 6.502855174936493 -0.034474327906322315
12.7825 1.9528578636672158 4.42 2.2396199558376475 6.5029087625578805 -0.03498094278886357
12.787500000000001 1.9521740992750982 4.42 2.238777448816479 6.502961955484556 -0.03548180886172595
12.7925 1.9514980187741586 4.42 2.2379440045725234 6.503014752069145 -0.0359768573313838
12.7975 1.9508297224238977 4.42 2.237119751950273 6.503067150733829 -0.036466020979491386
12.8025 1.9501693083842868 4.42 2.2363048173733526 6.503119149970856 -0.03694923417714126
12.807500000000001 1.9495168726886423 4.42 2.2354993248032975 6.5031707483430266 -0.03742643289852673
12.8125 1.948872509217323 4.42 2.2347033956992064 6.503221944484163 -0.03789755473400547
12.817499999999999 1.9482363096722364 4.42 2.2339171489782834 6.503272737099536 -0.03836253890256048
12.822500000000002 1.9476083635522097 4.42 2.233140700977314 6.503323124966267 -0.03882132626365473
12.8275 1.9469887581291556 4.42 2.2323741654150817 6.503373106933725 -0.03927385932847666
12.8325 1.9463775784251287 4.42 2.231617653355781 6.503422681923854 -0.039720082270577946
12.8375 1.9457749071902353 4.42 2.230871273173417 6.503471848931509 -0.04015994093589542
12.842500000000001 1.9451808248814366 4.42 2.2301351305172457 6.503520607024741 -0.04059338285215944
12.8475 1.9445954096422566 4.42 2.229409328278282 6.503568955345052 -0.04102035723768649
12.8525 1.9440187372833475 4.42 2.228693966556879 6.503616893107621 -0.041440815009554634
12.8575 1.9434508812640312 4.42 2.2279891426314213 6.503664419601489 -0.04185470879115988
12.8625 1.9428919126747246 4.42 2.227294950928156 6.503711534189737 -0.04226199291915384
12.8675 1.942341900220328 4.42 2.2266114829921655 6.503758236309608 -0.0426626234497626
12.8725 1.9418009102045166 4.42 2.2259388274595446 6.503804525472594 -0.043056558164486364
12.877500000000001 1.9412690065150464 4.42 2.2252770700307574 6.503850401264503 -0.043443756575178766
12.8825 1.940746250609981 4.42 2.2246262934452385 6.503895863345476 -0.04382417992850867
12.8875 1.9402327015048675 4.42 2.223986577457232 6.503940911449979 -0.04419779120980399
12.8925 1.9397284157609556 4.42 2.2233579988128875 6.503985545386762 -0.04456455514627813
12.8975 1.939233447474331 4.42 2.22274063122866 6.5040297650387675 -0.044924438209640885
12.9025 1.9387478482660807 4.42 2.2221345453710066 6.504073570363008 -0.04527740861809602
12.9075 1.9382716672734233 4.42 2.221539808837394 6.50411696139043 -0.04562343633772676
12.912500000000001 1.9378049511418638 4.42 2.2209564861386606 6.504159938225708 -0.045962493083270425
12.9175 1.9373477440183162 4.42 2.2203846386827237 6.504202501047027 -0.046294552318286615
12.9225 1.9369000875452733 4.42 2.21982432475966 6.504244650105814 -0.046619589254720525
12.9275 1.9364620208559358 4.42 2.2192755995281632 6.504286385726443 -0.04693758085186382
12.932500000000001 1.9360335805703954 4.42 2.218738515003408 6.504327708305897 -0.04724850581471703
12.9375 1.9356148007927971 4.42 2.2182131200463155 6.504368618313383 -0.047552344591757154
12.942499999999999 1.9352057131095308 4.42 2.217699460354245 6.504409116289924 -0.04784907937211376
12.947500000000002 1.9348063465884218 4.42 2.217197578453118 6.5044492028478675 -0.0481386940821574
12.9525 1.9344167277789417 4.42 2.2167075136909777 6.504488878670392 -0.048421174381504076
12.9575 1.9340368807134218 4.42 2.216229302232988 6.504528144510979 -0.04869650765844296
12.9625 1.9336668269092812 4.42 2.215762977057856 6.504567001192864 -0.048964683024788055
12.967500000000001 1.933306585372248 4.42 2.2153085679556934 6.504605449608505 -0.049225691310161426
12.9725 1.9329561726005924 4.42 2.2148661015273046 6.504643490719053 -0.04947952505571284
12.9775 1.9326156025903616 4.42 2.214435601184908 6.504681125553839 -0.049726178507280824
12.9825 1.93228488684159 4.42 2.2140170871543265 6.5047183552098025 -0.04996564760800054
12.9875 1.9319640343654938 4.42 2.213610576478673 6.504755180850822 -0.05019792999036485
12.9925 1.9316530516926895 4.42 2.2132160830235774 6.504791603706868 -0.05042302496774457
12.9975 1.9313519428823318 4.42 2.212833617483972 6.504827625072949 -0.0506409335253746
13.002500000000001 1.931060709532252 4.42 2.2124631873924474 6.504863246307811 -0.05085165831081096
13.0075 1.9307793507900497 4.42 2.2121047971291263 6.5048984688324865 -0.05105520362386736
13.0125 1.9305078633651198 4.42 2.211758447932957 6.504933294128837 -0.05125157540603735
13.0175 1.9302462415416617 4.42 2.2114241379143182 6.504967723738284 -0.05144078122940878
13.0225 1.9299944771925577 4.42 2.2111018620687863 6.505001759260916 -0.05162283028507833
13.0275 1.9297525597942373 4.42 2.2107916122920246 6.505035402355119 -0.05179773337107402
13.0325 1.929520476442411 4.42 2.2104933773957463 6.505068654737664 -0.05196550287979271
13.037500000000001 1.929298211868705 4.42 2.210207143124914 6.505101518184068 -0.052126152784960425
13.0425 1.9290857484582085 4.42 2.209932892176311 6.5051339945289 -0.052279698628124184
13.0475 1.9288830662678658 4.42 2.2096706042187133 6.505166085665629 -0.05242615750468308
13.0525 1.9286901430457428 4.42 2.209420255914826 6.505197793545737 -0.052565548049467004
13.057500000000001 1.9285069542511306 4.42 2.2091818209450196 6.505229120176958 -0.05269789042187132
13.0625 1.9283334730755164 4.42 2.208955270032761 6.505260067620855 -0.05282320629055684
13.067499999999999 1.928169670464293 4.42 2.2087405709715187 6.505290637990003 -0.0529415188177235
13.072500000000002 1.9280155151393719 4.42 2.2085376886528474 6.505320833445328 -0.05305285264296632
13.0775 1.9278709736224853 4.42 2.208346585095387 6.505350656193962 -0.053157233866723136
13.0825 1.9277360102593328 4.42 2.2081672194746407 6.5053801084878105 -0.053254690033324066
13.0875 1.9276105872444347 4.42 2.207999548153541 6.505409192622805 -0.05334525011365027
13.092500000000001 1.9274946646467335 4.42 2.2078435247139327 6.505437910938555 -0.05342894448741316
13.0975 1.9273882004359226 4.42 2.2076990999891697 6.505466265817999 -0.05350580492506273
13.1025 1.9272911505094608 4.42 2.2075662220979706 6.505494259686801 -0.05357586456933517
13.1075 1.927203468720275 4.42 2.207444836479603 6.505521895012314 -0.05363915791644906
13.1125 1.9271251069051187 4.42 2.2073348859303286 6.505549174302171 -0.05369572079696051
13.1175 1.927056014913581 4.42 2.2072363106409814 6.505576100102661 -0.05374559035628682
13.1225 1.9269961406377156 4.42 2.2071490482355 6.505602674997178 -0.05378880503490924
13.127500000000001 1.9269454300422786 4.42 2.2070730338103273 6.505628901604814 -0.05382540454826424
13.1325 1.9269038271955325 4.42 2.207008199974606 6.5056547825791675 -0.05385542986633423
13.1375 1.926871274300635 4.42 2.206954476891238 6.505680320607214 -0.05387892319294753
13.1425 1.9268477117275682 4.42 2.2069117923187944 6.505705518408174 -0.05389592794479808
13.1475 1.9268330780455618 4.42 2.2068800716543335 6.505730378732256 -0.05390648873019544
13.1525 1.9268273100560736 4.42 2.2068592379770875 6.505754904359268 -0.053910651327555174
13.1575 1.9268303428261753 4.42 2.2068492120929593 6.505779098097152 -0.05390846266364052
13.162500000000001 1.9268421097224744 4.42 2.2068499125797327 6.505802962780532 -0.05389997079156557
13.1675 1.9268625424454136 4.42 2.206861255832938 6.505826501269332 -0.05388522486857061
13.1725 1.9268915710640209 4.42 2.206883156112318 6.505849716447489 -0.05386427513358036
13.1775 1.9269291240510331 4.42 2.206915525588889 6.505872611221713 -0.053837172884555466
13.182500000000001 1.9269751283184084 4.42 2.2069582743925755 6.5058951885202685 -0.0538039704556481
13.1875 1.9270295092531873 4.42 2.207011310660422 6.505917451291731 -0.053764721194172214
13.192499999999999 1.9270921907536682 4.42 2.2070745405853334 6.505939402503691 -0.053719479437399006
13.197500000000002 1.9271630952659047 4.42 2.2071478684653156 6.505961045141463 -0.05366830048918846
13.2025 1.9272421438204876 4.42 2.2072311967531633 6.505982382206774 -0.05361124059646754
13.2075 1.9273292560695823 4.42 2.2073244261065312 6.506003416716506 -0.05354835692556528
13.2125 1.9274243503242157 4.42 2.2074274554383813 6.5060241517014274 -0.05347970753841604
13.217500000000001 1.9275273435917866 4.42 2.2075401819677367 6.506044590204987 -0.053405351368641094
13.2225 1.9276381516137702 4.42 2.207662501270752 6.506064735282114 -0.05332534819751922
13.2275 1.9277566889035866 4.42 2.207794307332038 6.506084589998009 -0.05323975862985662
13.2325 1.9278828687846685 4.42 2.2079354925962202 6.506104157426962 -0.05314864406976705
13.2375 1.9280166034285973 4.42 2.208085948019698 6.506123440651169 -0.053052066696372524
13.2425 1.9281578038934262 4.42 2.208245563122556 6.506142442759579 -0.05295008943943456
13.2475 1.9283063801620512 4.42 2.2084142260406066 6.506161166846734 -0.052842775954926736
13.252500000000001 1.9284622411806454 4.42 2.208591823577512 6.506179616011654 -0.052730190600559064
13.2575 1.9286252948972105 4.42 2.2087782412569705 6.50619779335674 -0.05261239841126369
13.2625 1.928795448300069 4.42 2.208973363374927 6.5062157019866715 -0.05248946507465265
13.2675 1.9289726074564455 4.42 2.209177073051775 6.506233345007349 -0.05236145690645769
13.2725 1.9291566775509885 4.42 2.209389252284526 6.506250725524835 -0.0522284408259621
13.2775 1.9293475629243084 4.42 2.209609781998896 6.506267846644329 -0.05209048433143445
13.2825 1.9295451671114379 4.42 2.209838542101301 6.506284711469148 -0.05194765547557384
13.287500000000001 1.929749392880224 4.42 2.2100754115307217 6.50630132309976 -0.05180002284097741
13.2925 1.9299601422696693 4.42 2.210320268310401 6.506317684632785 -0.051647655515638366
13.2975 1.9301773166281313 4.42 2.210572989599356 6.506333799160066 -0.05149062306848504
13.3025 1.9304008166514328 4.42 2.210833451743679 6.506349669767728 -0.05132899552497037
13.307500000000001 1.9306305424208021 4.42 2.2111015303275727 6.506365299535295 -0.051162843342720914
13.3125 1.9308663934407 4.42 2.211377100224138 6.506380691534794 -0.05099223738725463
13.317499999999999 1.9311082686764318 4.42 2.211660035645843 6.506395848829899 -0.05081724890777663
13.322500000000002 1.9313560665915905 4.42 2.211950210194682 6.506410774475088 -0.05063794951306206
13.3275 1.9316096851852933 4.42 2.212247496911981 6.506425471514833 -0.05045441114743542
13.3325 1.931869022029204 4.42 2.2125517683278293 6.506439942982805 -0.050266706066853274
13.3375 1.9321339743042905 4.42 2.2128628965101154 6.506454191901115 -0.05007490681510159
13.342500000000001 1.9324044388373571 4.42 2.213180753113148 6.506468221279546 -0.04987908620011451
13.3475 1.9326803121373008 4.42 2.2135052094258296 6.50648203411485 -0.04967931727042329
13.3525 1.9329614904310786 4.42 2.213836136419377 6.506495633390031 -0.04947567329174353
13.3575 1.9332478696993967 4.42 2.2141734047945567 6.506509022073665 -0.049268227723709486
13.3625 1.933539345712061 4.42 2.2145168850284165 6.506522203119262 -0.049057054196762824
13.3675 1.9338358140630305 4.42 2.214866447420501 6.506535179464623 -0.04884222648920351
13.3725 1.9341371702051202 4.42 2.215221962138534 6.506547954031207 -0.048623818504410644
13.377500000000001 1.934443309484375 4.42 2.21558329926353 6.506560529723579 -0.048401904248241576
13.3825 1.9347541271740631 4.42 2.215950328834353 6.506572909428821 -0.048176557806615214
13.3875 1.9350695185082851 4.42 2.2163229208916753 6.506585096015995 -0.047947853323287604
13.3925 1.935389378715234 4.42 2.2167009455213362 6.506597092335635 -0.04771586497782691
13.3975 1.9357136030500532 4.42 2.2170842728970808 6.506608901219241 -0.04748066696379456
13.4025 1.9360420868272614 4.42 2.217472773322679 6.506620525478812 -0.0472423334671389
13.4075 1.9363747254527988 4.42 2.217866317273402 6.506631967906372 -0.04700093864480798
13.412500000000001 1.9367114144556195 4.42 2.218264775436846 6.506643231273534 -0.046756556603588996
13.4175 1.9370520495188714 4.42 2.218668018753115 6.506654318331029 -0.04650926137917894
13.4225 1.9373965265106379 4.42 2.2190759184543194 6.506665231808281 -0.04625912691549335
13.4275 1.9377447415141769 4.42 2.2194883461033803 6.506675974413006 -0.04600622704421942
13.432500000000001 1.9380965908577976 4.42 2.2199051736321156 6.50668654883088 -0.04575063546461869
13.4375 1.9384519711441581 4.42 2.2203262733785856 6.506696957725284 -0.04549242572358476
13.442499999999999 1.9388107792791898 4.42 2.2207515181236843 6.5067072037371645 -0.045231671195961415
13.447500000000002 1.9391729125004673 4.42 2.2211807811269586 6.506717289484973 -0.044968445065127
13.4525 1.9395382684051399 4.42 2.2216139361617424 6.506727217564584 -0.04470282030384998
13.4575 1.939906744977333 4.42 2.2220508575496254 6.506736990549106 -0.0444348696554186
13.4625 1.9402782406150934 4.42 2.2224914201943324 6.506746610988465 -0.044164665615052535
13.467500000000001 1.940652654156778 4.42 2.2229354996150783 6.506756081408623 -0.04389228041159886
13.4725 1.9410298849069791 4.42 2.22338297197936 6.506765404310496 -0.04361778598951683
13.4775 1.9414098326619293 4.42 2.2238337141350755 6.506774582168764 -0.04334125399115606
13.4825 1.941792397734348 4.42 2.2242876036418053 6.5067836174308225 -0.043062755739332194
13.4875 1.942177480977835 4.42 2.2247445188010104 6.5067925125163555 -0.042782362220203755
13.4925 1.9425649838106507 4.42 2.225204338684995 6.50680126981776 -0.04250014406645306
13.4975 1.9429548082390933 4.42 2.225666943164553 6.506809891701542 -0.04221617154077529
13.502500000000001 1.9433468568801908 4.42 2.226132212935447 6.506818380510478 -0.041930514519679545
13.5075 1.9437410329839977 4.42 2.2266000295440262 6.506826738565983 -0.041643242477603495
13.5125 1.944137240455268 4.42 2.2270702754124287 6.5068349681698905 -0.04135442447134536
13.5175 1.9445353838746389 4.42 2.227542833863729 6.5068430716050365 -0.04106412912481622
13.5225 1.9449353685192583 4.42 2.2280175891472433 6.506851051134252 -0.040772424614114816
13.5275 1.9453371003828575 4.42 2.2284944264639055 6.506858908997932 -0.04047937865292689
13.5325 1.9457404861953222 4.42 2.2289732319913327 6.506866647410822 -0.04018505847825138
13.537500000000001 1.9461454334416723 4.42 2.2294538929080536 6.506874268558962 -0.03988953083645652
13.5425 1.9465518503805601 4.42 2.229936297416372 6.506881774597736 -0.03959286196966611
13.5475 1.9469596460621688 4.42 2.2304203347635703 6.506889167651531 -0.039295117602478204
13.5525 1.9473687303455973 4.42 2.230905895261465 6.5068964498150015 -0.03899636292901836
13.557500000000001 1.9477790139157372 4.42 2.23139287030467 6.506903623155349 -0.03869666260032831
13.5625 1.9481904082995263 4.42 2.2318811523880413 6.506910689714779 -0.03839608071209057
13.567499999999999 1.9486028258817565 4.42 2.232370635123765 6.506917651512314 -0.038094680792690655
13.572500000000002 1.949016179920276 4.42 2.2328612132583734 6.5069245105444775 -0.03779252579161793
13.5775 1.9494303845607028 4.42 2.2333527826896553 6.506931268784918 -0.03748967806820596
13.5825 1.94984535485056 4.42 2.233845240483217 6.5069379281834205 -0.03718619938071044
13.5875 1.9502610067529433 4.42 2.234338484888392 6.5069444906648 -0.03688215087572884
13.592500000000001 1.9506772571595739 4.42 2.2348324153532086 6.506950958128247 -0.03657759307795946
13.5975 1.9510940239034138 4.42 2.2353269325383494 6.50695733244725 -0.03627258588029998
13.6025 1.9515112257707061 4.42 2.2358219383301394 6.506963615470015 -0.03596718853428604
13.6075 1.9519287825124807 4.42 2.236317335852762 6.506969809020066 -0.03566145964086965
13.6125 1.952346614855601 4.42 2.2368130294798414 6.506975914896809 -0.035355457141536734
13.6175 1.9527646445132398 4.42 2.2373089248455 6.506981934875816 -0.03504923830976272
13.6225 1.9531827941948907 4.42 2.237804928854897 6.506987870708922 -0.03474285974280576
13.627500000000001 1.9536009876158262 4.42 2.238300949694181 6.506993724124181 -0.03443637735383777
13.6325 1.9540191495060943 4.42 2.238796896839794 6.506999496825845 -0.034129846364410334
13.6375 1.9544372056190018 4.42 2.2392926810670986 6.50700519049445 -0.03382332129725535
13.6425 1.954855082739094 4.42 2.2397882144583265 6.50701080678698 -0.03351685596941937
13.6475 1.9552727086896557 4.42 2.240283410409874 6.507016347337107 -0.033210503485729875
13.6525 1.9556900123397354 4.42 2.2407781836389953 6.5070218137554265 -0.03290431623259147
13.6575 1.956106923610669 4.42 2.241272450189917 6.507027207629667 -0.032598345872110364
13.662500000000001 1.9565233734821386 4.42 2.2417661274393748 6.507032530524866 -0.0322926433365467
13.6675 1.9569392939977752 4.42 2.2422591341015776 6.507037783983547 -0.03198725882309064
13.6725 1.9573546182702728 4.42 2.242751390232608 6.507042969525868 -0.03168224178896119
13.6775 1.9577692804860525 4.42 2.243242817234246 6.507048088649812 -0.0313776409468259
13.682500000000001 1.9581832159094805 4.42 2.2437333378572246 6.507053142831392 -0.03107350426053877
13.6875 1.95859636088663 4.42 2.2442228762039402 6.507058133524857 -0.03076987894119322
13.692499999999999 1.959008652848598 4.42 2.2447113577306217 6.507063062162907 -0.030466811443488395
13.697500000000002 1.9594200303143945 4.42 2.245198709248979 6.5070679301569 -0.03016434746240599
13.7025 1.959830432893395 4.42 2.2456848589273357 6.507072738897046 -0.029862531930195568
13.7075 1.960239801287356 4.42 2.246169736291253 6.507077489752625 -0.029561409013662485
13.7125 1.9606480772920492 4.42 2.246653272223643 6.507082184072194 -0.02926102211175974
13.717500000000001 1.9610552037984306 4.42 2.2471353989643976 6.507086823183808 -0.028961413853477804
13.7225 1.961461124793447 4.42 2.247616050109536 6.507091408395226 -0.028662626096029712
13.7275 1.961865785360417 4.42 2.2480951606098687 6.5070959409941365 -0.028364699923328407
13.7325 1.9622691316790344 4.42 2.2485726667692143 6.507100422248383 -0.02806767564475337
13.7375 1.9626711110249757 4.42 2.2490485062421546 6.50710485340617 -0.0277715927942028
13.7425 1.9630716717691228 4.42 2.2495226180313446 6.507109235696282 -0.027476490129427152
13.7475 1.9634707633764106 4.42 2.2499949424843892 6.507113570328313 -0.02718240563164099
13.752500000000001 1.9638683364043388 4.42 2.2504654212902944 6.507117858492885 -0.02688937650541036
13.7575 1.964264342501056 4.42 2.250933997475494 6.507122101361887 -0.026597439178810044
13.7625 1.9646587344031663 4.42 2.251400615399487 6.507126300088675 -0.026306629303848028
13.7675 1.965051465933144 4.42 2.2518652207500685 6.507130455808303 -0.02601698175715335
13.7725 1.9654424919964009 4.42 2.252327760538166 6.507134569637748 -0.02572853064092323
13.7775 1.9658317685780506 4.42 2.252788183092311 6.507138642676124 -0.025441309284124778
13.7825 1.9662192527393225 4.42 2.253246438052717 6.50714267600493 -0.02515535024394768
13.787500000000001 1.9666049026136756 4.42 2.253702476365032 6.5071466706882495 -0.024870685307504588
13.7925 1.9669886774025567 4.42 2.2541562502737102 6.507150627772982 -0.024587345493773276
13.7975 1.9673705373709214 4.42 2.254607713315061 6.507154548289055 -0.024305361055777283
13.8025 1.9677504438423936 4.42 2.255056820309953 6.5071584332496535 -0.024024761483001002
13.807500000000001 1.9681283591941594 4.42 2.2555035273561987 6.507162283651446 -0.02374557550403454
13.8125 1.9685042468515654 4.42 2.2559477918206214 6.507166100474805 -0.023467831089443454
13.817499999999999 1.9688780712824676 4.42 2.2563895723308205 6.507169884684027 -0.023191555454859392
13.822500000000002 1.9692497979912562 4.42 2.25682882876665 6.507173637227539 -0.022916775064287482
13.8275 1.9696193935126656 4.42 2.257265522251391 6.5071773590381135 -0.022643515633626186
13.8325 1.969986825405302 4.42 2.2576996151426583 6.507181051033099 -0.022371802134392653
13.8375 1.970352062244916 4.42 2.258131071023026 6.507184714114634 -0.022101658797652787
13.842500000000001 1.9707150736174568 4.42 2.2585598546903936 6.507188349169854 -0.021833109118148886
13.8475 1.971075830111849 4.42 2.258985932148108 6.507191957071118 -0.02156617585862063
13.8525 1.9714343033125903 4.42 2.2594092705948383 6.507195538676209 -0.021300881054314977
13.8575 1.971790465792072 4.42 2.2598298384142126 6.50719909482853 -0.021037246017680842
13.8625 1.9721442911027292 4.42 2.26024760516423 6.507202626357326 -0.020775291343243317
13.8675 1.972495753768948 4.42 2.2606625415664423 6.507206134077898 -0.020515036912652537
13.8725 1.972844829278787 4.42 2.2610746194949383 6.507209618791796 -0.02025650189990268
13.877500000000001 1.9731914940754995 4.42 2.261483811965106 6.507213081287054 -0.019999704776717402
13.8825 1.9735357255488666 4.42 2.2618900931222257 6.507216522338368 -0.019744663318095296
13.8875 1.9738775020263475 4.42 2.2622934382298574 6.507219942707313 -0.019491394608011626
13.8925 1.9742168027640397 4.42 2.262693823658064 6.507223343142528 -0.019239915045271835
13.8975 1.974553607937499 4.42 2.2630912268714596 6.507226724379905 -0.018990240349511862
13.9025 1.9748878986323652 4.42 2.2634856264170975 6.507230087142781 -0.01874238556734013
13.9075 1.9752196568348515 4.42 2.263877001912224 6.507233432142067 -0.018496365078616833
13.912500000000001 1.9755488654220799 4.42 2.2642653340318715 6.507236760076435 -0.01825219260286669
13.9175 1.975875508152268 4.42 2.2646506044962984 6.507240071632481 -0.01800988120581896
13.9225 1.9761995696547685 4.42 2.2650327960582666 6.507243367484978 -0.01776944330607087
13.9275 1.9765210354200144 4.42 2.265411892490144 6.5072466482972064 -0.01753089068187018
13.932500000000001 1.976839891789298 4.42 2.265787878570871 6.507249914721296 -0.01729423447801181
13.9375 1.9771561259444357 4.42 2.266160740072803 6.507253167398628 -0.017059485212843672
13.942499999999999 1.9774697258973555 4.42 2.266530463748502 6.5072564069600976 -0.01682665278537743
13.947500000000002 1.9777806804795532 4.42 2.2668970373175266 6.5072596340262265 -0.016595746482499896
13.9525 1.9780889793314174 4.42 2.26726044945328 6.507262849206982 -0.01636677498628083
13.9575 1.9783946128915284 4.42 2.2676206897699194 6.507266053101331 -0.016139746381370442
13.9625 1.9786975723858164 4.42 2.2679777488092885 6.507269246296599 -0.01591466816248549
13.967500000000001 1.9789978498166407 4.42 2.2683316180277706 6.507272429367863 -0.015691547241977258
13.9725 1.9792954379518108 4.42 2.2686822897828876 6.507275602877654 -0.015470389957477381
13.9775 1.9795903303135396 4.42 2.2690297573195166 6.507278767376286 -0.015251202079617396
13.9825 1.9798825211672892 4.42 2.2693740147556225 6.507281923402981 -0.015033988819817996
13.9875 1.9801720055106076 4.42 2.2697150570675846 6.507285071487646 -0.014818754838143345
13.9925 1.9804587790618755 4.42 2.2700528800753013 6.507288212153012 -0.014605504251215927
13.9975 1.9807428382490253 4.42 2.270387480427393 6.507291345916512 -0.014394240640187995
14.002500000000001 1.9810241801981874 4.42 2.2707188555868063 6.507294473291374 -0.014184967058766155
14.0075 1.9813028027223305 4.42 2.2710470038170483 6.5072975947865075 -0.013977686041283596
14.0125 1.9815787043098414 4.42 2.2713719241690455 6.507300710905189 -0.01377239961081675
14.0175 1.9818518841130899 4.42 2.2716936164684327 6.507303822142925 -0.013569109287342472
14.0225 1.9821223419369693 4.42 2.2720120813028926 6.507306928985213 -0.013367816095931535
14.0275 1.982390078227403 4.42 2.272327320009173 6.507310031905881 -0.013168520574974155
14.0325 1.9826550940598549 4.42 2.272639334659498 6.5073131313665735 -0.012971222784433993
14.037500000000001 1.9829173911278128 4.42 2.272948128047312 6.507316227817467 -0.012775922314127438
14.0425 1.9831769717313081 4.42 2.2732537036725597 6.507319321698902 -0.01258261829202318
14.0475 1.9834338387653347 4.42 2.2735560657268548 6.507322413443259 -0.012391309392559018
14.0525 1.9836879957084261 4.42 2.2738552190788637 6.507325503476452 -0.012201993844972524
14.057500000000001 1.9839394466110796 4.42 2.27415116926018 6.507328592218626 -0.012014669441641613
14.0625 1.9841881960843168 4.42 2.274443922451674 6.5073316800839685 -0.011829333546431228
14.067499999999999 1.9844342492881812 4.42 2.2747334854701657 6.5073347674800175 -0.011645983103042967
14.072500000000002 1.984677611920305 4.42 2.2750198657551444 6.507337854806965 -0.01146461464336437
14.0775 1.9849182902044782 4.42 2.275303071355351 6.507340942457286 -0.011285224295814727
14.0825 1.985156290879251 4.42 2.2755831109151288 6.50734403081591 -0.011107807793682424
14.0875 1.9853916211865725 4.42 2.275859993660643 6.507347120260734 -0.010932360483453151
14.092500000000001 1.9856242888604645 4.42 2.276133729386104 6.507350211163221 -0.010758877333124047
14.0975 1.985854302115717 4.42 2.2764043284401545 6.507353303888846 -0.010587352940500946
14.1025 1.986081669636679 4.42 2.2766718017124745 6.507356398797221 -0.010417781541475808
14.1075 1.9863064005660296 4.42 2.2769361606205742 6.507359496242035 -0.010250157018281657
14.1125 1.9865285044936607 4.42 2.2771974170966915 6.507362596570928 -0.010084472907721746
14.1175 1.9867479914455686 4.42 2.277455583574734 6.507365700125403 -0.009920722409369895
14.1225 1.9869648718728237 4.42 2.277710672977222 6.507368807240923 -0.009758898393739432
14.127500000000001 1.9871791566406163 4.42 2.2779626987022676 6.507371918247065 -0.00959899341041848
14.1325 1.9873908570173247 4.42 2.2782116746106276 6.5073750334677305 -0.009440999696167941
14.1375 1.9875999846636958 4.42 2.278457615012838 6.5073781532213495 -0.009284909182980135
14.1425 1.987806551622064 4.42 2.278700534656494 6.5073812778210005 -0.00913071350609572
14.1475 1.9880105703056627 4.42 2.27894044871363 6.507384407574522 -0.008978404011976169
14.1525 1.9882120534879872 4.42 2.279177372768227 6.507387542784562 -0.0088279717662292
14.1575 1.988411014292268 4.42 2.2794113228038206 6.507390683748649 -0.008679407561484958
14.162500000000001 1.9886074661809954 4.42 2.2796423151912166 6.507393830759247 -0.008532701925221235
14.1675 1.9888014229455608 4.42 2.2798703666762887 6.507396984103856 -0.008387845127534514
14.1725 1.988992898695932 4.42 2.280095494367881 6.507400144065134 -0.008244827188855249
14.1775 1.9891819078504787 4.42 2.2803177157258196 6.507403310921005 -0.008103637887605455
14.182500000000001 1.9893684651258488 4.42 2.2805370485490433 6.507406484944785 -0.007964266767796348
14.1875 1.989552585526936 4.42 2.280753510963865 6.507409666405261 -0.0078267031465639
14.192499999999999 1.9897342843369739 4.42 2.280967121412367 6.507412855566759 -0.007690936121640656
14.197500000000002 1.9899135771076808 4.42 2.281177898640913 6.507416052689198 -0.007556954578762081
14.2025 1.9900904796495527 4.42 2.2813858616887677 6.507419258028193 -0.007424747199005859
14.2075 1.9902650080222237 4.42 2.281591029876848 6.507422471835139 -0.007294302466061214
14.2125 1.9904371785249402 4.42 2.2817934227965813 6.507425694357337 -0.0071656086734285
14.217500000000001 1.990607007687128 4.42 2.281993060298914 6.507428925838058 -0.007038653931546225
14.2225 1.9907745122590987 4.42 2.282189962483458 6.5074321665166215 -0.006913426174844211
14.2275 1.990939709202809 4.42 2.282384149687771 6.507435416628456 -0.006789913168721543
14.2325 1.9911026156827836 4.42 2.2825756424767647 6.507438676405161 -0.006668102516448183
14.2375 1.9912632490571163 4.42 2.2827644616322376 6.507441946074595 -0.006547981665988633
14.2425 1.9914216268685907 4.42 2.282950628142537 6.507445225860974 -0.006429537916746318
14.2475 1.9915777668359138 4.42 2.283134163192366 6.507448515984972 -0.0063127584262275835
14.252500000000001 1.991731686845062 4.42 2.2833150881527384 6.507451816663757 -0.006197630216624613
14.2575 1.9918834049407579 4.42 2.283493424571088 6.507455128111054 -0.0060841401813153916
14.2625 1.9920329393180274 4.42 2.283669194161501 6.507458450537204 -0.005972275091280169
14.2675 1.9921803083139196 4.42 2.2838424187950865 6.50746178414922 -0.005862021601433563
14.2725 1.9923255303992984 4.42 2.2840131204904743 6.507465129150916 -0.005753366256871228
14.2775 1.992468624170805 4.42 2.284181321404466 6.507468485742965 -0.005646295499030098
14.2825 1.9926096083428784 4.42 2.2843470438228404 6.507471854122957 -0.005540795671761538
14.287500000000001 1.9927485017399658 4.42 2.284510310151305 6.507475234485449 -0.005436853027317071
14.2925 1.992885323288776 4.42 2.284671142906608 6.5074786270220075 -0.005334453732245264
14.2975 1.9930200920107377 4.42 2.2848295647077657 6.507482031921258 -0.005233583873199602
14.3025 1.993152827014514 4.42 2.284985598267428 6.507485449368987 -0.0051342294626568405
14.307500000000001 1.9932835474886668 4.42 2.2851392663833936 6.507488879548225 -0.0050363764445451875
14.3125 1.9934122726944536 4.42 2.2852905919302815 6.507492322639297 -0.004940010699781705
14.317499999999999 1.9935390219587155 4.42 2.285439597851358 6.507495778819865 -0.004845118051718675
14.322500000000002 1.9936638146669319 4.42 2.2855863071505222 6.5074992482649545 -0.004751684271498649
14.3275 1.993786670256354 4.42 2.285730742884416 6.507502731146994 -0.004659695083317993
14.3325 1.9939076082092981 4.42 2.285872928154672 6.507506227635904 -0.004569136169597771
14.3375 1.9940266480465505 4.42 2.2860128861003015 6.507509737899179 -0.004479993176063117
14.342500000000001 1.9941438093208705 4.42 2.2861506398902325 6.5075132621019485 -0.004392251716729974
14.3475 1.9942591116106867 4.42 2.286286212716023 6.507516800407016 -0.004305897378799277
14.3525 1.9943725745138248 4.42 2.286419627784716 6.507520352974865 -0.004220915727458545
14.3575 1.9944842176414386 4.42 2.2865509083118374 6.507523919963696 -0.004137292310591009
14.3625 1.9945940606120172 4.42 2.286680077514514 6.507527501529504 -0.004055012663392115
14.3675 1.9947021230455304 4.42 2.286807158604738 6.507531097826148 -0.003974062312893366
14.3725 1.994808424557717 4.42 2.286932174782777 6.5075347090054105 -0.003894426782393704
14.377500000000001 1.9949129847544569 4.42 2.287055149230738 6.5075383352170535 -0.0038160915957988037
14.3825 1.9950158232262831 4.42 2.2871761051063 6.507541976608815 -0.0037390422818679827
14.3875 1.9951169595430305 4.42 2.287295065536571 6.507545633326442 -0.0036632643783692065
14.3925 1.9952164132486034 4.42 2.287412053612077 6.507549305513733 -0.003588743436142523
14.3975 1.9953142038558158 4.42 2.2875270923808744 6.507552993312625 -0.0035154650230721134
14.4025 1.9954103508414436 4.42 2.2876402048428113 6.50755669686326 -0.003443414727967151
14.4075 1.995504873641289 4.42 2.2877514139439494 6.50756041630401 -0.003372578164351951
14.412500000000001 1.995597791645464 4.42 2.2878607425711497 6.507564151771455 -0.0033029409741660303
14.4175 1.9956891241937251 4.42 2.287968213546791 6.507567903400369 -0.0032344888313740484
14.4225 1.9957788905709515 4.42 2.2880738496236104 6.507571671323729 -0.0031672074454863605
14.4275 1.995867110002739 4.42 2.2881776734796313 6.507575455672821 -0.00310108256499073
14.432500000000001 1.9959538016511162 4.42 2.288279707713217 6.507579256577368 -0.003036099980695639
14.4375 1.9960389846103403 4.42 2.288379974838227 6.507583074165712 -0.0029722455289856228
14.442499999999999 1.9961226779028767 4.42 2.28847849727933 6.50758690856494 -0.0029095050949893573
14.447500000000002 1.9962049004754245 4.42 2.288575297367461 6.507590759901011 -0.0028478646156611252
14.4525 1.9962856711950796 4.42 2.2886703973354456 6.507594628298789 -0.002787310082776394
14.4575 1.9963650088456362 4.42 2.2887638193138344 6.507598513881933 -0.0027278275458415845
14.4625 1.996442932123942 4.42 2.2888555853269494 6.507602416772627 -0.0026694031149195967
14.467500000000001 1.9965194596364308 4.42 2.288945717289174 6.5076063370911 -0.0026120229633712043
14.4725 1.9965946098957068 4.42 2.289034237001422 6.507610274955011 -0.0025556733305131586
14.4775 1.996668401317263 4.42 2.2891211661476616 6.507614230479023 -0.0025003405241938036
14.4825 1.9967408522163075 4.42 2.2892065262913603 6.50761820377469 -0.002446010923287079
14.4875 1.996811980804695 4.42 2.2892903388717545 6.507622194950966 -0.0023926709801055973
14.4925 1.9968818051879507 4.42 2.2893726251999524 6.507626204115229 -0.0023403072227335636
14.4975 1.9969503433624156 4.42 2.2894534064550016 6.507630231374607 -0.0022889062572804294
14.502500000000001 1.99701761321246 4.42 2.2895327036801283 6.507634276837205 -0.0022384547700563156
14.5075 1.9970836325078682 4.42 2.2896105377793576 6.507638340612817 -0.002188939529669745
14.5125 1.997148418901237 4.42 2.289686929514638 6.5076424228129195 -0.0021403473890487666
14.5175 1.9972119899255214 4.42 2.289761899503465 6.507646523549923 -0.0020926652873864207
14.5225 1.9972743629916865 4.42 2.2898354682168605 6.507650642935955 -0.0020458802520114004
14.5275 1.9973355553864263 4.42 2.2899076559774763 6.507654781081632 -0.0019999794001847528
14.5325 1.9973955842699902 4.42 2.289978482957593 6.507658938095205 -0.0019549499408236647
14.537500000000001 1.9974544666741043 4.42 2.290047969176871 6.507663114082432 -0.0019107791761534087
14.5425 1.9975122194999735 4.42 2.290116134499835 6.507667309147106 -0.0018674545032881485
14.5475 1.9975688595164225 4.42 2.2901829986332656 6.507671523391984 -0.0018249634157417535
14.5525 1.997624403358036 4.42 2.2902485811237563 6.507675756919598 -0.0017832935048696509
14.557500000000001 1.9976788675234816 4.42 2.2903129013556645 6.507680009832496 -0.0017424324612426466
14.5625 1.9977322683738423 4.42 2.2903759785495392 6.507684282232788 -0.0017023680759536896
14.567499999999999 1.9977846221311137 4.42 2.290437831760907 6.507688574221178 -0.0016630882418586233
14.572500000000002 1.9978359448767073 4.42 2.2904984798791377 6.507692885896049 -0.0016245809547520364
14.5775 1.9978862525500727 4.42 2.2905579416261093 6.507697217353087 -0.0015868343144792335
14.5825 1.9979355609474447 4.42 2.290616235554552 6.507701568685706 -0.0015498365259850604
14.5875 1.9979838857205516 4.42 2.2906733800461616 6.5077059399860815 -0.0015135759003011252
14.592500000000001 1.998031242375549 4.42 2.290729393309766 6.507710331346262 -0.0014780408554721266
14.5975 1.9980776462719185 4.42 2.2907842933797946 6.507714742858877 -0.0014432199174223808
14.6025 1.9981231126214896 4.42 2.2908380981151857 6.507719174617147 -0.0014091017207636532
14.6075 1.9981676564875397 4.42 2.2908908251986744 6.507723626714382 -0.0013756750095453728
14.6125 1.9982112927839533 4.42 2.2909424921362542 6.507728099243273 -0.001342928637948273
14.6175 1.9982540362744503 4.42 2.2909931162565997 6.5077325922954214 -0.0013108515709224376
14.6225 1.9982959015719008 4.42 2.2910427147103833 6.507737105961235 -0.0012794328847708784
14.627500000000001 1.998336903137694 4.42 2.2910913044695045 6.507741640330127 -0.0012486617676797918
14.6325 1.9983770552811837 4.42 2.291138902326353 6.507746195490801 -0.0012185275201963789
14.6375 1.9984163721592014 4.42 2.2911855248931934 6.507750771531461 -0.0011890195556553734
14.6425 1.9984548677756302 4.42 2.2912311886016834 6.5077553685398914 -0.001160127400555392
14.6475 1.9984925559810267 4.42 2.291275909702508 6.507759986603462 -0.0011318406948861042
14.6525 1.9985294504723348 4.42 2.2913197042651072 6.507764625809099 -0.0011041491924072358
14.6575 1.998565564792648 4.42 2.291362588177452 6.507769286243274 -0.001077042760880501
14.662500000000001 1.9986009123310362 4.42 2.29140457714592 6.507773967991971 -0.0010505113822555899
14.6675 1.9986355063223946 4.42 2.2914456866952397 6.507778671140617 -0.0010245451528110988
14.6725 1.9986693598474043 4.42 2.2914859321684817 6.507783395774041 -0.000999134283251522
14.6775 1.9987024858325237 4.42 2.291525328727079 6.507788141976523 -0.0009742690987613823
14.682500000000001 1.9987348970500112 4.42 2.291563891350885 6.50779290983189 -0.000949940039017481
14.6875 1.9987666061180525 4.42 2.2916016348382757 6.5077976994236195 -0.0009261376581602602
14.692499999999999 1.998797625500882 4.42 2.291638573806358 6.507802510834862 -0.0009028526247253307
14.697500000000002 1.9988279675089966 4.42 2.291674722691276 6.507807344148396 -0.0008800757215362107
14.7025 1.9988576442993966 4.42 2.2917100957486025 6.507812199446519 -0.0008577978455592812
14.7075 1.998886667875892 4.42 2.2917447070537436 6.507817076811014 -0.0008360100077217791
14.7125 1.9989150500894175 4.42 2.2917785705023475 6.507821976323214 -0.0008147033326941079
14.717500000000001 1.998942802638455 4.42 2.2918116998107334 6.507826898064124 -0.0007938690586372512
14.7225 1.9989699370694276 4.42 2.291844108516395 6.5078318421144905 -0.0007734985369162929
14.7275 1.9989964647772096 4.42 2.2918758099786034 6.507836808554787 -0.0007535832317810315
14.7325 1.9990223970055938 4.42 2.291906817379096 6.507841797465114 -0.0007341147200146679
14.7375 1.9990477448478834 4.42 2.291937143722803 6.507846808925107 -0.0007150846905515005
14.7425 1.999072519247472 4.42 2.291966801838559 6.507851843013985 -0.0006964849440645162
14.7475 1.9990967309984593 4.42 2.2919958043798125 6.507856899810653 -0.0006783073925238568
14.752500000000001 1.99912039074634 4.42 2.2920241638253813 6.507861979393811 -0.0006605440587271216
14.7575 1.9991435089886802 4.42 2.292051892480303 6.507867081841964 -0.0006431870758023093
14.7625 1.9991660960758761 4.42 2.29207900247677 6.507872207233326 -0.000626228686684365
14.7675 1.9991881622119052 4.42 2.2921055057751083 6.5078773556457294 -0.0006096612435662354
14.7725 1.9992097174551309 4.42 2.2921314141647557 6.507882527156599 -0.0005934772073252876
14.7775 1.9992307717191222 4.42 2.2921567392652067 6.507887721843046 -0.0005776691469259322
14.7825 1.999251334773534 4.42 2.2921814925269763 6.507892939782007 -0.0005622297387993345
14.787500000000001 1.9992714162449776 4.42 2.292205685232637 6.507898181050294 -0.0005471517662011046
14.7925 1.9992910256179344 4.42 2.292229328497947 6.507903445724523 -0.000532428118547706
14.7975 1.9993101722357136 4.42 2.292252433273047 6.507908733880985 -0.0005180517907324611
14.8025 1.9993288653013965 4.42 2.2922750103436442 6.5079140455955855 -0.0005040158824219787
14.807500000000001 1.9993471138788337 4.42 2.2922970703321512 6.507919380943923 -0.0004903135973337794
14.8125 1.9993649268936677 4.42 2.2923186236988276 6.507924740001414 -0.0004769382424958915
14.817499999999999 1.9993823131343584 4.42 2.2923396807429555 6.507930122843405 -0.0004638832274892067
14.822500000000002 1.9993992812532397 4.42 2.292360251604118 6.507935529545124 -0.0004511420636733829
14.8275 1.9994158397675943 4.42 2.292380346263543 6.50794096018155 -0.0004387083633970451
14.8325 1.999431997060758 4.42 2.2923999745454617 6.507946414827311 -0.0004265758391929221
14.8375 1.999447761383221 4.42 2.292419146118412 6.507951893556715 -0.00041473830295881114
14.842500000000001 1.9994631408537649 4.42 2.292437870496509 6.507957396443876 -0.0004031896651249722
14.8475 1.999478143460605 4.42 2.2924561570407356 6.507962923562854 -0.00039192393380867066
14.8525 1.9994927770625646 4.42 2.292474014960308 6.507968474987668 -0.0003809352139565719
14.8575 1.9995070493902363 4.42 2.2924914533141347 6.507974050792173 -0.0003702177064756751
14.8625 1.9995209680471802 4.42 2.292508481012298 6.507979651049908 -0.00035976570735344194
14.8675 1.9995345405111309 4.42 2.292525106817492 6.507985275834084 -0.00034957360676774954
14.8725 1.9995477741351904 4.42 2.2925413393463954 6.507990925217688 -0.0003396358881873259
14.877500000000001 1.9995606761490985 4.42 2.292557187071033 6.507996599273648 -0.0003299471274633258
14.8825 1.9995732536604303 4.42 2.2925726583202044 6.5080022980749135 -0.00032050199191259953
14.8875 1.9995855136558482 4.42 2.2925877612810015 6.50800802169434 -0.00031129523939328987
14.8925 1.9995974630023805 4.42 2.292602504000373 6.508013770204539 -0.00030232171737336024
14.8975 1.9996091084486602 4.42 2.2926168943866663 6.50801954367778 -0.00029357636199261295
14.9025 1.999620456626205 4.42 2.292630940211077 6.508025342186078 -0.0002850541971187504
14.9075 1.9996315140506997 4.42 2.2926446491090626 6.508031165801373 -0.0002767503333980441
14.912500000000001 1.9996422871232706 4.42 2.29265802858179 6.508037014595641 -0.00026865996730117696
14.9175 1.9996527821317756 4.42 2.292671085997674 6.508042888640865 -0.0002607783801647348
14.9225 1.9996630052521078 4.42 2.292683828593993 6.508048788008852 -0.00025310093722889115
14.9275 1.9996729625494796 4.42 2.292696263478499 6.508054712771056 -0.000245623086671796
14.932500000000001 1.999682659979725 4.42 2.2927083976309515 6.508060662998604 -0.0002383403586411489
14.9375 1.9996921033906172 4.42 2.2927202379045566 6.5080666387624575 -0.00023124836428342147
14.942499999999999 1.9997012985231506 4.42 2.2927317910274 6.5080726401335935 -0.00022434279477121034
14.947500000000002 1.9997102510128617 4.42 2.2927430636039547 6.508078667183072 -0.00021761942032918214
14.9525 1.999718966391152 4.42 2.292754062116666 6.508084719981938 -0.0002110740892590555
14.9575 1.9997274500865494 4.42 2.2927647929275583 6.508090798601095 -0.00020470272696399778
14.9625 1.999735707426072 4.42 2.292775262279773 6.508096903111289 -0.00019850133497294268
14.967500000000001 1.9997437436364884 4.42 2.2927854762990405 6.508103033583247 -0.00019246598996517652
14.9725 1.9997515638456587 4.42 2.292795440995155 6.508109190087771 -0.0001865928427956008
14.9775 1.9997591730838113 4.42 2.292805162263553 6.508115372695649 -0.00018087811752106003
14.9825 1.9997665762848653 4.42 2.2928146458870424 6.508121581477282 -0.00017531811042811722
14.9875 1.9997737782877145 4.42 2.292823897537554 6.508127816502252 -0.00016990918906263362
14.9925 1.999780783837531 4.42 2.292832922777777 6.508134077839083 -0.00016464779126149174
14.9975 1.9997875975870603 4.42 2.2928417270625694 6.508140365555468 -0.00015953042418681592
15.002500000000001 1.9997942240979012 4.42 2.2928503157401927 6.508146679718776 -0.00015455366336303194
15.0075 1.9998006678417939 4.42 2.292858694053536 6.508153020396602 -0.00014971415171705627
15.0125 1.9998069332019028 4.42 2.2928668671415156 6.508159387656948 -0.00014500859862194131
15.0175 1.999813024474081 4.42 2.2928748400407075 6.508165781567964 -0.00014043377894428023
15.0225 1.9998189458681437 4.42 2.2928826176871193 6.508172202197403 -0.00013598653209565307
15.0275 1.9998247015091386 4.42 2.292890204917925 6.508178649612136 -0.00013166376108838434
15.0325 1.999830295438585 4.42 2.2928976064729842 6.508185123878064 -0.00012746243159588938
15.037500000000001 1.9998357316157322 4.42 2.292904826996055 6.508191625060587 -0.00012337957101787937
15.0425 1.9998410139188045 4.42 2.2929118710357557 6.50819815322555 -0.00011941226755064885
15.0475 1.999846146146231 4.42 2.292918743046349 6.508204708440511 -0.00011555766926269938
15.0525 1.9998511320178731 4.42 2.292925447388547 6.508211290775938 -0.00011181298317593438
15.057500000000001 1.999855975176243 4.42 2.2929319883305554 6.5082179003059455 -0.00010817547435263879
15.0625 1.9998606791877211 4.42 2.292938370049635 6.5082245371080205 -0.00010464246498845123
15.067499999999999 1.999865247543761 4.42 2.2929445966343307 6.508231201261468 -0.00010121133351153556
15.072500000000002 1.999869683662054 4.42 2.292950672087249 6.508237892844778 -9.78795136881521e-05
15.0775 1.9998739908877696 4.42 2.292956600327943 6.508244611932761 -9.464449373481319e-05
15.0825 1.99987817249468 4.42 2.292962385195281 6.508251358594686 -9.150381543717379e-05
15.0875 1.999882231686343 4.42 2.292968030448784 6.508258132894315 -8.845507327586906e-05
15.092500000000001 1.9998861715972684 4.42 2.2929735397688997 6.5082649348919634 -8.549591355942927e-05
15.0975 1.9998899952940727 4.42 2.2929789167566947 6.508271764647656 -8.262403356442901e-05
15.1025 1.9998937057765822 4.42 2.292984164933727 6.508278622223899 -7.983718068301887e-05
15.1075 1.9998973059789948 4.42 2.292989287742785 6.508285507686778 -7.713315157797857e-05
15.1125 1.9999007987709798 4.42 2.292994288549586 6.508292421105228 -7.450979134541856e-05
15.1175 1.9999041869587866 4.42 2.2929991706450634 6.508299362549135 -7.196499268524574e-05
15.1225 1.9999074732863495 4.42 2.293003937247583 6.508306332087562 -6.949669507951317e-05
15.127500000000001 1.9999106604363641 4.42 2.2930085915046203 6.50831332978796 -6.710288397876785e-05
15.1325 1.9999137510313612 4.42 2.2930131364938706 6.5083203557164655 -6.478158999648221e-05
15.1375 1.9999167476347661 4.42 2.2930175752240727 6.508327409938694 -6.253088811167093e-05
15.1425 1.9999196527519694 4.42 2.2930219106359164 6.508334492520355 -6.0348896879783114e-05
15.1475 1.99992246883135 4.42 2.293026145603205 6.508341603527357 -5.8233777651946096e-05
15.1525 1.9999251982653132 4.42 2.293030282934164 6.508348743025612 -5.6183733802631743e-05
15.1575 1.9999278433913004 4.42 2.293034325372692 6.508355911080921 -5.419700996581658e-05
15.162500000000001 1.9999304064928185 4.42 2.2930382755994954 6.508363107759045 -5.2271891279703214e-05
15.1675 1.9999328898004052 4.42 2.293042136233174 6.508370333125885 -5.040670264004711e-05
15.1725 1.9999352954926275 4.42 2.293045909831379 6.508377587247425 -4.859980796214508e-05
15.1775 1.999937625697063 4.42 2.293049598892113 6.508384870189467 -4.684960945153261e-05
15.182500000000001 1.999939882491239 4.42 2.293053205855002 6.508392182017316 -4.515454688342568e-05
15.1875 1.999942067903607 4.42 2.293056733102417 6.50839952279576 -4.351309689093828e-05
15.192499999999999 1.9999441839144492 4.42 2.2930601829604003 6.508406892589413 -4.1923772262107e-05
15.197500000000002 1.9999462324568364 4.42 2.2930635576995346 6.508414291463094 -4.0385121245747926e-05
15.2025 1.999948215417512 4.42 2.293066859535948 6.508421719481959 -3.889572686616489e-05
15.2075 1.9999501346378121 4.42 2.2930700906325168 6.50842917671122 -3.745420624671021e-05
15.2125 1.9999519919145499 4.42 2.2930732531001543 6.508436663215665 -3.6059209942227246e-05
15.217500000000001 1.999953789000892 4.42 2.2930763489989476 6.508444179059452 -3.470942128036558e-05
15.2225 1.9999555276072225 4.42 2.2930793803390555 6.508451724306319 -3.340355571177138e-05
15.2275 1.9999572094020095 4.42 2.293082349081455 6.508459299020066 -3.214036016915016e-05
15.2325 1.9999588360126181 4.42 2.293085257138764 6.508466903264866 -3.0918612435195735e-05
15.2375 1.9999604090261867 4.42 2.2930881063762962 6.5084745371051085 -2.973712051937154e-05
15.2425 1.9999619299903992 4.42 2.2930908986132676 6.5084822006049095 -2.859472204352634e-05
15.2475 1.9999634004143165 4.42 2.29309363562394 6.5084898938277345 -2.7490283636326858e-05
15.252500000000001 1.9999648217691712 4.42 2.2930963191385194 6.508497616836469 -2.6422700336487474e-05
15.2575 1.9999661954891375 4.42 2.2930989508438264 6.508505369693869 -2.5390895004763294e-05
15.2625 1.999967522972124 4.42 2.2931015323839583 6.508513152463021 -2.4393817744680962e-05
15.2675 1.999968805580512 4.42 2.2931040653611743 6.508520965207356 -2.3430445331974684e-05
15.2725 1.9999700446419202 4.42 2.293106551336994 6.508528807990217 -2.2499780652689904e-05
15.2775 1.999971241449928 4.42 2.2931089918333263 6.508536680874345 -2.1600852149913526e-05
15.2825 1.9999723972648145 4.42 2.293111388333383 6.5085445839217595 -2.0732713279090506e-05
15.287500000000001 1.999973513314262 4.42 2.293113742282314 6.508552517194133 -1.989444197188412e-05
15.2925 1.99997459079407 4.42 2.293116055087727 6.508560480753365 -1.9085140108527086e-05
15.2975 1.999975630868832 4.42 2.2931183281203884 6.508568474661794 -1.8303932998616656e-05
15.3025 1.9999766346726262 4.42 2.293120562715189 6.508576498981858 -1.7549968870301737e-05
15.307500000000001 1.999977603309689 4.42 2.29312276017224 6.508584553775512 -1.6822418367806035e-05
15.3125 1.9999785378550596 4.42 2.2931249217578014 6.5085926391039015 -1.6120474057228993e-05
15.317499999999999 1.9999794393552344 4.42 2.293127048704914 6.508600755027619 -1.5443349940566515e-05
15.322500000000002 1.9999803088288075 4.42 2.2931291422138305 6.508608901607287 -1.4790280977891e-05
15.3275 1.9999811472670936 4.42 2.29313120345252 6.508617078903996 -1.4160522617627697e-05
15.3325 1.999981955634727 4.42 2.293133233557474 6.508625286979128 -1.3553350334857021e-05
15.3375 1.9999827348703039 4.42 2.293135233634726 6.508633525893762 -1.2968059177584606e-05
15.342500000000001 1.9999834858869328 4.42 2.293137204760816 6.508641795708158 -1.2403963320904768e-05
15.3475 1.9999842095728475 4.42 2.293139147983444 6.50865009648181 -1.186039562898847e-05
15.3525 1.999984906791969 4.42 2.2931410643218406 6.50865842827401 -1.1336707224824584e-05
15.3575 1.9999855783844676 4.42 2.293142954767111 6.508666791144442 -1.0832267067642804e-05
15.3625 1.9999862251673153 4.42 2.2931448202828433 6.508675185153264 -1.0346461537942637e-05
15.3675 1.9999868479348382 4.42 2.293146661806025 6.5086836103605545 -9.878694030052857e-06
15.3725 1.999987447459235 4.42 2.2931484802480138 6.508692066825662 -9.428384552145287e-06
15.377500000000001 1.9999880244911066 4.42 2.293150276495254 6.508700554606982 -8.99496933362692e-06
15.3825 1.9999885797599741 4.42 2.2931520514096366 6.508709073762429 -8.577900439828756e-06
15.3875 1.9999891139747676 4.42 2.2931538058286987 6.508717624350171 -8.176645393913645e-06
15.3925 1.9999896278243428 4.42 2.293155540566027 6.5087262064289515 -7.790686805923072e-06
15.3975 1.9999901219779417 4.42 2.2931572564120337 6.508734820057693 -7.419522008881057e-06
15.4025 1.9999905970856813 4.42 2.293158954134907 6.508743465294751 -7.062662701873008e-06
15.4075 1.9999910537790204 4.42 2.293160634481401 6.508752142197425 -6.719634600017219e-06
15.412500000000001 1.9999914926712135 4.42 2.293162298177224 6.508760850822252 -6.389977091247506e-06
15.4175 1.9999919143577534 4.42 2.2931639459271507 6.508769591225784 -6.073242899820807e-06
15.4225 1.9999923194168157 4.42 2.2931655784152323 6.508778363465159 -5.768997756467254e-06
15.4275 1.999992708409696 4.42 2.293167196305377 6.508787167597953 -5.476820075098555e-06
15.432500000000001 1.9999930818812206 4.42 2.293168800242239 6.5087960036814145 -5.1963006359894e-06
15.4375 1.9999934403601607 4.42 2.2931703908520884 6.508804871771749 -4.927042275346514e-06
15.442499999999999 1.999993784359654 4.42 2.2931719687432697 6.508813771924117 -4.668659581180621e-06
15.447500000000002 1.9999941143775715 4.42 2.2931735345062894 6.508822704193369 -4.420778595396129e-06
15.4525 1.9999944308969297 4.42 2.2931750887138294 6.508831668634863 -4.183036522013233e-06
15.4575 1.9999947343862745 4.42 2.29317663192111 6.508840665304639 -3.955081441434704e-06
15.4625 1.9999950253000227 4.42 2.2931781646666662 6.5088496942587515 -3.7365720306750483e-06
15.467500000000001 1.9999953040788672 4.42 2.2931796874732657 6.508858755552337 -3.5271772894643536e-06
15.4725 1.9999955711501012 4.42 2.293181200848509 6.508867849239256 -3.326576272141442e-06
15.4775 1.999995826927988 4.42 2.29318270528497 6.50887697537261 -3.134457825251456e-06
15.482500000000002 1.9999960718140908 4.42 2.2931842012601145 6.508886134005645 -2.9505203307626352e-06
15.4875 1.9999963061976103 4.42 2.2931856892364406 6.508895325192231 -2.774471454817484e-06
15.4925 1.9999965304557246 4.42 2.2931871696620654 6.508904548986471 -2.606027901931984e-06
15.4975 1.9999967449538854 4.42 2.2931886429715322 6.508913805441871 -2.444915174560732e-06
15.502500000000001 1.9999969500461519 4.42 2.2931901095863694 6.508923094610978 -2.290867337942194e-06
15.5075 1.9999971460754842 4.42 2.2931915699150967 6.508932416546031 -2.1436267901404415e-06
15.5125 1.9999973333740506 4.42 2.293193024352904 6.508941771300255 -2.0029440372001085e-06
15.5175 1.9999975122635134 4.42 2.2931944732816096 6.508951158928564 -1.86857747333168e-06
15.5225 1.999997683055326 4.42 2.2931959170704364 6.508960579486738 -1.7402931660442472e-06
15.5275 1.9999978460510035 4.42 2.2931973560775587 6.508970033029094 -1.617864646143432e-06
15.5325 1.9999980015423882 4.42 2.2931987906518128 6.5089795196058144 -1.5010727025129523e-06
15.537500000000001 1.9999981498119377 4.42 2.2932002211338047 6.5089890392614524 -1.389705181599174e-06
15.5425 1.9999982911329681 4.42 2.293201647855941 6.5089985920354385 -1.283556791517246e-06
15.5475 1.999998425769913 4.42 2.2932030711415146 6.509008177964383 -1.1824289106992786e-06
15.5525 1.9999985539785845 4.42 2.293204491303303 6.509017797085297 -1.0861294010053078e-06
15.557500000000001 1.9999986760064 4.42 2.293205908642178 6.5090274494387925 -9.944724252180275e-07
15.5625 1.9999987920926137 4.42 2.293207323445985 6.509037135071727 -9.072782688430747e-07
15.567499999999999 1.9999989024685796 4.42 2.2932087359889435 6.5090468540388695 -8.24373166137557e-07
15.572500000000002 1.9999990073579368 4.42 2.2932101465318904 6.509056606402924 -7.455891302900844e-07
15.5775 1.9999991069768828 4.42 2.293211555323821 6.509066392232099 -6.707637876762752e-07
15.5825 1.999999201534314 4.42 2.293212962604769 6.509076211595074 -5.997402161136923e-07
15.5875 1.9999992912321183 4.42 2.2932143686093305 6.509086064554767 -5.323667870426145e-07
15.592500000000001 1.999999376265323 4.42 2.293215773569411 6.509095951163551 -4.684970115580191e-07
15.5975 1.9999994568223112 4.42 2.2932171777148356 6.509105871462545 -4.0798939021975433e-07
15.6025 1.999999533085014 4.42 2.2932185812714363 6.50911582548566 -3.507072665686143e-07
15.607500000000002 1.9999996052291253 4.42 2.2932199844576884 6.50912581326645 -2.9651868427678607e-07
15.6125 1.9999996734242447 4.42 2.293221387481845 6.5091358348439705 -2.452962478619007e-07
15.6175 1.9999997378340932 4.42 2.2932227905412077 6.509145890264573 -1.9691698689426088e-07
15.6225 1.9999997986166795 4.42 2.29322419382377 6.509155979579163 -1.5126222362878565e-07
15.627500000000001 1.9999998559244494 4.42 2.2932255975109688 6.50916610283833 -1.0821744399283947e-07
15.6325 1.999999909904496 4.42 2.293227001779749 6.509176260088783 -6.767217186250092e-08
15.6375 1.9999999606986847 4.42 2.2932284068028843 6.509186451373112 -2.95198465606592e-08
15.6425 2.0000000084438314 4.42 2.2932298127478994 6.5091966767321825 6.342296488855986e-09
15.6475 2.0000000532718563 4.42 2.2932312197758584 6.509206936207779 4.001334201616047e-08
15.6525 2.0000000953099235 4.42 2.293232628041141 6.5092172298433635 7.158880813339281e-08
15.6575 2.000000134680604 4.42 2.293234037692286 6.509227557682806 1.0116075659920278e-07
15.662500000000001 2.000000171502002 4.42 2.293235448873066 6.509237919768641 1.2881790018196535e-07
15.6675 2.0000002058879107 4.42 2.293236861722887 6.509248316141616 1.5464570718346412e-07
15.6725 2.000000237947929 4.42 2.293238276376333 6.509258746841847 1.7872650318360263e-07
15.6775 2.0000002677876143 4.42 2.2932396929625303 6.509269211910334 2.0113957006593417e-07
15.682500000000001 2.0000002955085923 4.42 2.2932411116051403 6.509279711389244 2.2196124238299644e-07
15.6875 2.0000003212086956 4.42 2.2932425324231858 6.50929024532062 2.4126500111955035e-07
15.692499999999999 2.0000003449820656 4.42 2.2932439555320734 6.5093008137447 2.591215649108789e-07
15.697500000000002 2.0000003669193047 4.42 2.29324538104396 6.509311416699465 2.7559897877246695e-07
15.7025 2.0000003871075576 4.42 2.293246809067218 6.509322054221925 2.907627003965192e-07
15.7075 2.0000004056306375 4.42 2.2932482397055596 6.509332726350026 3.04675684070048e-07
15.7125 2.00000042256913 4.42 2.2932496730577734 6.509343433123381 3.173984622680393e-07
15.717500000000001 2.0000004380005216 4.42 2.2932511092184367 6.509354174582164 3.2898922497472817e-07
15.7225 2.0000004519992483 4.42 2.293252548279102 6.509364950765055 3.395038967849579e-07
15.7275 2.000000464636862 4.42 2.293253990329017 6.509375761708096 3.48996211836765e-07
15.732500000000002 2.000000475982078 4.42 2.2932554354547783 6.509386607445563 3.5751778662548174e-07
15.7375 2.000000486100891 4.42 2.29325688373933 6.5093974880120715 3.6511819074880834e-07
15.7425 2.0000004950566623 4.42 2.2932583352612994 6.509408403444055 3.718450156315406e-07
15.7475 2.000000502910207 4.42 2.293259790095378 6.5094193537792195 3.7774394127760033e-07
15.752500000000001 2.0000005097198854 4.42 2.2932612483135273 6.509430339054441 3.8285880109639036e-07
15.7575 2.00000051554168 4.42 2.293262709986021 6.5094413593039615 3.8723164484957234e-07
15.7625 2.000000520429282 4.42 2.293264175181452 6.509452414559553 3.909027997635313e-07
15.7675 2.000000524434162 4.42 2.293265643965771 6.509463504852523 3.939109298520046e-07
15.7725 2.000000527605658 4.42 2.2932671164012812 6.509474630215784 3.962930934925364e-07
15.7775 2.0000005299910493 4.42 2.29326859254659 6.509485790684124 3.9808479929961585e-07
15.7825 2.0000005316356173 4.42 2.2932700724576778 6.509496986292328 3.993200603365469e-07
15.787500000000001 2.000000532582723 4.42 2.293271556189186 6.509508217072852 4.000314467073189e-07
15.7925 2.0000005328738757 4.42 2.2932730437948585 6.50951948305515 4.00250136568967e-07
15.7975 2.0000005325487984 4.42 2.2932745353267654 6.509530784267284 4.000059656041228e-07
15.8025 2.0000005316454885 4.42 2.293276030834067 6.509542120738431 3.9932747499270325e-07
15.807500000000001 2.000000530200285 4.42 2.293277530362496 6.509553492499988 3.9824195792090693e-07
15.8125 2.000000528247918 4.42 2.293279033955116 6.5095648995842605 3.9677550466495557e-07
15.817499999999999 2.0000005258215827 4.42 2.293280541653764 6.509576342021855 3.9495304628625654e-07
15.822500000000002 2.0000005229529876 4.42 2.293282053499929 6.509587819840093 3.927983969739347e-07
15.8275 2.0000005196724002 4.42 2.2932835695343328 6.50959933306396 3.9033429506995935e-07
15.8325 2.0000005160087153 4.42 2.2932850897955945 6.509610881718745 3.875824428113487e-07
15.8375 2.0000005119894997 4.42 2.293286614319248 6.509622465832024 3.8456354482326376e-07
15.842500000000001 2.000000507641039 4.42 2.293288143138059 6.509634085433173 3.8129734539606494e-07
15.8475 2.0000005029883896 4.42 2.29328967628345 6.50964574055074 3.778026645787303e-07
15.8525 2.000000498055423 4.42 2.2932912137868064 6.509657431210066 3.740974331203371e-07
15.857500000000002 2.0000004928648694 4.42 2.293292755679524 6.509669157433299 3.7019872629066063e-07
15.8625 2.000000487438373 4.42 2.293294301991766 6.509680919241833 3.661227966102474e-07
15.8675 2.0000004817965165 4.42 2.2932958527510783 6.50969271665905 3.6188510551966117e-07
15.8725 2.000000475958869 4.42 2.2932974079821546 6.509704549710854 3.5750035401699305e-07
15.877500000000001 2.0000004699440295 4.42 2.2932989677080515 6.509716418423431 3.529825122920495e-07
15.8825 2.0000004637696662 4.42 2.29330053195183 6.509728322820204 3.4834484838500127e-07
15.8875 2.000000457452545 4.42 2.293302100737165 6.509740262920761 3.4359995589668213e-07
15.8925 2.0000004510085674 4.42 2.2933036740873893 6.509752238742733 3.3875978077710227e-07
15.8975 2.000000444452814 4.42 2.293305252023838 6.509764250305036 3.3383564721813413e-07
15.9025 2.0000004377995606 4.42 2.2933068345650045 6.509776297629541 3.288382826757395e-07
15.9075 2.0000004310623316 4.42 2.2933084217273563 6.509788380739588 3.237778420465162e-07
15.912500000000001 2.0000004242539156 4.42 2.293310013527133 6.509800499656616 3.1866393102280974e-07
15.9175 2.0000004173864014 4.42 2.2933116099815596 6.509812654397944 3.1350562864999374e-07
15.9225 2.0000004104712006 4.42 2.2933132111083694 6.5098248449777 3.083115091090355e-07
15.9275 2.0000004035190866 4.42 2.293314816924073 6.509837071410206 3.030896627468966e-07
15.932500000000001 2.0000003965402047 4.42 2.29331642744252 6.50984933371276 2.978477163767709e-07
15.9375 2.0000003895441343 4.42 2.2933180426751214 6.509861631905269 2.9259285286963165e-07
15.942499999999999 2.0000003825398602 4.42 2.293319662632597 6.509873966006976 2.873318300580591e-07
15.947500000000002 2.0000003755358424 4.42 2.2933212873267323 6.50988633603316 2.820709989728062e-07
15.9525 2.0000003685400167 4.42 2.293322916770571 6.509898741994812 2.768163214320586e-07
15.9575 2.0000003615598256 4.42 2.293324550976835 6.509911183901703 2.7157338700280563e-07
15.9625 2.0000003546022356 4.42 2.293326189955983 6.509923661766112 2.663474293533622e-07
15.967500000000001 2.000000347673763 4.42 2.2933278337156984 6.509936175603845 2.611433420155113e-07
15.9725 2.000000340780489 4.42 2.2933294822623296 6.509948725431547 2.5596569357429514e-07
15.9775 2.0000003339280856 4.42 2.293331135603056 6.509961311262596 2.5081874230305686e-07
15.982500000000002 2.0000003271218225 4.42 2.293332793746857 6.509973933105304 2.457064502608611e-07
15.9875 2.000000320366608 4.42 2.293334456703356 6.509986590965154 2.4063249686899673e-07
15.9925 2.0000003136669693 4.42 2.2933361244805783 6.509999284849107 2.3560029198278593e-07
15.9975 2.000000307027115 4.42 2.2933377970836486 6.51001201476811 2.3061298847459985e-07
16.002499999999998 2.0000003004509086 4.42 2.293339474515673 6.510024780735451 2.2567349434347597e-07
16.0075 2.000000293941914 4.42 2.2933411567800968 6.510037582762296 2.2078448436633472e-07
16.012500000000003 2.0000002875033975 4.42 2.2933428438824155 6.510050420854464 2.1594841130549914e-07
16.0175 2.0000002811383464 4.42 2.29334453582964 6.5100632950134605 2.1116751668666173e-07
16.0225 2.0000002748494676 4.42 2.293346232627877 6.5100762052411305 2.0644384116118412e-07
16.0275 2.000000268639231 4.42 2.293347934280149 6.510089151543823 2.0177923446628748e-07
16.0325 2.0000002625098605 4.42 2.293349640786476 6.51010213393226 1.9717536499609782e-07
16.0375 2.0000002564633474 4.42 2.2933513521463036 6.510115152416943 1.9263372899644135e-07
16.0425 2.0000002505014596 4.42 2.293353068361332 6.510128207002783 1.8815565939573976e-07
16.0475 2.000000244625766 4.42 2.293354789436405 6.510141297687413 1.8374233428404273e-07
16.052500000000002 2.0000002388376457 4.42 2.2933565153777917 6.510154424464502 1.7939478505199317e-07
16.057499999999997 2.0000002331382882 4.42 2.293358246190442 6.5101675873289855 1.7511390420109207e-07
16.0625 2.000000227528699 4.42 2.2933599818766095 6.5101807862797205 1.7090045283630125e-07
16.067500000000003 2.0000002220097355 4.42 2.2933617224368166 6.5101940213176555 1.6675506785187188e-07
16.072499999999998 2.0000002165820754 4.42 2.2933634678719415 6.510207292441864 1.6267826882072528e-07
16.0775 2.0000002112462796 4.42 2.293365218184149 6.5102205996478055 1.586704645976124e-07
16.082500000000003 2.000000206002742 4.42 2.293366973375608 6.510233942929771 1.5473195964596866e-07
16.0875 2.0000002008517397 4.42 2.2933687334462474 6.51024732228517 1.5086296009794732e-07
16.0925 2.0000001957934277 4.42 2.2933704983930276 6.510260737715932 1.4706357955698963e-07
16.0975 2.0000001908278398 4.42 2.2933722682119573 6.510274189224678 1.4333384465201186e-07
16.1025 2.0000001859548973 4.42 2.293374042901384 6.510287676808472 1.3967370035186273e-07
16.1075 2.0000001811744292 4.42 2.2933758224634198 6.510301200456108 1.360830150486623e-07
16.1125 2.0000001764861643 4.42 2.2933776069015304 6.510314760152706 1.325615854182277e-07
16.1175 2.0000001718897478 4.42 2.293379396215633 6.510328355889078 1.2910914106558013e-07
16.122500000000002 2.0000001673847265 4.42 2.2933811903986157 6.510341987668344 1.2572534896333334e-07
16.127499999999998 2.0000001629705886 4.42 2.293382989437716 6.510355655503332 1.224098176904792e-07
16.1325 2.0000001586467353 4.42 2.293384793320489 6.510369359405218 1.1916210147882653e-07
16.137500000000003 2.0000001544125037 4.42 2.2933866020412603 6.51038309937123 1.1598170407426365e-07
16.1425 2.0000001502671787 4.42 2.2933884156031867 6.510396875380739 1.1286808241959791e-07
16.1475 2.000000146209973 4.42 2.293390234014209 6.510410687402963 1.0982065016566318e-07
16.1525 2.0000001422400535 4.42 2.293392057279915 6.510424535410586 1.0683878101717262e-07
16.1575 2.000000138356539 4.42 2.2933938853986886 6.510438419388982 1.0392181191945312e-07
16.1625 2.0000001345585052 4.42 2.2933957183625813 6.510452339334588 1.010690460921907e-07
16.1675 2.0000001308449766 4.42 2.293397556162666 6.510466295244681 9.827975591599011e-08
16.1725 2.00000012721495 4.42 2.293399398794183 6.510480287107607 9.555318567739621e-08
16.177500000000002 2.00000012366739 4.42 2.293401246257295 6.510494314901321 9.288855417788932e-08
16.182499999999997 2.0000001202012174 4.42 2.293403098553303 6.510508378600618 9.02850572121375e-08
16.1875 2.0000001168153405 4.42 2.2934049556800544 6.5105224781858775 8.774186992060323e-08
16.192500000000003 2.00000011350863 4.42 2.2934068176307543 6.51053661364533 8.525814902153911e-08
16.197499999999998 2.0000001102799505 4.42 2.29340868439714 6.510550784969014 8.283303492708638e-08
16.2025 2.000000107128132 4.42 2.2934105559739333 6.510564992140291 8.046565374815384e-08
16.207500000000003 2.0000001040519937 4.42 2.293412432360393 6.510579235132903 7.815511919258784e-08
16.2125 2.0000001010503485 4.42 2.2934143135574763 6.5105935139163735 7.59005343609066e-08
16.2175 2.000000098121987 4.42 2.2934161995632003 6.510607828464844 7.370099344381876e-08
16.2225 2.000000095265687 4.42 2.293418090370485 6.510622178761192 7.155558332559918e-08
16.2275 2.0000000924802346 4.42 2.293419985969556 6.510636564792449 6.946338509716447e-08
16.2325 2.0000000897643972 4.42 2.2934218863528 6.510650986540551 6.742347548268131e-08
16.2375 2.000000087116942 4.42 2.2934237915176747 6.510665443976803 6.543492818332685e-08
16.2425 2.000000084536632 4.42 2.293425701464942 6.510679937065241 6.349681514170826e-08
16.247500000000002 2.000000082022229 4.42 2.2934276161937333 6.510694465772035 6.160820773036072e-08
16.252499999999998 2.000000079572501 4.42 2.293429535697882 6.510709030072478 5.976817786758762e-08
16.2575 2.0000000771862125 4.42 2.293431459966908 6.510723629949099 5.797579906378231e-08
16.262500000000003 2.000000074862135 4.42 2.293433388990871 6.510738265382445 5.623014740132975e-08
16.2675 2.0000000725990423 4.42 2.29343532276475 6.510752936342713 5.453030245096964e-08
16.2725 2.0000000703957146 4.42 2.293437261288358 6.51076764278992 5.2875348127480146e-08
16.2775 2.0000000682509436 4.42 2.293439204561746 6.510782384682669 5.126437348743397e-08
16.2825 2.0000000661635147 4.42 2.2934411525802014 6.510797161987654 4.9696473471604737e-08
16.2875 2.000000064132239 4.42 2.293443105333377 6.510811974681342 4.817074959460625e-08
16.2925 2.000000062155926 4.42 2.2934450628094516 6.510826822742041 4.6686310584184514e-08
16.2975 2.0000000602334054 4.42 2.293447025000636 6.5108417061394075 4.5242272972503835e-08
16.302500000000002 2.0000000583635034 4.42 2.293448991905062 6.510856624830851 4.383776164171043e-08
16.307499999999997 2.0000000565450753 4.42 2.2934509635232305 6.510871578768299 4.2471910325939035e-08
16.3125 2.0000000547769736 4.42 2.293452939852137 6.510886567909386 4.114386207184302e-08
16.317500000000003 2.000000053058076 4.42 2.2934549208823563 6.510901592223013 3.9852769659700926e-08
16.322499999999998 2.0000000513872647 4.42 2.2934569066008255 6.510916651684049 3.859779598699342e-08
16.3275 2.000000049763439 4.42 2.293458896996923 6.51093174626173 3.7378114416333894e-08
16.332500000000003 2.000000048185515 4.42 2.293460892066399 6.510946875912202 3.619290908955654e-08
16.3375 2.000000046652416 4.42 2.2934628918095123 6.510962040582052 3.5041375209650534e-08
16.3425 2.000000045163091 4.42 2.2934648962249353 6.510977240219918 3.392271929220892e-08
16.3475 2.000000043716496 4.42 2.2934669053048733 6.5109924747857875 3.283615938799273e-08
16.3525 2.0000000423116093 4.42 2.29346891903586 6.511007744249505 3.1780925278099106e-08
16.3575 2.000000040947414 4.42 2.293470937404659 6.511023048579505 3.075625864322625e-08
16.3625 2.000000039622928 4.42 2.293472960404033 6.511038387731823 2.976141320842326e-08
16.3675 2.000000038337161 4.42 2.2934749880331204 6.511053761649402 2.8795654864666076e-08
16.372500000000002 2.0000000370891593 4.42 2.2934770202919337 6.511069170272549 2.7858261768559968e-08
16.377499999999998 2.000000035877979 4.42 2.2934790571748396 6.511084613551367 2.694852442139981e-08
16.3825 2.000000034702689 4.42 2.2934810986689262 6.511100091448868 2.6065745728761123e-08
16.387500000000003 2.000000033562382 4.42 2.293483144758868 6.511115603931707 2.520924104178202e-08
16.3925 2.0000000324561578 4.42 2.293485195434057 6.5111311509565954 2.4378338181193675e-08
16.3975 2.000000031383135 4.42 2.293487250691544 6.511146732464708 2.3572377445152076e-08
16.4025 2.000000030342469 4.42 2.293489310532015 6.51116234838934 2.2790711601876012e-08
16.4075 2.000000029333293 4.42 2.293491374952266 6.511177998670251 2.2032705868016923e-08
16.4125 2.0000000283547905 4.42 2.2934934439409282 6.511193683261813 2.1297737873693996e-08
16.4175 2.0000000274061485 4.42 2.2934955174814293 6.511209402127358 2.0585197615052863e-08
16.4225 2.000000026486569 4.42 2.293497595559705 6.511225155224513 1.9894487395174985e-08
16.427500000000002 2.000000025595277 4.42 2.2934996781697756 6.511240942494563 1.922502175414004e-08
16.432499999999997 2.000000024731504 4.42 2.2935017653120395 6.511256763865719 1.857622738899331e-08
16.4375 2.0000000238945015 4.42 2.2935038569856347 6.511272619267657 1.794754306433284e-08
16.442500000000003 2.0000000230835453 4.42 2.293505953181639 6.511288508644491 1.733841951422344e-08
16.447499999999998 2.000000022297913 4.42 2.293508053883336 6.511304431954257 1.6748319336073158e-08
16.4525 2.0000000215369074 4.42 2.2935101590735227 6.511320389155012 1.6176716877107367e-08
16.457500000000003 2.00000002079985 4.42 2.2935122687424014 6.511336380189789 1.5623098114042443e-08
16.4625 2.0000000200860564 4.42 2.2935143828888975 6.511352404984109 1.5086960526510765e-08
16.4675 2.000000019394888 4.42 2.293516501513988 6.5113684634586875 1.4567812964784217e-08
16.4725 2.000000018725706 4.42 2.2935186246118775 6.511384555546251 1.4065175512314868e-08
16.4775 2.0000000180778743 4.42 2.2935207521669945 6.5114006811972605 1.3578579343564127e-08
16.4825 2.000000017450791 4.42 2.293522884159737 6.511416840368978 1.3107566577596849e-08
16.4875 2.000000016843857 4.42 2.2935250205760056 6.511433033007312 1.2651690127873112e-08
16.4925 2.000000016256493 4.42 2.2935271614119612 6.51144925903777 1.2210513548651455e-08
16.497500000000002 2.0000000156881397 4.42 2.2935293066694964 6.511465518374086 1.178361087840353e-08
16.502499999999998 2.000000015138229 4.42 2.2935314563462623 6.51148181093722 1.1370566480610908e-08
16.5075 2.000000014606234 4.42 2.293533610429163 6.5114981366677664 1.0970974882292584e-08
16.512500000000003 2.00000001409162 4.42 2.293535768897376 6.51151449552021 1.0584440610609302e-08
16.5175 2.0000000135938754 4.42 2.293537931732458 6.511530887443693 1.021057802784679e-08
16.5225 2.000000013112502 4.42 2.293540098926552 6.511547312366379 9.849011165082799e-09
16.5275 2.000000012647012 4.42 2.293542270481132 6.511563770197861 9.49937355482281e-09
16.5325 2.0000000121969306 4.42 2.2935444463971066 6.5115802608480235 9.16130806285844e-09
16.5375 2.000000011761788 4.42 2.2935466266650275 6.51159678424571 8.834466719608172e-09
16.5425 2.000000011341138 4.42 2.2935488112643707 6.5116133403400855 8.518510551169574e-09
16.5475 2.0000000109345413 4.42 2.2935510001728945 6.511629929082856 8.213109410302858e-09
16.552500000000002 2.0000000105415703 4.42 2.2935531933778908 6.511646550406821 7.917941807554907e-09
16.557499999999997 2.0000000101618065 4.42 2.293555390879118 6.5116632042203255 7.63269474271666e-09
16.5625 2.000000009794845 4.42 2.2935575926803713 6.511679890423316 7.357063536790531e-09
16.567500000000003 2.00000000944029 4.42 2.2935597987768745 6.511696608931371 7.090751664645625e-09
16.572499999999998 2.000000009097756 4.42 2.293562009149727 6.511713359686303 6.8334705885095615e-09
16.5775 2.0000000087668752 4.42 2.29356422377264 6.511730142643337 6.584939592447668e-09
16.582500000000003 2.0000000084472784 4.42 2.293566442625283 6.511746957745706 6.3448856179694084e-09
16.5875 2.0000000081386133 4.42 2.293568665701545 6.511763804908944 6.113043100881915e-09
16.5925 2.000000007840538 4.42 2.293570893005528 6.511780684028526 5.889153809511428e-09
16.5975 2.0000000075527167 4.42 2.2935731245391557 6.5117975950034905 5.672966684403895e-09
16.6025 2.0000000072748243 4.42 2.293575360293012 6.511814537753908 5.464237679597247e-09
16.6075 2.0000000070065482 4.42 2.293577600248992 6.511831512215859 5.262729605563455e-09
16.6125 2.000000006747576 4.42 2.2935798443921347 6.511848518318914 5.068211973901572e-09
16.6175 2.000000006497613 4.42 2.293582092719725 6.511865555968807 4.8804608438567945e-09
16.622500000000002 2.0000000062563696 4.42 2.293584345237481 6.511882625054749 4.6992586707382254e-09
16.627499999999998 2.000000006023561 4.42 2.2935866019444164 6.511899725478258 4.524394156296366e-09
16.6325 2.0000000057989227 4.42 2.293588862819496 6.511916857178611 4.35566210111524e-09
16.637500000000003 2.0000000055821783 4.42 2.293591127823427 6.511934020129462 4.192863259074473e-09
16.6425 2.000000005373079 4.42 2.2935933969167097 6.511951214304476 4.03580419392085e-09
16.6475 2.00000000517137 4.42 2.2935956700804225 6.511968439637777 3.88429713799134e-09
16.6525 2.0000000049768087 4.42 2.293597947322315 6.511985696012371 3.7381598531239235e-09
16.6575 2.0000000047891624 4.42 2.2936002286620303 6.5120029832883155 3.5972154937812763e-09
16.6625 2.0000000046082005 4.42 2.2936025141066776 6.512020301349274 3.4612924724164735e-09
16.6675 2.0000000044337027 4.42 2.293604803636601 6.512037650129665 3.3302243270997155e-09
16.6725 2.000000004265453 4.42 2.2936070972131644 6.512055029599868 3.203849591422242e-09
16.677500000000002 2.000000004103244 4.42 2.2936093948019725 6.51207243972201 3.082011666691951e-09
16.682499999999997 2.000000003946875 4.42 2.293611696391904 6.512089880413759 2.964558696429225e-09
16.6875 2.000000003796141 4.42 2.2936140019939812 6.512107351550507 2.8513434431676317e-09
16.692500000000003 2.000000003650868 4.42 2.293616311621507 6.512124853003247 2.7422231675655313e-09
16.697499999999998 2.000000003510857 4.42 2.2936186252690174 6.512142384678697 2.6370595098247656e-09
16.7025 2.0000000033759373 4.42 2.2936209429083503 6.5121599465268165 2.535718373415076e-09
16.707500000000003 2.000000003245928 4.42 2.293623264504905 6.512177538509891 2.438069811099907e-09
16.7125 2.0000000031206735 4.42 2.293625590039256 6.512195160561403 2.343987913252887e-09
16.7175 2.000000003000004 4.42 2.293627919514736 6.512212812571621 2.253350698455875e-09
16.7225 2.0000000028837617 4.42 2.293630252944259 6.512230494412751 2.1660400063676232e-09
16.7275 2.000000002771798 4.42 2.2936325903283996 6.512248205980724 2.08194139284537e-09
16.7325 2.000000002663964 4.42 2.2936349316446436 6.512265947215729 2.0009440273060124e-09
16.7375 2.0000000025601112 4.42 2.2936372768577127 6.512283718082582 1.9229405923075456e-09
16.7425 2.000000002460109 4.42 2.293639625941782 6.512301518528466 1.8478271853309324e-09
16.747500000000002 2.000000002363822 4.42 2.2936419788944615 6.512319348456346 1.7755032227423858e-09
16.752499999999998 2.000000002271115 4.42 2.2936443357296374 6.512337207738655 1.7058713459132603e-09
16.7575 2.0000000021818694 4.42 2.2936466964553306 6.512355096259528 1.6388373294732162e-09
16.762500000000003 2.0000000020959616 4.42 2.293649061056505 6.512373013947586 1.5743099916739494e-09
16.7675 2.000000002013272 4.42 2.293651429498619 6.512390960769238 1.5122011068356201e-09
16.7725 2.000000001933687 4.42 2.2936538017491 6.5124089366878355 1.4524253198504804e-09
16.7775 2.0000000018571047 4.42 2.2936561777975615 6.512426941625221 1.3949000627169356e-09
16.7825 2.000000001783407 4.42 2.2936585576563067 6.5124449754608325 1.339545473074084e-09
16.7875 2.000000001712498 4.42 2.2936609413402556 6.512463038069994 1.286284314709591e-09
16.7925 2.0000000016442754 4.42 2.2936633288441284 6.512481129367435 1.2350419000107067e-09
16.7975 2.0000000015786488 4.42 2.2936657201376094 6.512499249316578 1.1857460143283563e-09
16.802500000000002 2.000000001515515 4.42 2.2936681151833014 6.512517397895401 1.1383268422244898e-09
16.807499999999997 2.0000000014547905 4.42 2.2936705139616187 6.512535575049091 1.0927168955717276e-09
16.8125 2.00000000139639 4.42 2.293672916480146 6.512553780672292 1.04885094347367e-09
16.817500000000003 2.0000000013402253 4.42 2.293675322758598 6.512572014637827 1.0066659439758787e-09
16.822499999999998 2.0000000012862222 4.42 2.2936777328025246 6.512590276846847 9.661009775346101e-10
16.8275 2.0000000012342953 4.42 2.2936801465894296 6.512608567255358 9.270971822122753e-10
16.832500000000003 2.000000001184369 4.42 2.293682564080213 6.512626885852489 8.895976905683651e-10
16.8375 2.0000000011363728 4.42 2.293684985246144 6.512645232609206 8.535475682129716e-10
16.8425 2.000000001090236 4.42 2.2936874100871814 6.512663607443508 8.188937539916343e-10
16.8475 2.000000001045889 4.42 2.2936898386247906 6.512682010234184 7.855850017701686e-10
16.8525 2.0000000010032717 4.42 2.2936922708752068 6.512700440871823 7.535718237866195e-10
16.8575 2.0000000009623125 4.42 2.293694706826978 6.512718899301666 7.228064355397354e-10
16.8625 2.000000000922951 4.42 2.2936971464433324 6.5127373855192 6.932427021819997e-10
16.8675 2.000000000885133 4.42 2.2936995896878196 6.512755899521403 6.648360863857274e-10
16.872500000000002 2.0000000008487935 4.42 2.2937020365504996 6.51277444125697 6.37543597651491e-10
16.877499999999998 2.00000000081389 4.42 2.2937044870508894 6.512793010620793 6.113237430277382e-10
16.8825 2.0000000007803544 4.42 2.293706941214422 6.512811607498887 5.861364792106104e-10
16.887500000000003 2.000000000748144 4.42 2.293709399043157 6.512830231824287 5.619431659942902e-10
16.8925 2.0000000007172103 4.42 2.293711860507228 6.512848883593431 5.387065210409197e-10
16.8975 2.0000000006874963 4.42 2.2937143255653534 6.512867562827214 5.163905759406383e-10
16.9025 2.0000000006589658 4.42 2.2937167941965173 6.512886269510743 4.949606335325046e-10
16.9075 2.000000000631573 4.42 2.2937192664143398 6.512905003566079 4.743832264564636e-10
16.9125 2.0000000006052696 4.42 2.293721742250606 6.512923764883729 4.546260769081303e-10
16.9175 2.000000000580018 4.42 2.293724221722137 6.512942553385856 4.356580575677033e-10
16.9225 2.0000000005557705 4.42 2.293726704810658 6.512961369064739 4.174491536748263e-10
16.927500000000002 2.000000000532503 4.42 2.293729191474348 6.512980211960898 3.999704262219557e-10
16.932499999999997 2.000000000510168 4.42 2.29373168168145 6.512999082099195 3.831939762388433e-10
16.9375 2.0000000004887317 4.42 2.293734175436013 6.51301797943994 3.6709291014105447e-10
16.942500000000003 2.000000000468159 4.42 2.2937366727721367 6.51303690388998 3.5164130611653853e-10
16.947499999999998 2.000000000448419 4.42 2.2937391737210837 6.513055855365474 3.368141815236902e-10
16.9525 2.0000000004294796 4.42 2.2937416782803988 6.513074833850823 3.225874612755243e-10
16.957500000000003 2.0000000004113025 4.42 2.2937441864131833 6.513093839400211 3.0893794718495976e-10
16.9625 2.000000000393873 4.42 2.2937466980790866 6.513112872078701 2.9584328824608817e-10
16.9675 2.0000000003771463 4.42 2.2937492132697823 6.51313193189482 2.832819518272967e-10
16.9725 2.0000000003611076 4.42 2.293751732016794 6.5131510187858 2.712331957525793e-10
16.9775 2.0000000003457212 4.42 2.2937542543637273 6.513170132670611 2.596770412471583e-10
16.9825 2.000000000330966 4.42 2.2937567803271066 6.513189273524702 2.485942467248445e-10
16.9875 2.000000000316816 4.42 2.2937593098811284 6.513208441409189 2.3796628239439146e-10
16.9925 2.00000000030325 4.42 2.293761842980956 6.513227636426655 2.2777530566271783e-10
16.997500000000002 2.0000000002902403 4.42 2.2937643796045966 6.513246858641551 2.1800413731347317e-10
17.002499999999998 2.0000000002777685 4.42 2.2937669197758055 6.513266108036732 2.086362384396492e-10
17.0075 2.0000000002658096 4.42 2.293769463546603 6.513285384546932 1.996556881093677e-10
17.012500000000003 2.000000000254351 4.42 2.293772010954009 6.513304688141336 1.9104716174475352e-10
17.0175 2.000000000243365 4.42 2.293774561989594 6.513324018881734 1.8279591019369345e-10
17.0225 2.0000000002328377 4.42 2.2937771166100296 6.513343376902614 1.748877394751465e-10
17.0275 2.000000000222747 4.42 2.2937796747803993 6.51336276232885 1.6730899117904307e-10
17.0325 2.000000000213081 4.42 2.293782236511916 6.513382175204052 1.6004652350190377e-10
17.0375 2.0000000002038156 4.42 2.293784801859493 6.513401615495383 1.5308769290019817e-10
17.0425 2.0000000001949374 4.42 2.293787370880011 6.5134210831732275 1.4642033634353768e-10
17.0475 2.000000000186434 4.42 2.293789943588031 6.513440578295736 1.4003275415031064e-10
17.052500000000002 2.0000000001782885 4.42 2.2937925199492595 6.513460101021465 1.3391369338884482e-10
17.057499999999997 2.0000000001704827 4.42 2.2937950999190857 6.51347965153618 1.2805233182750298e-10
17.0625 2.0000000001630087 4.42 2.293797683492637 6.513499229957732 1.224382624174479e-10
17.067500000000003 2.000000000155847 4.42 2.29380027072108 6.513518836305229 1.1706147829246394e-10
17.072499999999998 2.000000000148997 4.42 2.293802861678085 6.513538470563089 1.1191235827024789e-10
17.0775 2.00000000014243 4.42 2.293805456405305 6.513558132785132 1.0698165284022763e-10
17.082500000000003 2.000000000136146 4.42 2.2938080548859063 6.513577823145186 1.0226047062332242e-10
17.0875 2.0000000001301244 4.42 2.293810657071413 6.5135975418861936 9.774026528922818e-11
17.0925 2.000000000124365 4.42 2.2938132629393335 6.513617289210683 9.341282291738098e-11
17.0975 2.0000000001188516 4.42 2.2938158725301143 6.513637065210628 8.927024978809027e-11
17.1025 2.000000000113571 4.42 2.2938184859289006 6.51365686990243 8.530496059049113e-11
17.1075 2.0000000001085185 4.42 2.29382110320672 6.51367670333915 8.150966703457084e-11
17.1125 2.000000000103682 4.42 2.2938237243733006 6.513696565700625 7.787736685468677e-11
17.1175 2.000000000099054 4.42 2.2938263493849496 6.513716457278709 7.440133319235072e-11
17.122500000000002 2.0000000000946256 4.42 2.293828978202162 6.51373637836781 7.10751043464621e-11
17.127499999999998 2.0000000000903895 4.42 2.293831610845986 6.513756329157792 6.789247387940342e-11
17.1325 2.000000000086334 4.42 2.2938342474016102 6.513776309727411 6.484748106772362e-11
17.137500000000003 2.0000000000824563 4.42 2.2938368879644733 6.513796320147206 6.193440168656252e-11
17.1425 2.0000000000787486 4.42 2.2938395325771683 6.513816360599934 5.914773911708211e-11
17.1475 2.0000000000751985 4.42 2.293842181215907 6.513836431406622 5.6482215766610584e-11
17.152500000000003 2.0000000000718052 4.42 2.293844833841715 6.513856532929335 5.393276479147802e-11
17.1575 2.0000000000685563 4.42 2.2938474904715367 6.513876665436049 5.149452211270342e-11
17.1625 2.0000000000654543 4.42 2.2938501512027143 6.5138968290543104 4.9162818715076514e-11
17.1675 2.0000000000624865 4.42 2.2938528161632377 6.513917023866271 4.693317322043751e-11
17.1725 2.0000000000596465 4.42 2.2938554854272453 6.513937250069914 4.48012847261243e-11
17.177500000000002 2.000000000056934 4.42 2.293858158970571 6.513957508064011 4.2763025899949046e-11
17.182499999999997 2.000000000054339 4.42 2.2938608367104147 6.513977798372862 4.0814436323226454e-11
17.1875 2.0000000000518594 4.42 2.2938635186005265 6.513998121465326 3.895171607363096e-11
17.192500000000003 2.0000000000494866 4.42 2.2938662047020526 6.514018477620219 3.717121953997296e-11
17.197499999999998 2.0000000000472213 4.42 2.293868895167595 6.5140388669569855 3.5469449461105654e-11
17.2025 2.000000000045058 4.42 2.293871590149557 6.514059289610568 3.3843051181490444e-11
17.207500000000003 2.0000000000429865 4.42 2.293874289710217 6.514079745902985 3.2288807116165725e-11
17.2125 2.00000000004101 4.42 2.293876993811064 6.51410023636398 3.0803631418017915e-11
17.2175 2.0000000000391216 4.42 2.293879702390742 6.5141207615829 2.9384564840531215e-11
17.2225 2.0000000000373164 4.42 2.293882415463385 6.514141322021761 2.8028769789401454e-11
17.2275 2.000000000035592 4.42 2.2938851331508525 6.5141619179542065 2.6733525556528764e-11
17.2325 2.0000000000339444 4.42 2.2938878556204805 6.514182549584397 2.549622373019669e-11
17.2375 2.0000000000323714 4.42 2.2938905829839094 6.514203217240036 2.4314363775371376e-11
17.2425 2.0000000000308704 4.42 2.2938933152475967 6.514223921466968 2.3185548778257398e-11
17.247500000000002 2.000000000029437 4.42 2.293896052359835 6.514244662939997 2.210748134944918e-11
17.252499999999998 2.0000000000280638 4.42 2.293898794312593 6.51426544226929 2.1077959680171002e-11
17.2575 2.000000000026754 4.42 2.2939015412065853 6.514286259876836 2.009487374626786e-11
17.262500000000003 2.0000000000255067 4.42 2.2939042932201485 6.514307116056098 1.915620165481758e-11
17.2675 2.0000000000243094 4.42 2.2939070505088903 6.51432801116348 1.8260006128336943e-11
17.2725 2.0000000000231717 4.42 2.293909813126271 6.514348945769957 1.7404431121762083e-11
17.277500000000003 2.0000000000220846 4.42 2.2939125810376897 6.514369920634644 1.658769856753102e-11
17.2825 2.000000000021049 4.42 2.293915354216917 6.5143909365215205 1.5808105244215266e-11
17.2875 2.000000000020057 4.42 2.293918132738721 6.5144119940234395 1.5064019764328988e-11
17.2925 2.000000000019109 4.42 2.293920916783387 6.514433093553923 1.435387967708087e-11
17.2975 2.000000000018204 4.42 2.293923706547395 6.514454235517655 1.3676188681943295e-11
17.302500000000002 2.000000000017349 4.42 2.2939265021396986 6.514475420508418 1.3029513949087888e-11
17.307499999999997 2.000000000016526 4.42 2.2939293035576713 6.514496649355307 1.2412483542840364e-11
17.3125 2.0000000000157447 4.42 2.293932110766234 6.5145179229724555 1.182378394443425e-11
17.317500000000003 2.000000000014996 4.42 2.293934923810337 6.5145392421452435 1.1262157670490973e-11
17.322499999999998 2.000000000014281 4.42 2.293937742859268 6.514560607446343 1.0726400983736076e-11
17.3275 2.0000000000136 4.42 2.293940568141151 6.514582019360877 1.0215361692605173e-11
17.332500000000003 2.0000000000129514 4.42 2.2939433998249306 6.51460347851161 9.727937036503188e-12
17.3375 2.000000000012335 4.42 2.2939462379560234 6.514624985781905 9.263071653569305e-12
17.3425 2.000000000011741 4.42 2.2939490825052804 6.514646542222928 8.81975562792712e-12
17.3475 2.00000000001118 4.42 2.2939519334892275 6.5146681488251 8.397022613500371e-12
17.3525 2.0000000000106426 4.42 2.293954791053941 6.514689806358824 7.993948031554159e-12
17.3575 2.0000000000101332 4.42 2.293957655445614 6.51471151543098 7.609647339245447e-12
17.3625 2.0000000000096443 4.42 2.293960526892114 6.514733276710922 7.2432743665411854e-12
17.3675 2.0000000000091784 4.42 2.2939634055011897 6.514755091124804 6.89401971895707e-12
17.372500000000002 2.000000000008735 4.42 2.293966291268152 6.514776959841392 6.561109243664807e-12
17.377499999999998 2.000000000008315 4.42 2.2939691841885717 6.514798884057916 6.243802556593064e-12
17.3825 2.0000000000079097 4.42 2.2939720843761005 6.5148208647761665 5.9413916282289025e-12
17.387500000000003 2.0000000000075264 4.42 2.293974992078616 6.514842902772216 5.653199425918922e-12
17.3925 2.0000000000071596 4.42 2.2939779075757274 6.514864998792064 5.378578610527765e-12
17.3975 2.0000000000068106 4.42 2.2939808310479486 6.5148871538012685 5.116910285401182e-12
17.402500000000003 2.000000000006482 4.42 2.293983762535654 6.514909369063577 4.867602795651704e-12
17.4075 2.0000000000061666 4.42 2.293986702027264 6.514931645973453 4.630090575845321e-12
17.4125 2.000000000005862 4.42 2.2939896495997925 6.514953985788931 4.403833044246094e-12
17.4175 2.000000000005574 4.42 2.293992605485523 6.514976389505113 4.188313541840342e-12
17.4225 2.000000000005301 4.42 2.2939955700025276 6.514998857986992 3.983038314416226e-12
17.427500000000002 2.000000000005042 4.42 2.293998543408734 6.515021392247817 3.7875355360489944e-12
17.432499999999997 2.0000000000047966 4.42 2.294001525810089 6.515043993624496 3.601354372393177e-12
17.4375 2.000000000004559 4.42 2.2940045172075902 6.515066663688504 3.424064082240977e-12
17.442500000000003 2.0000000000043316 4.42 2.2940075176441375 6.515089403966728 3.2552531558690897e-12
17.447499999999998 2.00000000000412 4.42 2.294010527320592 6.515112215720967 3.0945284887390003e-12
17.4525 2.0000000000039155 4.42 2.2940135465749383 6.515135099988093 2.9415145891762422e-12
17.457500000000003 2.0000000000037215 4.42 2.2940165757398554 6.515158057851795 2.7958528187036907e-12
17.4625 2.0000000000035367 4.42 2.294019615004715 6.515181090705863 2.6572006637465426e-12
17.4675 2.0000000000033635 4.42 2.294022664407451 6.515204200270176 2.5252310374797853e-12
17.4725 2.000000000003194 4.42 2.2940257239673167 6.515227388338386 2.399631610634324e-12
17.4775 2.0000000000030353 4.42 2.29402879384202 6.5152506564792 2.280104170115116e-12
17.4825 2.000000000002885 4.42 2.2940318743673185 6.5152740059614915 2.1663640043359066e-12
17.4875 2.0000000000027414 4.42 2.294034965939775 6.515297437978063 2.0581393142097795e-12
17.4925 2.000000000002606 4.42 2.2940380688446598 6.5153209539738794 1.9551706487759448e-12
17.497500000000002 2.0000000000024727 4.42 2.2940411831836918 6.515344555784161 1.8572103644830364e-12
17.502499999999998 2.00000000000235 4.42 2.294044308971306 6.515368245451577 1.7640221071837762e-12
17.5075 2.0000000000022307 4.42 2.294047446317098 6.5153920248793185 1.6753803159313343e-12
17.512500000000003 2.0000000000021196 4.42 2.2940505955313735 6.51541589563062 1.5910697477054156e-12
17.5175 2.0000000000020117 4.42 2.294053757055557 6.515439859061777 1.5108850222237904e-12
17.5225 2.000000000001908 4.42 2.294056931275306 6.515463916678534 1.434630186031255e-12
17.527500000000003 2.0000000000018137 4.42 2.294060118382551 6.515488070399285 1.3621182950881632e-12
17.5325 2.0000000000017217 4.42 2.294063318413495 6.515512322483197 1.2931710151075968e-12
17.5375 2.000000000001635 4.42 2.2940665314337485 6.515536675178185 1.2276182389220486e-12
17.5425 2.000000000001553 4.42 2.2940697577070486 6.515561130400121 1.1652977201876508e-12
17.5475 2.0000000000014726 4.42 2.294072997693592 6.515585689736479 1.1060547227580813e-12
17.552500000000002 2.000000000001397 4.42 2.294076251873886 6.515610354782294 1.0497416850895168e-12
17.557499999999997 2.0000000000013247 4.42 2.2940795205525766 6.515635127514166 9.962178990605189e-13
17.5625 2.0000000000012577 4.42 2.294082803820218 6.515660010363568 9.453492026144965e-13
17.567500000000003 2.0000000000011924 4.42 2.294086101713246 6.515685005912678 8.970076856576921e-13
17.572499999999998 2.000000000001135 4.42 2.2940894144333948 6.515710116477047 8.510714086645167e-13
17.5775 2.0000000000010734 4.42 2.294092742428805 6.515735343951629 8.074241334658963e-13
17.582500000000003 2.0000000000010196 4.42 2.294096086258069 6.515760690070142 7.659550657166315e-13
17.5875 2.000000000000968 4.42 2.2940994463534228 6.515786156856454 7.265586085558718e-13
17.5925 2.0000000000009157 4.42 2.2941028228953924 6.515811746863751 6.891341269957405e-13
17.5975 2.0000000000008695 4.42 2.29410621591729 6.515837462976004 6.535857225913627e-13
17.6025 2.000000000000825 4.42 2.2941096255527196 6.515863307937109 6.198220179615804e-13
17.6075 2.0000000000007816 4.42 2.294113052205603 6.515889284027578 5.87755950748984e-13
17.6125 2.00000000000074 4.42 2.2941164964846905 6.515915393189691 5.573045766227532e-13
17.6175 2.000000000000704 4.42 2.2941199589535435 6.515941637503998 5.28388880943862e-13
17.622500000000002 2.0000000000006706 4.42 2.294123439917341 6.515968019595706 5.009335987280818e-13
17.627499999999998 2.0000000000006333 4.42 2.294126939442704 6.515994542597346 4.748670425561128e-13
17.6325 2.0000000000006004 4.42 2.294130457601416 6.5160212096850785 4.501209380942697e-13
17.637500000000003 2.00000000000057 4.42 2.294133994723996 6.516048023596268 4.2663026690367166e-13
17.6425 2.000000000000541 4.42 2.294137551431723 6.516074986568884 4.043331162273969e-13
17.6475 2.000000000000514 4.42 2.2941411284091973 6.516102100774991 3.831705354587895e-13
17.652500000000003 2.000000000000485 4.42 2.2941447261153485 6.516129368871399 3.6308639900603315e-13
17.6575 2.0000000000004596 4.42 2.2941483446949724 6.516156794168474 3.440272752788996e-13
17.6625 2.0000000000004325 4.42 2.2941519841797517 6.516184380247717 3.259423015355969e-13
17.6675 2.0000000000004126 4.42 2.2941556448061347 6.516212130356825 3.0878306433827817e-13
17.6725 2.0000000000003912 4.42 2.2941593271632486 6.5162400471283775 2.9250348537531406e-13
17.677500000000002 2.0000000000003704 4.42 2.2941630320280995 6.516268132893979 2.7705971241940237e-13
17.682499999999997 2.0000000000003517 4.42 2.2941667600264997 6.51629639033022 2.624100151993891e-13
17.6875 2.000000000000333 4.42 2.29417051142447 6.516324822856166 2.4851468597291215e-13
17.692500000000003 2.000000000000311 4.42 2.2941742862487615 6.516353434404158 2.353359445963151e-13
17.697499999999998 2.0000000000002975 4.42 2.2941780846416413 6.516382228744526 2.2283784789587846e-13
17.7025 2.0000000000002798 4.42 2.294181907134887 6.5164112089641435 2.109862031532009e-13
17.707500000000003 2.0000000000002656 4.42 2.2941857545861906 6.51644037758778 1.9974848552529545e-13
17.7125 2.000000000000254 4.42 2.2941896278173832 6.516469737267224 1.890937592269996e-13
17.7175 2.000000000000239 4.42 2.2941935272683276 6.516499291440505 1.7899260231097167e-13
17.7225 2.000000000000226 4.42 2.2941974529815408 6.516529044361384 1.6941703488745319e-13
17.7275 2.000000000000213 4.42 2.2942014049475246 6.516559000442006 1.6034045063210607e-13
17.7325 2.0000000000002034 4.42 2.294205383516334 6.516589163469412 1.5173755143727795e-13
17.7375 2.000000000000191 4.42 2.2942093895097093 6.516619536392193 1.4358428506770248e-13
17.7425 2.0000000000001803 4.42 2.294213423924198 6.516650121885935 1.3585778568762728e-13
17.747500000000002 2.000000000000172 4.42 2.294217487479054 6.51668092321419 1.2853631713213541e-13
17.752499999999998 2.000000000000161 4.42 2.294221580408718 6.516711944623711 1.215992188006747e-13
17.7575 2.0000000000001545 4.42 2.2942257026900643 6.516743190911843 1.1502685405597978e-13
17.762500000000003 2.0000000000001474 4.42 2.2942298545086275 6.516774666538863 1.0880056101682154e-13
17.7675 2.00000000000014 4.42 2.294234036549411 6.516806375074335 1.0290260563738462e-13
17.7725 2.0000000000001306 4.42 2.2942382498480396 6.516838319480565 9.731613697098557e-14
17.777500000000003 2.0000000000001226 4.42 2.2942424953295637 6.516870502990773 9.202514452018927e-14
17.7825 2.0000000000001132 4.42 2.2942467734463405 6.51690292979859 8.701441757939412e-14
17.7875 2.0000000000001092 4.42 2.2942510842439727 6.516935604932454 8.226950648023278e-14
17.7925 2.0000000000001035 4.42 2.2942554278025087 6.516968533415502 7.77766856539771e-14
17.7975 2.0000000000000973 4.42 2.2942598046593012 6.51700171946038 7.352291842866646e-14
17.802500000000002 2.0000000000000906 4.42 2.2942642158296707 6.517035166429799 6.949582348250804e-14
17.807499999999997 2.0000000000000866 4.42 2.2942686623996806 6.517068877611826 6.568364287833865e-14
17.8125 2.0000000000000835 4.42 2.294273145053186 6.517102857120254 6.207521160722045e-14
17.817500000000003 2.0000000000000817 4.42 2.294277663961483 6.517137110104537 5.865992857253413e-14
17.822499999999998 2.000000000000076 4.42 2.2942822191423615 6.517171642065957 5.54277289487123e-14
17.8275 2.0000000000000706 4.42 2.294286810970977 6.517206457884725 5.236905785181357e-14
17.832500000000003 2.0000000000000675 4.42 2.2942914403812624 6.517241561436243 4.947484526188133e-14
17.8375 2.000000000000063 4.42 2.2942961085691547 6.517276956155945 4.673648213955602e-14
17.8425 2.0000000000000595 4.42 2.294300816457775 6.517312646057296 4.414579768207426e-14
17.8475 2.000000000000057 4.42 2.2943055644057484 6.517348636286844 4.1695037666202216e-14
17.8525 2.0000000000000537 4.42 2.2943103524281 6.517384932703266 3.937684382785967e-14
17.8575 2.0000000000000524 4.42 2.2943151807389937 6.517421540843644 3.718423423057854e-14
17.8625 2.0000000000000484 4.42 2.294320050129837 6.51745846520317 3.511058457695974e-14
17.8675 2.000000000000046 4.42 2.294324961836317 6.517495709487903 3.314961041935884e-14
17.872500000000002 2.0000000000000435 4.42 2.294329917004958 6.517533277629985 3.1295350228023104e-14
17.877499999999998 2.00000000000004 4.42 2.294334916235242 6.51757117465894 2.9542149276730314e-14
17.8825 2.000000000000039 4.42 2.2943399596141223 6.517609406635435 2.788464430776476e-14
17.887500000000003 2.000000000000035 4.42 2.294345047221515 6.517647979688287 2.6317748939849943e-14
17.8925 2.000000000000033 4.42 2.2943501796578554 6.517686899009462 2.4836639784191704e-14
17.8975 2.0000000000000315 4.42 2.2943553581157303 6.517726168717096 2.343674323543636e-14
17.902500000000003 2.0000000000000284 4.42 2.2943605839211147 6.517765792728338 2.2113722905839437e-14
17.9075 2.000000000000028 4.42 2.294365857948927 6.517805775871425 2.0863467672323648e-14
17.9125 2.0000000000000266 4.42 2.294371180439946 6.5178461242335395 1.968208030753666e-14
17.9175 2.0000000000000275 4.42 2.2943765513935617 6.517886844412282 1.8565866667326356e-14
17.9225 2.0000000000000258 4.42 2.294381971192859 6.517927942324807 1.7511325408258718e-14
17.927500000000002 2.000000000000025 4.42 2.294387440900601 6.517969422643497 1.6515138210073735e-14
17.932499999999997 2.000000000000022 4.42 2.2943929619505488 6.518011289382848 1.5574160479078417e-14
17.9375 2.0000000000000204 4.42 2.2943985355001297 6.518053547131056 1.4685412509578057e-14
17.942500000000003 2.0000000000000187 4.42 2.2944041620231075 6.518096201824618 1.384607108153409e-14
17.947499999999998 2.0000000000000178 4.42 2.2944098415167073 6.518139260353002 1.3053461473585179e-14
17.9525 2.0000000000000173 4.42 2.294415574149826 6.518182729323557 1.230504987157115e-14
17.957500000000003 2.0000000000000173 4.42 2.2944213607754818 6.518226614084855 1.1598436153612134e-14
17.9625 2.000000000000017 4.42 2.294427202839988 6.518270918898576 1.093134703364262e-14
17.9675 2.000000000000014 4.42 2.294433101756386 6.518315648131343 1.030162954616881e-14
17.9725 2.0000000000000138 4.42 2.2944390582963576 6.518360807411291 9.707244855816822e-15
17.9775 2.0000000000000133 4.42 2.2944450725517638 6.518406403700093 9.146262375972822e-15
17.9825 2.0000000000000124 4.42 2.294451144514933 6.518452444186965 8.616854181588929e-15
17.9875 2.0000000000000124 4.42 2.2944572747678134 6.518498934975385 8.117289701896702e-15
17.9925 2.000000000000013 4.42 2.2944634646584614 6.518545880745815 7.645930679444714e-15
17.997500000000002 2.0000000000000124 4.42 2.2944697157913554 6.51859328572478 7.201226382521137e-15
18.002499999999998 2.0000000000000124 4.42 2.294476029274807 6.518641155116284 6.78170905861972e-15
18.0075 2.000000000000009 4.42 2.2944824054005846 6.518689495710325 6.385989617187698e-15
18.012500000000003 2.000000000000009 4.42 2.2944888440577706 6.518738315093525 6.012753530463734e-15
18.0175 2.0000000000000075 4.42 2.2944953455261548 6.518787620137163 5.660756941718392e-15
18.0225 2.0000000000000098 4.42 2.294501910940755 6.5188374161113245 5.328822970734215e-15
18.027500000000003 2.0000000000000067 4.42 2.29450854199689 6.518887707244851 5.0158382068412915e-15
18.0325 2.0000000000000067 4.42 2.294515240140925 6.518938498264376 4.720749380271826e-15
18.0375 2.000000000000006 4.42 2.294522005965057 6.518989795544863 4.4425602030500756e-15
18.0425 2.0000000000000058 4.42 2.2945288393608116 6.519041606815646 4.1803283710504954e-15
18.0475 2.0000000000000058 4.42 2.2945357403148554 6.519093939643647 3.933162719245543e-15
18.052500000000002 2.0000000000000053 4.42 2.294542709644835 6.519146800030743 3.700220522561111e-15
18.057499999999997 2.0000000000000053 4.42 2.2945497490056717 6.519200192400024 3.480704935111206e-15
18.0625 2.0000000000000058 4.42 2.294556860137432 6.519254121025799 3.273862560930351e-15
18.067500000000003 2.0000000000000058 4.42 2.294564044013033 6.519308591654237 3.0789811496620137e-15
18.072499999999998 2.0000000000000058 4.42 2.2945713006560275 6.519363611848279 2.8953874109634867e-15
18.0775 2.0000000000000053 4.42 2.294578629815647 6.519419189700525 2.722444941698538e-15
18.082500000000003 2.0000000000000053 4.42 2.2945860319142755 6.51947533202749 2.5595522602748134e-15
18.0875 2.000000000000005 4.42 2.2945935084155606 6.5195320436667945 2.4061409427495075e-15
18.0925 2.000000000000005 4.42 2.294601061258862 6.519589328551747 2.261673855594885e-15
18.0975 2.000000000000005 4.42 2.2946086918417414 6.519647191646206 2.125643480262785e-15
18.1025 2.000000000000005 4.42 2.294616400459688 6.5197056400089455 1.9975703249176194e-15
18.1075 2.0000000000000053 4.42 2.2946241867284325 6.5197646819874135 1.877001418941863e-15
18.1125 2.0000000000000053 4.42 2.2946320506393993 6.519824325206222 1.7635088860270809e-15
18.1175 2.0000000000000053 4.42 2.2946399933104096 6.519884575135773 1.656688591869508e-15
18.122500000000002 2.000000000000004 4.42 2.29464801673704 6.519945435563266 1.5561588626868252e-15
18.127499999999998 2.000000000000004 4.42 2.2946561227341356 6.5200069106053125 1.4615592709560359e-15
18.1325 2.000000000000004 4.42 2.2946643120013217 6.5200690064843805 1.372549484949523e-15
18.137500000000003 2.000000000000004 4.42 2.2946725841683335 6.520131731439967 1.2888081788186515e-15
18.1425 2.000000000000004 4.42 2.294680938815623 6.5201950937831885 1.21003200012937e-15
18.1475 2.000000000000004 4.42 2.294689376576704 6.520259099795796 1.135934591911683e-15
18.152500000000003 2.0000000000000018 4.42 2.2946978993197655 6.52032375338192 1.0662456664299523e-15
18.1575 2.0000000000000018 4.42 2.294706509206863 6.520389057856373 1.0007101280169177e-15
18.1625 2.0000000000000018 4.42 2.2947152074451416 6.520455018319114 9.390872424494482e-16
18.1675 2.0000000000000018 4.42 2.2947239938577524 6.5205216424692605 8.811498504694486e-16
18.1725 2.0000000000000018 4.42 2.2947328676987047 6.520588939051127 8.266836231702492e-16
18.177500000000002 2.0000000000000018 4.42 2.294741829016795 6.520656915255123 7.754863570864735e-16
18.182499999999997 2.0000000000000018 4.42 2.29475087934397 6.520725575404632 7.27367306931263e-16
18.1875 2.0000000000000018 4.42 2.294760021051019 6.520794922179676 6.821465540280686e-16
18.192500000000003 2.0 4.42 2.2947692559049884 6.520864959360019 6.396544085842099e-16
18.197499999999998 2.0 4.42 2.2947785841149946 6.520935693638485 5.997308440439854e-16
18.2025 2.0 4.42 2.2947880047597593 6.52100713380406 5.622249618500429e-16
18.207500000000003 2.0 4.42 2.2947975172629453 6.521079287930556 5.2699448502596525e-16
18.2125 2.0 4.42 2.2948071226087885 6.521152161059654 4.93905279071934e-16
18.2175 2.0 4.42 2.2948168231728374 6.521225755520098 4.628308987433641e-16
18.2225 2.0 4.42 2.2948266212633337 6.521300073701057 4.3365215935479206e-16
18.2275 2.0 4.42 2.294836517654622 6.521375120840543 4.0625673131913603e-16
18.2325 2.0 4.42 2.294846511456866 6.521450905270114 3.805387566999712e-16
18.2375 2.0 4.42 2.294856601500014 6.521527435777288 3.5639848661564296e-16
18.2425 2.0 4.42 2.2948667880297373 6.521604718374238 3.337419383936668e-16
18.247500000000002 2.0 4.42 2.2948770731746637 6.521682755405284 3.1248057143079563e-16
18.252499999999998 2.0 4.42 2.294887459702708 6.521761547910876 2.9253098076719056e-16
18.2575 2.0 4.42 2.2948979491296173 6.521841099224462 2.738146074341061e-16
18.262500000000003 2.0 4.42 2.294908540880221 6.5219214165654975 2.562574646836989e-16
18.2675 2.0 4.42 2.2949192333107318 6.522002509090132 2.397898792543991e-16
18.2725 2.0 4.42 2.2949300257333025 6.52208438403431 2.243462468698939e-16
18.277500000000003 2.0 4.42 2.2949409196366743 6.5221670443871105 2.0986480121124333e-16
18.2825 1.999999999999999 4.42 2.2949519179633215 6.522250490263278 1.9628739564043895e-16
18.2875 1.999999999999999 4.42 2.2949630230345486 6.522334722849019 1.835592969918436e-16
18.2925 1.999999999999999 4.42 2.294974234965869 6.522419747414462 1.7162899078350175e-16
18.2975 1.999999999999999 4.42 2.294985552026394 6.522505572625986 1.6044799723346216e-16
18.302500000000002 1.999999999999999 4.42 2.2949969726697566 6.522592206677144 1.4997069749917194e-16
18.307499999999997 1.999999999999999 4.42 2.2950084974356204 6.522679653666081 1.4015416958789695e-16
18.3125 1.999999999999999 4.42 2.2950201289914594 6.522767913512606 1.3095803341512223e-16
18.317500000000003 1.999999999999999 4.42 2.2950318702334056 6.522856985569285 1.2234430451568944e-16
18.322499999999998 1.999999999999999 4.42 2.2950437221286286 6.522946872724315 1.1427725593789742e-16
18.3275 1.999999999999999 4.42 2.295055683253802 6.523037582276168 1.067232878759767e-16
18.332500000000003 1.999999999999999 4.42 2.295067751482344 6.523129122718645 9.965080461975505e-17
18.3375 1.999999999999999 4.42 2.2950799263277792 6.523221499277341 9.303009842227782e-17
18.3425 1.999999999999999 4.42 2.2950922098252335 6.523314712228521 8.683323990761679e-17
18.3475 1.999999999999999 4.42 2.295104605122969 6.523408759576184 8.103397466108141e-17
18.3525 1.999999999999999 4.42 2.295117114022797 6.523503641729468 7.560762566279464e-17
18.3575 1.999999999999999 4.42 2.29512973568547 6.523599363962707 7.053100124398575e-17
18.3625 1.999999999999999 4.42 2.2951424676971586 6.5236959343819265 6.578230826221306e-17
18.3675 1.999999999999999 4.42 2.295155308568898 6.523793359164349 6.134107020799075e-17
18.372500000000002 1.999999999999999 4.42 2.2951682594237894 6.523891639343914 5.718804997075156e-17
18.377499999999998 1.999999999999999 4.42 2.2951813233259353 6.523990772084925 5.3305177006574896e-17
18.3825 1.999999999999999 4.42 2.2951945028190384 6.524090755362755 4.967547866390718e-17
18.387500000000003 1.999999999999999 4.42 2.29520779787657 6.524191591861096 4.628301543676607e-17
18.3925 1.999999999999999 4.42 2.295221206129741 6.524293288534257 4.311281992709987e-17
18.3975 1.999999999999999 4.42 2.295234725206151 6.524395852152824 4.015083930993497e-17
18.402500000000003 1.999999999999999 4.42 2.2952483550956733 6.524499284797733 3.738388110606424e-17
18.4075 1.999999999999999 4.42 2.2952620983990943 6.524603583383685 3.4799562077489795e-17
18.4125 1.999999999999999 4.42 2.2952759581957434 6.52470874371363 3.2386260070974817e-17
18.4175 1.999999999999999 4.42 2.295289935418743 6.524814765470012 3.0133068644533184e-17
18.4225 1.999999999999999 4.42 2.2953040281063357 6.524921653635694 2.802975432056292e-17
18.427500000000002 1.999999999999999 4.42 2.295318233241781 6.525029414988925 2.6066716317996914e-17
18.432499999999997 1.999999999999999 4.42 2.295332549563698 6.525138052751844 2.4234948623805447e-17
18.4375 1.999999999999999 4.42 2.295346978820316 6.525247564200365 2.2526004271834337e-17
18.442500000000003 1.999999999999999 4.42 2.295361524302107 6.525357943453194 2.0931961704266196e-17
18.447499999999998 1.999999999999999 4.42 2.29537618792796 6.525469187013138 1.9445393097726294e-17
18.4525 1.999999999999999 4.42 2.2953909684931797 6.525581297097311 1.8059334542626272e-17
18.457500000000003 1.999999999999999 4.42 2.295405862687291 6.525694279696692 1.6767257970464457e-17
18.4625 1.999999999999999 4.42 2.2954208680161137 6.525808139012307 1.5563044729551618e-17
18.4675 1.999999999999999 4.42 2.2954359850232926 6.525922873224755 1.444096071519666e-17
18.4725 1.999999999999999 4.42 2.2954512167871894 6.526038475448445 1.339563296557488e-17
18.4775 1.999999999999999 4.42 2.295466566090839 6.526154939113487 1.2422027639381316e-17
18.4825 1.999999999999999 4.42 2.2954820327743763 6.526272263000067 1.1515429296094931e-17
18.4875 1.999999999999999 4.42 2.2954976136674485 6.526390451363534 1.0671421404044358e-17
18.4925 1.999999999999999 4.42 2.2955133052187553 6.526509508927551 9.885868005642797e-18
18.497500000000002 1.999999999999999 4.42 2.2955291065050774 6.526629435155537 9.154896473120956e-18
18.502499999999998 1.999999999999999 4.42 2.2955450199079293 6.526750222960328 8.474881291799998e-18
18.5075 1.999999999999999 4.42 2.2955610487925213 6.526871863117593 7.842428811472353e-18
18.512500000000003 1.999999999999999 4.42 2.2955771942170364 6.526994350524031 7.254362909821711e-18
18.5175 1.999999999999999 4.42 2.2955934536234333 6.527117686685066 6.707711514926998e-18
18.5225 1.999999999999999 4.42 2.2956098227403823 6.527241876090903 6.1996939369092815e-18
18.527500000000003 1.999999999999999 4.42 2.2956262990564436 6.527366919605298 5.7277089615953624e-18
18.5325 1.999999999999999 4.42 2.295642883762805 6.527492810766618 5.289323661716265e-18
18.5375 1.999999999999999 4.42 2.295659580370637 6.527619538415983 4.88226288369997e-18
18.5425 1.999999999999999 4.42 2.2956763911674116 6.5277470934368145 4.504399370495026e-18
18.5475 1.999999999999999 4.42 2.295693314659079 6.5278754736183595 4.1537444830917074e-18
18.552500000000002 1.999999999999999 4.42 2.295710346336433 6.528004682194581 3.8284394855592906e-18
18.557499999999997 1.999999999999999 4.42 2.2957274821621 6.528134721207182 3.5267473604068995e-18
18.5625 1.999999999999999 4.42 2.2957447216993025 6.528265585550642 3.2470451229757577e-18
18.567500000000003 1.999999999999999 4.42 2.2957620680426634 6.528397263101736 2.987816605371788e-18
18.572499999999998 1.999999999999999 4.42 2.2957795245228327 6.528529740986779 2.7476456821229425e-18
18.5775 1.999999999999999 4.42 2.295797091072903 6.528663012491958 2.5252099113564493e-18
18.582500000000003 1.999999999999999 4.42 2.2958147635340573 6.528797078381574 2.3192745667979148e-18
18.5875 1.999999999999999 4.42 2.2958325366159564 6.528931941263482 2.1286870373103886e-18
18.5925 1.999999999999999 4.42 2.2958504079425612 6.52906759789006 1.9523715720450053e-18
18.5975 1.999999999999999 4.42 2.2958683795538137 6.529204036299644 1.7893243505437943e-18
18.6025 1.999999999999999 4.42 2.295886455423865 6.529341240536169 1.6386088583244696e-18
18.6075 1.999999999999999 4.42 2.295904637117395 6.529479198910489 1.4993515496192538e-18
18.6125 1.999999999999999 4.42 2.295922921459151 6.529617908431435 1.3707377799990477e-18
18.6175 1.999999999999999 4.42 2.2959413023940543 6.529757371264947 1.2520079926225654e-18
18.622500000000002 1.999999999999999 4.42 2.295959775490311 6.52989758616583 1.1424541428023182e-18
18.627499999999998 1.999999999999999 4.42 2.2959783410910624 6.530038542480973 1.0414163464724423e-18
18.6325 1.999999999999999 4.42 2.295997003209873 6.53018022224931 9.482797389885665e-19
18.637500000000003 1.999999999999999 4.42 2.296015765025043 6.530322608771462 8.624715314905819e-19
18.6425 1.999999999999999 4.42 2.296034624942806 6.530465694096701 7.834582528050266e-19
18.6475 1.999999999999999 4.42 2.2960535768235992 6.530609478590572 7.107431655771579e-19
18.652500000000003 1.999999999999999 4.42 2.2960726143153067 6.530753962690508 6.438638459903007e-19
18.6575 1.999999999999999 4.42 2.2960917355059216 6.530899138054551 5.823899170570277e-19
18.6625 1.999999999999999 4.42 2.2961109436786513 6.531044986124396 5.259209260639081e-19
18.6675 1.999999999999999 4.42 2.296130243337621 6.531191485684412 4.740843573105156e-19
18.6725 1.999999999999999 4.42 2.296149634940523 6.531338622879646 4.26533771808331e-19
18.677500000000002 1.999999999999999 4.42 2.2961691130815627 6.531486394670537 3.829470661057373e-19
18.682499999999997 1.999999999999999 4.42 2.296188669911541 6.531634802326208 3.430248428710206e-19
18.6875 1.999999999999999 4.42 2.2962083008845977 6.531783840493002 3.06488886306849e-19
18.692500000000003 1.999999999999999 4.42 2.2962280076879273 6.531933491621884 2.7308073588662823e-19
18.697499999999998 1.999999999999999 4.42 2.296247795572434 6.532083731045626 2.4256035229217393e-19
18.7025 1.999999999999999 4.42 2.2962676672934013 6.532234538503273 2.14704869802523e-19
18.707500000000003 1.999999999999999 4.42 2.2962876190506014 6.532385905861006 1.893074297304423e-19
18.7125 1.999999999999999 4.42 2.2963076422140682 6.532537833828707 1.6617608982887026e-19
18.7175 1.999999999999999 4.42 2.296327729498425 6.532690320216164 1.451328048983876e-19
18.7225 1.999999999999999 4.42 2.2963478801318127 6.53284335010243 1.2601247411609931e-19
18.7275 1.999999999999999 4.42 2.2963680992548006 6.532996896979716 1.0866205087797007e-19
18.7325 1.999999999999999 4.42 2.296388391855341 6.533150934288772 9.29397112043922e-20
18.7375 1.999999999999999 4.42 2.296408756553503 6.533305447239185 7.871407699921531e-20
18.7425 1.999999999999999 4.42 2.296429184915173 6.533460434113892 6.586349067971357e-20
18.747500000000002 1.999999999999999 4.42 2.2964496671608794 6.533615895411665 5.427533790884865e-20
18.752499999999998 1.999999999999999 4.42 2.296470199320206 6.533771820241427 4.384541536177126e-20
18.7575 1.999999999999999 4.42 2.296490785341982 6.533928182310413 3.447734064747373e-20
18.762500000000003 1.999999999999999 4.42 2.2965114320056155 6.53408494960282 2.6082001684611825e-20
18.7675 1.999999999999999 4.42 2.2965321409809256 6.534242099480412 1.8577042996960665e-20
18.7725 1.999999999999999 4.42 2.296552905191583 6.534399625597983 1.1886386551556178e-20
18.777500000000003 1.999999999999999 4.42 2.296573713009967 6.534557529925829 5.939784910135591e-21
18.7825 1.999999999999999 4.42 2.2965945567836945 6.534715806535745 6.724046030163517e-22
18.7875 1.999999999999999 4.42 2.296615438059842 6.534874431668149 -3.975562234699952e-21
18.7925 1.999999999999999 4.42 2.2966363645599195 6.5350333694867615 -8.059259802220545e-21
18.7975 1.999999999999999 4.42 2.2966573413130695 6.5351925889414915 -1.1629505870119443e-20
18.802500000000002 1.999999999999999 4.42 2.296678363834348 6.535352076741193 -1.4733105929552345e-20
18.807499999999997 1.999999999999999 4.42 2.2966994197140087 6.535511834331462 -1.7413145766415657e-20
18.8125 1.999999999999999 4.42 2.2967204975344897 6.535671860938455 -1.970926387775956e-20
18.817500000000003 1.999999999999999 4.42 2.2967415952354218 6.535832137663199 -2.165790505805466e-20
18.822499999999998 1.999999999999999 4.42 2.2967627201988905 6.535992627321372 -2.3292556398931573e-20
18.8275 1.999999999999999 4.42 2.2967838806164806 6.53615329086277 -2.4643966866886597e-20
18.832500000000003 1.999999999999999 4.42 2.296805075728634 6.536314105937411 -2.5740351549340736e-20
18.8375 1.999999999999999 4.42 2.296826293896107 6.536475070570001 -2.6607581589896113e-20
18.8425 1.999999999999999 4.42 2.296847520586652 6.536636187976496 -2.726936076826485e-20
18.8475 1.999999999999999 4.42 2.296868749256278 6.536797445864217 -2.774738961909743e-20
18.8525 1.999999999999999 4.42 2.296889985168962 6.5369588091433375 -2.806151792648458e-20
18.8575 1.999999999999999 4.42 2.2969112384261954 6.537120233153469 -2.822988637694002e-20
18.8625 1.999999999999999 4.42 2.2969325123690063 6.537281685723254 -2.826905810313911e-20
18.8675 1.999999999999999 4.42 2.2969537979298913 6.53744315799022 -2.8194140803258544e-20
18.872500000000002 1.999999999999999 4.42 2.296975079215446 6.537604653935203 -2.8018900076296314e-20
18.877499999999998 1.999999999999999 4.42 2.296996345373304 6.537766167936976 -2.7755864572082803e-20
18.8825 1.999999999999999 4.42 2.297017598008657 6.537927670569934 -2.74164235156174e-20
18.887500000000003 1.999999999999999 4.42 2.2970388473375998 6.538089115448904 -2.7010917128765422e-20
18.8925 1.999999999999999 4.42 2.297060100385579 6.538250460958606 -2.6548720438027765e-20
18.8975 1.999999999999999 4.42 2.297081351818744 6.538411687332209 -2.603832092496672e-20
18.902500000000003 1.999999999999999 4.42 2.297102585833058 6.538572793965162 -2.5487390445766706e-20
18.9075 1.999999999999999 4.42 2.2971237876856425 6.538733780119213 -2.4902851818191723e-20
18.9125 1.999999999999999 4.42 2.2971449546800553 6.538894627262895 -2.4290940447810776e-20
18.9175 1.999999999999999 4.42 2.2971660965921648 6.539055298772704 -2.365726134064557e-20
18.9225 1.999999999999999 4.42 2.2971872246009237 6.539215754669618 -2.3006841826218516e-20
18.927500000000002 1.999999999999999 4.42 2.2972083379226245 6.539375963187652 -2.2344180293351915e-20
18.932499999999997 1.999999999999999 4.42 2.297229419764981 6.53953589498988 -2.167329122077668e-20
18.9375 1.999999999999999 4.42 2.297250446951927 6.539695509273147 -2.0997746765631944e-20
18.942500000000003 1.999999999999999 4.42 2.297271406922634 6.5398547609718065 -2.03207151552249e-20
18.947499999999998 1.999999999999999 4.42 2.2972923100081273 6.540013646870143 -1.9644996110776748e-20
18.9525 1.999999999999999 4.42 2.2973131871008206 6.540172259747544 -1.8973053516390185e-20
18.957500000000003 1.999999999999999 4.42 2.297334070103282 6.54033076745636 -1.830704553196173e-20
18.9625 1.999999999999999 4.42 2.2973549605172465 6.540489242696765 -1.7648852335162104e-20
18.9675 1.999999999999999 4.42 2.297375800271062 6.540647388369341 -1.7000101664959254e-20
18.9725 1.999999999999999 4.42 2.297396470490172 6.540804399557438 -1.636219232730091e-20
18.9775 1.999999999999999 4.42 2.297416850363887 6.540959320783076 -1.573631581247634e-20
18.9825 1.999999999999999 4.42 2.297436946742295 6.54111206235977 -1.5123476163367386e-20
18.9875 1.999999999999999 4.42 2.2974570356704476 6.541264602045461 -1.452450822411455e-20
18.9925 1.999999999999999 4.42 2.2974776597799735 6.5414210724266555 -1.394009438970567e-20
18.997500000000002 1.999999999999999 4.42 2.2974992939684045 6.5415852143436055 -1.3370779968583581e-20
19.002499999999998 1.999999999999999 4.42 2.297521664428145 6.541755086712602 -1.2816987262495036e-20
19.0075 1.999999999999999 4.42 2.2975431308842316 6.541918247839565 -1.2279028460465198e-20
19.012500000000003 1.999999999999999 4.42 2.2975609983256104 6.5420541059606006 -1.175711743695664e-20
19.0175 1.999999999999999 4.42 2.29757356530787 6.542149585570216 -1.125138053785429e-20
19.0225 1.999999999999999 4.42 2.2975835443960726 6.542225241751936 -1.0761866431986392e-20
19.027500000000003 1.999999999999999 4.42 2.2976002715827173 6.542352088589849 -1.0288555100337288e-20
19.0325 1.999999999999999 4.42 2.297636347003186 6.542625998919602 -9.831366029910516e-21
19.0375 1.999999999999999 4.42 2.2976958387985293 6.543077956672285 -9.390165674396084e-21
19.0425 1.999999999999999 4.42 2.297758215820218 6.5435519343946975 -8.964774239299528e-21
19.0475 1.999999999999999 4.42 2.2977729278737704 6.543663777793091 -8.554971844979406e-21
19.052500000000002 1.999999999999999 4.42 2.2976851246549668 6.542996745770727 -8.160504117169548e-21
19.057499999999997 1.999999999999999 4.42 2.297499673510549 6.5415879485322295 -7.781087250907186e-21
19.0625 1.999999999999999 4.42 2.2973511935706616 6.5404600315494985 -7.416412590413098e-21
19.067500000000003 1.999999999999999 4.42 2.297499084535347 6.541583142053351 -7.066150764332224e-21
19.072499999999998 1.999999999999999 4.42 2.2981582123806428 6.546590307072436 -6.729955412796895e-21
19.0775 1.999999999999999 4.42 2.299169367049703 6.5542742524819335 -6.407466540065517e-21
19.082500000000003 1.999999999999999 4.42 2.2997217020326612 6.558471044545105 -6.0983135239558966e-21
19.0875 1.999999999999999 4.42 2.2985483456646136 6.549550639807032 -5.8021178109258e-21
19.0925 1.999999999999999 4.42 2.2949531042591005 6.522256717745525 -5.5184953234756904e-21
19.0975 1.999999999999999 4.42 2.290407999209644 6.487802171514735 -5.247058604516868e-21
19.1025 1.999999999999999 4.42 2.2894178529663116 6.48025740367638 -4.9874187214435496e-21
19.1075 1.999999999999999 4.42 2.2977062062681934 6.54308264156881 -4.7391869509126295e-21
19.1125 1.999999999999999 4.42 2.31655159605736 6.686914461679932 -4.50197626369326e-21
19.1175 1.999999999999999 4.42 2.3350477134454817 6.828704328664694 -4.275402627440366e-21
19.122500000000002 1.999999999999999 4.42 2.327750232479299 6.771109674363464 -4.059086143847423e-21
19.127499999999998 1.999999999999999 4.42 2.2693438979830383 6.327379346523298 -3.8526520353297835e-21
19.1325 1.999999999999999 4.42 2.164445079385743 5.559245678214224 -3.655731495182913e-21
19.137500000000003 1.999999999999999 4.42 2.056827036873462 4.805098981977974 -3.467962414050628e-21
19.1425 1.999999999999999 4.42 1.9906740070426787 4.358761874914181 -3.288989994491435e-21
19.1475 1.999999999999999 4.42 1.9718627443999446 4.234506207087976 -3.1184672644814075e-21
19.152500000000003 1.999999999999999 4.42 1.97886824159162 4.280475281867833 -2.9560554998040198e-21
19.1575 1.999999999999999 4.42 1.9911900040314232 4.361667313062563 -2.8014245644486486e-21
19.1625 1.999999999999999 4.42 1.9995308906690492 4.41689511818337 -2.654253177387695e-21
19.1675 1.999999999999999 4.42 2.0026643550847947 4.437703493446142 -2.5142291133985484e-21
19.1725 1.999999999999999 4.42 2.0025464606524066 4.43691931255852 -2.381049344940791e-21
19.177500000000002 1.999999999999999 4.42 2.0013382978024485 4.428889587060168 -2.254420131508446e-21
19.182499999999997 1.999999999999999 4.42 2.000299711240275 4.421990383537221 -2.1340570623170228e-21
19.1875 1.999999999999999 4.42 1.999797669583704 4.418656638166758 -2.0196850576742936e-21
19.192500000000003 1.999999999999999 4.42 1.9997146995273112 4.418105770680842 -1.9110383339167365e-21
19.197499999999998 1.999999999999999 4.42 1.9998167757792678 4.4187834704607045 -1.8078603363518485e-21
19.2025 1.999999999999999 4.42 1.9999367695250343 4.419580165646669 -1.709903644250888e-21
19.207500000000003 1.999999999999999 4.42 2.0000078919711575 4.420052402599813 -1.6169298515670732e-21
19.2125 1.999999999999999 4.42 2.00002919942788 4.420193882676962 -1.5287094267106477e-21
19.2175 1.999999999999999 4.42 2.0000232514057057 4.420154387913506 -1.445021554403775e-21
19.2225 1.999999999999999 4.42 2.0000104810142094 4.420069593094064 -1.3656539623501385e-21
19.2275 1.999999999999999 4.42 2.0000011873556125 4.420007883936283 -1.2904027351866471e-21
19.2325 1.999999999999999 4.42 1.9999973835835791 4.419982627273715 -1.2190721179470343e-21
19.2375 1.999999999999999 4.42 1.9999972525222627 4.419981757040251 -1.151474311041249e-21
19.2425 1.999999999999999 4.42 1.9999984692369939 4.419989835894047 -1.087429258551161e-21
19.247500000000002 1.999999999999999 4.42 1.9999995992704598 4.4199973391975576 -1.0267644314576594e-21
19.252499999999998 1.999999999999999 4.42 2.0000001795827833 4.420001192412039 -9.69314607241488e-22
19.2575 1.999999999999999 4.42 2.000000300484926 4.420001995190054 -9.149216471436915e-22
19.262500000000003 1.999999999999999 4.42 2.000000204771079 4.4200013596597545 -8.634342722307679e-22
19.2675 1.999999999999999 4.42 2.00000007710857 4.420000511993606 -8.147078392756778e-22
19.2725 1.999999999999999 4.42 1.9999999969178828 4.419999979535575 -7.6860411734933e-22
19.277500000000003 1.999999999999999 4.42 1.999999970223312 4.41999980228633 -7.249910659086329e-22
19.2825 1.999999999999999 4.42 1.9999999745505332 4.4199998310186235 -6.837426150665063e-22
19.2875 1.999999999999999 4.42 1.9999999877637142 4.419999918752794 -6.447384486414953e-22
19.2925 1.999999999999999 4.42 1.9999999980191387 4.4199999868477775 -6.078637905031894e-22
19.2975 1.999999999999999 4.42 2.0000000025243576 4.420000016761982 -5.73009194653857e-22
19.302500000000002 1.999999999999999 4.42 2.0000000029432714 4.420000019543528 -5.400703394224903e-22
19.307499999999997 1.999999999999999 4.42 2.0000000017372255 4.420000011535516 -5.089478260853571e-22
19.3125 1.999999999999999 4.42 2.000000000515871 4.420000003425851 -4.795469821729646e-22
19.317500000000003 1.999999999999999 4.42 1.999999999850492 4.419999999007811 -4.517776696754326e-22
19.322499999999998 1.999999999999999 4.42 1.9999999996858175 4.419999997914385 -4.2555409831238975e-22
19.3275 1.999999999999999 4.42 1.9999999997723403 4.419999998488885 -4.0079464399546148e-22
19.332500000000003 1.999999999999999 4.42 1.999999999907146 4.419999999383984 -3.7742167257595046e-22
19.3375 1.999999999999999 4.42 1.9999999999969158 4.419999999980042 -3.5536136893776576e-22
19.3425 1.999999999999999 4.42 2.000000000029637 4.420000000197302 -3.3454357146877167e-22
19.3475 1.999999999999999 4.42 2.0000000000273195 4.420000000181913 -3.149016119187299e-22
19.3525 1.999999999999999 4.42 2.0000000000137828 4.420000000092033 -2.963721606292097e-22
19.3575 1.999999999999999 4.42 2.0000000000025344 4.42000000001734 -2.7889507710276253e-22
19.3625 1.999999999999999 4.42 1.9999999999972558 4.419999999982286 -2.624132658610087e-22
19.3675 1.999999999999999 4.42 1.9999999999964944 4.4199999999772235 -2.4687253752674255e-22
19.372500000000002 1.999999999999999 4.42 1.9999999999976639 4.419999999984986 -2.322214750527575e-22
19.377499999999998 1.999999999999999 4.42 1.9999999999989706 4.419999999993656 -2.1841130500893805e-22
19.3825 1.999999999999999 4.42 1.9999999999997224 4.419999999998647 -2.0539577382981124e-22
19.387500000000003 1.999999999999999 4.42 1.999999999999932 4.420000000000039 -1.931310289175579e-22
19.3925 1.999999999999999 4.42 1.999999999999854 4.419999999999513 -1.8157550448818165e-22
19.3975 1.999999999999999 4.42 1.9999999999997087 4.41999999999854 -1.706898120439673e-22
19.402500000000003 1.999999999999999 4.42 1.999999999999605 4.419999999997841 -1.6043663535106856e-22
19.4075 1.999999999999999 4.42 1.9999999999995604 4.419999999997546 -1.5078062979746224e-22
19.4125 1.999999999999999 4.42 1.9999999999995548 4.41999999999751 -1.4168832600461931e-22
19.4175 1.999999999999999 4.42 1.9999999999995635 4.419999999997563 -1.3312803756463564e-22
19.4225 1.999999999999999 4.42 1.9999999999995703 4.419999999997608 -1.2506977277325665e-22
19.427500000000002 1.999999999999999 4.42 1.999999999999571 4.419999999997615 -1.1748515022953569e-22
19.432499999999997 1.999999999999999 4.42 1.9999999999995666 4.4199999999975885 -1.1034731817274278e-22
19.4375 1.999999999999999 4.42 1.9999999999995601 4.419999999997547 -1.0363087742791856e-22
19.442500000000003 1.999999999999999 4.42 1.9999999999995537 4.4199999999975015 -9.731180783290145e-23
19.447499999999998 1.999999999999999 4.42 1.999999999999548 4.41999999999746 -9.136739802072608e-23
19.4525 1.999999999999999 4.42 1.999999999999543 4.419999999997422 -8.57761784334579e-23
19.457500000000003 1.999999999999999 4.42 1.9999999999995386 4.419999999997388 -8.051785744558451e-23
19.4625 1.999999999999999 4.42 1.9999999999995337 4.419999999997351 -7.557326047716108e-23
19.4675 1.999999999999999 4.42 1.999999999999529 4.419999999997314 -7.092427197969295e-23
19.4725 1.999999999999999 4.42 1.9999999999995235 4.419999999997282 -6.655378018034868e-23
19.4775 1.999999999999999 4.42 1.9999999999995184 4.419999999997249 -6.244562447272041e-23
19.4825 1.999999999999999 4.42 1.9999999999995133 4.419999999997215 -5.858454534551289e-23
19.4875 1.999999999999999 4.42 1.9999999999995084 4.419999999997178 -5.495613674335928e-23
19.4925 1.999999999999999 4.42 1.999999999999504 4.419999999997141 -5.154680075702872e-23
19.497500000000002 1.999999999999999 4.42 1.9999999999995 4.4199999999971045 -4.834370454345215e-23
19.502499999999998 1.999999999999999 4.42 1.9999999999994946 4.419999999997068 -4.533473937902744e-23
19.5075 1.999999999999999 4.42 1.999999999999489 4.419999999997033 -4.250848175277013e-23
19.512500000000003 1.999999999999999 4.42 1.9999999999994826 4.419999999996999 -3.985415640911021e-23
19.5175 1.999999999999999 4.42 1.999999999999478 4.419999999996964 -3.736160125305119e-23
19.5225 1.999999999999999 4.42 1.9999999999994726 4.41999999999693 -3.502123403361676e-23
19.527500000000003 1.999999999999999 4.42 1.9999999999994673 4.419999999996895 -3.282402072452917e-23
19.5325 1.999999999999999 4.42 1.999999999999462 4.419999999996858 -3.076144552395955e-23
19.5375 1.999999999999999 4.42 1.9999999999994578 4.419999999996822 -2.882548239823525e-23
19.5425 1.999999999999999 4.42 1.9999999999994533 4.419999999996783 -2.7008568097265507e-23
19.5475 1.999999999999999 4.42 1.999999999999448 4.419999999996749 -2.5303576572181187e-23
19.552500000000002 1.999999999999999 4.42 1.9999999999994418 4.419999999996716 -2.3703794728575064e-23
19.557499999999997 1.999999999999999 4.42 1.9999999999994362 4.419999999996685 -2.2202899451335944e-23
19.5625 1.999999999999999 4.42 1.999999999999432 4.419999999996659 -2.0794935839713404e-23
19.567500000000003 1.999999999999999 4.42 1.9999999999994285 4.419999999996634 -1.947429659385224e-23
19.572499999999998 1.999999999999999 4.42 1.9999999999994258 4.4199999999966115 -1.8235702496436977e-23
19.5775 1.999999999999999 4.42 1.9999999999994234 4.419999999996591 -1.7074183935557026e-23
19.582500000000003 1.999999999999999 4.42 1.9999999999994207 4.419999999996573 -1.598506341722778e-23
19.5875 1.999999999999999 4.42 1.9999999999994178 4.419999999996559 -1.4963939018217797e-23
19.5925 1.999999999999999 4.42 1.9999999999994165 4.419999999996541 -1.4006668732057973e-23
19.5975 1.999999999999999 4.42 1.9999999999994145 4.419999999996518 -1.3109355663217706e-23
19.6025 1.999999999999999 4.42 1.9999999999994114 4.419999999996497 -1.2268334026416762e-23
19.6075 1.999999999999999 4.42 1.9999999999994083 4.419999999996481 -1.148015591006533e-23
19.6125 1.999999999999999 4.42 1.9999999999994058 4.419999999996471 -1.0741578764671479e-23
19.6175 1.999999999999999 4.42 1.999999999999404 4.419999999996464 -1.0049553578880024e-23
19.622500000000002 1.999999999999999 4.42 1.9999999999994036 4.419999999996459 -9.401213707568924e-24
19.627499999999998 1.999999999999999 4.42 1.9999999999994034 4.419999999996458 -8.793864318092249e-24
19.6325 1.999999999999999 4.42 1.999999999999404 4.419999999996456 -8.224972422371393e-24
19.637500000000003 1.999999999999999 4.42 1.9999999999994045 4.419999999996455 -7.692157464104953e-24
19.6425 1.999999999999999 4.42 1.999999999999405 4.4199999999964525 -7.193182431817287e-24
19.6475 1.999999999999999 4.42 1.9999999999994047 4.419999999996451 -6.725945469914925e-24
19.652500000000003 1.999999999999999 4.42 1.9999999999994047 4.419999999996449 -6.288471961279145e-24
19.6575 1.999999999999999 4.42 1.9999999999994047 4.419999999996447 -5.878907056207389e-24
19.6625 1.999999999999999 4.42 1.999999999999404 4.419999999996447 -5.495508623785519e-24
19.6675 1.999999999999999 4.42 1.9999999999994047 4.4199999999964446 -5.1366406029619754e-24
19.6725 1.999999999999999 4.42 1.9999999999994047 4.419999999996444 -4.8007667317181865e-24
19.677500000000002 1.999999999999999 4.42 1.9999999999994047 4.419999999996442 -4.486444633843269e-24
19.682499999999997 1.999999999999999 4.42 1.9999999999994067 4.419999999996439 -4.192320243843963e-24
19.6875 1.999999999999999 4.42 1.9999999999994076 4.419999999996443 -3.91712255151615e-24
19.692500000000003 1.999999999999999 4.42 1.9999999999994087 4.419999999996451 -3.659658648661537e-24
19.697499999999998 1.999999999999999 4.42 1.9999999999994098 4.419999999996463 -3.418809061319529e-24
19.7025 1.999999999999999 4.42 1.999999999999412 4.419999999996478 -3.193523351757823e-24
19.707500000000003 1.999999999999999 4.42 1.9999999999994147 4.419999999996495 -2.982815975283861e-24
19.7125 1.999999999999999 4.42 1.9999999999994178 4.419999999996518 -2.7857623777115908e-24
19.7175 1.999999999999999 4.42 1.9999999999994218 4.419999999996545 -2.6014953200714073e-24
19.7225 1.999999999999999 4.42 1.999999999999426 4.419999999996573 -2.4292014178571168e-24
19.7275 1.999999999999999 4.42 1.9999999999994305 4.419999999996602 -2.2681178827696525e-24
19.7325 1.999999999999999 4.42 1.9999999999994351 4.419999999996631 -2.1175294555683e-24
19.7375 1.999999999999999 4.42 1.99999999999944 4.4199999999966595 -1.9767655192418878e-24
19.7425 1.999999999999999 4.42 1.9999999999994449 4.419999999996689 -1.8451973822920415e-24
19.747500000000002 1.999999999999999 4.42 1.9999999999994498 4.419999999996722 -1.7222357224735824e-24
19.752499999999998 1.999999999999999 4.42 1.9999999999994553 4.4199999999967545 -1.6073281818561053e-24
19.7575 1.999999999999999 4.42 1.9999999999994607 4.419999999996788 -1.4999571045662512e-24
19.762500000000003 1.999999999999999 4.42 1.999999999999466 4.419999999996821 -1.3996374090456672e-24
19.7675 1.999999999999999 4.42 1.9999999999994706 4.419999999996857 -1.3059145870992394e-24
19.7725 1.999999999999999 4.42 1.9999999999994755 4.419999999996891 -1.218362822437156e-24
19.777500000000003 1.999999999999999 4.42 1.9999999999994804 4.419999999996925 -1.1365832218158391e-24
19.7825 1.999999999999999 4.42 1.999999999999484 4.419999999996961 -1.0602021522601282e-24
19.7875 1.999999999999999 4.42 1.9999999999994889 4.419999999996994 -9.888696782140918e-25
19.7925 1.999999999999999 4.42 1.9999999999994942 4.419999999997028 -9.222580928099292e-25
19.7975 1.999999999999999 4.42 1.999999999999499 4.419999999997062 -8.600605377652505e-25
19.802500000000002 1.999999999999999 4.42 1.9999999999995033 4.4199999999970965 -8.01989706730794e-25
19.807499999999997 1.999999999999999 4.42 1.999999999999508 4.419999999997131 -7.477766271985913e-25
19.8125 1.999999999999999 4.42 1.999999999999512 4.419999999997166 -6.971695163562433e-25
19.817500000000003 1.999999999999999 4.42 1.9999999999995166 4.4199999999972 -6.49932706535821e-25
19.822499999999998 1.999999999999999 4.42 1.999999999999522 4.419999999997234 -6.05845636149267e-25
19.8275 1.999999999999999 4.42 1.9999999999995277 4.419999999997265 -5.647019022381491e-25
19.832500000000003 1.999999999999999 4.42 1.9999999999995335 4.419999999997296 -5.263083709860387e-25
19.8375 1.999999999999999 4.42 1.9999999999995395 4.419999999997328 -4.904843427488314e-25
19.8425 1.999999999999999 4.42 1.9999999999995455 4.4199999999973585 -4.570607683576022e-25
19.8475 1.999999999999999 4.42 1.999999999999551 4.41999999999739 -4.258795136348367e-25
19.8525 1.999999999999999 4.42 1.9999999999995568 4.419999999997421 -3.967926692397841e-25
19.8575 1.999999999999999 4.42 1.9999999999995612 4.41999999999746 -3.6966190312727875e-25
19.8625 1.999999999999999 4.42 1.999999999999566 4.419999999997497 -3.443578530603814e-25
19.8675 1.999999999999999 4.42 1.9999999999995712 4.419999999997533 -3.2075955676619366e-25
19.872500000000002 1.999999999999999 4.42 1.9999999999995768 4.419999999997568 -2.9875391746495117e-25
19.877499999999998 1.999999999999999 4.42 1.999999999999582 4.4199999999976045 -2.782352026345729e-25
19.8825 1.999999999999999 4.42 1.9999999999995874 4.419999999997641 -2.5910457399789224e-25
19.887500000000003 1.999999999999999 4.42 1.9999999999995934 4.419999999997673 -2.4126964683865733e-25
19.8925 1.999999999999999 4.42 1.9999999999995997 4.419999999997704 -2.2464407686256504e-25
19.8975 1.999999999999999 4.42 1.9999999999996043 4.419999999997737 -2.091471729257012e-25
19.902500000000003 1.999999999999999 4.42 1.9999999999996092 4.419999999997771 -1.947035340517159e-25
19.9075 1.999999999999999 4.42 1.9999999999996134 4.419999999997803 -1.8124270925199253e-25
19.9125 1.999999999999999 4.42 1.9999999999996176 4.419999999997828 -1.686988787518952e-25
19.9175 1.999999999999999 4.42 1.999999999999621 4.4199999999978505 -1.570105553092213e-25
19.9225 1.999999999999999 4.42 1.9999999999996234 4.41999999999787 -1.461203043887591e-25
19.927500000000002 1.999999999999999 4.42 1.9999999999996252 4.419999999997886 -1.3597448203147548e-25
19.932499999999997 1.999999999999999 4.42 1.999999999999627 4.419999999997901 -1.2652298932593195e-25
19.9375 1.999999999999999 4.42 1.99999999999963 4.41999999999792 -1.177190424551076e-25
19.942500000000003 1.999999999999999 4.42 1.9999999999996332 4.419999999997941 -1.0951895735396142e-25
19.947499999999998 1.999999999999999 4.42 1.9999999999996363 4.4199999999979624 -1.0188194807062402e-25
19.9525 1.999999999999999 4.42 1.9999999999996394 4.419999999997985 -9.476993797934132e-26
19.957500000000003 1.999999999999999 4.42 1.9999999999996425 4.419999999998003 -8.81473830447977e-26
19.9625 1.999999999999999 4.42 1.999999999999646 4.419999999998025 -8.198110638568767e-26
19.9675 1.999999999999999 4.42 1.9999999999996496 4.419999999998044 -7.624014343144515e-26
19.9725 1.999999999999999 4.42 1.9999999999996532 4.419999999998064 -7.089559700896064e-26
19.9775 1.999999999999999 4.42 1.9999999999996576 4.4199999999980815 -6.592050173635612e-26
19.9825 1.999999999999999 4.42 1.9999999999996612 4.419999999998099 -6.128969713928896e-26
19.9875 1.999999999999999 4.42 1.9999999999996656 4.419999999998115 -5.697970894083752e-26
19.9925 1.999999999999999 4.42 1.9999999999996687 4.419999999998134 -5.296863800975406e-26
19.997500000000002 1.999999999999999 4.42 1.9999999999996718 4.419999999998155 -4.923605648362582e-26
20.002499999999998 1.999999999999999 4.42 1.999999999999675 4.419999999998178 -4.5762910613175824e-26
20.0075 1.999999999999999 4.42 1.999999999999677 4.4199999999982 -4.2531429901938497e-26
20.012500000000003 1.999999999999999 4.42 1.9999999999996791 4.41999999999822 -3.9525042141995724e-26
20.0175 1.999999999999999 4.42 1.9999999999996803 4.419999999998241 -3.6728293970995804e-26
20.0225 1.999999999999999 4.42 1.9999999999996823 4.4199999999982635 -3.412677659908941e-26
20.027500000000003 1.999999999999999 4.42 1.999999999999685 4.419999999998285 -3.1707056376240324e-26
20.0325 1.999999999999999 4.42 1.9999999999996882 4.4199999999983035 -2.945660989079002e-26
20.0375 1.999999999999999 4.42 1.9999999999996918 4.419999999998323 -2.736376330955043e-26
20.0425 1.999999999999999 4.42 1.999999999999695 4.4199999999983435 -2.5417635687795335e-26
20.0475 1.999999999999999 4.42 1.9999999999996985 4.4199999999983595 -2.360808599442835e-26
20.052500000000002 1.999999999999999 4.42 1.9999999999997025 4.419999999998376 -2.1925663613716665e-26
20.057499999999997 1.999999999999999 4.42 1.9999999999997065 4.419999999998396 -2.0361562099872055e-26
20.0625 1.999999999999999 4.42 1.9999999999997091 4.4199999999984145 -1.890757597486316e-26
20.067500000000003 1.999999999999999 4.42 1.9999999999997116 4.419999999998434 -1.7556060373100664e-26
20.072499999999998 1.999999999999999 4.42 1.9999999999997138 4.419999999998453 -1.6299893348955613e-26
20.0775 1.999999999999999 4.42 1.9999999999997171 4.41999999999847 -1.513244067477455e-26
20.082500000000003 1.999999999999999 4.42 1.999999999999721 4.419999999998488 -1.404752296796471e-26
20.0875 1.999999999999999 4.42 1.9999999999997258 4.419999999998504 -1.303938499592376e-26
20.0925 1.999999999999999 4.42 1.9999999999997284 4.419999999998523 -1.210266701724322e-26
20.0975 1.999999999999999 4.42 1.9999999999997315 4.4199999999985415 -1.1232378026627623e-26
20.1025 1.999999999999999 4.42 1.999999999999735 4.41999999999856 -1.042387077937629e-26
20.1075 1.999999999999999 4.42 1.9999999999997395 4.419999999998579 -9.672818479264382e-27
20.1125 1.999999999999999 4.42 1.999999999999743 4.419999999998599 -8.975193021048755e-27
20.1175 1.999999999999999 4.42 1.9999999999997455 4.4199999999986215 -8.327244685803272e-27
20.122500000000002 1.999999999999999 4.42 1.9999999999997486 4.419999999998642 -7.725483193829973e-27
20.127499999999998 1.999999999999999 4.42 1.9999999999997502 4.419999999998662 -7.166660026002004e-27
20.1325 1.999999999999999 4.42 1.9999999999997522 4.4199999999986845 -6.64775193012921e-27
20.137500000000003 1.999999999999999 4.42 1.999999999999755 4.419999999998703 -6.1659455343352814e-27
20.1425 1.999999999999999 4.42 1.9999999999997577 4.419999999998721 -5.718622994439857e-27
20.1475 1.999999999999999 4.42 1.9999999999997597 4.4199999999987405 -5.3033486070837974e-27
20.152500000000003 1.999999999999999 4.42 1.9999999999997624 4.419999999998759 -4.917856324753106e-27
20.1575 1.999999999999999 4.42 1.9999999999997649 4.419999999998781 -4.560038112980373e-27
20.1625 1.999999999999999 4.42 1.9999999999997677 4.419999999998801 -4.227933093899924e-27
20.1675 1.999999999999999 4.42 1.9999999999997704 4.419999999998824 -3.919717423960374e-27
20.1725 1.999999999999999 4.42 1.999999999999773 4.419999999998844 -3.633694856983934e-27
20.177500000000002 1.999999999999999 4.42 1.9999999999997757 4.419999999998867 -3.368287946965939e-27
20.182499999999997 1.999999999999999 4.42 1.9999999999997788 4.419999999998885 -3.1220298479737995e-27
20.1875 1.999999999999999 4.42 1.9999999999997806 4.419999999998908 -2.893556671295461e-27
20.192500000000003 1.999999999999999 4.42 1.9999999999997824 4.41999999999893 -2.681600362607336e-27
20.197499999999998 1.999999999999999 4.42 1.9999999999997857 4.419999999998947 -2.4849820643602632e-27
20.2025 1.999999999999999 4.42 1.9999999999997886 4.419999999998964 -2.3026059308789834e-27
20.207500000000003 1.999999999999999 4.42 1.9999999999997917 4.419999999998982 -2.133453365807826e-27
20.2125 1.999999999999999 4.42 1.9999999999997953 4.419999999999004 -1.9765776535290845e-27
20.2175 1.999999999999999 4.42 1.999999999999799 4.419999999999024 -1.8310989580601387e-27
20.2225 1.999999999999999 4.42 1.9999999999998024 4.4199999999990425 -1.6961996646843843e-27
20.2275 1.999999999999999 4.42 1.9999999999998055 4.419999999999062 -1.5711200412022378e-27
20.2325 1.999999999999999 4.42 1.9999999999998082 4.419999999999077 -1.45515419722807e-27
20.2375 1.999999999999999 4.42 1.9999999999998108 4.419999999999092 -1.3476463213843163e-27
20.2425 1.999999999999999 4.42 1.999999999999813 4.419999999999104 -1.2479871775836307e-27
20.247500000000002 1.999999999999999 4.42 1.9999999999998153 4.419999999999114 -1.1556108428432293e-27
20.252499999999998 1.999999999999999 4.42 1.9999999999998168 4.419999999999121 -1.0699916702424413e-27
20.2575 1.999999999999999 4.42 1.9999999999998175 4.419999999999122 -9.90641461727597e-28
20.262500000000003 1.999999999999999 4.42 1.9999999999998175 4.419999999999122 -9.171068364931224e-28
20.2675 1.999999999999999 4.42 1.9999999999998175 4.419999999999122 -8.489667816171257e-28
20.2725 1.999999999999999 4.42 1.999999999999817 4.419999999999122 -7.858303725255122e-28
20.277500000000003 1.999999999999999 4.42 1.999999999999817 4.4199999999991215 -7.2733465169151005e-28
20.2825 1.999999999999999 4.42 1.9999999999998175 4.419999999999121 -6.731426547532109e-28
20.2875 1.999999999999999 4.42 1.9999999999998177 4.41999999999912 -6.229415739615592e-28
20.2925 1.999999999999999 4.42 1.9999999999998168 4.41999999999912 -5.76441049550051e-28
20.2975 1.999999999999999 4.42 1.9999999999998153 4.419999999999124 -5.3337158024912315e-28
20.302500000000002 1.999999999999999 4.42 1.9999999999998144 4.419999999999124 -4.934830447636979e-28
20.307499999999997 1.999999999999999 4.42 1.9999999999998144 4.419999999999122 -4.565433265830455e-28
20.3125 1.999999999999999 4.42 1.9999999999998144 4.419999999999123 -4.223370350087268e-28
20.317500000000003 1.999999999999999 4.42 1.9999999999998137 4.419999999999122 -3.9066431576961334e-28
20.322499999999998 1.999999999999999 4.42 1.9999999999998144 4.419999999999122 -3.6133974504062686e-28
20.3275 1.999999999999999 4.42 1.9999999999998144 4.419999999999122 -3.341913011034374e-28
20.332500000000003 1.999999999999999 4.42 1.9999999999998144 4.419999999999121 -3.090594082789266e-28
20.3375 1.999999999999999 4.42 1.9999999999998148 4.419999999999119 -2.8579604812574676e-28
20.3425 1.999999999999999 4.42 1.9999999999998144 4.41999999999912 -2.642639332417252e-28
20.3475 1.999999999999999 4.42 1.9999999999998144 4.419999999999119 -2.443357393229416e-28
20.3525 1.999999999999999 4.42 1.9999999999998144 4.419999999999119 -2.25893391431341e-28
20.3575 1.999999999999999 4.42 1.9999999999998137 4.419999999999117 -2.0882740070001083e-28
20.3625 1.999999999999999 4.42 1.999999999999814 4.419999999999118 -1.9303624796275626e-28
20.3675 1.999999999999999 4.42 1.9999999999998144 4.419999999999119 -1.7842581103573258e-28
20.372500000000002 1.999999999999999 4.42 1.9999999999998153 4.4199999999991215 -1.6490883260386199e-28
20.377499999999998 1.999999999999999 4.42 1.9999999999998157 4.419999999999122 -1.5240442587400207e-28
20.3825 1.999999999999999 4.42 1.9999999999998157 4.419999999999128 -1.4083761535211725e-28
20.387500000000003 1.999999999999999 4.42 1.999999999999817 4.4199999999991295 -1.3013891028434667e-28
20.3925 1.999999999999999 4.42 1.9999999999998184 4.419999999999129 -1.2024390847086346e-28
20.3975 1.999999999999999 4.42 1.9999999999998188 4.419999999999126 -1.1109292832028474e-28
20.402500000000003 1.999999999999999 4.42 1.9999999999998188 4.419999999999124 -1.026306671597615e-28
20.4075 1.999999999999999 4.42 1.9999999999998175 4.419999999999126 -9.480588395298991e-29
20.4125 1.999999999999999 4.42 1.999999999999817 4.419999999999126 -8.757110470686614e-29
20.4175 1.999999999999999 4.42 1.999999999999817 4.419999999999125 -8.088234896679662e-29
20.4225 1.999999999999999 4.42 1.9999999999998166 4.419999999999126 -7.46988759115352e-29
20.427500000000002 1.999999999999999 4.42 1.999999999999817 4.419999999999122 -6.898294866246571e-29
20.432499999999997 1.999999999999999 4.42 1.999999999999817 4.4199999999991215 -6.369961551842724e-29
20.4375 1.999999999999999 4.42 1.999999999999817 4.4199999999991215 -5.881650691709571e-29
20.442500000000003 1.999999999999999 4.42 1.9999999999998177 4.419999999999123 -5.430364700784479e-29
20.447499999999998 1.999999999999999 4.42 1.9999999999998184 4.419999999999128 -5.013327879863207e-29
20.4525 1.999999999999999 4.42 1.9999999999998201 4.4199999999991295 -4.627970191229873e-29
20.457500000000003 1.999999999999999 4.42 1.9999999999998215 4.4199999999991295 -4.2719122055216315e-29
20.4625 1.999999999999999 4.42 1.9999999999998217 4.419999999999128 -3.942951136397159e-29
20.4675 1.999999999999999 4.42 1.999999999999821 4.4199999999991295 -3.639047885454293e-29
20.4725 1.999999999999999 4.42 1.999999999999821 4.4199999999991295 -3.358315025289972e-29
20.4775 1.999999999999999 4.42 1.9999999999998204 4.41999999999913 -3.099005653658577e-29
20.4825 1.999999999999999 4.42 1.9999999999998204 4.41999999999913 -2.859503056425137e-29
20.4875 1.999999999999999 4.42 1.9999999999998204 4.4199999999991295 -2.638311121393388e-29
20.4925 1.999999999999999 4.42 1.9999999999998204 4.419999999999128 -2.4340454491803944e-29
20.497500000000002 1.999999999999999 4.42 1.999999999999821 4.419999999999125 -2.2454251111191346e-29
20.502499999999998 1.999999999999999 4.42 1.9999999999998215 4.419999999999124 -2.071265007705915e-29
20.5075 1.999999999999999 4.42 1.9999999999998224 4.419999999999122 -1.9104687844023646e-29
20.512500000000003 1.999999999999999 4.42 1.9999999999998217 4.419999999999122 -1.762022264672032e-29
20.5175 1.999999999999999 4.42 1.999999999999821 4.419999999999122 -1.6249873629703415e-29
20.5225 1.999999999999999 4.42 1.9999999999998206 4.419999999999122 -1.498496443064617e-29
20.527500000000003 1.999999999999999 4.42 1.9999999999998208 4.419999999999124 -1.381747089524135e-29
20.5325 1.999999999999999 4.42 1.999999999999821 4.419999999999126 -1.2739972625056867e-29
20.5375 1.999999999999999 4.42 1.999999999999821 4.419999999999127 -1.1745608080973687e-29
20.5425 1.999999999999999 4.42 1.999999999999822 4.419999999999129 -1.0828032984616972e-29
20.5475 1.999999999999999 4.42 1.9999999999998224 4.41999999999913 -9.981381778572187e-30
20.552500000000002 1.999999999999999 4.42 1.9999999999998224 4.4199999999991295 -9.200231923345547e-30
20.557499999999997 1.999999999999999 4.42 1.9999999999998224 4.419999999999128 -8.479570824898132e-30
20.5625 1.999999999999999 4.42 1.9999999999998224 4.419999999999126 -7.814765201370724e-30
20.567500000000003 1.999999999999999 4.42 1.9999999999998224 4.419999999999125 -7.201532711384397e-30
20.572499999999998 1.999999999999999 4.42 1.9999999999998224 4.419999999999125 -6.635915679020996e-30
20.5775 1.999999999999999 4.42 1.9999999999998228 4.419999999999122 -6.1142567624867906e-30
20.582500000000003 1.999999999999999 4.42 1.999999999999823 4.41999999999912 -5.633176424475332e-30
20.5875 1.999999999999999 4.42 1.999999999999823 4.419999999999119 -5.189552072461762e-30
20.5925 1.999999999999999 4.42 1.9999999999998224 4.41999999999912 -4.780498746694241e-30
20.5975 1.999999999999999 4.42 1.9999999999998224 4.41999999999912 -4.403351242475823e-30
20.6025 1.999999999999999 4.42 1.999999999999823 4.419999999999122 -4.055647561515679e-30
20.6075 1.999999999999999 4.42 1.9999999999998237 4.419999999999125 -3.735113594771083e-30
20.6125 1.999999999999999 4.42 1.9999999999998246 4.4199999999991295 -3.439648946257551e-30
20.6175 1.999999999999999 4.42 1.999999999999825 4.419999999999131 -3.167313813877544e-30
20.622500000000002 1.999999999999999 4.42 1.9999999999998255 4.419999999999133 -2.916316849418935e-30
20.627499999999998 1.999999999999999 4.42 1.9999999999998261 4.419999999999134 -2.6850039255315015e-30
20.6325 1.999999999999999 4.42 1.9999999999998255 4.419999999999135 -2.4718477427421807e-30
20.637500000000003 1.999999999999999 4.42 1.999999999999825 4.419999999999137 -2.2754382144569016e-30
20.6425 1.999999999999999 4.42 1.999999999999825 4.419999999999135 -2.094473572409502e-30
20.6475 1.999999999999999 4.42 1.9999999999998246 4.419999999999133 -1.927752139229971e-30
20.652500000000003 1.999999999999999 4.42 1.9999999999998248 4.419999999999133 -1.774164718700315e-30
20.6575 1.999999999999999 4.42 1.9999999999998241 4.419999999999133 -1.6326875578776894e-30
20.6625 1.999999999999999 4.42 1.999999999999823 4.419999999999135 -1.5023758386263303e-30
20.6675 1.999999999999999 4.42 1.999999999999823 4.419999999999133 -1.3823576592131695e-30
20.6725 1.999999999999999 4.42 1.999999999999823 4.419999999999133 -1.2718284695034696e-30
20.677500000000002 1.999999999999999 4.42 1.999999999999823 4.419999999999133 -1.1700459259796393e-30
20.682499999999997 1.999999999999999 4.42 1.9999999999998228 4.419999999999133 -1.0763251352859975e-30
20.6875 1.999999999999999 4.42 1.9999999999998224 4.419999999999133 -9.90034257306422e-31
20.692500000000003 1.999999999999999 4.42 1.999999999999823 4.41999999999913 -9.105904409226613e-31
20.697499999999998 1.999999999999999 4.42 1.999999999999823 4.419999999999128 -8.374560675761761e-31
20.7025 1.999999999999999 4.42 1.999999999999823 4.419999999999128 -7.701352795982191e-31
20.707500000000003 1.999999999999999 4.42 1.9999999999998224 4.419999999999128 -7.0817077197495e-31
20.7125 1.999999999999999 4.42 1.9999999999998228 4.419999999999125 -6.511408277905541e-31
20.7175 1.999999999999999 4.42 1.999999999999823 4.419999999999126 -5.986565790576041e-31
20.7225 1.999999999999999 4.42 1.999999999999823 4.419999999999126 -5.5035947600006185e-31
20.7275 1.999999999999999 4.42 1.999999999999822 4.419999999999126 -5.05918949108776e-31
20.7325 1.999999999999999 4.42 1.9999999999998206 4.419999999999128 -4.650302494578173e-31
20.7375 1.999999999999999 4.42 1.9999999999998204 4.4199999999991295 -4.274124538469331e-31
20.7425 1.999999999999999 4.42 1.9999999999998204 4.419999999999128 -3.9280662233637315e-31
20.747500000000002 1.999999999999999 4.42 1.9999999999998204 4.419999999999127 -3.609740966676285e-31
20.752499999999998 1.999999999999999 4.42 1.9999999999998215 4.419999999999126 -3.3169492892110546e-31
20.7575 1.999999999999999 4.42 1.999999999999823 4.419999999999128 -3.0476643055727105e-31
20.762500000000003 1.999999999999999 4.42 1.9999999999998241 4.419999999999131 -2.8000183272521737e-31
20.7675 1.999999999999999 4.42 1.9999999999998246 4.419999999999138 -2.5722904940322417e-31
20.7725 1.999999999999999 4.42 1.9999999999998261 4.419999999999145 -2.3628953556898785e-31
20.777500000000003 1.999999999999999 4.42 1.9999999999998264 4.419999999999147 -2.1703723318199753e-31
20.7825 1.999999999999999 4.42 1.9999999999998264 4.419999999999147 -1.9933759830145536e-31
20.7875 1.999999999999999 4.42 1.9999999999998257 4.4199999999991455 -1.8306670316566573e-31
20.7925 1.999999999999999 4.42 1.9999999999998255 4.419999999999146 -1.6811040752286936e-31
20.7975 1.999999999999999 4.42 1.9999999999998255 4.419999999999146 -1.5436359393282016e-31
20.802500000000002 1.999999999999999 4.42 1.9999999999998255 4.4199999999991455 -1.4172946215713442e-31
20.807499999999997 1.999999999999999 4.42 1.999999999999825 4.4199999999991455 -1.301188781241069e-31
20.8125 1.999999999999999 4.42 1.9999999999998244 4.4199999999991455 -1.1944977329459876e-31
20.817500000000003 1.999999999999999 4.42 1.999999999999825 4.4199999999991455 -1.0964659057142438e-31
20.822499999999998 1.999999999999999 4.42 1.9999999999998261 4.419999999999146 -1.0063977318585505e-31
20.8275 1.999999999999999 4.42 1.9999999999998264 4.419999999999151 -9.236529326542577e-32
20.832500000000003 1.999999999999999 4.42 1.9999999999998272 4.419999999999154 -8.476421703700693e-32
20.8375 1.999999999999999 4.42 1.9999999999998275 4.419999999999156 -7.778230384987023e-32
20.8425 1.999999999999999 4.42 1.9999999999998286 4.419999999999158 -7.136963641770486e-32
20.8475 1.999999999999999 4.42 1.9999999999998295 4.419999999999164 -6.548027987617744e-32
20.8525 1.999999999999999 4.42 1.9999999999998304 4.419999999999168 -6.007196743529833e-32
20.8575 1.999999999999999 4.42 1.999999999999831 4.419999999999169 -5.510581057537729e-32
20.8625 1.999999999999999 4.42 1.9999999999998315 4.419999999999171 -5.05460318915081e-32
20.8675 1.999999999999999 4.42 1.9999999999998317 4.419999999999174 -4.6359718836213585e-32
20.872500000000002 1.999999999999999 4.42 1.9999999999998326 4.419999999999177 -4.2516596743701956e-32
20.877499999999998 1.999999999999999 4.42 1.9999999999998326 4.41999999999918 -3.898881964269042e-32
20.8825 1.999999999999999 4.42 1.9999999999998324 4.419999999999182 -3.575077747907442e-32
20.887500000000003 1.999999999999999 4.42 1.9999999999998332 4.419999999999185 -3.2778918475460915e-32
20.8925 1.999999999999999 4.42 1.999999999999834 4.41999999999919 -3.005158545204321e-32
20.8975 1.999999999999999 4.42 1.9999999999998341 4.4199999999991935 -2.7548865023677956e-32
20.902500000000003 1.999999999999999 4.42 1.999999999999834 4.419999999999198 -2.5252448671416167e-32
20.9075 1.999999999999999 4.42 1.999999999999835 4.419999999999199 -2.3145504763676135e-32
20.9125 1.999999999999999 4.42 1.9999999999998357 4.419999999999199 -2.1212560673576938e-32
20.9175 1.999999999999999 4.42 1.9999999999998357 4.419999999999197 -1.9439394204709194e-32
20.9225 1.999999999999999 4.42 1.9999999999998364 4.4199999999991935 -1.7812933598301942e-32
20.927500000000002 1.999999999999999 4.42 1.9999999999998357 4.419999999999194 -1.6321165451012026e-32
20.932499999999997 1.999999999999999 4.42 1.9999999999998357 4.419999999999198 -1.4953049924323677e-32
20.9375 1.999999999999999 4.42 1.9999999999998361 4.419999999999201 -1.3698442674456298e-32
20.942500000000003 1.999999999999999 4.42 1.999999999999838 4.419999999999206 -1.254802297595295e-32
20.947499999999998 1.999999999999999 4.42 1.999999999999839 4.419999999999213 -1.1493227552887434e-32
20.9525 1.999999999999999 4.42 1.9999999999998406 4.419999999999218 -1.0526189669401779e-32
20.957500000000003 1.999999999999999 4.42 1.9999999999998412 4.419999999999225 -9.639683066098393e-33
20.9625 1.999999999999999 4.42 1.9999999999998423 4.419999999999231 -8.827070360915981e-33
20.9675 1.999999999999999 4.42 1.9999999999998432 4.419999999999234 -8.082255562843162e-33
20.9725 1.999999999999999 4.42 1.9999999999998437 4.419999999999236 -7.399640374203386e-33
20.9775 1.999999999999999 4.42 1.9999999999998437 4.419999999999241 -6.774083982499077e-33
20.9825 1.999999999999999 4.42 1.9999999999998441 4.419999999999245 -6.200866066183483e-33
20.9875 1.999999999999999 4.42 1.9999999999998448 4.41999999999925 -5.675652760230583e-33
20.9925 1.999999999999999 4.42 1.999999999999845 4.419999999999254 -5.1944653472508695e-33
20.997500000000002 1.999999999999999 4.42 1.9999999999998455 4.419999999999258 -4.753651458246751e-33
21.002499999999998 1.999999999999999 4.42 1.9999999999998457 4.419999999999261 -4.349858584006089e-33
21.0075 1.999999999999999 4.42 1.9999999999998466 4.419999999999262 -3.980009713735774e-33
21.012500000000003 1.999999999999999 4.42 1.9999999999998463 4.4199999999992645 -3.641280931950978e-33
21.0175 1.999999999999999 4.42 1.9999999999998463 4.419999999999264 -3.331080817888703e-33
21.0225 1.999999999999999 4.42 1.9999999999998468 4.419999999999263 -3.0470315039794306e-33
21.027500000000003 1.999999999999999 4.42 1.999999999999847 4.419999999999261 -2.78695126120409e-33
21.0325 1.999999999999999 4.42 1.9999999999998477 4.41999999999926 -2.548838489565188e-33
21.0375 1.999999999999999 4.42 1.9999999999998472 4.419999999999261 -2.3308570015194667e-33
21.0425 1.999999999999999 4.42 1.9999999999998481 4.419999999999263 -2.131322495070423e-33
21.0475 1.999999999999999 4.42 1.9999999999998488 4.419999999999266 -1.9486901213748167e-33
21.052500000000002 1.999999999999999 4.42 1.9999999999998495 4.41999999999927 -1.78154305925418e-33
21.057499999999997 1.999999999999999 4.42 1.99999999999985 4.419999999999274 -1.6285820159322124e-33
21.0625 1.999999999999999 4.42 1.999999999999851 4.419999999999279 -1.4886155797128192e-33
21.067500000000003 1.999999999999999 4.42 1.9999999999998512 4.419999999999281 -1.3605513562123257e-33
21.072499999999998 1.999999999999999 4.42 1.9999999999998512 4.419999999999285 -1.2433878251810842e-33
21.0775 1.999999999999999 4.42 1.9999999999998508 4.419999999999289 -1.1362068599605353e-33
21.082500000000003 1.999999999999999 4.42 1.9999999999998497 4.4199999999992965 -1.0381668562316356e-33
21.0875 1.999999999999999 4.42 1.9999999999998492 4.419999999999302 -9.484964209541178e-34
21.0925 1.999999999999999 4.42 1.9999999999998497 4.419999999999309 -8.664885763145484e-34
21.0975 1.999999999999999 4.42 1.9999999999998503 4.419999999999315 -7.914954371051052e-34
21.1025 1.999999999999999 4.42 1.9999999999998512 4.41999999999932 -7.229233232720816e-34
21.1075 1.999999999999999 4.42 1.999999999999851 4.419999999999322 -6.6022827243633925e-34
21.1125 1.999999999999999 4.42 1.9999999999998508 4.419999999999323 -6.029119200010419e-34
21.1175 1.999999999999999 4.42 1.9999999999998497 4.419999999999323 -5.505177170564546e-34
21.122500000000002 1.999999999999999 4.42 1.9999999999998503 4.419999999999321 -5.0262745868068055e-34
21.127499999999998 1.999999999999999 4.42 1.9999999999998508 4.419999999999318 -4.5885809743304415e-34
21.1325 1.999999999999999 4.42 1.9999999999998508 4.419999999999316 -4.188588188608518e-34
21.137500000000003 1.999999999999999 4.42 1.9999999999998517 4.419999999999315 -3.8230835770575067e-34
21.1425 1.999999999999999 4.42 1.9999999999998517 4.419999999999315 -3.4891253520836427e-34
21.1475 1.999999999999999 4.42 1.9999999999998517 4.419999999999318 -3.1840199949102497e-34
21.152500000000003 1.999999999999999 4.42 1.9999999999998528 4.41999999999932 -2.9053015245079557e-34
21.1575 1.999999999999999 4.42 1.999999999999854 4.419999999999324 -2.6507124793119165e-34
21.1625 1.999999999999999 4.42 1.999999999999855 4.419999999999329 -2.4181864717260915e-34
21.1675 1.999999999999999 4.42 1.9999999999998561 4.419999999999333 -2.205832186734157e-34
21.1725 1.999999999999999 4.42 1.9999999999998563 4.419999999999336 -2.011918706341254e-34
21.177500000000002 1.999999999999999 4.42 1.999999999999857 4.419999999999336 -1.8348620511679337e-34
21.182499999999997 1.999999999999999 4.42 1.9999999999998574 4.419999999999334 -1.673212839320187e-34
21.1875 1.999999999999999 4.42 1.9999999999998574 4.419999999999334 -1.5256449707696942e-34
21.192500000000003 1.999999999999999 4.42 1.9999999999998574 4.419999999999334 -1.3909452529386456e-34
21.197499999999998 1.999999999999999 4.42 1.9999999999998577 4.419999999999332 -1.2680038900320364e-34
21.2025 1.999999999999999 4.42 1.9999999999998577 4.419999999999332 -1.1558057649723699e-34
21.207500000000003 1.999999999999999 4.42 1.9999999999998574 4.419999999999332 -1.0534224485882664e-34
21.2125 1.999999999999999 4.42 1.9999999999998574 4.419999999999332 -9.600048760340942e-35
21.2175 1.999999999999999 4.42 1.999999999999857 4.419999999999332 -8.747766353231299e-35
21.2225 1.999999999999999 4.42 1.999999999999857 4.41999999999933 -7.970278173602389e-35
21.2275 1.999999999999999 4.42 1.9999999999998566 4.419999999999331 -7.261093809965952e-35
21.2325 1.999999999999999 4.42 1.999999999999855 4.419999999999332 -6.61427990439843e-35
21.2375 1.999999999999999 4.42 1.9999999999998541 4.419999999999336 -6.024412858462897e-35
21.2425 1.999999999999999 4.42 1.9999999999998535 4.419999999999337 -5.48653551136489e-35
21.247500000000002 1.999999999999999 4.42 1.9999999999998523 4.419999999999339 -4.996117460292442e-35
21.252499999999998 1.999999999999999 4.42 1.9999999999998517 4.419999999999337 -4.549018720010456e-35
21.2575 1.999999999999999 4.42 1.9999999999998517 4.419999999999336 -4.141456443700726e-35
21.262500000000003 1.999999999999999 4.42 1.9999999999998517 4.419999999999336 -3.7699744499543813e-35
21.2675 1.999999999999999 4.42 1.999999999999851 4.419999999999336 -3.431415321825003e-35
21.2725 1.999999999999999 4.42 1.9999999999998517 4.419999999999333 -3.1228948631897063e-35
21.277500000000003 1.999999999999999 4.42 1.9999999999998517 4.41999999999933 -2.8417787153978945e-35
21.2825 1.999999999999999 4.42 1.9999999999998517 4.4199999999993285 -2.58566095346762e-35
21.2875 1.999999999999999 4.42 1.9999999999998517 4.419999999999328 -2.3523444960591057e-35
21.2925 1.999999999999999 4.42 1.9999999999998517 4.419999999999327 -2.139823177185513e-35
21.2975 1.999999999999999 4.42 1.9999999999998523 4.419999999999325 -1.9462653402193387e-35
21.302500000000002 1.999999999999999 4.42 1.9999999999998523 4.419999999999323 -1.7699988263400218e-35
21.307499999999997 1.999999999999999 4.42 1.999999999999853 4.419999999999323 -1.6094972401820085e-35
21.3125 1.999999999999999 4.42 1.999999999999854 4.419999999999326 -1.4633673851942304e-35
21.317500000000003 1.999999999999999 4.42 1.9999999999998548 4.419999999999327 -1.3303377701762192e-35
21.322499999999998 1.999999999999999 4.42 1.9999999999998557 4.419999999999328 -1.2092480966576875e-35
21.3275 1.999999999999999 4.42 1.999999999999857 4.419999999999325 -1.0990396443305471e-35
21.332500000000003 1.999999999999999 4.42 1.999999999999857 4.419999999999325 -9.987464786535793e-36
21.3375 1.999999999999999 4.42 1.9999999999998574 4.419999999999324 -9.074874110881638e-36
21.3425 1.999999999999999 4.42 1.9999999999998574 4.419999999999323 -8.244586482454252e-36
21.3475 1.999999999999999 4.42 1.9999999999998563 4.419999999999325 -7.489270715610836e-36
21.3525 1.999999999999999 4.42 1.9999999999998563 4.419999999999324 -6.802240940042523e-36
21.3575 1.999999999999999 4.42 1.999999999999857 4.419999999999324 -6.177400448206735e-36
21.3625 1.999999999999999 4.42 1.999999999999857 4.419999999999326 -5.609190374227446e-36
21.3675 1.999999999999999 4.42 1.999999999999858 4.41999999999933 -5.092542793136124e-36
21.372500000000002 1.999999999999999 4.42 1.9999999999998586 4.419999999999337 -4.622837863940259e-36
21.377499999999998 1.999999999999999 4.42 1.99999999999986 4.419999999999341 -4.1958646717099246e-36
21.3825 1.999999999999999 4.42 1.99999999999986 4.419999999999348 -3.8077854529553054e-36
21.387500000000003 1.999999999999999 4.42 1.9999999999998594 4.419999999999353 -3.455102915233955e-36
21.3925 1.999999999999999 4.42 1.9999999999998597 4.419999999999353 -3.134630386329002e-36
21.3975 1.999999999999999 4.42 1.999999999999859 4.419999999999354 -2.8434645507451223e-36
21.402500000000003 1.999999999999999 4.42 1.9999999999998583 4.419999999999354 -2.5789605517788814e-36
21.4075 1.999999999999999 4.42 1.9999999999998577 4.419999999999355 -2.3387092562018817e-36
21.4125 1.999999999999999 4.42 1.9999999999998574 4.419999999999355 -2.12051649583008e-36
21.4175 1.999999999999999 4.42 1.999999999999857 4.419999999999355 -1.922384116022674e-36
21.4225 1.999999999999999 4.42 1.9999999999998563 4.419999999999355 -1.7424926755950818e-36
21.427500000000002 1.999999999999999 4.42 1.999999999999857 4.419999999999353 -1.5791856558781206e-36
21.432499999999997 1.999999999999999 4.42 1.999999999999857 4.419999999999352 -1.4309550487675426e-36
21.4375 1.999999999999999 4.42 1.999999999999857 4.419999999999351 -1.2964282047082334e-36
21.442500000000003 1.999999999999999 4.42 1.999999999999857 4.419999999999352 -1.1743558317269305e-36
21.447499999999998 1.999999999999999 4.42 1.999999999999857 4.419999999999352 -1.0636010459236758e-36
21.4525 1.999999999999999 4.42 1.999999999999857 4.419999999999351 -9.631293823582182e-37
21.457500000000003 1.999999999999999 4.42 1.999999999999857 4.41999999999935 -8.719996830644768e-37
21.4625 1.999999999999999 4.42 1.999999999999857 4.419999999999348 -7.893557860607428e-37
21.4675 1.999999999999999 4.42 1.999999999999857 4.419999999999348 -7.1441894576021875e-37
21.4725 1.999999999999999 4.42 1.999999999999857 4.419999999999346 -6.464809211644787e-37
21.4775 1.999999999999999 4.42 1.9999999999998563 4.419999999999348 -5.848976736897976e-37
21.4825 1.999999999999999 4.42 1.9999999999998563 4.419999999999346 -5.290836214866254e-37
21.4875 1.999999999999999 4.42 1.9999999999998563 4.419999999999346 -4.7850640168858564e-37
21.4925 1.999999999999999 4.42 1.9999999999998563 4.419999999999346 -4.326820962176601e-37
21.497500000000002 1.999999999999999 4.42 1.9999999999998563 4.419999999999346 -3.911708806049307e-37
21.502499999999998 1.999999999999999 4.42 1.9999999999998563 4.419999999999346 -3.5357305879005338e-37
21.5075 1.999999999999999 4.42 1.9999999999998563 4.4199999999993445 -3.195254500678692e-37
21.512500000000003 1.999999999999999 4.42 1.999999999999855 4.419999999999346 -2.8869809728293567e-37
21.5175 1.999999999999999 4.42 1.9999999999998548 4.419999999999346 -2.60791268050501e-37
21.5225 1.999999999999999 4.42 1.9999999999998543 4.419999999999346 -2.355327232343674e-37
21.527500000000003 1.999999999999999 4.42 1.9999999999998548 4.4199999999993445 -2.1267522915167092e-37
21.5325 1.999999999999999 4.42 1.9999999999998557 4.419999999999343 -1.9199429202089323e-37
21.5375 1.999999999999999 4.42 1.9999999999998561 4.419999999999339 -1.7328609504206728e-37
21.5425 1.999999999999999 4.42 1.9999999999998563 4.419999999999337 -1.5636562020786409e-37
21.5475 1.999999999999999 4.42 1.9999999999998557 4.419999999999339 -1.4106493850637928e-37
21.552500000000002 1.999999999999999 4.42 1.9999999999998557 4.419999999999339 -1.2723165360541479e-37
21.557499999999997 1.999999999999999 4.42 1.9999999999998561 4.419999999999337 -1.147274854118146e-37
21.5625 1.999999999999999 4.42 1.9999999999998563 4.419999999999336 -1.0342698109135129e-37
21.567500000000003 1.999999999999999 4.42 1.9999999999998557 4.419999999999337 -9.32163422236748e-38
21.572499999999998 1.999999999999999 4.42 1.9999999999998557 4.419999999999336 -8.399235776030729e-38
21.5775 1.999999999999999 4.42 1.9999999999998557 4.419999999999334 -7.566143336229905e-38
21.582500000000003 1.999999999999999 4.42 1.9999999999998557 4.419999999999332 -6.813870852314883e-38
21.5875 1.999999999999999 4.42 1.999999999999855 4.41999999999933 -6.134725363930074e-38
21.5925 1.999999999999999 4.42 1.9999999999998548 4.419999999999332 -5.521733988206877e-38
21.5975 1.999999999999999 4.42 1.9999999999998543 4.41999999999933 -4.968577535567025e-38
21.6025 1.999999999999999 4.42 1.9999999999998548 4.4199999999993285 -4.469530160167011e-38
21.6075 1.999999999999999 4.42 1.9999999999998543 4.4199999999993285 -4.0194045036115506e-38
21.6125 1.999999999999999 4.42 1.9999999999998537 4.4199999999993285 -3.6135018384988445e-38
21.6175 1.999999999999999 4.42 1.9999999999998535 4.419999999999329 -3.247566762136347e-38
21.622500000000002 1.999999999999999 4.42 1.9999999999998535 4.4199999999993285 -2.9177460306998167e-38
21.627499999999998 1.999999999999999 4.42 1.9999999999998535 4.4199999999993285 -2.620551160529687e-38
21.6325 1.999999999999999 4.42 1.999999999999853 4.419999999999328 -2.3528244564869384e-38
21.637500000000003 1.999999999999999 4.42 1.9999999999998537 4.419999999999328 -2.1117081576085596e-38
21.6425 1.999999999999999 4.42 1.999999999999854 4.419999999999325 -1.89461641792457e-38
21.6475 1.999999999999999 4.42 1.9999999999998543 4.419999999999322 -1.6992098655161695e-38
21.652500000000003 1.999999999999999 4.42 1.9999999999998548 4.41999999999932 -1.5233725058712726e-38
21.6575 1.999999999999999 4.42 1.9999999999998548 4.41999999999932 -1.365190756536998e-38
21.6625 1.999999999999999 4.42 1.999999999999855 4.419999999999318 -1.222934419173841e-38
21.6675 1.999999999999999 4.42 1.9999999999998543 4.419999999999318 -1.0950394125221556e-38
21.6725 1.999999999999999 4.42 1.9999999999998537 4.41999999999932 -9.800921056483188e-39
21.677500000000002 1.999999999999999 4.42 1.9999999999998537 4.41999999999932 -8.768151053029813e-39
21.682499999999997 1.999999999999999 4.42 1.9999999999998543 4.419999999999318 -7.840543643891489e-39
21.6875 1.999999999999999 4.42 1.9999999999998543 4.419999999999317 -7.007674905386313e-39
21.692500000000003 1.999999999999999 4.42 1.9999999999998543 4.419999999999317 -6.260131447299066e-39
21.697499999999998 1.999999999999999 4.42 1.9999999999998548 4.419999999999314 -5.5894142983099066e-39
21.7025 1.999999999999999 4.42 1.9999999999998543 4.419999999999314 -4.987851780230542e-39
21.707500000000003 1.999999999999999 4.42 1.9999999999998546 4.419999999999316 -4.448520543163742e-39
21.7125 1.999999999999999 4.42 1.9999999999998548 4.419999999999318 -3.9651740088585087e-39
21.7175 1.999999999999999 4.42 1.999999999999855 4.419999999999318 -3.532177538002876e-39
21.7225 1.999999999999999 4.42 1.9999999999998557 4.419999999999317 -3.144449699494115e-39
21.7275 1.999999999999999 4.42 1.9999999999998563 4.419999999999316 -2.797409076411002e-39
21.7325 1.999999999999999 4.42 1.9999999999998557 4.419999999999316 -2.486926095046324e-39
21.7375 1.999999999999999 4.42 1.999999999999855 4.419999999999314 -2.2092794102958995e-39
21.7425 1.999999999999999 4.42 1.9999999999998557 4.419999999999313 -1.9611164234287273e-39
21.747500000000002 1.999999999999999 4.42 1.9999999999998561 4.419999999999311 -1.7394175471341465e-39
21.752499999999998 1.999999999999999 4.42 1.9999999999998557 4.419999999999312 -1.5414638680873542e-39
21.7575 1.999999999999999 4.42 1.9999999999998561 4.419999999999309 -1.3648078894278453e-39
21.762500000000003 1.999999999999999 4.42 1.9999999999998557 4.419999999999309 -1.2072470647901068e-39
21.7675 1.999999999999999 4.42 1.9999999999998561 4.419999999999307 -1.066799862098764e-39
21.7725 1.999999999999999 4.42 1.9999999999998563 4.419999999999307 -9.416841195180137e-40
21.777500000000003 1.999999999999999 4.42 1.9999999999998563 4.419999999999306 -8.30297477912083e-40
21.7825 1.999999999999999 4.42 1.9999999999998557 4.419999999999307 -7.311996941357904e-40
21.7875 1.999999999999999 4.42 1.9999999999998557 4.419999999999306 -6.430966576253814e-40
21.7925 1.999999999999999 4.42 1.9999999999998563 4.419999999999305 -5.648259492451483e-40
21.7975 1.999999999999999 4.42 1.9999999999998563 4.419999999999305 -4.953437963209725e-40
21.802500000000002 1.999999999999999 4.42 1.9999999999998557 4.419999999999305 -4.337132914030108e-40
21.807499999999997 1.999999999999999 4.42 1.9999999999998561 4.419999999999307 -3.7909375465427126e-40
21.8125 1.999999999999999 4.42 1.9999999999998566 4.419999999999309 -3.3073113098458767e-40
21.817500000000003 1.999999999999999 4.42 1.999999999999857 4.4199999999993125 -2.879493232414371e-40
21.822499999999998 1.999999999999999 4.42 1.9999999999998581 4.419999999999315 -2.5014237201656555e-40
21.8275 1.999999999999999 4.42 1.9999999999998597 4.419999999999319 -2.167674010271968e-40
21.832500000000003 1.999999999999999 4.42 1.99999999999986 4.419999999999323 -1.873382546512462e-40
21.8375 1.999999999999999 4.42 1.9999999999998603 4.419999999999327 -1.6141976111043539e-40
21.8425 1.999999999999999 4.42 1.9999999999998606 4.419999999999329 -1.3862256107174824e-40
21.8475 1.999999999999999 4.42 1.9999999999998614 4.419999999999332 -1.1859844712951798e-40
21.8525 1.999999999999999 4.42 1.999999999999862 4.419999999999334 -1.0103616479274605e-40
21.8575 1.999999999999999 4.42 1.9999999999998632 4.4199999999993365 -8.56576302860535e-41
21.8625 1.999999999999999 4.42 1.9999999999998634 4.419999999999341 -7.221452471750234e-41
21.8675 1.999999999999999 4.42 1.9999999999998632 4.419999999999345 -6.048522801596841e-41
21.872500000000002 1.999999999999999 4.42 1.9999999999998619 4.41999999999935 -5.027205953018314e-41
21.877499999999998 1.999999999999999 4.42 1.9999999999998606 4.419999999999352 -4.1398795343447797e-41
21.8825 1.999999999999999 4.42 1.9999999999998601 4.419999999999352 -3.3708435223553514e-41
21.887500000000003 1.999999999999999 4.42 1.9999999999998597 4.419999999999352 -2.7061194723863665e-41
21.8925 1.999999999999999 4.42 1.9999999999998597 4.419999999999351 -2.1332700302675332e-41
21.8975 1.999999999999999 4.42 1.9999999999998583 4.419999999999352 -1.6412367458280085e-41
21.902500000000003 1.999999999999999 4.42 1.9999999999998577 4.4199999999993524 -1.2201943805725353e-41
21.9075 1.999999999999999 4.42 1.9999999999998577 4.419999999999353 -8.614200767226069e-42
21.9125 1.999999999999999 4.42 1.9999999999998577 4.419999999999353 -5.571759129059577e-42
21.9175 1.999999999999999 4.42 1.9999999999998574 4.419999999999352 -3.0060351482261805e-42
21.9225 1.999999999999999 4.42 1.9999999999998574 4.41999999999935 -8.562951864692607e-43
21.927500000000002 1.999999999999999 4.42 1.9999999999998574 4.419999999999348 9.31191979472142e-43
21.932499999999997 1.999999999999999 4.42 1.9999999999998586 4.4199999999993445 2.4039149633825182e-42
21.9375 1.999999999999999 4.42 1.9999999999998588 4.419999999999343 3.603800524878784e-42
21.942500000000003 1.999999999999999 4.42 1.9999999999998588 4.419999999999341 4.567823242331037e-42
21.947499999999998 1.999999999999999 4.42 1.9999999999998588 4.419999999999341 5.328551288321615e-42
21.9525 1.999999999999999 4.42 1.9999999999998592 4.419999999999339 5.914634784827187e-42
21.957500000000003 1.999999999999999 4.42 1.9999999999998603 4.419999999999336 6.351242575878885e-42
21.9625 1.999999999999999 4.42 1.9999999999998603 4.419999999999336 6.660452677773885e-42
21.9675 1.999999999999999 4.42 1.9999999999998597 4.419999999999336 6.861601145085141e-42
21.9725 1.999999999999999 4.42 1.999999999999859 4.419999999999337 6.971593619530009e-42
21.9775 1.999999999999999 4.42 1.9999999999998588 4.419999999999336 7.005183403353713e-42
21.9825 1.999999999999999 4.42 1.999999999999858 4.419999999999336 6.975219514881468e-42
21.9875 1.999999999999999 4.42 1.9999999999998563 4.419999999999339 6.89286783738512e-42
21.9925 1.999999999999999 4.42 1.9999999999998557 4.419999999999339 6.767808159777292e-42
21.997500000000002 1.999999999999999 4.42 1.9999999999998557 4.419999999999339 6.608409625658188e-42
22.002499999999998 1.999999999999999 4.42 1.9999999999998557 4.419999999999339 6.421886852958748e-42
22.0075 1.999999999999999 4.42 1.999999999999855 4.419999999999339 6.214438757164441e-42
22.012500000000003 1.999999999999999 4.42 1.999999999999855 4.419999999999337 5.991371904493452e-42
22.0175 1.999999999999999 4.42 1.9999999999998557 4.419999999999336 5.757210035206155e-42
22.0225 1.999999999999999 4.42 1.999999999999855 4.419999999999336 5.5157912295084084e-42
22.027500000000003 1.999999999999999 4.42 1.999999999999855 4.419999999999334 5.270354037470149e-42
22.0325 1.999999999999999 4.42 1.999999999999855 4.419999999999332 5.0236137583737526e-42
22.0375 1.999999999999999 4.42 1.9999999999998557 4.4199999999993285 4.7778299325151e-42
22.0425 1.999999999999999 4.42 1.999999999999855 4.4199999999993285 4.534865998337242e-42
22.0475 1.999999999999999 4.42 1.999999999999855 4.419999999999329 4.2962419686918166e-42
22.052500000000002 1.999999999999999 4.42 1.9999999999998552 4.419999999999332 4.0631808909377146e-42
22.057499999999997 1.999999999999999 4.42 1.9999999999998552 4.4199999999993365 3.8366497754830595e-42
22.0625 1.999999999999999 4.42 1.9999999999998563 4.419999999999338 3.6173956053941074e-42
22.067500000000003 1.999999999999999 4.42 1.9999999999998577 4.419999999999337 3.4059769750336325e-42
22.072499999999998 1.999999999999999 4.42 1.9999999999998581 4.419999999999339 3.202791847601714e-42
22.0775 1.999999999999999 4.42 1.9999999999998581 4.419999999999343 3.0081018693195784e-42
22.082500000000003 1.999999999999999 4.42 1.99999999999986 4.419999999999348 2.8220536312033375e-42
22.0875 1.999999999999999 4.42 1.999999999999861 4.419999999999353 2.644697227386317e-42
22.0925 1.999999999999999 4.42 1.999999999999862 4.4199999999993596 2.476002421311136e-42
22.0975 1.999999999999999 4.42 1.9999999999998628 4.41999999999936 2.3158726973647096e-42
22.1025 1.999999999999999 4.42 1.9999999999998628 4.41999999999936 2.164157445283223e-42
22.1075 1.999999999999999 4.42 1.9999999999998623 4.41999999999936 2.020662497578962e-42
22.1125 1.999999999999999 4.42 1.9999999999998628 4.419999999999359 1.8851592159867795e-42
22.1175 1.999999999999999 4.42 1.9999999999998628 4.419999999999357 1.757392301228405e-42
22.122500000000002 1.999999999999999 4.42 1.9999999999998628 4.419999999999355 1.6370864809864465e-42
22.127499999999998 1.999999999999999 4.42 1.9999999999998628 4.419999999999353 1.5239522136235587e-42
22.1325 1.999999999999999 4.42 1.9999999999998623 4.419999999999352 1.4176905296753581e-42
22.137500000000003 1.999999999999999 4.42 1.9999999999998623 4.41999999999935 1.3179971193006952e-42
22.1425 1.999999999999999 4.42 1.9999999999998628 4.419999999999348 1.2245657615028279e-42
22.1475 1.999999999999999 4.42 1.999999999999863 4.419999999999346 1.1370911799114691e-42
22.152500000000003 1.999999999999999 4.42 1.999999999999863 4.419999999999346 1.0552714000797103e-42
22.1575 1.999999999999999 4.42 1.999999999999863 4.419999999999346 9.788096744839266e-43
22.1625 1.999999999999999 4.42 1.999999999999863 4.419999999999346 9.074160336139307e-43
22.1675 1.999999999999999 4.42 1.999999999999863 4.419999999999346 8.408085145954053e-43
22.1725 1.999999999999999 4.42 1.999999999999863 4.419999999999345 7.787141126068085e-43
22.177500000000002 1.999999999999999 4.42 1.999999999999863 4.419999999999346 7.208694948686658e-43
22.182499999999997 1.999999999999999 4.42 1.9999999999998628 4.419999999999346 6.670215121058331e-43
22.1875 1.999999999999999 4.42 1.9999999999998623 4.419999999999346 6.16927538059152e-43
22.192500000000003 1.999999999999999 4.42 1.9999999999998617 4.419999999999346 5.70355663790442e-43
22.197499999999998 1.999999999999999 4.42 1.9999999999998623 4.419999999999345 5.270847701258105e-43
22.2025 1.999999999999999 4.42 1.9999999999998623 4.419999999999344 4.8690449857912895e-43
22.207500000000003 1.999999999999999 4.42 1.9999999999998617 4.419999999999344 4.496151384403972e-43
22.2125 1.999999999999999 4.42 1.9999999999998623 4.419999999999343 4.150274453656458e-43
22.2175 1.999999999999999 4.42 1.9999999999998623 4.419999999999341 3.8296240473697035e-43
22.2225 1.999999999999999 4.42 1.9999999999998623 4.419999999999339 3.5325095123723877e-43
22.2275 1.999999999999999 4.42 1.9999999999998628 4.419999999999338 3.257336544776351e-43
22.2325 1.999999999999999 4.42 1.9999999999998637 4.419999999999336 3.0026037910797603e-43
22.2375 1.999999999999999 4.42 1.9999999999998628 4.419999999999337 2.7668992660047867e-43
22.2425 1.999999999999999 4.42 1.999999999999863 4.419999999999336 2.5488966481388035e-43
22.247500000000002 1.999999999999999 4.42 1.9999999999998637 4.419999999999334 2.3473515049658024e-43
22.252499999999998 1.999999999999999 4.42 1.9999999999998639 4.419999999999332 2.1610974905898072e-43
22.2575 1.999999999999999 4.42 1.999999999999864 4.41999999999933 1.9890425522359987e-43
22.262500000000003 1.999999999999999 4.42 1.9999999999998637 4.419999999999332 1.8301651753490236e-43
22.2675 1.999999999999999 4.42 1.999999999999863 4.41999999999933 1.6835106916543818e-43
22.2725 1.999999999999999 4.42 1.9999999999998637 4.419999999999329 1.5481876698504554e-43
22.277500000000003 1.999999999999999 4.42 1.9999999999998637 4.419999999999329 1.4233644045345907e-43
22.2825 1.999999999999999 4.42 1.999999999999863 4.41999999999933 1.308265515470219e-43
22.2875 1.999999999999999 4.42 1.999999999999863 4.419999999999329 1.2021686663148814e-43
22.2925 1.999999999999999 4.42 1.9999999999998639 4.419999999999328 1.1044014093747189e-43
22.2975 1.999999999999999 4.42 1.999999999999864 4.419999999999327 1.0143381607779438e-43
22.302500000000002 1.999999999999999 4.42 1.9999999999998637 4.419999999999327 9.313973086332864e-44
22.307499999999997 1.999999999999999 4.42 1.999999999999863 4.419999999999327 8.550384551967929e-44
22.3125 1.999999999999999 4.42 1.9999999999998623 4.4199999999993285 7.847597927876126e-44
22.317500000000003 1.999999999999999 4.42 1.999999999999862 4.419999999999327 7.200956121365801e-44
22.322499999999998 1.999999999999999 4.42 1.9999999999998617 4.419999999999325 6.606139409794598e-44
22.3275 1.999999999999999 4.42 1.9999999999998623 4.419999999999325 6.059143100103167e-44
22.332500000000003 1.999999999999999 4.42 1.9999999999998617 4.419999999999325 5.55625642753863e-44
22.3375 1.999999999999999 4.42 1.9999999999998617 4.419999999999325 5.094042654818183e-44
22.3425 1.999999999999999 4.42 1.9999999999998617 4.419999999999325 4.66932032974672e-44
22.3475 1.999999999999999 4.42 1.9999999999998628 4.419999999999326 4.279145656951016e-44
22.3525 1.999999999999999 4.42 1.9999999999998637 4.419999999999325 3.9207959377907097e-44
22.3575 1.999999999999999 4.42 1.999999999999863 4.419999999999325 3.59175403160589e-44
22.3625 1.999999999999999 4.42 1.9999999999998634 4.419999999999327 3.2896937910595615e-44
22.3675 1.999999999999999 4.42 1.999999999999863 4.4199999999993285 3.01246642440922e-44
22.372500000000002 1.999999999999999 4.42 1.999999999999863 4.419999999999328 2.758087738000282e-44
22.377499999999998 1.999999999999999 4.42 1.999999999999863 4.419999999999327 2.524726213024017e-44
22.3825 1.999999999999999 4.42 1.999999999999863 4.419999999999325 2.3106918715918083e-44
22.387500000000003 1.999999999999999 4.42 1.9999999999998637 4.419999999999322 2.1144258883922478e-44
22.3925 1.999999999999999 4.42 1.999999999999863 4.419999999999322 1.9344909055436034e-44
22.3975 1.999999999999999 4.42 1.999999999999863 4.419999999999321 1.7695620097416967e-44
22.402500000000003 1.999999999999999 4.42 1.999999999999863 4.41999999999932 1.6184183323623425e-44
22.4075 1.999999999999999 4.42 1.9999999999998628 4.41999999999932 1.4799352347873342e-44
22.4125 1.999999999999999 4.42 1.9999999999998623 4.41999999999932 1.3530770428827658e-44
22.4175 1.999999999999999 4.42 1.9999999999998628 4.419999999999318 1.2368902962212665e-44
22.4225 1.999999999999999 4.42 1.9999999999998617 4.419999999999319 1.1304974792980647e-44
22.427500000000002 1.999999999999999 4.42 1.9999999999998617 4.419999999999321 1.0330912036464868e-44
22.432499999999997 1.999999999999999 4.42 1.9999999999998617 4.419999999999326 9.439288113746149e-45
22.4375 1.999999999999999 4.42 1.999999999999862 4.419999999999329 8.623273722320799e-45
22.442500000000003 1.999999999999999 4.42 1.9999999999998617 4.41999999999933 7.876590478632927e-45
22.447499999999998 1.999999999999999 4.42 1.9999999999998614 4.41999999999933 7.193467983945704e-45
22.4525 1.999999999999999 4.42 1.9999999999998603 4.419999999999332 6.568604079511208e-45
22.457500000000003 1.999999999999999 4.42 1.9999999999998603 4.41999999999933 5.997128070885211e-45
22.4625 1.999999999999999 4.42 1.9999999999998601 4.41999999999933 5.474566714537383e-45
22.4675 1.999999999999999 4.42 1.9999999999998603 4.41999999999933 4.996812772674958e-45
22.4725 1.999999999999999 4.42 1.999999999999861 4.419999999999332 4.5600959543512485e-45
22.4775 1.999999999999999 4.42 1.9999999999998619 4.419999999999336 4.1609560724779417e-45
22.4825 1.999999999999999 4.42 1.9999999999998623 4.419999999999338 3.796218257379441e-45
22.4875 1.999999999999999 4.42 1.9999999999998628 4.419999999999339 3.462970077919892e-45
22.4925 1.999999999999999 4.42 1.999999999999863 4.419999999999338 3.158540431097998e-45
22.497500000000002 1.999999999999999 4.42 1.9999999999998628 4.419999999999339 2.8804800703177e-45
22.502499999999998 1.999999999999999 4.42 1.999999999999863 4.419999999999338 2.626543651321011e-45
22.5075 1.999999999999999 4.42 1.999999999999863 4.419999999999338 2.3946731830392877e-45
22.512500000000003 1.999999999999999 4.42 1.999999999999863 4.419999999999338 2.1829827784115165e-45
22.5175 1.999999999999999 4.42 1.999999999999863 4.419999999999339 1.989744607513265e-45
22.5225 1.999999999999999 4.42 1.999999999999863 4.419999999999338 1.8133759622125013e-45
22.527500000000003 1.999999999999999 4.42 1.999999999999863 4.419999999999337 1.6524273479977675e-45
22.5325 1.999999999999999 4.42 1.999999999999863 4.419999999999336 1.5055715246384718e-45
22.5375 1.999999999999999 4.42 1.9999999999998628 4.419999999999339 1.3715934229803924e-45
22.5425 1.999999999999999 4.42 1.9999999999998634 4.419999999999343 1.2493808704421868e-45
22.5475 1.999999999999999 4.42 1.999999999999864 4.419999999999345 1.137916062691835e-45
22.552500000000002 1.999999999999999 4.42 1.9999999999998643 4.419999999999346 1.0362677235776708e-45
22.557499999999997 1.999999999999999 4.42 1.9999999999998643 4.419999999999346 9.435838996614853e-46
22.5625 1.999999999999999 4.42 1.9999999999998643 4.4199999999993445 8.590853396874958e-46
22.567500000000003 1.999999999999999 4.42 1.999999999999865 4.419999999999343 7.820594130352508e-46
22.572499999999998 1.999999999999999 4.42 1.999999999999865 4.419999999999343 7.118545246507176e-46
22.5775 1.999999999999999 4.42 1.999999999999864 4.419999999999343 6.478749871642837e-46
22.582500000000003 1.999999999999999 4.42 1.999999999999863 4.4199999999993445 5.895763138857111e-46
22.5875 1.999999999999999 4.42 1.9999999999998628 4.419999999999344 5.364608991329522e-46
22.5925 1.999999999999999 4.42 1.9999999999998628 4.419999999999344 4.880740549249642e-46
22.5975 1.999999999999999 4.42 1.9999999999998623 4.419999999999343 4.440003754521098e-46
22.6025 1.999999999999999 4.42 1.9999999999998623 4.419999999999341 4.038604029458916e-46
22.6075 1.999999999999999 4.42 1.9999999999998623 4.419999999999341 3.673075706207544e-46
22.6125 1.999999999999999 4.42 1.9999999999998623 4.419999999999341 3.3402540025532064e-46
22.6175 1.999999999999999 4.42 1.9999999999998617 4.419999999999341 3.037249337368942e-46
22.622500000000002 1.999999999999999 4.42 1.9999999999998623 4.419999999999339 2.7614237951808668e-46
22.627499999999998 1.999999999999999 4.42 1.9999999999998623 4.419999999999339 2.51036956436557e-46
22.6325 1.999999999999999 4.42 1.9999999999998623 4.419999999999338 2.2818891873777348e-46
22.637500000000003 1.999999999999999 4.42 1.9999999999998623 4.419999999999338 2.073977474254371e-46
22.6425 1.999999999999999 4.42 1.9999999999998623 4.419999999999337 1.8848049424844044e-46
22.6475 1.999999999999999 4.42 1.9999999999998623 4.419999999999336 1.7127026572931873e-46
22.652500000000003 1.999999999999999 4.42 1.9999999999998623 4.419999999999336 1.5561483564949087e-46
22.6575 1.999999999999999 4.42 1.9999999999998623 4.419999999999336 1.4137537533844386e-46
22.6625 1.999999999999999 4.42 1.9999999999998628 4.419999999999334 1.284252919747105e-46
22.6675 1.999999999999999 4.42 1.9999999999998628 4.419999999999333 1.1664916589943688e-46
22.6725 1.999999999999999 4.42 1.9999999999998628 4.419999999999334 1.0594177867359742e-46
22.677500000000002 1.999999999999999 4.42 1.9999999999998628 4.419999999999334 9.620722428417915e-47
22.682499999999997 1.999999999999999 4.42 1.999999999999863 4.419999999999332 8.735809652448777e-47
22.6875 1.999999999999999 4.42 1.9999999999998637 4.41999999999933 7.931474614496866e-47
22.692500000000003 1.999999999999999 4.42 1.9999999999998637 4.41999999999933 7.200460189715495e-47
22.697499999999998 1.999999999999999 4.42 1.999999999999863 4.41999999999933 6.536155007669056e-47
22.7025 1.999999999999999 4.42 1.999999999999863 4.41999999999933 5.932536761703947e-47
22.707500000000003 1.999999999999999 4.42 1.999999999999863 4.41999999999933 5.384120419487179e-47
22.7125 1.999999999999999 4.42 1.9999999999998628 4.41999999999933 4.885910918439786e-47
22.7175 1.999999999999999 4.42 1.9999999999998628 4.419999999999329 4.433359964429045e-47
22.7225 1.999999999999999 4.42 1.999999999999863 4.4199999999993285 4.022326583887634e-47
22.7275 1.999999999999999 4.42 1.999999999999863 4.419999999999328 3.6490411087290403e-47
22.7325 1.999999999999999 4.42 1.999999999999863 4.419999999999327 3.3100723003015635e-47
22.7375 1.999999999999999 4.42 1.999999999999863 4.419999999999325 3.0022973432510753e-47
22.7425 1.999999999999999 4.42 1.9999999999998628 4.419999999999325 2.7228744627997664e-47
22.747500000000002 1.999999999999999 4.42 1.9999999999998623 4.419999999999323 2.4692179397246645e-47
22.752499999999998 1.999999999999999 4.42 1.9999999999998628 4.419999999999321 2.2389753163727497e-47
22.7575 1.999999999999999 4.42 1.999999999999863 4.419999999999319 2.0300066045389933e-47
22.762500000000003 1.999999999999999 4.42 1.999999999999863 4.419999999999319 1.840365322080263e-47
22.7675 1.999999999999999 4.42 1.9999999999998637 4.419999999999318 1.6682811998344882e-47
22.7725 1.999999999999999 4.42 1.9999999999998628 4.419999999999318 1.5121444139105805e-47
22.777500000000003 1.999999999999999 4.42 1.9999999999998628 4.419999999999318 1.3704912107738825e-47
22.7825 1.999999999999999 4.42 1.9999999999998623 4.419999999999317 1.241990803874464e-47
22.7875 1.999999999999999 4.42 1.9999999999998628 4.419999999999316 1.1254334309525963e-47
22.7925 1.999999999999999 4.42 1.9999999999998637 4.4199999999993125 1.0197194706620675e-47
22.7975 1.999999999999999 4.42 1.9999999999998637 4.419999999999312 9.238495258568574e-48
22.802500000000002 1.999999999999999 4.42 1.9999999999998637 4.419999999999311 8.369153888675342e-48
22.807499999999997 1.999999999999999 4.42 1.999999999999863 4.419999999999309 7.580918113903003e-48
22.8125 1.999999999999999 4.42 1.999999999999863 4.419999999999309 6.866290082952759e-48
22.817500000000003 1.999999999999999 4.42 1.9999999999998637 4.419999999999308 6.218458307796027e-48
22.822499999999998 1.999999999999999 4.42 1.999999999999863 4.419999999999309 5.631235498827512e-48
22.8275 1.999999999999999 4.42 1.9999999999998637 4.419999999999308 5.09900196504856e-48
22.832500000000003 1.999999999999999 4.42 1.9999999999998637 4.419999999999308 4.616654087513729e-48
22.8375 1.999999999999999 4.42 1.9999999999998637 4.419999999999307 4.1795574170778786e-48
22.8425 1.999999999999999 4.42 1.999999999999863 4.419999999999306 3.783503986667972e-48
22.8475 1.999999999999999 4.42 1.999999999999863 4.419999999999306 3.4246734640958124e-48
22.8525 1.999999999999999 4.42 1.9999999999998623 4.419999999999307 3.099597804136223e-48
22.8575 1.999999999999999 4.42 1.9999999999998619 4.419999999999307 2.805129088523945e-48
22.8625 1.999999999999999 4.42 1.999999999999861 4.419999999999311 2.5384102698320256e-48
22.8675 1.999999999999999 4.42 1.9999999999998603 4.419999999999309 2.2968485601633824e-48
22.872500000000002 1.999999999999999 4.42 1.9999999999998601 4.419999999999309 2.0780912283969038e-48
22.877499999999998 1.999999999999999 4.42 1.9999999999998603 4.419999999999309 1.880003590549502e-48
22.8825 1.999999999999999 4.42 1.9999999999998606 4.419999999999307 1.7006489968362183e-48
22.887500000000003 1.999999999999999 4.42 1.999999999999861 4.419999999999304 1.538270636380565e-48
22.8925 1.999999999999999 4.42 1.999999999999861 4.419999999999304 1.3912749963684182e-48
22.8975 1.999999999999999 4.42 1.9999999999998603 4.419999999999304 1.25821682691543e-48
22.902500000000003 1.999999999999999 4.42 1.9999999999998603 4.419999999999302 1.1377854761212147e-48
22.9075 1.999999999999999 4.42 1.9999999999998603 4.4199999999993 1.0287924718252613e-48
22.9125 1.999999999999999 4.42 1.9999999999998603 4.4199999999993 9.301602375783109e-49
22.9175 1.999999999999999 4.42 1.9999999999998597 4.4199999999993 8.409118403682303e-49
22.9225 1.999999999999999 4.42 1.9999999999998603 4.4199999999992965 7.601616767800493e-49
22.927500000000002 1.999999999999999 4.42 1.9999999999998601 4.419999999999296 6.871070126162246e-49
22.932499999999997 1.999999999999999 4.42 1.9999999999998603 4.4199999999992965 6.210202986028213e-49
22.9375 1.999999999999999 4.42 1.9999999999998603 4.4199999999992965 5.612421917410396e-49
22.942500000000003 1.999999999999999 4.42 1.9999999999998603 4.4199999999992965 5.0717521818529276e-49
22.947499999999998 1.999999999999999 4.42 1.999999999999861 4.419999999999295 4.582780192851169e-49
22.9525 1.999999999999999 4.42 1.9999999999998603 4.419999999999293 4.140601276801994e-49
22.957500000000003 1.999999999999999 4.42 1.999999999999861 4.419999999999293 3.740772251201357e-49
22.9625 1.999999999999999 4.42 1.9999999999998603 4.419999999999293 3.3792683803609955e-49
22.9675 1.999999999999999 4.42 1.9999999999998603 4.419999999999293 3.0524443086322642e-49
22.9725 1.999999999999999 4.42 1.999999999999861 4.41999999999929 2.7569986072729236e-49
22.9775 1.999999999999999 4.42 1.999999999999861 4.41999999999929 2.4899416040056e-49
22.9825 1.999999999999999 4.42 1.9999999999998619 4.41999999999929 2.2485661943188366e-49
22.9875 1.999999999999999 4.42 1.999999999999863 4.419999999999293 2.030421360844878e-49
22.9925 1.999999999999999 4.42 1.9999999999998637 4.419999999999296 1.8332881520021585e-49
22.997500000000002 1.999999999999999 4.42 1.9999999999998637 4.4199999999992965 1.6551578937149976e-49
23.002499999999998 1.999999999999999 4.42 1.9999999999998634 4.419999999999297 1.4942124286054769e-49
23.0075 1.999999999999999 4.42 1.999999999999863 4.4199999999993 1.3488061957865739e-49
23.012500000000003 1.999999999999999 4.42 1.9999999999998628 4.419999999999298 1.2174499814394924e-49
23.0175 1.999999999999999 4.42 1.999999999999863 4.4199999999992965 1.0987961858571387e-49
23.0225 1.999999999999999 4.42 1.9999999999998628 4.4199999999992965 9.916254667515524e-50
23.027500000000003 1.999999999999999 4.42 1.9999999999998628 4.419999999999296 8.94834631455027e-50
23.0325 1.999999999999999 4.42 1.9999999999998628 4.419999999999296 8.074256623104783e-50
23.0375 1.999999999999999 4.42 1.999999999999863 4.419999999999293 7.284957701652367e-50
23.0425 1.999999999999999 4.42 1.999999999999863 4.419999999999293 6.572283805308412e-50
23.0475 1.999999999999999 4.42 1.9999999999998628 4.419999999999293 5.928849657417682e-50
23.052500000000002 1.999999999999999 4.42 1.9999999999998639 4.41999999999929 5.347976444254613e-50
23.057499999999997 1.999999999999999 4.42 1.9999999999998637 4.419999999999289 4.823624768422659e-50
23.0625 1.999999999999999 4.42 1.9999999999998637 4.419999999999289 4.350333912421186e-50
23.067500000000003 1.999999999999999 4.42 1.9999999999998637 4.419999999999288 3.9231668237367196e-50
23.072499999999998 1.999999999999999 4.42 1.9999999999998628 4.419999999999289 3.5376602871827196e-50
23.0775 1.999999999999999 4.42 1.9999999999998628 4.419999999999289 3.1897797996573804e-50
23.082500000000003 1.999999999999999 4.42 1.9999999999998637 4.419999999999287 2.875878707380986e-50
23.0875 1.999999999999999 4.42 1.9999999999998637 4.419999999999288 2.5926612064400386e-50
23.0925 1.999999999999999 4.42 1.999999999999863 4.419999999999288 2.3371488445192916e-50
23.0975 1.999999999999999 4.42 1.9999999999998628 4.419999999999288 2.1066501953335872e-50
23.1025 1.999999999999999 4.42 1.9999999999998623 4.419999999999289 1.8987334078016654e-50
23.1075 1.999999999999999 4.42 1.9999999999998623 4.419999999999289 1.711201359748705e-50
23.1125 1.999999999999999 4.42 1.9999999999998623 4.419999999999289 1.5420691710867659e-50
23.1175 1.999999999999999 4.42 1.9999999999998617 4.419999999999289 1.3895438542755944e-50
23.122500000000002 1.999999999999999 4.42 1.999999999999861 4.419999999999291 1.2520059006088742e-50
23.127499999999998 1.999999999999999 4.42 1.9999999999998601 4.419999999999291 1.1279926196902433e-50
23.1325 1.999999999999999 4.42 1.9999999999998592 4.419999999999293 1.0161830665429556e-50
23.137500000000003 1.999999999999999 4.42 1.9999999999998588 4.419999999999295 9.153844063002682e-51
23.1425 1.999999999999999 4.42 1.9999999999998586 4.419999999999293 8.245195804759135e-51
23.1475 1.999999999999999 4.42 1.9999999999998583 4.419999999999289 7.426161515756004e-51
23.152500000000003 1.999999999999999 4.42 1.9999999999998577 4.41999999999929 6.687962143782966e-51
23.1575 1.999999999999999 4.42 1.9999999999998577 4.419999999999289 6.022672727068435e-51
23.1625 1.999999999999999 4.42 1.9999999999998581 4.419999999999289 5.423139900270076e-51
23.1675 1.999999999999999 4.42 1.9999999999998588 4.419999999999292 4.8829073084275276e-51
23.1725 1.999999999999999 4.42 1.9999999999998588 4.419999999999292 4.396148176768217e-51
23.177500000000002 1.999999999999999 4.42 1.9999999999998588 4.419999999999292 3.9576043552306526e-51
23.182499999999997 1.999999999999999 4.42 1.9999999999998588 4.419999999999291 3.5625312208426486e-51
23.1875 1.999999999999999 4.42 1.9999999999998577 4.419999999999291 3.206647879385634e-51
23.192500000000003 1.999999999999999 4.42 1.999999999999857 4.419999999999293 2.886092160612603e-51
23.197499999999998 1.999999999999999 4.42 1.999999999999857 4.419999999999293 2.5973799491397765e-51
23.2025 1.999999999999999 4.42 1.9999999999998574 4.419999999999291 2.3373684365296025e-51
23.207500000000003 1.999999999999999 4.42 1.999999999999857 4.419999999999291 2.1032229193854784e-51
23.2125 1.999999999999999 4.42 1.9999999999998563 4.419999999999291 1.8923868038779534e-51
23.2175 1.999999999999999 4.42 1.9999999999998563 4.41999999999929 1.7025545093931404e-51
23.2225 1.999999999999999 4.42 1.9999999999998557 4.419999999999289 1.5316469932114e-51
23.2275 1.999999999999999 4.42 1.9999999999998557 4.419999999999289 1.3777896445809034e-51
23.2325 1.999999999999999 4.42 1.9999999999998561 4.419999999999288 1.2392923205304186e-51
23.2375 1.999999999999999 4.42 1.9999999999998557 4.419999999999288 1.1146313174602364e-51
23.2425 1.999999999999999 4.42 1.999999999999857 4.419999999999284 1.0024330922041782e-51
23.247500000000002 1.999999999999999 4.42 1.999999999999857 4.419999999999282 9.014595640491711e-52
23.252499999999998 1.999999999999999 4.42 1.9999999999998563 4.419999999999282 8.105948453032122e-52
23.2575 1.999999999999999 4.42 1.999999999999857 4.419999999999282 7.288332625816879e-52
23.262500000000003 1.999999999999999 4.42 1.9999999999998574 4.419999999999282 6.55268544182168e-52
23.2675 1.999999999999999 4.42 1.9999999999998574 4.419999999999282 5.8908406085481135e-52
23.2725 1.999999999999999 4.42 1.999999999999857 4.419999999999282 5.295440180878982e-52
23.277500000000003 1.999999999999999 4.42 1.9999999999998563 4.419999999999282 4.759855078060202e-52
23.2825 1.999999999999999 4.42 1.9999999999998568 4.4199999999992805 4.2781133622470784e-52
23.2875 1.999999999999999 4.42 1.9999999999998574 4.419999999999279 3.844835526125051e-52
23.2925 1.999999999999999 4.42 1.9999999999998566 4.41999999999928 3.455176109521521e-52
23.2975 1.999999999999999 4.42 1.9999999999998561 4.419999999999284 3.104771030406126e-52
23.302500000000002 1.999999999999999 4.42 1.9999999999998563 4.419999999999288 2.7896900749419213e-52
23.307499999999997 1.999999999999999 4.42 1.9999999999998563 4.419999999999286 2.5063940448052014e-52
23.3125 1.999999999999999 4.42 1.9999999999998563 4.419999999999286 2.2516961084400117e-52
23.317500000000003 1.999999999999999 4.42 1.9999999999998563 4.419999999999285 2.0227269467279472e-52
23.322499999999998 1.999999999999999 4.42 1.9999999999998563 4.419999999999284 1.816903323140243e-52
23.3275 1.999999999999999 4.42 1.999999999999857 4.419999999999282 1.631899744255613e-52
23.332500000000003 1.999999999999999 4.42 1.999999999999857 4.419999999999282 1.4656229088882292e-52
23.3375 1.999999999999999 4.42 1.9999999999998563 4.419999999999282 1.3161886733165599e-52
23.3425 1.999999999999999 4.42 1.999999999999857 4.419999999999282 1.1819012865495716e-52
23.3475 1.999999999999999 4.42 1.9999999999998557 4.419999999999282 1.0612346734583123e-52
23.3525 1.999999999999999 4.42 1.9999999999998557 4.419999999999283 9.528155651839487e-53
23.3575 1.999999999999999 4.42 1.9999999999998557 4.419999999999284 8.554082957500725e-53
23.3625 1.999999999999999 4.42 1.9999999999998557 4.419999999999282 7.679011014248401e-53
23.3675 1.999999999999999 4.42 1.9999999999998563 4.41999999999928 6.892937753016119e-53
23.372500000000002 1.999999999999999 4.42 1.9999999999998557 4.4199999999992805 6.186865439507406e-53
23.377499999999998 1.999999999999999 4.42 1.9999999999998552 4.419999999999281 5.552700459827344e-53
23.3825 1.999999999999999 4.42 1.9999999999998548 4.419999999999282 4.983163040958636e-53
23.387500000000003 1.999999999999999 4.42 1.9999999999998548 4.419999999999282 4.471705927782074e-53
23.3925 1.999999999999999 4.42 1.9999999999998548 4.419999999999284 4.012441133975487e-53
23.3975 1.999999999999999 4.42 1.9999999999998543 4.419999999999282 3.60007397053801e-53
23.402500000000003 1.999999999999999 4.42 1.9999999999998543 4.419999999999282 3.229843633670214e-53
23.4075 1.999999999999999 4.42 1.9999999999998552 4.419999999999279 2.897469704127495e-53
23.4125 1.999999999999999 4.42 1.9999999999998563 4.419999999999277 2.599103973739118e-53
23.4175 1.999999999999999 4.42 1.9999999999998566 4.419999999999279 2.331287072141755e-53
23.4225 1.999999999999999 4.42 1.9999999999998568 4.419999999999282 2.090909418536273e-53
23.427500000000002 1.999999999999999 4.42 1.9999999999998574 4.419999999999286 1.87517607001534e-53
23.432499999999997 1.999999999999999 4.42 1.9999999999998581 4.419999999999289 1.681575080156703e-53
23.4375 1.999999999999999 4.42 1.9999999999998588 4.419999999999291 1.5078490196182649e-53
23.442500000000003 1.999999999999999 4.42 1.9999999999998594 4.419999999999294 1.3519693447991893e-53
23.447499999999998 1.999999999999999 4.42 1.9999999999998603 4.4199999999992965 1.2121133315809983e-53
23.4525 1.999999999999999 4.42 1.9999999999998614 4.419999999999295 1.086643319101017e-53
23.457500000000003 1.999999999999999 4.42 1.9999999999998617 4.419999999999293 9.740880337001675e-54
23.4625 1.999999999999999 4.42 1.9999999999998614 4.419999999999293 8.731257859033785e-54
23.4675 1.999999999999999 4.42 1.9999999999998614 4.419999999999293 7.82569353786168e-54
23.4725 1.999999999999999 4.42 1.9999999999998617 4.419999999999291 7.0135238455716e-54
23.4775 1.999999999999999 4.42 1.999999999999861 4.419999999999293 6.285171628426679e-54
23.4825 1.999999999999999 4.42 1.9999999999998612 4.419999999999289 5.632036091863888e-54
23.4875 1.999999999999999 4.42 1.9999999999998617 4.419999999999288 5.0463938581506594e-54
23.4925 1.999999999999999 4.42 1.9999999999998617 4.419999999999286 4.5213099892962975e-54
23.497500000000002 1.999999999999999 4.42 1.9999999999998617 4.419999999999285 4.050557977857016e-54
23.502499999999998 1.999999999999999 4.42 1.9999999999998623 4.419999999999284 3.628547807436629e-54
23.5075 1.999999999999999 4.42 1.999999999999863 4.419999999999282 3.2502612740645744e-54
23.512500000000003 1.999999999999999 4.42 1.9999999999998637 4.4199999999992805 2.911193840192981e-54
23.5175 1.999999999999999 4.42 1.9999999999998637 4.41999999999928 2.6073023656063484e-54
23.5225 1.999999999999999 4.42 1.9999999999998639 4.419999999999279 2.3349581249494153e-54
23.527500000000003 1.999999999999999 4.42 1.9999999999998643 4.419999999999277 2.0909045804886864e-54
23.5325 1.999999999999999 4.42 1.999999999999863 4.419999999999279 1.87221943178377e-54
23.5375 1.999999999999999 4.42 1.999999999999863 4.419999999999279 1.6762805117658277e-54
23.5425 1.999999999999999 4.42 1.999999999999863 4.419999999999279 1.5007351417753708e-54
23.5475 1.999999999999999 4.42 1.999999999999863 4.419999999999279 1.3434725968860156e-54
23.552500000000002 1.999999999999999 4.42 1.9999999999998628 4.419999999999279 1.2025993677766661e-54
23.557499999999997 1.999999999999999 4.42 1.9999999999998623 4.419999999999279 1.0764169368551993e-54
23.5625 1.999999999999999 4.42 1.9999999999998614 4.419999999999279 9.634018146557815e-55
23.567500000000003 1.999999999999999 4.42 1.9999999999998597 4.41999999999928 8.621876080311742e-55
23.572499999999998 1.999999999999999 4.42 1.9999999999998592 4.419999999999279 7.715489146057453e-55
23.5775 1.999999999999999 4.42 1.9999999999998597 4.419999999999277 6.903868586226871e-55
23.582500000000003 1.999999999999999 4.42 1.999999999999859 4.419999999999277 6.1771610191505334e-55
23.5875 1.999999999999999 4.42 1.9999999999998592 4.419999999999275 5.526531804656786e-55
23.5925 1.999999999999999 4.42 1.9999999999998597 4.419999999999274 4.9440603208921545e-55
23.5975 1.999999999999999 4.42 1.9999999999998597 4.419999999999274 4.422645943249276e-55
23.6025 1.999999999999999 4.42 1.9999999999998597 4.419999999999273 3.9559236382471894e-55
23.6075 1.999999999999999 4.42 1.9999999999998603 4.41999999999927 3.538188195000576e-55
23.6125 1.999999999999999 4.42 1.9999999999998597 4.419999999999271 3.1643262156309425e-55
23.6175 1.999999999999999 4.42 1.9999999999998603 4.419999999999271 2.8297550748132744e-55
23.622500000000002 1.999999999999999 4.42 1.9999999999998606 4.419999999999271 2.530368138561255e-55
23.627499999999998 1.999999999999999 4.42 1.9999999999998606 4.419999999999273 2.2624856042206033e-55
23.6325 1.999999999999999 4.42 1.999999999999861 4.419999999999278 2.0228103882814273e-55
23.637500000000003 1.999999999999999 4.42 1.9999999999998606 4.419999999999283 1.808388546763507e-55
23.6425 1.999999999999999 4.42 1.9999999999998608 4.419999999999284 1.6165737651887658e-55
23.6475 1.999999999999999 4.42 1.9999999999998603 4.419999999999284 1.4449955021730514e-55
23.652500000000003 1.999999999999999 4.42 1.9999999999998597 4.419999999999282 1.2915304129287417e-55
23.6575 1.999999999999999 4.42 1.9999999999998603 4.4199999999992805 1.1542767169587808e-55
23.6625 1.999999999999999 4.42 1.9999999999998597 4.4199999999992805 1.0315312083855682e-55
23.6675 1.999999999999999 4.42 1.999999999999859 4.4199999999992805 9.217686380595925e-56
23.6725 1.999999999999999 4.42 1.9999999999998597 4.419999999999281 8.236232241822964e-56
23.677500000000002 1.999999999999999 4.42 1.9999999999998597 4.4199999999992805 7.358720729868481e-56
23.682499999999997 1.999999999999999 4.42 1.999999999999859 4.41999999999928 6.574203133033349e-56
23.6875 1.999999999999999 4.42 1.9999999999998597 4.4199999999992805 5.872877688638674e-56
23.692500000000003 1.999999999999999 4.42 1.9999999999998603 4.419999999999282 5.2459701020178475e-56
23.697499999999998 1.999999999999999 4.42 1.9999999999998603 4.41999999999928 4.685626441626211e-56
23.7025 1.999999999999999 4.42 1.9999999999998608 4.41999999999928 4.184817135739202e-56
23.707500000000003 1.999999999999999 4.42 1.9999999999998614 4.419999999999283 3.7372509266839566e-56
23.7125 1.999999999999999 4.42 1.999999999999862 4.419999999999288 3.337297755735881e-56
23.7175 1.999999999999999 4.42 1.9999999999998626 4.419999999999291 2.979919657104756e-56
23.7225 1.999999999999999 4.42 1.9999999999998632 4.419999999999295 2.6606088339744514e-56
23.7275 1.999999999999999 4.42 1.9999999999998637 4.4199999999992965 2.375332174445785e-56
23.7325 1.999999999999999 4.42 1.9999999999998637 4.4199999999992965 2.1204815414942454e-56
23.7375 1.999999999999999 4.42 1.999999999999864 4.4199999999992965 1.8928292394916361e-56
23.7425 1.999999999999999 4.42 1.9999999999998637 4.4199999999992965 1.6894881213034011e-56
23.747500000000002 1.999999999999999 4.42 1.999999999999864 4.419999999999298 1.507875855151742e-56
23.752499999999998 1.999999999999999 4.42 1.999999999999864 4.4199999999993 1.3456829199571817e-56
23.7575 1.999999999999999 4.42 1.9999999999998648 4.419999999999303 1.2008439423286847e-56
23.762500000000003 1.999999999999999 4.42 1.9999999999998648 4.419999999999305 1.071512028279174e-56
23.7675 1.999999999999999 4.42 1.9999999999998643 4.419999999999307 9.560357785436231e-57
23.7725 1.999999999999999 4.42 1.9999999999998643 4.419999999999307 8.529387085197284e-57
23.777500000000003 1.999999999999999 4.42 1.9999999999998637 4.419999999999307 7.609008226849708e-57
23.7825 1.999999999999999 4.42 1.9999999999998637 4.419999999999307 6.787421192126017e-57
23.7875 1.999999999999999 4.42 1.999999999999863 4.419999999999307 6.054078237262413e-57
23.7925 1.999999999999999 4.42 1.999999999999863 4.419999999999306 5.399551719551593e-57
23.7975 1.999999999999999 4.42 1.9999999999998628 4.419999999999307 4.815415797296146e-57
23.802500000000002 1.999999999999999 4.42 1.9999999999998623 4.419999999999307 4.2941405551470154e-57
23.807499999999997 1.999999999999999 4.42 1.9999999999998623 4.419999999999307 3.8289972570604314e-57
23.8125 1.999999999999999 4.42 1.9999999999998623 4.419999999999305 3.4139735638802406e-57
23.817500000000003 1.999999999999999 4.42 1.9999999999998628 4.419999999999301 3.0436976734277e-57
23.822499999999998 1.999999999999999 4.42 1.999999999999864 4.4199999999992965 2.713370449322099e-57
23.8275 1.999999999999999 4.42 1.9999999999998643 4.4199999999992965 2.4187047019450658e-57
23.832500000000003 1.999999999999999 4.42 1.9999999999998643 4.4199999999992965 2.1558708720672204e-57
23.8375 1.999999999999999 4.42 1.999999999999864 4.4199999999992965 1.9214484457435455e-57
23.8425 1.999999999999999 4.42 1.9999999999998639 4.4199999999992965 1.7123824990973137e-57
23.8475 1.999999999999999 4.42 1.9999999999998646 4.419999999999293 1.525944834360069e-57
23.8525 1.999999999999999 4.42 1.999999999999865 4.419999999999293 1.3596992247610127e-57
23.8575 1.999999999999999 4.42 1.999999999999864 4.419999999999293 1.2114703362743814e-57
23.8625 1.999999999999999 4.42 1.9999999999998643 4.419999999999293 1.0793159393872074e-57
23.8675 1.999999999999999 4.42 1.9999999999998637 4.419999999999295 9.615020645219129e-58
23.872500000000002 1.999999999999999 4.42 1.9999999999998628 4.419999999999295 8.564807910107166e-58
23.877499999999998 1.999999999999999 4.42 1.9999999999998623 4.419999999999295 7.628703920013256e-58
23.8825 1.999999999999999 4.42 1.9999999999998623 4.419999999999295 6.794375867753622e-58
23.887500000000003 1.999999999999999 4.42 1.9999999999998623 4.419999999999293 6.0508167803307906e-58
23.8925 1.999999999999999 4.42 1.9999999999998623 4.419999999999291 5.388203750421463e-58
23.8975 1.999999999999999 4.42 1.9999999999998623 4.419999999999289 4.797771244650292e-58
23.902500000000003 1.999999999999999 4.42 1.9999999999998623 4.419999999999288 4.2716978940749586e-58
23.9075 1.999999999999999 4.42 1.9999999999998617 4.419999999999288 3.803005339989378e-58
23.9125 1.999999999999999 4.42 1.999999999999861 4.419999999999289 3.385467858359967e-58
23.9175 1.999999999999999 4.42 1.9999999999998603 4.419999999999289 3.0135316206505536e-58
23.9225 1.999999999999999 4.42 1.9999999999998603 4.419999999999289 2.6822425691562848e-58
23.927500000000002 1.999999999999999 4.42 1.9999999999998601 4.41999999999929 2.3871819927514875e-58
23.9325 1.999999999999999 4.42 1.9999999999998603 4.419999999999291 2.1244089853985317e-58
23.9375 1.999999999999999 4.42 1.9999999999998597 4.41999999999929 1.8904090561110707e-58
23.942500000000003 1.999999999999999 4.42 1.9999999999998597 4.419999999999289 1.6820482363409387e-58
23.947499999999998 1.999999999999999 4.42 1.9999999999998597 4.419999999999289 1.496532099907702e-58
23.9525 1.999999999999999 4.42 1.9999999999998597 4.419999999999288 1.3313691724728044e-58
23.957500000000003 1.999999999999999 4.42 1.9999999999998597 4.419999999999286 1.184338262938488e-58
23.9625 1.999999999999999 4.42 1.9999999999998597 4.419999999999284 1.0534592986849894e-58
23.9675 1.999999999999999 4.42 1.9999999999998597 4.419999999999282 9.369672908889613e-59
23.9725 1.999999999999999 4.42 1.9999999999998597 4.419999999999282 8.33289095816411e-59
23.9775 1.999999999999999 4.42 1.9999999999998592 4.41999999999928 7.410226734441692e-59
23.9825 1.999999999999999 4.42 1.9999999999998597 4.419999999999279 6.589185764958345e-59
23.9875 1.999999999999999 4.42 1.9999999999998597 4.419999999999279 5.858634313440563e-59
23.9925 1.999999999999999 4.42 1.9999999999998597 4.419999999999279 5.2086519760617765e-59
23.997500000000002 1.999999999999999 4.42 1.9999999999998597 4.419999999999277 4.630400159505059e-59
24.002499999999998 1.999999999999999 4.42 1.9999999999998597 4.419999999999275 4.1160047391640115e-59
24.0075 1.999999999999999 4.42 1.9999999999998597 4.419999999999275 3.65845137690486e-59
24.012500000000003 1.999999999999999 4.42 1.9999999999998597 4.419999999999274 3.2514921399971935e-59
24.0175 1.999999999999999 4.42 1.999999999999859 4.419999999999275 2.889562207752413e-59
24.0225 1.999999999999999 4.42 1.999999999999859 4.419999999999274 2.5677055820174174e-59
24.027500000000003 1.999999999999999 4.42 1.999999999999859 4.419999999999274 2.2815088334810272e-59
24.0325 1.999999999999999 4.42 1.9999999999998597 4.419999999999272 2.02704201925453e-59
24.0375 1.999999999999999 4.42 1.9999999999998603 4.41999999999927 1.8008059997020144e-59
24.0425 1.999999999999999 4.42 1.9999999999998614 4.419999999999266 1.5996854651561406e-59
24.0475 1.999999999999999 4.42 1.9999999999998617 4.419999999999264 1.4209070570032978e-59
24.052500000000002 1.999999999999999 4.42 1.9999999999998617 4.419999999999266 1.2620020336258775e-59
24.0575 1.999999999999999 4.42 1.9999999999998614 4.419999999999266 1.1207729906319103e-59
24.0625 1.999999999999999 4.42 1.9999999999998617 4.4199999999992645 9.952641974695324e-60
24.067500000000003 1.999999999999999 4.42 1.9999999999998626 4.419999999999268 8.837351595659518e-60
24.072499999999998 1.999999999999999 4.42 1.9999999999998626 4.419999999999273 7.846370571437361e-60
24.0775 1.999999999999999 4.42 1.9999999999998619 4.41999999999928 6.965917493901825e-60
24.082500000000003 1.999999999999999 4.42 1.999999999999862 4.419999999999285 6.183730661697115e-60
24.0875 1.999999999999999 4.42 1.9999999999998617 4.419999999999286 5.488901393851256e-60
24.0925 1.999999999999999 4.42 1.9999999999998614 4.419999999999286 4.871725528156904e-60
24.0975 1.999999999999999 4.42 1.9999999999998603 4.419999999999286 4.323571131127765e-60
24.1025 1.999999999999999 4.42 1.9999999999998603 4.419999999999288 3.836760659254613e-60
24.1075 1.999999999999999 4.42 1.9999999999998603 4.419999999999286 3.4044660014233084e-60
24.1125 1.999999999999999 4.42 1.9999999999998606 4.419999999999284 3.020615002001045e-60
24.1175 1.999999999999999 4.42 1.9999999999998597 4.419999999999287 2.679808215549553e-60
24.122500000000002 1.999999999999999 4.42 1.9999999999998603 4.4199999999992885 2.3772447792816384e-60
24.127499999999998 1.999999999999999 4.42 1.9999999999998608 4.419999999999289 2.1086564099805252e-60
24.1325 1.999999999999999 4.42 1.9999999999998614 4.419999999999293 1.870248639722246e-60
24.137500000000003 1.999999999999999 4.42 1.9999999999998623 4.419999999999294 1.6586485007755038e-60
24.1425 1.999999999999999 4.42 1.9999999999998617 4.419999999999295 1.4708579557079824e-60
24.1475 1.999999999999999 4.42 1.9999999999998603 4.4199999999992965 1.3042124451656008e-60
24.152500000000003 1.999999999999999 4.42 1.9999999999998601 4.4199999999992965 1.1563439939636162e-60
24.1575 1.999999999999999 4.42 1.9999999999998597 4.419999999999298 1.0251483769283949e-60
24.1625 1.999999999999999 4.42 1.9999999999998597 4.419999999999295 9.087559001715546e-61
24.1675 1.999999999999999 4.42 1.9999999999998603 4.419999999999291 8.055054018408806e-61
24.1725 1.999999999999999 4.42 1.9999999999998601 4.419999999999293 7.139211195188363e-61
24.177500000000002 1.999999999999999 4.42 1.9999999999998601 4.419999999999293 6.326921099026009e-61
24.1825 1.999999999999999 4.42 1.9999999999998601 4.419999999999293 5.6065394068438064e-61
24.1875 1.999999999999999 4.42 1.9999999999998603 4.41999999999929 4.9677240512015786e-61
24.192500000000003 1.999999999999999 4.42 1.9999999999998603 4.419999999999289 4.4012903702709296e-61
24.197499999999998 1.999999999999999 4.42 1.9999999999998603 4.419999999999289 3.899082282391217e-61
24.2025 1.999999999999999 4.42 1.999999999999861 4.419999999999287 3.453857722003329e-61
24.207500000000003 1.999999999999999 4.42 1.999999999999861 4.419999999999285 3.0591867667355067e-61
24.2125 1.999999999999999 4.42 1.9999999999998597 4.419999999999288 2.7093610573365217e-61
24.2175 1.999999999999999 4.42 1.9999999999998597 4.4199999999992885 2.3993132654027726e-61
24.2225 1.999999999999999 4.42 1.9999999999998592 4.419999999999288 2.124545500366879e-61
24.2275 1.999999999999999 4.42 1.999999999999859 4.419999999999288 1.8810656688413255e-61
24.2325 1.999999999999999 4.42 1.9999999999998588 4.419999999999288 1.665330907789046e-61
24.2375 1.999999999999999 4.42 1.9999999999998581 4.419999999999288 1.4741973095134e-61
24.2425 1.999999999999999 4.42 1.9999999999998577 4.419999999999289 1.3048752424401321e-61
24.247500000000002 1.999999999999999 4.42 1.9999999999998577 4.419999999999289 1.1548896482482538e-61
24.252499999999998 1.999999999999999 4.42 1.9999999999998577 4.419999999999288 1.0220447641012433e-61
24.2575 1.999999999999999 4.42 1.9999999999998577 4.419999999999285 9.043927794610435e-62
24.262500000000003 1.999999999999999 4.42 1.9999999999998577 4.419999999999285 8.002059910504756e-62
24.2675 1.999999999999999 4.42 1.9999999999998574 4.419999999999286 7.0795206766884125e-62
24.2725 1.999999999999999 4.42 1.9999999999998574 4.419999999999286 6.262720794371051e-62
24.277500000000003 1.999999999999999 4.42 1.9999999999998574 4.419999999999285 5.539609842069156e-62
24.2825 1.999999999999999 4.42 1.9999999999998577 4.419999999999284 4.899502978303739e-62
24.2875 1.999999999999999 4.42 1.9999999999998583 4.419999999999282 4.332927052240639e-62
24.2925 1.999999999999999 4.42 1.9999999999998577 4.419999999999282 3.8314839606580805e-62
24.2975 1.999999999999999 4.42 1.9999999999998588 4.41999999999928 3.3877293290426664e-62
24.302500000000002 1.999999999999999 4.42 1.9999999999998592 4.4199999999992805 2.9950648077153947e-62
24.3075 1.999999999999999 4.42 1.9999999999998603 4.419999999999282 2.6476424634392667e-62
24.3125 1.999999999999999 4.42 1.9999999999998614 4.419999999999281 2.340279915629186e-62
24.317500000000003 1.999999999999999 4.42 1.9999999999998619 4.4199999999992805 2.0683850163347436e-62
24.322499999999998 1.999999999999999 4.42 1.9999999999998617 4.419999999999283 1.8278890066302754e-62
24.3275 1.999999999999999 4.42 1.9999999999998623 4.419999999999284 1.615187200761512e-62
24.332500000000003 1.999999999999999 4.42 1.9999999999998623 4.4199999999992805 1.4270863549938528e-62
24.3375 1.999999999999999 4.42 1.9999999999998628 4.419999999999279 1.2607579719893022e-62
24.3425 1.999999999999999 4.42 1.999999999999863 4.419999999999275 1.1136968750481546e-62
24.3475 1.999999999999999 4.42 1.9999999999998637 4.419999999999274 9.8368446079123e-63
24.3525 1.999999999999999 4.42 1.999999999999863 4.419999999999273 8.687561048597598e-63
24.3575 1.999999999999999 4.42 1.999999999999863 4.419999999999272 7.671722539004175e-63
24.3625 1.999999999999999 4.42 1.9999999999998628 4.419999999999272 6.77392789259667e-63
24.3675 1.999999999999999 4.42 1.9999999999998628 4.419999999999272 5.980542941796658e-63
24.372500000000002 1.999999999999999 4.42 1.9999999999998623 4.419999999999272 5.279498974982245e-63
24.377499999999998 1.999999999999999 4.42 1.9999999999998626 4.419999999999271 4.6601140347516355e-63
24.3825 1.999999999999999 4.42 1.999999999999862 4.419999999999275 4.112934499122416e-63
24.387500000000003 1.999999999999999 4.42 1.9999999999998628 4.419999999999276 3.629594656515174e-63
24.3925 1.999999999999999 4.42 1.9999999999998623 4.419999999999277 3.202692242255401e-63
24.3975 1.999999999999999 4.42 1.9999999999998617 4.419999999999277 2.825678132594467e-63
24.402500000000003 1.999999999999999 4.42 1.9999999999998623 4.419999999999276 2.4927585949944917e-63
24.4075 1.999999999999999 4.42 1.9999999999998623 4.419999999999275 2.1988086734994823e-63
24.4125 1.999999999999999 4.42 1.9999999999998634 4.419999999999277 1.9392954479780804e-63
24.4175 1.999999999999999 4.42 1.999999999999863 4.419999999999278 1.7102100480687628e-63
24.4225 1.999999999999999 4.42 1.9999999999998637 4.419999999999279 1.5080074287854763e-63
24.427500000000002 1.999999999999999 4.42 1.999999999999863 4.41999999999928 1.3295530267583973e-63
24.4325 1.999999999999999 4.42 1.9999999999998637 4.41999999999928 1.1720755155141955e-63
24.4375 1.999999999999999 4.42 1.999999999999863 4.419999999999279 1.0331249664820779e-63
24.442500000000003 1.999999999999999 4.42 1.999999999999863 4.419999999999279 9.105358007789499e-64
24.447499999999998 1.999999999999999 4.42 1.9999999999998628 4.419999999999277 8.023939863812261e-64
24.4525 1.999999999999999 4.42 1.9999999999998628 4.419999999999277 7.07007997023945e-64
24.457500000000003 1.999999999999999 4.42 1.9999999999998623 4.419999999999277 6.228831039582553e-64
24.4625 1.999999999999999 4.42 1.9999999999998628 4.419999999999275 5.4869862030631776e-64
24.4675 1.999999999999999 4.42 1.999999999999863 4.419999999999273 4.832877608934329e-64
24.4725 1.999999999999999 4.42 1.9999999999998623 4.419999999999273 4.256198187061687e-64
24.4775 1.999999999999999 4.42 1.9999999999998628 4.419999999999272 3.7478439307291665e-64
24.4825 1.999999999999999 4.42 1.9999999999998628 4.419999999999272 3.299774347829258e-64
24.4875 1.999999999999999 4.42 1.9999999999998628 4.41999999999927 2.9048890006825248e-64
24.4925 1.999999999999999 4.42 1.9999999999998628 4.419999999999268 2.5569182906401962e-64
24.497500000000002 1.999999999999999 4.42 1.999999999999863 4.419999999999266 2.250326853709413e-64
24.502499999999998 1.999999999999999 4.42 1.9999999999998623 4.419999999999266 1.9802281197182805e-64
24.5075 1.999999999999999 4.42 1.9999999999998617 4.419999999999266 1.7423087527021033e-64
24.512500000000003 1.999999999999999 4.42 1.9999999999998614 4.419999999999266 1.5327618366326702e-64
24.5175 1.999999999999999 4.42 1.9999999999998614 4.419999999999266 1.3482278003996695e-64
24.5225 1.999999999999999 4.42 1.999999999999861 4.419999999999266 1.1857421910234172e-64
24.527500000000003 1.999999999999999 4.42 1.9999999999998617 4.419999999999265 1.0426895060515206e-64
24.5325 1.999999999999999 4.42 1.9999999999998617 4.419999999999265 9.167623864574985e-65
24.5375 1.999999999999999 4.42 1.9999999999998617 4.419999999999269 8.059255514508196e-65
24.5425 1.999999999999999 4.42 1.9999999999998617 4.419999999999272 7.083839275621506e-65
24.5475 1.999999999999999 4.42 1.9999999999998617 4.419999999999272 6.225544872296053e-65
24.552500000000002 1.999999999999999 4.42 1.9999999999998619 4.41999999999927 5.4704136781011294e-65
24.5575 1.999999999999999 4.42 1.9999999999998626 4.419999999999267 4.806138912666133e-65
24.5625 1.999999999999999 4.42 1.999999999999865 4.419999999999263 4.221871484767452e-65
24.567500000000003 1.999999999999999 4.42 1.9999999999998666 4.41999999999926 3.708048508058998e-65
24.572499999999998 1.999999999999999 4.42 1.9999999999998677 4.419999999999256 3.25624185852732e-65
24.5775 1.999999999999999 4.42 1.9999999999998685 4.41999999999925 2.8590244461693085e-65
24.582500000000003 1.999999999999999 4.42 1.9999999999998699 4.419999999999245 2.50985214204392e-65
24.5875 1.999999999999999 4.42 1.9999999999998708 4.419999999999243 2.202959539634584e-65
24.5925 1.999999999999999 4.42 1.999999999999872 4.419999999999241 1.93326793999539e-65
24.5975 1.999999999999999 4.42 1.999999999999872 4.419999999999244 1.696304136471897e-65
24.6025 1.999999999999999 4.42 1.999999999999873 4.419999999999243 1.4881287396750002e-65
24.6075 1.999999999999999 4.42 1.9999999999998739 4.41999999999924 1.305272929327864e-65
24.6125 1.999999999999999 4.42 1.999999999999876 4.4199999999992325 1.1446826487103051e-65
24.6175 1.999999999999999 4.42 1.9999999999998774 4.41999999999923 1.0036693716650759e-65
24.622500000000002 1.999999999999999 4.42 1.9999999999998785 4.419999999999225 8.798666731934832e-66
24.627499999999998 1.999999999999999 4.42 1.9999999999998799 4.419999999999222 7.711919240562152e-66
24.6325 1.999999999999999 4.42 1.9999999999998823 4.419999999999218 6.758125088627962e-66
24.637500000000003 1.999999999999999 4.42 1.9999999999998832 4.419999999999217 5.921160370614773e-66
24.6425 1.999999999999999 4.42 1.999999999999884 4.419999999999213 5.186840780678151e-66
24.6475 1.999999999999999 4.42 1.9999999999998859 4.419999999999208 4.5426900644890787e-66
24.652500000000003 1.999999999999999 4.42 1.9999999999998868 4.419999999999203 3.9777359141512577e-66
24.6575 1.999999999999999 4.42 1.999999999999889 4.419999999999202 3.4823300759856365e-66
24.6625 1.999999999999999 4.42 1.9999999999998903 4.419999999999201 3.047989818703854e-66
24.6675 1.999999999999999 4.42 1.999999999999893 4.419999999999201 2.6672582432960435e-66
24.6725 1.999999999999999 4.42 1.9999999999998948 4.419999999999199 2.3335812109450782e-66
24.677500000000002 1.999999999999999 4.42 1.999999999999897 4.419999999999195 2.041198925977284e-66
24.6825 1.999999999999999 4.42 1.9999999999998996 4.4199999999991935 1.7850504411532915e-66
24.6875 1.999999999999999 4.42 1.9999999999999023 4.419999999999192 1.5606895560755955e-66
24.692500000000003 1.999999999999999 4.42 1.999999999999904 4.41999999999919 1.3642107592245517e-66
24.697499999999998 1.999999999999999 4.42 1.999999999999905 4.419999999999191 1.192184022874217e-66
24.7025 1.999999999999999 4.42 1.999999999999906 4.419999999999189 1.0415974003353164e-66
24.707500000000003 1.999999999999999 4.42 1.999999999999908 4.419999999999183 9.098064987788913e-67
24.7125 1.999999999999999 4.42 1.999999999999909 4.419999999999181 7.944900101905045e-67
24.7175 1.999999999999999 4.42 1.9999999999999094 4.419999999999179 6.936105795160521e-67
24.7225 1.999999999999999 4.42 1.9999999999999096 4.4199999999991775 6.053803742442027e-67
24.7275 1.999999999999999 4.42 1.9999999999999103 4.419999999999176 5.2823079485558313e-67
24.7325 1.999999999999999 4.42 1.9999999999999125 4.4199999999991695 4.607858319328354e-67
24.7375 1.999999999999999 4.42 1.9999999999999147 4.419999999999163 4.018386342776648e-67
24.7425 1.999999999999999 4.42 1.999999999999916 4.419999999999158 3.5033090404848925e-67
24.747500000000002 1.999999999999999 4.42 1.9999999999999172 4.419999999999153 3.053347805147907e-67
24.752499999999998 1.999999999999999 4.42 1.9999999999999183 4.419999999999152 2.6603691423184143e-67
24.7575 1.999999999999999 4.42 1.99999999999992 4.419999999999147 2.3172446890408157e-67
24.762500000000003 1.999999999999999 4.42 1.9999999999999216 4.419999999999144 2.017728194839461e-67
24.7675 1.999999999999999 4.42 1.9999999999999236 4.419999999999142 1.7563474263051696e-67
24.7725 1.999999999999999 4.42 1.9999999999999243 4.419999999999144 1.528309199714675e-67
24.777500000000003 1.999999999999999 4.42 1.9999999999999258 4.419999999999144 1.3294159604918647e-67
24.7825 1.999999999999999 4.42 1.999999999999926 4.419999999999147 1.155992517278806e-67
24.7875 1.999999999999999 4.42 1.999999999999927 4.419999999999147 1.0048217049465878e-67
24.7925 1.999999999999999 4.42 1.999999999999929 4.4199999999991455 8.73087897647848e-68
24.7975 1.999999999999999 4.42 1.9999999999999307 4.4199999999991455 7.583274223329352e-68
24.802500000000002 1.999999999999999 4.42 1.9999999999999323 4.419999999999147 6.583850371058475e-68
24.8075 1.999999999999999 4.42 1.9999999999999343 4.419999999999147 5.713757391604371e-68
24.8125 1.999999999999999 4.42 1.9999999999999365 4.41999999999915 4.956512554488603e-68
24.817500000000003 1.999999999999999 4.42 1.9999999999999376 4.419999999999151 4.297706470952182e-68
24.822499999999998 1.999999999999999 4.42 1.99999999999994 4.419999999999147 3.724745271257504e-68
24.8275 1.999999999999999 4.42 1.9999999999999427 4.419999999999145 3.226624514508567e-68
24.832500000000003 1.999999999999999 4.42 1.9999999999999447 4.4199999999991455 2.7937309617634333e-68
24.8375 1.999999999999999 4.42 1.9999999999999463 4.419999999999147 2.4176688109134774e-68
24.8425 1.999999999999999 4.42 1.999999999999948 4.419999999999144 2.0911074034826646e-68
24.8475 1.999999999999999 4.42 1.9999999999999507 4.41999999999914 1.8076477757254241e-68
24.8525 1.999999999999999 4.42 1.999999999999952 4.419999999999139 1.5617057450920286e-68
24.8575 1.999999999999999 4.42 1.999999999999953 4.41999999999914 1.3484095035221596e-68
24.8625 1.999999999999999 4.42 1.9999999999999547 4.419999999999138 1.1635099356149476e-68
24.8675 1.999999999999999 4.42 1.9999999999999563 4.419999999999136 1.0033020966093977e-68
24.872500000000002 1.999999999999999 4.42 1.9999999999999574 4.419999999999134 8.645564758164559e-69
24.877499999999998 1.999999999999999 4.42 1.9999999999999587 4.419999999999132 7.444588388083002e-69
24.8825 1.999999999999999 4.42 1.9999999999999605 4.419999999999129 6.405575890593817e-69
24.887500000000003 1.999999999999999 4.42 1.9999999999999625 4.419999999999126 5.507177192831984e-69
24.8925 1.999999999999999 4.42 1.9999999999999636 4.419999999999122 4.730805365428605e-69
24.8975 1.999999999999999 4.42 1.9999999999999643 4.41999999999912 4.0602844524737043e-69
24.902500000000003 1.999999999999999 4.42 1.9999999999999654 4.419999999999117 3.4815416001905264e-69
24.9075 1.999999999999999 4.42 1.999999999999968 4.4199999999991135 2.982337976023287e-69
24.9125 1.999999999999999 4.42 1.999999999999969 4.419999999999112 2.5520336477556886e-69
24.9175 1.999999999999999 4.42 1.9999999999999696 4.41999999999911 2.1813821875023e-69
24.9225 1.999999999999999 4.42 1.999999999999971 4.419999999999106 1.8623512879828529e-69
24.927500000000002 1.999999999999999 4.42 1.9999999999999722 4.419999999999105 1.587966137231659e-69
24.9325 1.999999999999999 4.42 1.9999999999999747 4.419999999999101 1.3521727004675114e-69
24.9375 1.999999999999999 4.42 1.9999999999999762 4.419999999999099 1.1497184111213586e-69
24.942500000000003 1.999999999999999 4.42 1.9999999999999774 4.419999999999099 9.760480829592469e-70
24.947499999999998 1.999999999999999 4.42 1.999999999999979 4.4199999999990975 8.272131271002192e-70
24.9525 1.999999999999999 4.42 1.9999999999999802 4.419999999999099 6.997923961638603e-70
24.957500000000003 1.999999999999999 4.42 1.9999999999999831 4.419999999999094 5.908231868616796e-70
24.9625 1.999999999999999 4.42 1.9999999999999853 4.419999999999091 4.977411156309192e-70
24.9675 1.999999999999999 4.42 1.9999999999999882 4.419999999999089 4.183277425804029e-70
24.9725 1.999999999999999 4.42 1.9999999999999907 4.419999999999089 3.5066495981456865e-70
24.9775 1.999999999999999 4.42 1.999999999999992 4.4199999999990895 2.930952835662774e-70
24.9825 1.999999999999999 4.42 1.9999999999999936 4.41999999999909 2.4418729764569198e-70
24.9875 1.999999999999999 4.42 1.9999999999999956 4.419999999999089 2.0270559036300675e-70
24.9925 1.999999999999999 4.42 1.999999999999997 4.41999999999909 1.6758460996899557e-70
24.997500000000002 1.999999999999999 4.42 1.9999999999999987 4.41999999999909 1.3790593622232983e-70
