2.500000000000000052e-04 9.999465029670262517e-01 4.698616817745408625e+00 9.999465029670291383e-01 4.698616817745409513e+00
7.500000000000000156e-04 9.998395498647616453e-01 4.698616817745407737e+00 9.998395498647656421e-01 4.698616817745409513e+00
1.250000000000000026e-03 9.997326766892672412e-01 4.698616817745407737e+00 9.997326766892712380e-01 4.698616817745409513e+00
1.750000000000000036e-03 9.996259137655045812e-01 4.698616817745406848e+00 9.996259137655102434e-01 4.698616817745409513e+00
2.250000000000000264e-03 9.995192913596264717e-01 4.698616817745406848e+00 9.995192913596316897e-01 4.698616817745409513e+00
2.749999999999999840e-03 9.994128396711503548e-01 4.698616817745405072e+00 9.994128396711552398e-01 4.698616817745409513e+00
3.250000000000000284e-03 9.993065888252056217e-01 4.698616817745402408e+00 9.993065888252108397e-01 4.698616817745409513e+00
3.749999999999999861e-03 9.992005688648344375e-01 4.698616817745401519e+00 9.992005688648372130e-01 4.698616817745409513e+00
4.250000000000000305e-03 9.990948097433354214e-01 4.698616817745401519e+00 9.990948097433391961e-01 4.698616817745409513e+00
4.750000000000000749e-03 9.989893413167062475e-01 4.698616817745401519e+00 9.989893413167103553e-01 4.698616817745409513e+00
5.249999999999999459e-03 9.988841933361189973e-01 4.698616817745401519e+00 9.988841933361206626e-01 4.698616817745409513e+00
5.749999999999999903e-03 9.987793954404708963e-01 4.698616817745399743e+00 9.987793954404732277e-01 4.698616817745409513e+00
6.250000000000000347e-03 9.986749771490283090e-01 4.698616817745397967e+00 9.986749771490343042e-01 4.698616817745409513e+00
6.750000000000000791e-03 9.985709678541285772e-01 4.698616817745397078e+00 9.985709678541366818e-01 4.698616817745409513e+00
7.249999999999999500e-03 9.984673968139539113e-01 4.698616817745397967e+00 9.984673968139617939e-01 4.698616817745409513e+00
7.749999999999999944e-03 9.983642931453918790e-01 4.698616817745396190e+00 9.983642931454002056e-01 4.698616817745409513e+00
8.250000000000000389e-03 9.982616858169852669e-01 4.698616817745394414e+00 9.982616858169959251e-01 4.698616817745409513e+00
8.750000000000000833e-03 9.981596036419622120e-01 4.698616817745392638e+00 9.981596036419759788e-01 4.698616817745409513e+00
9.250000000000001277e-03 9.980580752713501536e-01 4.698616817745390861e+00 9.980580752713646975e-01 4.698616817745409513e+00
9.749999999999999986e-03 9.979571291871766059e-01 4.698616817745390861e+00 9.979571291871920380e-01 4.698616817745409513e+00
1.025000000000000043e-02 9.978567936957749573e-01 4.698616817745389973e+00 9.978567936957893902e-01 4.698616817745409513e+00
1.074999999999999914e-02 9.977570969211709828e-01 4.698616817745390861e+00 9.977570969211834173e-01 4.698616817745409513e+00
1.124999999999999958e-02 9.976580667985731621e-01 4.698616817745392638e+00 9.976580667985828210e-01 4.698616817745409513e+00
1.175000000000000003e-02 9.975597310679560348e-01 4.698616817745390861e+00 9.975597310679658047e-01 4.698616817745409513e+00
1.225000000000000047e-02 9.974621172677549108e-01 4.698616817745389085e+00 9.974621172677670122e-01 4.698616817745409513e+00
1.275000000000000092e-02 9.973652527286533953e-01 4.698616817745387308e+00 9.973652527286660519e-01 4.698616817745409513e+00
1.325000000000000136e-02 9.972691645674662819e-01 4.698616817745383756e+00 9.972691645674806038e-01 4.698616817745409513e+00
1.375000000000000007e-02 9.971738796811515648e-01 4.698616817745381979e+00 9.971738796811661087e-01 4.698616817745409513e+00
1.425000000000000051e-02 9.970794247409049404e-01 4.698616817745381091e+00 9.970794247409199285e-01 4.698616817745409513e+00
1.474999999999999922e-02 9.969858261863882021e-01 4.698616817745381091e+00 9.969858261863999704e-01 4.698616817745409513e+00
1.524999999999999967e-02 9.968931102200349059e-01 4.698616817745381979e+00 9.968931102200470074e-01 4.698616817745409513e+00
1.575000000000000011e-02 9.968013028015144661e-01 4.698616817745381979e+00 9.968013028015253463e-01 4.698616817745409513e+00
1.625000000000000056e-02 9.967104296422599763e-01 4.698616817745381091e+00 9.967104296422725218e-01 4.698616817745409513e+00
1.675000000000000100e-02 9.966205162001539053e-01 4.698616817745380203e+00 9.966205162001664508e-01 4.698616817745409513e+00
1.725000000000000144e-02 9.965315876742940615e-01 4.698616817745379315e+00 9.965315876743074952e-01 4.698616817745409513e+00
1.775000000000000189e-02 9.964436689999036645e-01 4.698616817745379315e+00 9.964436689999170982e-01 4.698616817745409513e+00
1.825000000000000233e-02 9.963567848433423357e-01 4.698616817745379315e+00 9.963567848433567686e-01 4.698616817745409513e+00
1.874999999999999931e-02 9.962709595972463195e-01 4.698616817745378427e+00 9.962709595972639720e-01 4.698616817745409513e+00
1.924999999999999975e-02 9.961862173757922712e-01 4.698616817745376650e+00 9.961862173758095906e-01 4.698616817745409513e+00
1.975000000000000019e-02 9.961025820100599670e-01 4.698616817745374874e+00 9.961025820100772865e-01 4.698616817745409513e+00
2.025000000000000064e-02 9.960200770435434503e-01 4.698616817745371321e+00 9.960200770435632123e-01 4.698616817745409513e+00
2.075000000000000108e-02 9.959387257277780847e-01 4.698616817745369545e+00 9.959387257277997341e-01 4.698616817745409513e+00
2.125000000000000153e-02 9.958585510180796296e-01 4.698616817745367769e+00 9.958585510181012790e-01 4.698616817745409513e+00
2.174999999999999850e-02 9.957795755694121009e-01 4.698616817745365992e+00 9.957795755694367479e-01 4.698616817745409513e+00
2.224999999999999895e-02 9.957018217323980736e-01 4.698616817745364216e+00 9.957018217324231646e-01 4.698616817745409513e+00
2.274999999999999939e-02 9.956253115494211325e-01 4.698616817745362439e+00 9.956253115494473338e-01 4.698616817745409513e+00
2.324999999999999983e-02 9.955500667508827561e-01 4.698616817745360663e+00 9.955500667509112889e-01 4.698616817745409513e+00
2.375000000000000028e-02 9.954761087515749951e-01 4.698616817745360663e+00 9.954761087516040829e-01 4.698616817745409513e+00
2.425000000000000072e-02 9.954034586471712798e-01 4.698616817745360663e+00 9.954034586472001456e-01 4.698616817745409513e+00
2.475000000000000117e-02 9.953321372108536735e-01 4.698616817745360663e+00 9.953321372108833165e-01 4.698616817745409513e+00
2.525000000000000161e-02 9.952621648900685791e-01 4.698616817745358887e+00 9.952621648900970008e-01 4.698616817745409513e+00
2.575000000000000205e-02 9.951935618033940223e-01 4.698616817745357110e+00 9.951935618034233322e-01 4.698616817745409513e+00
2.625000000000000250e-02 9.951263477375542621e-01 4.698616817745355334e+00 9.951263477375850153e-01 4.698616817745409513e+00
2.674999999999999947e-02 9.950605421445446463e-01 4.698616817745353558e+00 9.950605421445777310e-01 4.698616817745409513e+00
2.724999999999999992e-02 9.949961641388925804e-01 4.698616817745351781e+00 9.949961641389264422e-01 4.698616817745409513e+00
2.775000000000000036e-02 9.949332324950344031e-01 4.698616817745351781e+00 9.949332324950684869e-01 4.698616817745409513e+00
2.825000000000000080e-02 9.948717656448298197e-01 4.698616817745351781e+00 9.948717656448650137e-01 4.698616817745409513e+00
2.875000000000000125e-02 9.948117816751984588e-01 4.698616817745351781e+00 9.948117816752344300e-01 4.698616817745409513e+00
2.925000000000000169e-02 9.947532983258801087e-01 4.698616817745351781e+00 9.947532983259151917e-01 4.698616817745409513e+00
2.974999999999999867e-02 9.946963329873138582e-01 4.698616817745351781e+00 9.946963329873516058e-01 4.698616817745409513e+00
3.024999999999999911e-02 9.946409026986662294e-01 4.698616817745350005e+00 9.946409026987049762e-01 4.698616817745409513e+00
3.074999999999999956e-02 9.945870241459497940e-01 4.698616817745348229e+00 9.945870241459894290e-01 4.698616817745409513e+00
3.125000000000000000e-02 9.945347136602902260e-01 4.698616817745347340e+00 9.945347136603314153e-01 4.698616817745409513e+00
3.175000000000000044e-02 9.944839872163089289e-01 4.698616817745346452e+00 9.944839872163517835e-01 4.698616817745409513e+00
3.225000000000000089e-02 9.944348604306298967e-01 4.698616817745346452e+00 9.944348604306717521e-01 4.698616817745409513e+00
3.275000000000000133e-02 9.943873485604972640e-01 4.698616817745346452e+00 9.943873485605392304e-01 4.698616817745409513e+00
3.325000000000000178e-02 9.943414665025362975e-01 4.698616817745344676e+00 9.943414665025779309e-01 4.698616817745409513e+00
3.375000000000000222e-02 9.942972287916131968e-01 4.698616817745342900e+00 9.942972287916556073e-01 4.698616817745409513e+00
3.425000000000000266e-02 9.942546495998303424e-01 4.698616817745341123e+00 9.942546495998734191e-01 4.698616817745409513e+00
3.475000000000000311e-02 9.942137427356285695e-01 4.698616817745339347e+00 9.942137427356714241e-01 4.698616817745409513e+00
3.525000000000000355e-02 9.941745216430122323e-01 4.698616817745337570e+00 9.941745216430563081e-01 4.698616817745409513e+00
3.575000000000000400e-02 9.941369994008963928e-01 4.698616817745335794e+00 9.941369994009410238e-01 4.698616817745409513e+00
3.625000000000000444e-02 9.941011887225588151e-01 4.698616817745334018e+00 9.941011887226044452e-01 4.698616817745409513e+00
3.674999999999999795e-02 9.940671019552167476e-01 4.698616817745332241e+00 9.940671019552642651e-01 4.698616817745409513e+00
3.724999999999999839e-02 9.940347510797162833e-01 4.698616817745331353e+00 9.940347510797636899e-01 4.698616817745409513e+00
3.774999999999999883e-02 9.940041477103246370e-01 4.698616817745330465e+00 9.940041477103713774e-01 4.698616817745409513e+00
3.824999999999999928e-02 9.939753030946465451e-01 4.698616817745328689e+00 9.939753030946929524e-01 4.698616817745409513e+00
3.874999999999999972e-02 9.939482281136455821e-01 4.698616817745326024e+00 9.939482281136944319e-01 4.698616817745409513e+00
3.925000000000000017e-02 9.939229332817810514e-01 4.698616817745325136e+00 9.939229332818314555e-01 4.698616817745409513e+00
3.975000000000000061e-02 9.938994287472396882e-01 4.698616817745323360e+00 9.938994287472916467e-01 4.698616817745409513e+00
4.025000000000000105e-02 9.938777242922876010e-01 4.698616817745321583e+00 9.938777242923394484e-01 4.698616817745409513e+00
4.075000000000000150e-02 9.938578293337164693e-01 4.698616817745319807e+00 9.938578293337693159e-01 4.698616817745409513e+00
4.125000000000000194e-02 9.938397529234078709e-01 4.698616817745318031e+00 9.938397529234616057e-01 4.698616817745409513e+00
4.175000000000000239e-02 9.938235037489892010e-01 4.698616817745318031e+00 9.938235037490432688e-01 4.698616817745409513e+00
4.225000000000000283e-02 9.938090901345958406e-01 4.698616817745318031e+00 9.938090901346484651e-01 4.698616817745409513e+00
4.275000000000000328e-02 9.937965200417269163e-01 4.698616817745317142e+00 9.937965200417800959e-01 4.698616817745409513e+00
4.325000000000000372e-02 9.937858010702171896e-01 4.698616817745316254e+00 9.937858010702703693e-01 4.698616817745409513e+00
4.374999999999999722e-02 9.937769404592832201e-01 4.698616817745314478e+00 9.937769404593386202e-01 4.698616817745409513e+00
4.424999999999999767e-02 9.937699450886889885e-01 4.698616817745312702e+00 9.937699450887454988e-01 4.698616817745409513e+00
4.474999999999999811e-02 9.937648214799827961e-01 4.698616817745310925e+00 9.937648214800397506e-01 4.698616817745409513e+00
4.524999999999999856e-02 9.937615757978452979e-01 4.698616817745310037e+00 9.937615757979013642e-01 4.698616817745409513e+00
4.574999999999999900e-02 9.937602138515163608e-01 4.698616817745310037e+00 9.937602138515733152e-01 4.698616817745409513e+00
4.624999999999999944e-02 9.937607410963255061e-01 4.698616817745309149e+00 9.937607410963837928e-01 4.698616817745409513e+00
4.674999999999999989e-02 9.937631626352987357e-01 4.698616817745307372e+00 9.937631626353582437e-01 4.698616817745409513e+00
4.725000000000000033e-02 9.937674832208551745e-01 4.698616817745305596e+00 9.937674832209174580e-01 4.698616817745409513e+00
4.775000000000000078e-02 9.937737072565961949e-01 4.698616817745303820e+00 9.937737072566589225e-01 4.698616817745409513e+00
4.825000000000000122e-02 9.937818387991641522e-01 4.698616817745302043e+00 9.937818387992265468e-01 4.698616817745409513e+00
4.875000000000000167e-02 9.937918815601942679e-01 4.698616817745300267e+00 9.937918815602572176e-01 4.698616817745409513e+00
4.925000000000000211e-02 9.938038389083465596e-01 4.698616817745298491e+00 9.938038389084110635e-01 4.698616817745409513e+00
4.975000000000000255e-02 9.938177138714148207e-01 4.698616817745296714e+00 9.938177138714799908e-01 4.698616817745409513e+00
5.025000000000000300e-02 9.938335091385073206e-01 4.698616817745294938e+00 9.938335091385732678e-01 4.698616817745409513e+00
5.075000000000000344e-02 9.938512270623103273e-01 4.698616817745293162e+00 9.938512270623776068e-01 4.698616817745409513e+00
5.125000000000000389e-02 9.938708696614247939e-01 4.698616817745291385e+00 9.938708696614928506e-01 4.698616817745409513e+00
5.175000000000000433e-02 9.938924386227703245e-01 4.698616817745290497e+00 9.938924386228391583e-01 4.698616817745409513e+00
5.225000000000000477e-02 9.939159353040643019e-01 4.698616817745289609e+00 9.939159353041340239e-01 4.698616817745409513e+00
5.274999999999999828e-02 9.939413607363692948e-01 4.698616817745289609e+00 9.939413607364405712e-01 4.698616817745409513e+00
5.324999999999999872e-02 9.939687156267068557e-01 4.698616817745289609e+00 9.939687156267790202e-01 4.698616817745409513e+00
5.374999999999999917e-02 9.939980003607365999e-01 4.698616817745288721e+00 9.939980003608079873e-01 4.698616817745409513e+00
5.424999999999999961e-02 9.940292150054965692e-01 4.698616817745287833e+00 9.940292150055676235e-01 4.698616817745409513e+00
5.475000000000000006e-02 9.940623593122119850e-01 4.698616817745286056e+00 9.940623593122839274e-01 4.698616817745409513e+00
5.525000000000000050e-02 9.940974327191640647e-01 4.698616817745284280e+00 9.940974327192363402e-01 4.698616817745409513e+00
5.575000000000000094e-02 9.941344343546081319e-01 4.698616817745282503e+00 9.941344343546809625e-01 4.698616817745409513e+00
5.625000000000000139e-02 9.941733630397603383e-01 4.698616817745280727e+00 9.941733630398332799e-01 4.698616817745409513e+00
5.675000000000000183e-02 9.942142172918324583e-01 4.698616817745278951e+00 9.942142172919057330e-01 4.698616817745409513e+00
5.725000000000000228e-02 9.942569953271233052e-01 4.698616817745277174e+00 9.942569953271983563e-01 4.698616817745409513e+00
5.775000000000000272e-02 9.943016950641667684e-01 4.698616817745275398e+00 9.943016950642419305e-01 4.698616817745409513e+00
5.825000000000000316e-02 9.943483141269158221e-01 4.698616817745273622e+00 9.943483141269910952e-01 4.698616817745409513e+00
5.875000000000000361e-02 9.943968498479913709e-01 4.698616817745271845e+00 9.943968498480677543e-01 4.698616817745409513e+00
5.925000000000000405e-02 9.944472992719715077e-01 4.698616817745270069e+00 9.944472992720487792e-01 4.698616817745409513e+00
5.974999999999999756e-02 9.944996591587220713e-01 4.698616817745268293e+00 9.944996591588020074e-01 4.698616817745409513e+00
6.024999999999999800e-02 9.945539259867810511e-01 4.698616817745266516e+00 9.945539259868632076e-01 4.698616817745409513e+00
6.074999999999999845e-02 9.946100959567759636e-01 4.698616817745264740e+00 9.946100959568571209e-01 4.698616817745409513e+00
6.124999999999999889e-02 9.946681649948772019e-01 4.698616817745263852e+00 9.946681649949579151e-01 4.698616817745409513e+00
6.174999999999999933e-02 9.947281287563072283e-01 4.698616817745262964e+00 9.947281287563886076e-01 4.698616817745409513e+00
6.224999999999999978e-02 9.947899826288757463e-01 4.698616817745262964e+00 9.947899826289574587e-01 4.698616817745409513e+00
6.275000000000000022e-02 9.948537217365485130e-01 4.698616817745262964e+00 9.948537217366297813e-01 4.698616817745409513e+00
6.325000000000000067e-02 9.949193409430516777e-01 4.698616817745262964e+00 9.949193409431339452e-01 4.698616817745409513e+00
6.375000000000000111e-02 9.949868348555166442e-01 4.698616817745262964e+00 9.949868348555989117e-01 4.698616817745409513e+00
6.425000000000000155e-02 9.950561978281402542e-01 4.698616817745261187e+00 9.950561978282234099e-01 4.698616817745409513e+00
6.475000000000000200e-02 9.951274239658880472e-01 4.698616817745257634e+00 9.951274239659727572e-01 4.698616817745409513e+00
6.525000000000000244e-02 9.952005071282179482e-01 4.698616817745255858e+00 9.952005071283049897e-01 4.698616817745409513e+00
6.575000000000000289e-02 9.952754409328323781e-01 4.698616817745254082e+00 9.952754409329206409e-01 4.698616817745409513e+00
6.625000000000000333e-02 9.953522187594501247e-01 4.698616817745253194e+00 9.953522187595386095e-01 4.698616817745409513e+00
6.675000000000000377e-02 9.954308337536046380e-01 4.698616817745252305e+00 9.954308337536939000e-01 4.698616817745409513e+00
6.725000000000000422e-02 9.955112788304665283e-01 4.698616817745251417e+00 9.955112788305567895e-01 4.698616817745409513e+00
6.775000000000000466e-02 9.955935466786822730e-01 4.698616817745250529e+00 9.955935466787724231e-01 4.698616817745409513e+00
6.825000000000000511e-02 9.956776297642244700e-01 4.698616817745248753e+00 9.956776297643167295e-01 4.698616817745409513e+00
6.875000000000000555e-02 9.957635203342789509e-01 4.698616817745246976e+00 9.957635203343708774e-01 4.698616817745409513e+00
6.925000000000000600e-02 9.958512104211174609e-01 4.698616817745245200e+00 9.958512104212102756e-01 4.698616817745409513e+00
6.975000000000000644e-02 9.959406918460156355e-01 4.698616817745245200e+00 9.959406918461073399e-01 4.698616817745409513e+00
7.025000000000000688e-02 9.960319562231538804e-01 4.698616817745245200e+00 9.960319562232462509e-01 4.698616817745409513e+00
7.075000000000000733e-02 9.961249949635566647e-01 4.698616817745245200e+00 9.961249949636490353e-01 4.698616817745409513e+00
7.125000000000000777e-02 9.962197992790176038e-01 4.698616817745243424e+00 9.962197992791107515e-01 4.698616817745409513e+00
7.175000000000000822e-02 9.963163601860500762e-01 4.698616817745241647e+00 9.963163601861428909e-01 4.698616817745409513e+00
7.225000000000000866e-02 9.964146685098299594e-01 4.698616817745241647e+00 9.964146685099229961e-01 4.698616817745409513e+00
7.274999999999999523e-02 9.965147148881550176e-01 4.698616817745241647e+00 9.965147148882507189e-01 4.698616817745409513e+00
7.324999999999999567e-02 9.966164897754112850e-01 4.698616817745239871e+00 9.966164897755062091e-01 4.698616817745409513e+00
7.374999999999999611e-02 9.967199834465152453e-01 4.698616817745238095e+00 9.967199834466113906e-01 4.698616817745409513e+00
7.424999999999999656e-02 9.968251860008965348e-01 4.698616817745234542e+00 9.968251860009936793e-01 4.698616817745409513e+00
7.474999999999999700e-02 9.969320873664506699e-01 4.698616817745232765e+00 9.969320873665491467e-01 4.698616817745409513e+00
7.524999999999999745e-02 9.970406773035023207e-01 4.698616817745231877e+00 9.970406773036014636e-01 4.698616817745409513e+00
7.574999999999999789e-02 9.971509454087640334e-01 4.698616817745230101e+00 9.971509454088642865e-01 4.698616817745409513e+00
7.624999999999999833e-02 9.972628811192912890e-01 4.698616817745229213e+00 9.972628811193933185e-01 4.698616817745409513e+00
7.674999999999999878e-02 9.973764737164354521e-01 4.698616817745227436e+00 9.973764737165371486e-01 4.698616817745409513e+00
7.724999999999999922e-02 9.974917123297781796e-01 4.698616817745224772e+00 9.974917123298806532e-01 4.698616817745409513e+00
7.774999999999999967e-02 9.976085859410763756e-01 4.698616817745222107e+00 9.976085859411810697e-01 4.698616817745409513e+00
7.825000000000000011e-02 9.977270833881894951e-01 4.698616817745220331e+00 9.977270833882940781e-01 4.698616817745409513e+00
7.875000000000000056e-02 9.978471933689876394e-01 4.698616817745218555e+00 9.978471933690924445e-01 4.698616817745409513e+00
7.925000000000000100e-02 9.979689044452653146e-01 4.698616817745216778e+00 9.979689044453715630e-01 4.698616817745409513e+00
7.975000000000000144e-02 9.980922050466360940e-01 4.698616817745215002e+00 9.980922050467432305e-01 4.698616817745409513e+00
8.025000000000000189e-02 9.982170834744087395e-01 4.698616817745213226e+00 9.982170834745168753e-01 4.698616817745409513e+00
8.075000000000000233e-02 9.983435279054586609e-01 4.698616817745213226e+00 9.983435279055665745e-01 4.698616817745409513e+00
8.125000000000000278e-02 9.984715263960728393e-01 4.698616817745211449e+00 9.984715263961807530e-01 4.698616817745409513e+00
8.175000000000000322e-02 9.986010668857900896e-01 4.698616817745209673e+00 9.986010668858984474e-01 4.698616817745409513e+00
8.225000000000000366e-02 9.987321372012147869e-01 4.698616817745207896e+00 9.987321372013256982e-01 4.698616817745409513e+00
8.275000000000000411e-02 9.988647250598223781e-01 4.698616817745206120e+00 9.988647250599336225e-01 4.698616817745409513e+00
8.325000000000000455e-02 9.989988180737279233e-01 4.698616817745206120e+00 9.989988180738401669e-01 4.698616817745409513e+00
8.375000000000000500e-02 9.991344037534528599e-01 4.698616817745203456e+00 9.991344037535659917e-01 4.698616817745409513e+00
8.425000000000000544e-02 9.992714695116613477e-01 4.698616817745202567e+00 9.992714695117739243e-01 4.698616817745409513e+00
8.475000000000000588e-02 9.994100026668707448e-01 4.698616817745200791e+00 9.994100026669843206e-01 4.698616817745409513e+00
8.525000000000000633e-02 9.995499904471536468e-01 4.698616817745199903e+00 9.995499904472663344e-01 4.698616817745409513e+00
8.575000000000000677e-02 9.996914199937942946e-01 4.698616817745199015e+00 9.996914199939065382e-01 4.698616817745409513e+00
8.625000000000000722e-02 9.998342783649386556e-01 4.698616817745197238e+00 9.998342783650528975e-01 4.698616817745409513e+00
8.675000000000000766e-02 9.999785525392167473e-01 4.698616817745197238e+00 9.999785525393303232e-01 4.698616817745409513e+00
8.725000000000000810e-02 1.000124229419320665e+00 4.698616817745197238e+00 1.000124229419433908e+00 4.698616817745409513e+00
8.774999999999999467e-02 1.000271295835577279e+00 4.698616817745197238e+00 1.000271295835691188e+00 4.698616817745409513e+00
8.824999999999999512e-02 1.000419738549484627e+00 4.698616817745195462e+00 1.000419738549597648e+00 4.698616817745409513e+00
8.874999999999999556e-02 1.000569544257212007e+00 4.698616817745195462e+00 1.000569544257324361e+00 4.698616817745409513e+00
8.924999999999999600e-02 1.000720699593082408e+00 4.698616817745195462e+00 1.000720699593194318e+00 4.698616817745409513e+00
8.974999999999999645e-02 1.000873191133015538e+00 4.698616817745193686e+00 1.000873191133128115e+00 4.698616817745409513e+00
9.024999999999999689e-02 1.001027005397948422e+00 4.698616817745191909e+00 1.001027005398062109e+00 4.698616817745409513e+00
9.074999999999999734e-02 1.001182128857216469e+00 4.698616817745191909e+00 1.001182128857330378e+00 4.698616817745409513e+00
9.124999999999999778e-02 1.001338547931902578e+00 4.698616817745190133e+00 1.001338547932016931e+00 4.698616817745409513e+00
9.174999999999999822e-02 1.001496248998160477e+00 4.698616817745189245e+00 1.001496248998275496e+00 4.698616817745409513e+00
9.224999999999999867e-02 1.001655218390497648e+00 4.698616817745188357e+00 1.001655218390613111e+00 4.698616817745409513e+00
9.274999999999999911e-02 1.001815442405027845e+00 4.698616817745188357e+00 1.001815442405141754e+00 4.698616817745409513e+00
9.324999999999999956e-02 1.001976907302682074e+00 4.698616817745187468e+00 1.001976907302795983e+00 4.698616817745409513e+00
9.375000000000000000e-02 1.002139599312397600e+00 4.698616817745188357e+00 1.002139599312511509e+00 4.698616817745409513e+00
9.425000000000000044e-02 1.002303504634259657e+00 4.698616817745190133e+00 1.002303504634372455e+00 4.698616817745409513e+00
9.475000000000000089e-02 1.002468609442607628e+00 4.698616817745190133e+00 1.002468609442719760e+00 4.698616817745409513e+00
9.525000000000000133e-02 1.002634899889110143e+00 4.698616817745190133e+00 1.002634899889222275e+00 4.698616817745409513e+00
9.575000000000000178e-02 1.002802362105803091e+00 4.698616817745190133e+00 1.002802362105913669e+00 4.698616817745409513e+00
9.625000000000000222e-02 1.002970982208077011e+00 4.698616817745190133e+00 1.002970982208187811e+00 4.698616817745409513e+00
9.675000000000000266e-02 1.003140746297647823e+00 4.698616817745189245e+00 1.003140746297759733e+00 4.698616817745409513e+00
9.725000000000000311e-02 1.003311640465471388e+00 4.698616817745187468e+00 1.003311640465583743e+00 4.698616817745409513e+00
9.775000000000000355e-02 1.003483650794624538e+00 4.698616817745184804e+00 1.003483650794738002e+00 4.698616817745409513e+00
9.825000000000000400e-02 1.003656763363148130e+00 4.698616817745183027e+00 1.003656763363263815e+00 4.698616817745409513e+00
9.875000000000000444e-02 1.003830964246855473e+00 4.698616817745181251e+00 1.003830964246971380e+00 4.698616817745409513e+00
9.925000000000000488e-02 1.004006239522084787e+00 4.698616817745181251e+00 1.004006239522200472e+00 4.698616817745409513e+00
9.975000000000000533e-02 1.004182575268429245e+00 4.698616817745181251e+00 1.004182575268544042e+00 4.698616817745409513e+00
1.002500000000000058e-01 1.004359957571415052e+00 4.698616817745181251e+00 1.004359957571529849e+00 4.698716817745409280e+00
1.007500000000000062e-01 1.004538372525147771e+00 4.698616817745181251e+00 1.004538372525261458e+00 4.698716817745409280e+00
1.012500000000000067e-01 1.004717806234905142e+00 4.698616817745181251e+00 1.004717806235019273e+00 4.698716817745409280e+00
1.017500000000000071e-01 1.004898244819703690e+00 4.698616817745181251e+00 1.004898244819817377e+00 4.698716817745409280e+00
1.022500000000000075e-01 1.005079674414809832e+00 4.698616817745181251e+00 1.005079674414923518e+00 4.698716817745409280e+00
1.027500000000000080e-01 1.005262081174218114e+00 4.698616817745179475e+00 1.005262081174332467e+00 4.698716817745409280e+00
1.032500000000000084e-01 1.005445451273084601e+00 4.698616817745178587e+00 1.005445451273199842e+00 4.698716817745409280e+00
1.037500000000000089e-01 1.005629770910120513e+00 4.698616817745177698e+00 1.005629770910235532e+00 4.698716817745409280e+00
1.042500000000000093e-01 1.005815026309935245e+00 4.698616817745177698e+00 1.005815026310050264e+00 4.698716817745409280e+00
1.047499999999999959e-01 1.006001203725348070e+00 4.698616817745176810e+00 1.006001203725465754e+00 4.698716817745409280e+00
1.052499999999999963e-01 1.006188289439659211e+00 4.698616817745175922e+00 1.006188289439776229e+00 4.698716817745409280e+00
1.057499999999999968e-01 1.006376269768853859e+00 4.698616817745172369e+00 1.006376269768972653e+00 4.698716817745409280e+00
1.062499999999999972e-01 1.006565131063803076e+00 4.698616817745170593e+00 1.006565131063921870e+00 4.698716817745409280e+00
1.067499999999999977e-01 1.006754859712384320e+00 4.698616817745171481e+00 1.006754859712502226e+00 4.698716817745409280e+00
1.072499999999999981e-01 1.006945442141580660e+00 4.698616817745172369e+00 1.006945442141698566e+00 4.698716817745409280e+00
1.077499999999999986e-01 1.007136864819535571e+00 4.698616817745171481e+00 1.007136864819653699e+00 4.698716817745409280e+00
1.082499999999999990e-01 1.007329114257559111e+00 4.698616817745170593e+00 1.007329114257676350e+00 4.698716817745409280e+00
1.087499999999999994e-01 1.007522177012089903e+00 4.698616817745168817e+00 1.007522177012207587e+00 4.698716817745409280e+00
1.092499999999999999e-01 1.007716039686625376e+00 4.698616817745167040e+00 1.007716039686743281e+00 4.698716817745409280e+00
1.097500000000000003e-01 1.007910688933597587e+00 4.698616817745167040e+00 1.007910688933715049e+00 4.698716817745409280e+00
1.102500000000000008e-01 1.008106111456209986e+00 4.698616817745167040e+00 1.008106111456327669e+00 4.698716817745409280e+00
1.107500000000000012e-01 1.008302294010235967e+00 4.698616817745167040e+00 1.008302294010354094e+00 4.698716817745409280e+00
1.112500000000000017e-01 1.008499223405769918e+00 4.698616817745167040e+00 1.008499223405888712e+00 4.698716817745409280e+00
1.117500000000000021e-01 1.008696886508937407e+00 4.698616817745167040e+00 1.008696886509057311e+00 4.698716817745409280e+00
1.122500000000000026e-01 1.008895270243564291e+00 4.698616817745165264e+00 1.008895270243684861e+00 4.698716817745409280e+00
1.127500000000000030e-01 1.009094361592800304e+00 4.698616817745163488e+00 1.009094361592921318e+00 4.698716817745409280e+00
1.132500000000000034e-01 1.009294147600704905e+00 4.698616817745163488e+00 1.009294147600825475e+00 4.698716817745409280e+00
1.137500000000000039e-01 1.009494615373786042e+00 4.698616817745163488e+00 1.009494615373906834e+00 4.698716817745409280e+00
1.142500000000000043e-01 1.009695752082504505e+00 4.698616817745162599e+00 1.009695752082624853e+00 4.698716817745409280e+00
1.147500000000000048e-01 1.009897544962729432e+00 4.698616817745162599e+00 1.009897544962849558e+00 4.698716817745409280e+00
1.152500000000000052e-01 1.010099981317154505e+00 4.698616817745160823e+00 1.010099981317275741e+00 4.698716817745409280e+00
1.157500000000000057e-01 1.010303048516679292e+00 4.698616817745159935e+00 1.010303048516800972e+00 4.698716817745409280e+00
1.162500000000000061e-01 1.010506734001738849e+00 4.698616817745159935e+00 1.010506734001860085e+00 4.698716817745409280e+00
1.167500000000000066e-01 1.010711025283596909e+00 4.698616817745158158e+00 1.010711025283718367e+00 4.698716817745409280e+00
1.172500000000000070e-01 1.010915909945603985e+00 4.698616817745156382e+00 1.010915909945726554e+00 4.698716817745409280e+00
1.177500000000000074e-01 1.011121375644409959e+00 4.698616817745155494e+00 1.011121375644533193e+00 4.698716817745409280e+00
1.182500000000000079e-01 1.011327410111134473e+00 4.698616817745155494e+00 1.011327410111257930e+00 4.698716817745409280e+00
1.187500000000000083e-01 1.011534001152500917e+00 4.698616817745154606e+00 1.011534001152626150e+00 4.698716817745409280e+00
1.192500000000000088e-01 1.011741136651933992e+00 4.698616817745152829e+00 1.011741136652060336e+00 4.698716817745409280e+00
1.197499999999999953e-01 1.011948804570608873e+00 4.698616817745152829e+00 1.011948804570737881e+00 4.698716817745409280e+00
1.202499999999999958e-01 1.012156992948476608e+00 4.698616817745152829e+00 1.012156992948604728e+00 4.698716817745409280e+00
1.207499999999999962e-01 1.012365689905224908e+00 4.698616817745151053e+00 1.012365689905353472e+00 4.698716817745409280e+00
1.212499999999999967e-01 1.012574883641231827e+00 4.698616817745150165e+00 1.012574883641361723e+00 4.698716817745409280e+00
1.217499999999999971e-01 1.012784562438462155e+00 4.698616817745149277e+00 1.012784562438592717e+00 4.698716817745409280e+00
1.222499999999999976e-01 1.012994714661328954e+00 4.698616817745149277e+00 1.012994714661459295e+00 4.698716817745409280e+00
1.227499999999999980e-01 1.013205328757516455e+00 4.698616817745147500e+00 1.013205328757648571e+00 4.698716817745409280e+00
1.232499999999999984e-01 1.013416393258778081e+00 4.698616817745147500e+00 1.013416393258910864e+00 4.698716817745409280e+00
1.237499999999999989e-01 1.013627896781679194e+00 4.698616817745145724e+00 1.013627896781812643e+00 4.698716817745409280e+00
1.242499999999999993e-01 1.013839828028316514e+00 4.698616817745143948e+00 1.013839828028450851e+00 4.698716817745409280e+00
1.247499999999999998e-01 1.014052175786998689e+00 4.698616817745142171e+00 1.014052175787133470e+00 4.698716817745409280e+00
1.252500000000000002e-01 1.014264928932890442e+00 4.698616817745142171e+00 1.014264928933024335e+00 4.698716817745409280e+00
1.257500000000000007e-01 1.014478076428616760e+00 4.698616817745141283e+00 1.014478076428749986e+00 4.698716817745409280e+00
1.262500000000000011e-01 1.014691607324844647e+00 4.698616817745141283e+00 1.014691607324976541e+00 4.698716817745409280e+00
1.267500000000000016e-01 1.014905510760814700e+00 4.698616817745139507e+00 1.014905510760947260e+00 4.698716817745409280e+00
1.272500000000000020e-01 1.015119775964856474e+00 4.698616817745138619e+00 1.015119775964989479e+00 4.698716817745409280e+00
1.277500000000000024e-01 1.015334392254852336e+00 4.698616817745136842e+00 1.015334392254985563e+00 4.698716817745409280e+00
1.282500000000000029e-01 1.015549349038679772e+00 4.698616817745135066e+00 1.015549349038812776e+00 4.698716817745409280e+00
1.287500000000000033e-01 1.015764635814615513e+00 4.698616817745133289e+00 1.015764635814748740e+00 4.698716817745409280e+00
1.292500000000000038e-01 1.015980242171711456e+00 4.698616817745131513e+00 1.015980242171844683e+00 4.698716817745409280e+00
1.297500000000000042e-01 1.016196157790134169e+00 4.698616817745129737e+00 1.016196157790268062e+00 4.698716817745409280e+00
1.302500000000000047e-01 1.016412372441476197e+00 4.698616817745127960e+00 1.016412372441610312e+00 4.698716817745409280e+00
1.307500000000000051e-01 1.016628875989032732e+00 4.698616817745126184e+00 1.016628875989168179e+00 4.698716817745409280e+00
1.312500000000000056e-01 1.016845658388055185e+00 4.698616817745126184e+00 1.016845658388190410e+00 4.698716817745409280e+00
1.317500000000000060e-01 1.017062709685958133e+00 4.698616817745124408e+00 1.017062709686095134e+00 4.698716817745409280e+00
1.322500000000000064e-01 1.017280020022522047e+00 4.698616817745124408e+00 1.017280020022658826e+00 4.698716817745409280e+00
1.327500000000000069e-01 1.017497579630038063e+00 4.698616817745124408e+00 1.017497579630174398e+00 4.698716817745409280e+00
1.332500000000000073e-01 1.017715378833442763e+00 4.698616817745122631e+00 1.017715378833579543e+00 4.698716817745409280e+00
1.337500000000000078e-01 1.017933408050421207e+00 4.698616817745120855e+00 1.017933408050559541e+00 4.698716817745409280e+00
1.342500000000000082e-01 1.018151657791479980e+00 4.698616817745119079e+00 1.018151657791618758e+00 4.698716817745409280e+00
1.347500000000000087e-01 1.018370118659986279e+00 4.698616817745118190e+00 1.018370118660126167e+00 4.698716817745409280e+00
1.352500000000000091e-01 1.018588781352195438e+00 4.698616817745120855e+00 1.018588781352333328e+00 4.698716817745409280e+00
1.357500000000000095e-01 1.018807636657231175e+00 4.698616817745127072e+00 1.018807636657365290e+00 4.698716817745409280e+00
1.362500000000000100e-01 1.019026675457054720e+00 4.698616817745133289e+00 1.019026675457185283e+00 4.698716817745409280e+00
1.367500000000000104e-01 1.019245888726407756e+00 4.698616817745136842e+00 1.019245888726535210e+00 4.698716817745409280e+00
1.372500000000000109e-01 1.019465267532722708e+00 4.698616817745141283e+00 1.019465267532846164e+00 4.698716817745409280e+00
1.377500000000000113e-01 1.019684803036006837e+00 4.698616817745143948e+00 1.019684803036130738e+00 4.698716817745409280e+00
1.382500000000000118e-01 1.019904486488718565e+00 4.698616817745142171e+00 1.019904486488843576e+00 4.698716817745409280e+00
1.387500000000000122e-01 1.020124309235598936e+00 4.698616817745138619e+00 1.020124309235723947e+00 4.698716817745409280e+00
1.392500000000000127e-01 1.020344262713487549e+00 4.698616817745135066e+00 1.020344262713610783e+00 4.698716817745409280e+00
1.397500000000000131e-01 1.020564338451114050e+00 4.698616817745135954e+00 1.020564338451236841e+00 4.698716817745409280e+00
1.402500000000000135e-01 1.020784528068874319e+00 4.698616817745137730e+00 1.020784528068996888e+00 4.698716817745409280e+00
1.407500000000000140e-01 1.021004823278578222e+00 4.698616817745139507e+00 1.021004823278700124e+00 4.698716817745409280e+00
1.412500000000000144e-01 1.021225215883169390e+00 4.698616817745138619e+00 1.021225215883291959e+00 4.698716817745409280e+00
1.417500000000000149e-01 1.021445697776439232e+00 4.698616817745135066e+00 1.021445697776562245e+00 4.698716817745409280e+00
1.422500000000000153e-01 1.021666260942705406e+00 4.698616817745133289e+00 1.021666260942828419e+00 4.698716817745409280e+00
1.427500000000000158e-01 1.021886897456473875e+00 4.698616817745131513e+00 1.021886897456598886e+00 4.698716817745409280e+00
1.432500000000000162e-01 1.022107599482089846e+00 4.698616817745128849e+00 1.022107599482216411e+00 4.698716817745409280e+00
1.437500000000000167e-01 1.022328359273354081e+00 4.698616817745126184e+00 1.022328359273482423e+00 4.698716817745409280e+00
1.442499999999999893e-01 1.022549169173132988e+00 4.698616817745124408e+00 1.022549169173262218e+00 4.698716817745409280e+00
1.447499999999999898e-01 1.022770021612940283e+00 4.698616817745120855e+00 1.022770021613070845e+00 4.698716817745409280e+00
1.452499999999999902e-01 1.022990909112507341e+00 4.698616817745120855e+00 1.022990909112640123e+00 4.698716817745409280e+00
1.457499999999999907e-01 1.023211824279335547e+00 4.698616817745120855e+00 1.023211824279469440e+00 4.698716817745409280e+00
1.462499999999999911e-01 1.023432759808225567e+00 4.698616817745120855e+00 1.023432759808357684e+00 4.698716817745409280e+00
1.467499999999999916e-01 1.023653708480785518e+00 4.698616817745119079e+00 1.023653708480919411e+00 4.698716817745409280e+00
1.472499999999999920e-01 1.023874663164950238e+00 4.698616817745119967e+00 1.023874663165083243e+00 4.698716817745409280e+00
1.477499999999999925e-01 1.024095616814441723e+00 4.698616817745119967e+00 1.024095616814573839e+00 4.698716817745409280e+00
1.482499999999999929e-01 1.024316562468249092e+00 4.698616817745118190e+00 1.024316562468381209e+00 4.698716817745409280e+00
1.487499999999999933e-01 1.024537493250076592e+00 4.698616817745115526e+00 1.024537493250209375e+00 4.698716817745409280e+00
1.492499999999999938e-01 1.024758402367783150e+00 4.698616817745114638e+00 1.024758402367915711e+00 4.698716817745409280e+00
1.497499999999999942e-01 1.024979283112799511e+00 4.698616817745115526e+00 1.024979283112930739e+00 4.698716817745409280e+00
1.502499999999999947e-01 1.025200128859537596e+00 4.698616817745115526e+00 1.025200128859669046e+00 4.698716817745409280e+00
1.507499999999999951e-01 1.025420933064790985e+00 4.698616817745119079e+00 1.025420933064920437e+00 4.698716817745409280e+00
1.512499999999999956e-01 1.025641689267107859e+00 4.698616817745124408e+00 1.025641689267233536e+00 4.698716817745409280e+00
1.517499999999999960e-01 1.025862391086159287e+00 4.698616817745126184e+00 1.025862391086283187e+00 4.698716817745409280e+00
1.522499999999999964e-01 1.026083032222104174e+00 4.698616817745128849e+00 1.026083032222225189e+00 4.698716817745409280e+00
1.527499999999999969e-01 1.026303606454922024e+00 4.698616817745132401e+00 1.026303606455040596e+00 4.698716817745409280e+00
1.532499999999999973e-01 1.026524107643752126e+00 4.698616817745136842e+00 1.026524107643866479e+00 4.698716817745409280e+00
1.537499999999999978e-01 1.026744529726201449e+00 4.698616817745134178e+00 1.026744529726317801e+00 4.698716817745409280e+00
1.542499999999999982e-01 1.026964866717677172e+00 4.698616817745135066e+00 1.026964866717794855e+00 4.698716817745409280e+00
1.547499999999999987e-01 1.027185112710665260e+00 4.698616817745136842e+00 1.027185112710782500e+00 4.698716817745409280e+00
1.552499999999999991e-01 1.027405261874025699e+00 4.698616817745143059e+00 1.027405261874138942e+00 4.698716817745409280e+00
1.557499999999999996e-01 1.027625308452261743e+00 4.698616817745149277e+00 1.027625308452372543e+00 4.698716817745409280e+00
1.562500000000000000e-01 1.027845246764803600e+00 4.698616817745155494e+00 1.027845246764911957e+00 4.698716817745409280e+00
1.567500000000000004e-01 1.028065071205257475e+00 4.698616817745158158e+00 1.028065071205364722e+00 4.698716817745409280e+00
1.572500000000000009e-01 1.028284776240663057e+00 4.698616817745156382e+00 1.028284776240767640e+00 4.698716817745409280e+00
1.577500000000000013e-01 1.028504356410725240e+00 4.698616817745152829e+00 1.028504356410829823e+00 4.698716817745409280e+00
1.582500000000000018e-01 1.028723806327059176e+00 4.698616817745152829e+00 1.028723806327165091e+00 4.698716817745409280e+00
1.587500000000000022e-01 1.028943120672412892e+00 4.698616817745152829e+00 1.028943120672518363e+00 4.698716817745409280e+00
1.592500000000000027e-01 1.029162294199877259e+00 4.698616817745149277e+00 1.029162294199983840e+00 4.698716817745409280e+00
1.597500000000000031e-01 1.029381321732108390e+00 4.698616817745147500e+00 1.029381321732215637e+00 4.698716817745409280e+00
1.602500000000000036e-01 1.029600198160525837e+00 4.698616817745147500e+00 1.029600198160632862e+00 4.698716817745409280e+00
1.607500000000000040e-01 1.029818918444509013e+00 4.698616817745147500e+00 1.029818918444614928e+00 4.698716817745409280e+00
1.612500000000000044e-01 1.030037477610588503e+00 4.698616817745145724e+00 1.030037477610694197e+00 4.698716817745409280e+00
1.617500000000000049e-01 1.030255870751636049e+00 4.698616817745145724e+00 1.030255870751740632e+00 4.698716817745409280e+00
1.622500000000000053e-01 1.030474093026036542e+00 4.698616817745144836e+00 1.030474093026140903e+00 4.698716817745409280e+00
1.627500000000000058e-01 1.030692139656864903e+00 4.698616817745142171e+00 1.030692139656971262e+00 4.698716817745409280e+00
1.632500000000000062e-01 1.030910005931061857e+00 4.698616817745139507e+00 1.030910005931168216e+00 4.698716817745409280e+00
1.637500000000000067e-01 1.031127687198579945e+00 4.698616817745135066e+00 1.031127687198689191e+00 4.698716817745409280e+00
1.642500000000000071e-01 1.031345178871564627e+00 4.698616817745137730e+00 1.031345178871674095e+00 4.698716817745409280e+00
1.647500000000000075e-01 1.031562476423489860e+00 4.698616817745139507e+00 1.031562476423598884e+00 4.698716817745409280e+00
1.652500000000000080e-01 1.031779575388315440e+00 4.698616817745142171e+00 1.031779575388426018e+00 4.698716817745409280e+00
1.657500000000000084e-01 1.031996471359641010e+00 4.698616817745145724e+00 1.031996471359751366e+00 4.698716817745409280e+00
1.662500000000000089e-01 1.032213159989836093e+00 4.698616817745144836e+00 1.032213159989947560e+00 4.698716817745409280e+00
1.667500000000000093e-01 1.032429636989189436e+00 4.698616817745142171e+00 1.032429636989303123e+00 4.698716817745409280e+00
1.672500000000000098e-01 1.032645898125044148e+00 4.698616817745139507e+00 1.032645898125159611e+00 4.698716817745409280e+00
1.677500000000000102e-01 1.032861939220929948e+00 4.698616817745139507e+00 1.032861939221044523e+00 4.698716817745409280e+00
1.682500000000000107e-01 1.033077756155691640e+00 4.698616817745139507e+00 1.033077756155804439e+00 4.698716817745409280e+00
1.687500000000000111e-01 1.033293344862617591e+00 4.698616817745138619e+00 1.033293344862731056e+00 4.698716817745409280e+00
1.692500000000000115e-01 1.033508701328574642e+00 4.698616817745136842e+00 1.033508701328689217e+00 4.698716817745409280e+00
1.697500000000000120e-01 1.033723821593127035e+00 4.698616817745135066e+00 1.033723821593241610e+00 4.698716817745409280e+00
1.702500000000000124e-01 1.033938701747657340e+00 4.698616817745135066e+00 1.033938701747770805e+00 4.698716817745409280e+00
1.707500000000000129e-01 1.034153337934487382e+00 4.698616817745134178e+00 1.034153337934599959e+00 4.698716817745409280e+00
1.712500000000000133e-01 1.034367726346002714e+00 4.698616817745135066e+00 1.034367726346114402e+00 4.698716817745409280e+00
1.717500000000000138e-01 1.034581863223765996e+00 4.698616817745134178e+00 1.034581863223878129e+00 4.698716817745409280e+00
1.722500000000000142e-01 1.034795744857641031e+00 4.698616817745134178e+00 1.034795744857752720e+00 4.698716817745409280e+00
1.727500000000000147e-01 1.035009367584903472e+00 4.698616817745135066e+00 1.035009367585014495e+00 4.698716817745409280e+00
1.732500000000000151e-01 1.035222727789356645e+00 4.698616817745135954e+00 1.035222727789468777e+00 4.698716817745409280e+00
1.737500000000000155e-01 1.035435821900454689e+00 4.698616817745134178e+00 1.035435821900567932e+00 4.698716817745409280e+00
1.742500000000000160e-01 1.035648646392410388e+00 4.698616817745134178e+00 1.035648646392525407e+00 4.698716817745409280e+00
1.747500000000000164e-01 1.035861197783318310e+00 4.698616817745137730e+00 1.035861197783431553e+00 4.698716817745409280e+00
1.752500000000000169e-01 1.036073472634257087e+00 4.698616817745138619e+00 1.036073472634369219e+00 4.698716817745409280e+00
1.757500000000000173e-01 1.036285467548416328e+00 4.698616817745136842e+00 1.036285467548528683e+00 4.698716817745409280e+00
1.762499999999999900e-01 1.036497179170210448e+00 4.698616817745135066e+00 1.036497179170323912e+00 4.698716817745409280e+00
1.767499999999999905e-01 1.036708604184395588e+00 4.698616817745133289e+00 1.036708604184509719e+00 4.698716817745409280e+00
1.772499999999999909e-01 1.036919739315181221e+00 4.698616817745131513e+00 1.036919739315297795e+00 4.698716817745409280e+00
1.777499999999999913e-01 1.037130581325354406e+00 4.698616817745128849e+00 1.037130581325475420e+00 4.698716817745409280e+00
1.782499999999999918e-01 1.037341127015400488e+00 4.698616817745126184e+00 1.037341127015523057e+00 4.698716817745409280e+00
1.787499999999999922e-01 1.037551373222612483e+00 4.698616817745122631e+00 1.037551373222736162e+00 4.698716817745409280e+00
1.792499999999999927e-01 1.037761316820218216e+00 4.698616817745119079e+00 1.037761316820343671e+00 4.698716817745409280e+00
1.797499999999999931e-01 1.037970954716503691e+00 4.698616817745115526e+00 1.037970954716632033e+00 4.698716817745409280e+00
1.802499999999999936e-01 1.038180283853940011e+00 4.698616817745113750e+00 1.038180283854068575e+00 4.698716817745409280e+00
1.807499999999999940e-01 1.038389301208296978e+00 4.698616817745111085e+00 1.038389301208425319e+00 4.698716817745409280e+00
1.812499999999999944e-01 1.038598003787777557e+00 4.698616817745105756e+00 1.038598003787908119e+00 4.698716817745409280e+00
1.817499999999999949e-01 1.038806388632151023e+00 4.698616817745103091e+00 1.038806388632282474e+00 4.698716817745409280e+00
1.822499999999999953e-01 1.039014452811872324e+00 4.698616817745097762e+00 1.039014452812005551e+00 4.698716817745409280e+00
1.827499999999999958e-01 1.039222193427223662e+00 4.698616817745095986e+00 1.039222193427357332e+00 4.698716817745409280e+00
1.832499999999999962e-01 1.039429607607442074e+00 4.698616817745094210e+00 1.039429607607575301e+00 4.698716817745409280e+00
1.837499999999999967e-01 1.039636692509863902e+00 4.698616817745104868e+00 1.039636692509990912e+00 4.698716817745409280e+00
1.842499999999999971e-01 1.039843445319045490e+00 4.698616817745111973e+00 1.039843445319166948e+00 4.698716817745409280e+00
1.847499999999999976e-01 1.040049863245910755e+00 4.698616817745102203e+00 1.040049863246038875e+00 4.698716817745409280e+00
1.852499999999999980e-01 1.040255943526925853e+00 4.698616817745098651e+00 1.040255943527056415e+00 4.698716817745409280e+00
1.857499999999999984e-01 1.040461683423212991e+00 4.698616817745115526e+00 1.040461683423331340e+00 4.698716817745409280e+00
1.862499999999999989e-01 1.040667080219675800e+00 4.698616817745131513e+00 1.040667080219782159e+00 4.698716817745409280e+00
1.867499999999999993e-01 1.040872131224163111e+00 4.698616817745106644e+00 1.040872131224286790e+00 4.698716817745409280e+00
1.872499999999999998e-01 1.041076833766680032e+00 4.698616817745069341e+00 1.041076833766833243e+00 4.698716817745409280e+00
1.877500000000000002e-01 1.041281185198546844e+00 4.698616817745102203e+00 1.041281185198676518e+00 4.698716817745409280e+00
1.882500000000000007e-01 1.041485182891442651e+00 4.698616817745205232e+00 1.041485182891495276e+00 4.698716817745409280e+00
1.887500000000000011e-01 1.041688824236503441e+00 4.698616817745205232e+00 1.041688824236554289e+00 4.698716817745409280e+00
1.892500000000000016e-01 1.041892106643672378e+00 4.698616817745017826e+00 1.041892106643865334e+00 4.698716817745409280e+00
1.897500000000000020e-01 1.042095027541084074e+00 4.698616817744914798e+00 1.042095027541355634e+00 4.698716817745409280e+00
1.902500000000000024e-01 1.042297584373994113e+00 4.698616817745214114e+00 1.042297584374036745e+00 4.698716817745409280e+00
1.907500000000000029e-01 1.042499774603423468e+00 4.698616817745593366e+00 1.042499774603175000e+00 4.698716817745409280e+00
1.912500000000000033e-01 1.042701595705469053e+00 4.698616817745269181e+00 1.042701595705467943e+00 4.698716817745409280e+00
1.917500000000000038e-01 1.042903045171513554e+00 4.698616817744346363e+00 1.042903045172220766e+00 4.698716817745409280e+00
1.922500000000000042e-01 1.043104120507815757e+00 4.698616817744340146e+00 1.043104120508528521e+00 4.698716817745409280e+00
1.927500000000000047e-01 1.043304819233065839e+00 4.698616817746060548e+00 1.043304819232458991e+00 4.698716817745409280e+00
1.932500000000000051e-01 1.043505138875779892e+00 4.698616817747277352e+00 1.043505138874238902e+00 4.698716817745409280e+00
1.937500000000000056e-01 1.043705076975198542e+00 4.698616817744947660e+00 1.043705076975444346e+00 4.698716817745409280e+00
1.942500000000000060e-01 1.043904631084860757e+00 4.698616817740932206e+00 1.043904631088193868e+00 4.698716817745409280e+00
1.947500000000000064e-01 1.044103798771939262e+00 4.698616817742140128e+00 1.044103798774343339e+00 4.698716817745409280e+00
1.952500000000000069e-01 1.044302577608742233e+00 4.698616817750529862e+00 1.044302577604685034e+00 4.698716817745409280e+00
1.957500000000000073e-01 1.044500965165759077e+00 4.698616817755128849e+00 1.044500965158150052e+00 4.698716817745409280e+00
1.962500000000000078e-01 1.044698959019663587e+00 4.698616817743507923e+00 1.044698959021012952e+00 4.698716817745409280e+00
1.967500000000000082e-01 1.044896556770467333e+00 4.698616817725018713e+00 1.044896556786099273e+00 4.698716817745409280e+00
1.972500000000000087e-01 1.045093756040170518e+00 4.698616817729963202e+00 1.045093756051997502e+00 4.698716817745409280e+00
1.977500000000000091e-01 1.045290554440140296e+00 4.698616817768357379e+00 1.045290554422273033e+00 4.698716817745409280e+00
1.982500000000000095e-01 1.045486949543410926e+00 4.698616817795256750e+00 1.045486949504683905e+00 4.698716817745409280e+00
1.987500000000000100e-01 1.045682938914932025e+00 4.698616817751085861e+00 1.045682938910402981e+00 4.698716817745409280e+00
1.992500000000000104e-01 1.045878520185923310e+00 4.698616817658472833e+00 1.045878520253240795e+00 4.698716817745409280e+00
1.997500000000000109e-01 1.046073691070861678e+00 4.698616817644822419e+00 1.046073691148870166e+00 4.698716817745409280e+00
2.002500000000000113e-01 1.046268449255326471e+00 4.698616817798394685e+00 1.046268449214058149e+00 4.698616817745409513e+00
2.007500000000000118e-01 1.046462792254188923e+00 4.698616817987339545e+00 1.046462792065895764e+00 4.698616817745409513e+00
2.012500000000000122e-01 1.046656717455371588e+00 4.698616817917738331e+00 1.046656717321034824e+00 4.698616817745409513e+00
2.017500000000000127e-01 1.046850222403342467e+00 4.698616817499294385e+00 1.046850222594925439e+00 4.698616817745409513e+00
2.022500000000000131e-01 1.047043305028734439e+00 4.698616817139726898e+00 1.047043305501057509e+00 4.698616817745409513e+00
2.027500000000000135e-01 1.047235963428380323e+00 4.698616817461182649e+00 1.047235963650204438e+00 4.698616817745409513e+00
2.032500000000000140e-01 1.047428195236996817e+00 4.698616818497465708e+00 1.047428194649670630e+00 4.698616817745409513e+00
2.037500000000000144e-01 1.047619997260013314e+00 4.698616819224979757e+00 1.047619996102540307e+00 4.698616817745409513e+00
2.042500000000000149e-01 1.047811366057184168e+00 4.698616818320683564e+00 1.047811365606930556e+00 4.698616817745409513e+00
2.047500000000000153e-01 1.048002299242025259e+00 4.698616815811648806e+00 1.048002300755247029e+00 4.698616817745409513e+00
2.052500000000000158e-01 1.048192796169136631e+00 4.698616813965585060e+00 1.048192799133441655e+00 4.698616817745409513e+00
2.057500000000000162e-01 1.048382856801860719e+00 4.698616815810603420e+00 1.048382858320274336e+00 4.698616817745409513e+00
2.062500000000000167e-01 1.048572479112356071e+00 4.698616821856895776e+00 1.048572475886574873e+00 4.698616817745409513e+00
2.067500000000000171e-01 1.048761657288321159e+00 4.698616827800485396e+00 1.048761649394510442e+00 4.698616817745409513e+00
2.072500000000000175e-01 1.048950382383225799e+00 4.698616825339654746e+00 1.048950376396855066e+00 4.698616817745409513e+00
2.077500000000000180e-01 1.049138642536682209e+00 4.698616802597532782e+00 1.049138654436259532e+00 4.698616817745409513e+00
2.082499999999999907e-01 1.049326418802770888e+00 4.698616738740732046e+00 1.049326481044526194e+00 4.698616817745409513e+00
2.087499999999999911e-01 1.049513674303429234e+00 4.698616590263727133e+00 1.049513853741885772e+00 4.698616817745409513e+00
2.092499999999999916e-01 1.049700333300577437e+00 4.698616264616983784e+00 1.049700770036275266e+00 4.698616817745409513e+00
2.097499999999999920e-01 1.049886237650198062e+00 4.698615565343353673e+00 1.049887227422621194e+00 4.698616817745409513e+00
2.102499999999999925e-01 1.050071035737630387e+00 4.698614051562719496e+00 1.050073223382121279e+00 4.698616817745409513e+00
2.107499999999999929e-01 1.050254148942541210e+00 4.698611001004862509e+00 1.050258755381532128e+00 4.698616817745409513e+00
2.112499999999999933e-01 1.050435614197415379e+00 4.698606456598331427e+00 1.050443820872456691e+00 4.698616817745409513e+00
2.117499999999999938e-01 1.050616164801812857e+00 4.698601369174299158e+00 1.050628417290635719e+00 4.698616817745409513e+00
2.122499999999999942e-01 1.050796637417056534e+00 4.698596797853695328e+00 1.050812542055240328e+00 4.698616817745409513e+00
2.127499999999999947e-01 1.050977730666585952e+00 4.698593531001497681e+00 1.050996192568166565e+00 4.698616817745409513e+00
2.132499999999999951e-01 1.051159669688772169e+00 4.698592065581284949e+00 1.051179366213333299e+00 4.698616817745409513e+00
2.137499999999999956e-01 1.051341842196159782e+00 4.698591462866113844e+00 1.051362060355980566e+00 4.698616817745409513e+00
2.142499999999999960e-01 1.051523820475804838e+00 4.698591170360227665e+00 1.051544272341971675e+00 4.698616817745409513e+00
2.147499999999999964e-01 1.051705442029157611e+00 4.698591033538358275e+00 1.051725999497096220e+00 4.698616817745409513e+00
2.152499999999999969e-01 1.051886637238679478e+00 4.698591011669108752e+00 1.051907239126374183e+00 4.698616817745409513e+00
2.157499999999999973e-01 1.052067374510928577e+00 4.698591047142030241e+00 1.052087988513363825e+00 4.698616817745409513e+00
2.162499999999999978e-01 1.052247638732072721e+00 4.698591104435267951e+00 1.052268244919470686e+00 4.698616817745409513e+00
2.167499999999999982e-01 1.052427419245085760e+00 4.698591153004251453e+00 1.052448005583256574e+00 4.698616817745409513e+00
2.172499999999999987e-01 1.052606708955898807e+00 4.698591203542244799e+00 1.052627267719753679e+00 4.698616817745409513e+00
2.177499999999999991e-01 1.052785498386673790e+00 4.698591256033640917e+00 1.052806028519776893e+00 4.698616817745409513e+00
2.182499999999999996e-01 1.052963778782570969e+00 4.698591310392495224e+00 1.052984285149240362e+00 4.698616817745409513e+00
2.187500000000000000e-01 1.053141546972150122e+00 4.698591375237300305e+00 1.053162034748474030e+00 4.698616817745409513e+00
2.192500000000000004e-01 1.053318801034176078e+00 4.698591430768336963e+00 1.053339274431541739e+00 4.698616817745409513e+00
2.197500000000000009e-01 1.053495539509796020e+00 4.698591469881980842e+00 1.053516001285561776e+00 4.698616817745409513e+00
2.202500000000000013e-01 1.053671762207849749e+00 4.698591506116601479e+00 1.053692212370028969e+00 4.698616817745409513e+00
2.207500000000000018e-01 1.053847466576522951e+00 4.698591543053947994e+00 1.053867904716135673e+00 4.698616817745409513e+00
2.212500000000000022e-01 1.054022649496232145e+00 4.698591584002343780e+00 1.054043075326097201e+00 4.698616817745409513e+00
2.217500000000000027e-01 1.054197308471119809e+00 4.698591633273942136e+00 1.054217721172475919e+00 4.698616817745409513e+00
2.222500000000000031e-01 1.054371440247646952e+00 4.698591683634325555e+00 1.054391839197509784e+00 4.698616817745409513e+00
2.227500000000000036e-01 1.054545041014891549e+00 4.698591727668476992e+00 1.054565426312437104e+00 4.698616817745409513e+00
2.232500000000000040e-01 1.054718107656606785e+00 4.698591767620095894e+00 1.054738479396827744e+00 4.698616817745409513e+00
2.237500000000000044e-01 1.054890637278242504e+00 4.698591807514906904e+00 1.054910995297911436e+00 4.698616817745409513e+00
2.242500000000000049e-01 1.055062626937842030e+00 4.698591850515365209e+00 1.055082970829908762e+00 4.698616817745409513e+00
2.247500000000000053e-01 1.055234073744748757e+00 4.698591899106928871e+00 1.055254402773363909e+00 4.698616817745409513e+00
2.252500000000000058e-01 1.055404974120854877e+00 4.698591949138848811e+00 1.055425287874475426e+00 4.698616817745409513e+00
2.257500000000000062e-01 1.055575324085062050e+00 4.698591995127713972e+00 1.055595622844430759e+00 4.698616817745409513e+00
2.262500000000000067e-01 1.055745120195089370e+00 4.698592036692589957e+00 1.055765404358741444e+00 4.698616817745409513e+00
2.267500000000000071e-01 1.055914359535222280e+00 4.698592077760320507e+00 1.055934629056575647e+00 4.698616817745409513e+00
2.272500000000000075e-01 1.056083039134163570e+00 4.698592121611485872e+00 1.056103293540096244e+00 4.698616817745409513e+00
2.277500000000000080e-01 1.056251155730890012e+00 4.698592169855425382e+00 1.056271394373795802e+00 4.698616817745409513e+00
2.282500000000000084e-01 1.056418705493421317e+00 4.698592219299534634e+00 1.056438928083834217e+00 4.698616817745409513e+00
2.287500000000000089e-01 1.056585684348267939e+00 4.698592265743318563e+00 1.056605891157375909e+00 4.698616817745409513e+00
2.292500000000000093e-01 1.056752088616812468e+00 4.698592308194421641e+00 1.056772280041928580e+00 4.698616817745409513e+00
2.297500000000000098e-01 1.056917915099865990e+00 4.698592349860660988e+00 1.056938091144680625e+00 4.698616817745409513e+00
2.302500000000000102e-01 1.057083160607124928e+00 4.698592393940338674e+00 1.057103320831841664e+00 4.698616817745409513e+00
2.307500000000000107e-01 1.057247821609034411e+00 4.698592441806022535e+00 1.057267965427980849e+00 4.698616817745409513e+00
2.312500000000000111e-01 1.057411894073944314e+00 4.698592490859477167e+00 1.057432021215367390e+00 4.698616817745409513e+00
2.317500000000000115e-01 1.057575373762540849e+00 4.698592537585415840e+00 1.057595484433309974e+00 4.698616817745409513e+00
2.322500000000000120e-01 1.057738256719355396e+00 4.698592580754638703e+00 1.057758351277498399e+00 4.698616817745409513e+00
2.327500000000000124e-01 1.057900539404897700e+00 4.698592622924834927e+00 1.057920617899342997e+00 4.698616817745409513e+00
2.332500000000000129e-01 1.058062218343776895e+00 4.698592667134867895e+00 1.058082280405317377e+00 4.698616817745409513e+00
2.337500000000000133e-01 1.058223289739100625e+00 4.698592714642993329e+00 1.058243334856296736e+00 4.698616817745409513e+00
2.342500000000000138e-01 1.058383749340555013e+00 4.698592763273110151e+00 1.058403777266901935e+00 4.698616817745409513e+00
2.347500000000000142e-01 1.058543592702518854e+00 4.698592809963847650e+00 1.058563603604840475e+00 4.698616817745409513e+00
2.352500000000000147e-01 1.058702815588449919e+00 4.698592853416133863e+00 1.058722809790246133e+00 4.698616817745409513e+00
2.357500000000000151e-01 1.058861414119038225e+00 4.698592895693172622e+00 1.058881391695023488e+00 4.698616817745409513e+00
2.362500000000000155e-01 1.059019384505773376e+00 4.698592939637329380e+00 1.059039345142186450e+00 4.698616817745409513e+00
2.367500000000000160e-01 1.059176722677151128e+00 4.698592986573551400e+00 1.059196665905202783e+00 4.698616817745409513e+00
2.372500000000000164e-01 1.059333424145461722e+00 4.698593034774640742e+00 1.059353349707334857e+00 4.698616817745409513e+00
2.377500000000000169e-01 1.059489484215544897e+00 4.698593081526722059e+00 1.059509392220980173e+00 4.698616817745409513e+00
2.382500000000000173e-01 1.059644898334883401e+00 4.698593125420242878e+00 1.059664789067015223e+00 4.698616817745409513e+00
2.387500000000000178e-01 1.059799662254032881e+00 4.698593167968026840e+00 1.059819535814134905e+00 4.698616817745409513e+00
2.392500000000000182e-01 1.059953771839907910e+00 4.698593211775823342e+00 1.059973627978195720e+00 4.698616817745409513e+00
2.397500000000000187e-01 1.060107222717536546e+00 4.698593258174010856e+00 1.060127061021556960e+00 4.698616817745409513e+00
2.402499999999999913e-01 1.060260010130618102e+00 4.698593305821783694e+00 1.060279830352420793e+00 4.698616817745409513e+00
2.407499999999999918e-01 1.060412129113678326e+00 4.698593352352150809e+00 1.060431931324175236e+00 4.698616817745409513e+00
2.412499999999999922e-01 1.060563574795599706e+00 4.698593396407141576e+00 1.060583359234734901e+00 4.698616817745409513e+00
2.417499999999999927e-01 1.060714342555420409e+00 4.698593439113635029e+00 1.060734109325880858e+00 4.698616817745409513e+00
2.422499999999999931e-01 1.060864427886837991e+00 4.698593482791629583e+00 1.060884176782603383e+00 4.698616817745409513e+00
2.427499999999999936e-01 1.061013826075576150e+00 4.698593528700532040e+00 1.061033556732441374e+00 4.698616817745409513e+00
2.432499999999999940e-01 1.061162532058965713e+00 4.698593575776818909e+00 1.061182244244823769e+00 4.698616817745409513e+00
2.437499999999999944e-01 1.061310540570021388e+00 4.698593621954136879e+00 1.061330234330409406e+00 4.698616817745409513e+00
2.442499999999999949e-01 1.061457846401542060e+00 4.698593665977096379e+00 1.061477521940428881e+00 4.698616817745409513e+00
2.447499999999999953e-01 1.061604444552354920e+00 4.698593708722086149e+00 1.061624101966023304e+00 4.698616817745409513e+00
2.452499999999999958e-01 1.061750330124227704e+00 4.698593752248186206e+00 1.061769969237585487e+00 4.698616817745409513e+00
2.457499999999999962e-01 1.061895498036293572e+00 4.698593797734115896e+00 1.061915118524099810e+00 4.698616817745409513e+00
2.462499999999999967e-01 1.062039942886631838e+00 4.698593844311620416e+00 1.062059544532482303e+00 4.698616817745409513e+00
2.467499999999999971e-01 1.062183659072355235e+00 4.698593890136747220e+00 1.062203241906921836e+00 4.698616817745409513e+00
2.472499999999999976e-01 1.062326641022249385e+00 4.698593934014439810e+00 1.062346205228217544e+00 4.698616817745409513e+00
2.477499999999999980e-01 1.062468883336576964e+00 4.698593976619165780e+00 1.062488429013122015e+00 4.698616817745409513e+00
2.482499999999999984e-01 1.062610380710819813e+00 4.698594019807561750e+00 1.062629907713679156e+00 4.698616817745409513e+00
2.487499999999999989e-01 1.062751127681561769e+00 4.698594064745199361e+00 1.062770635716565382e+00 4.698616817745409513e+00
2.492499999999999993e-01 1.062891118486918751e+00 4.698594110773720800e+00 1.062910607342429259e+00 4.698616817745409513e+00
2.497499999999999998e-01 1.063030347161356914e+00 4.698594156250413434e+00 1.063049816845231810e+00 4.698616817745409513e+00
2.502499999999999725e-01 1.063168807742662869e+00 4.698594200015908662e+00 1.063188258411587928e+00 4.698616817745409513e+00
2.507500000000000284e-01 1.063306494404865354e+00 4.698594242512914576e+00 1.063325926160106016e+00 4.698616817745409513e+00
2.512499999999999734e-01 1.063443401408222799e+00 4.698594285354958267e+00 1.063462814140729407e+00 4.698616817745409513e+00
2.517500000000000293e-01 1.063579522879973815e+00 4.698594329672297398e+00 1.063598916334077771e+00 4.698616817745409513e+00
2.522499999999999742e-01 1.063714852675851530e+00 4.698594375027398407e+00 1.063734226650787651e+00 4.698616817745409513e+00
2.527500000000000302e-01 1.063849384449388591e+00 4.698594420019317930e+00 1.063868738930856317e+00 4.698616817745409513e+00
2.532499999999999751e-01 1.063983111831748873e+00 4.698594463585574310e+00 1.064002446942982516e+00 4.698616817745409513e+00
2.537500000000000311e-01 1.064116028553647508e+00 4.698594505993033188e+00 1.064135344383909665e+00 4.698616817745409513e+00
2.542499999999999760e-01 1.064248128412601302e+00 4.698594548576922492e+00 1.064267424877770818e+00 4.698616817745409513e+00
2.547500000000000320e-01 1.064379405090745578e+00 4.698594592343962262e+00 1.064398681975430527e+00 4.698616817745409513e+00
2.552499999999999769e-01 1.064509852026968240e+00 4.698594636992966755e+00 1.064529109153832032e+00 4.698616817745409513e+00
2.557500000000000329e-01 1.064639462466897779e+00 4.698594681342633805e+00 1.064658699815341336e+00 4.698616817745409513e+00
2.562499999999999778e-01 1.064768229615765893e+00 4.698594724454419946e+00 1.064787447287094846e+00 4.698616817745409513e+00
2.567500000000000338e-01 1.064896146749688910e+00 4.698594766521480004e+00 1.064915344820346332e+00 4.698616817745409513e+00
2.572499999999999787e-01 1.065023207193036781e+00 4.698594808696731739e+00 1.065042385589815233e+00 4.698616817745409513e+00
2.577500000000000346e-01 1.065149404163183267e+00 4.698594851897441416e+00 1.065168562693037835e+00 4.698616817745409513e+00
2.582499999999999796e-01 1.065274730653316571e+00 4.698594895913323910e+00 1.065293869149716244e+00 4.698616817745409513e+00
2.587500000000000355e-01 1.065399179469408875e+00 4.698594939722811503e+00 1.065418297901072897e+00 4.698616817745409513e+00
2.592499999999999805e-01 1.065522743362985914e+00 4.698594982477036552e+00 1.065541841809202195e+00 4.698616817745409513e+00
2.597500000000000364e-01 1.065645415131900808e+00 4.698595024294592193e+00 1.065664493656427458e+00 4.698616817745409513e+00
2.602499999999999813e-01 1.065767187605143551e+00 4.698595066154523714e+00 1.065786246144656779e+00 4.698616817745409513e+00
2.607500000000000373e-01 1.065888053510533062e+00 4.698595108874210169e+00 1.065907091894743308e+00 4.698616817745409513e+00
2.612499999999999822e-01 1.066008005367776512e+00 4.698595152299347433e+00 1.066027023445843991e+00 4.698616817745409513e+00
2.617500000000000382e-01 1.066127035514436106e+00 4.698595195527493829e+00 1.066146033254783854e+00 4.698616817745409513e+00
2.622499999999999831e-01 1.066245136220941747e+00 4.698595237765383459e+00 1.066264113695419846e+00 4.698616817745409513e+00
2.627500000000000391e-01 1.066362299785036161e+00 4.698595279068218389e+00 1.066381257058008902e+00 4.698616817745409513e+00
2.632499999999999840e-01 1.066478518526160268e+00 4.698595320309655321e+00 1.066497455548576889e+00 4.698616817745409513e+00
2.637500000000000400e-01 1.066593784670991418e+00 4.698595362294990530e+00 1.066612701288290888e+00 4.698616817745409513e+00
2.642499999999999849e-01 1.066708090251210495e+00 4.698595404988530788e+00 1.066726986312834580e+00 4.698616817745409513e+00
2.647500000000000409e-01 1.066821427117035759e+00 4.698595447636271238e+00 1.066840302571786525e+00 4.698616817745409513e+00
2.652499999999999858e-01 1.066933787036287606e+00 4.698595489511909307e+00 1.066952641927998435e+00 4.698616817745409513e+00
2.657500000000000417e-01 1.067045161779430096e+00 4.698595530572786672e+00 1.067063996156982997e+00 4.698616817745409513e+00
2.662499999999999867e-01 1.067155543120607009e+00 4.698595571485091327e+00 1.067174356946299252e+00 4.698616817745409513e+00
2.667500000000000426e-01 1.067264922746789413e+00 4.698595612919579168e+00 1.067283715894942864e+00 4.698616817745409513e+00
2.672499999999999876e-01 1.067373292169066179e+00 4.698595654882225858e+00 1.067392064512743932e+00 4.698616817745409513e+00
2.677500000000000435e-01 1.067480642727137052e+00 4.698595696761877605e+00 1.067499394219762809e+00 4.698616817745409513e+00
2.682499999999999885e-01 1.067586965670015431e+00 4.698595737941298367e+00 1.067605696345694133e+00 4.698616817745409513e+00
2.687500000000000444e-01 1.067692252231486005e+00 4.698595778378785504e+00 1.067710962129274632e+00 4.698616817745409513e+00
2.692499999999999893e-01 1.067796493634518118e+00 4.698595818656119860e+00 1.067815182717693823e+00 4.698616817745409513e+00
2.697500000000000453e-01 1.067899681014780278e+00 4.698595859387364904e+00 1.067918349166011582e+00 4.698616817745409513e+00
2.702499999999999902e-01 1.068001805341838750e+00 4.698595900623860011e+00 1.068020452436579060e+00 4.698616817745409513e+00
2.707500000000000462e-01 1.068102857418965712e+00 4.698595941863711545e+00 1.068121483398465577e+00 4.698616817745409513e+00
2.712499999999999911e-01 1.068202827951447276e+00 4.698595982571884377e+00 1.068221432826889972e+00 4.698616817745409513e+00
2.717500000000000471e-01 1.068301707612232310e+00 4.698596022684597528e+00 1.068320291402660382e+00 4.698616817745409513e+00
2.722499999999999920e-01 1.068399487046657548e+00 4.698596062657294681e+00 1.068418049711614914e+00 4.698616817745409513e+00
2.727500000000000480e-01 1.068496156809092712e+00 4.698596102976836164e+00 1.068514698244074301e+00 4.698616817745409513e+00
2.732499999999999929e-01 1.068591707296133730e+00 4.698596143656870616e+00 1.068610227394296563e+00 4.698616817745409513e+00
2.737500000000000488e-01 1.068686128744950281e+00 4.698596184235472428e+00 1.068704627459939438e+00 4.698616817745409513e+00
2.742499999999999938e-01 1.068779411291736814e+00 4.698596224220397133e+00 1.068797888641532579e+00 4.698616817745409513e+00
2.747500000000000497e-01 1.068871545032455517e+00 4.698596263555460339e+00 1.068890001041950866e+00 4.698616817745409513e+00
2.752499999999999947e-01 1.068962520031257801e+00 4.698596302693359483e+00 1.068980954665901706e+00 4.698616817745409513e+00
2.757500000000000506e-01 1.069052326263530528e+00 4.698596342158153583e+00 1.069070739419417215e+00 4.698616817745409513e+00
2.762499999999999956e-01 1.069140953549876372e+00 4.698596382051430709e+00 1.069159345109351955e+00 4.698616817745409513e+00
2.767500000000000515e-01 1.069228391548337598e+00 4.698596422002362161e+00 1.069246761442893989e+00 4.698616817745409513e+00
2.772499999999999964e-01 1.069314629805654393e+00 4.698596461552087433e+00 1.069332978027081271e+00 4.698616817745409513e+00
2.777500000000000524e-01 1.069399657813293381e+00 4.698596500572703505e+00 1.069417984368328023e+00 4.698616817745409513e+00
2.782499999999999973e-01 1.069483465017455837e+00 4.698596539362223545e+00 1.069501769871960217e+00 4.698616817745409513e+00
2.787500000000000533e-01 1.069566040773101356e+00 4.698596578314955252e+00 1.069584323841760387e+00 4.698616817745409513e+00
2.792499999999999982e-01 1.069647374289664832e+00 4.698596617513631557e+00 1.069665635479523313e+00 4.698616817745409513e+00
2.797500000000000542e-01 1.069727454626775653e+00 4.698596656665005256e+00 1.069745693884621707e+00 4.698616817745409513e+00
2.802499999999999991e-01 1.069806270738834719e+00 4.698596695403606915e+00 1.069824488053580547e+00 4.698616817745409513e+00
2.807500000000000551e-01 1.069883811516425087e+00 4.698596733644141210e+00 1.069902006879666967e+00 4.698616817745409513e+00
2.812500000000000000e-01 1.069960065782735725e+00 4.698596771660371374e+00 1.069978239152485910e+00 4.698616817745409513e+00
2.817500000000000560e-01 1.070035022253524870e+00 4.698596809807742858e+00 1.070053173557591997e+00 4.698616817745409513e+00
2.822500000000000009e-01 1.070108669512477073e+00 4.698596848190643271e+00 1.070126798676111601e+00 4.698616817745409513e+00
2.827500000000000568e-01 1.070180996029926668e+00 4.698596886617171009e+00 1.070199102984376927e+00 4.698616817745409513e+00
2.832500000000000018e-01 1.070251990184253765e+00 4.698596924831791810e+00 1.070270074853574949e+00 4.698616817745409513e+00
2.837500000000000577e-01 1.070321640239249694e+00 4.698596962747886963e+00 1.070339702549407246e+00 4.698616817745409513e+00
2.842500000000000027e-01 1.070389934307022894e+00 4.698597000474064700e+00 1.070407974231765591e+00 4.698616817745409513e+00
2.847500000000000586e-01 1.070456860376150399e+00 4.698597038157711125e+00 1.070474877954420201e+00 4.698616817745409513e+00
2.852500000000000036e-01 1.070522406417228289e+00 4.698597075861592032e+00 1.070540401664723529e+00 4.698616817745409513e+00
2.857500000000000595e-01 1.070586560437795764e+00 4.698597113578493634e+00 1.070604533203328268e+00 4.698616817745409513e+00
2.862500000000000044e-01 1.070649310339157889e+00 4.698597151249197523e+00 1.070667260303922452e+00 4.698616817745409513e+00
2.867500000000000604e-01 1.070710643648586036e+00 4.698597188696719940e+00 1.070728570592977436e+00 4.698616817745409513e+00
2.872500000000000053e-01 1.070770547445594856e+00 4.698597225616493844e+00 1.070788451589514745e+00 4.698616817745409513e+00
2.877500000000000613e-01 1.070829008730779019e+00 4.698597261816801485e+00 1.070846890704889143e+00 4.698616817745409513e+00
2.882500000000000062e-01 1.070886015044005379e+00 4.698597297679828699e+00 1.070903875242588121e+00 4.698616817745409513e+00
2.887499999999999512e-01 1.070941554650835403e+00 4.698597334300022688e+00 1.070959392398050269e+00 4.698616817745409513e+00
2.892500000000000071e-01 1.070995615761792141e+00 4.698597372724442778e+00 1.071013429258501404e+00 4.698616817745409513e+00
2.897499999999999520e-01 1.071048185233680172e+00 4.698597412698736875e+00 1.071065972802808686e+00 4.698616817745409513e+00
2.902500000000000080e-01 1.071099247990859205e+00 4.698597452090863769e+00 1.071117009901354944e+00 4.698616817745409513e+00
2.907499999999999529e-01 1.071148788137829655e+00 4.698597488020872071e+00 1.071166527315932981e+00 4.698616817745409513e+00
2.912500000000000089e-01 1.071196792016348320e+00 4.698597520237301595e+00 1.071214511699658312e+00 4.698616817745409513e+00
2.917499999999999538e-01 1.071243251505535676e+00 4.698597554711776425e+00 1.071260949596905654e+00 4.698616817745409513e+00
2.922500000000000098e-01 1.071288164841793566e+00 4.698597604750117895e+00 1.071305827443263636e+00 4.698616817745409513e+00
2.927499999999999547e-01 1.071331539444999148e+00 4.698597694419266446e+00 1.071349131565513035e+00 4.698616817745409513e+00
2.932500000000000107e-01 1.071373402221521332e+00 4.698597870275464494e+00 1.071390848181627442e+00 4.698616817745409513e+00
2.937499999999999556e-01 1.071413821525607935e+00 4.698598226396939914e+00 1.071430963400796577e+00 4.698616817745409513e+00
2.942500000000000115e-01 1.071452956744557206e+00 4.698598960765051125e+00 1.071469463223472030e+00 4.698616817745409513e+00
2.947499999999999565e-01 1.071491176179490967e+00 4.698600511118621093e+00 1.071506333541440981e+00 4.698616817745409513e+00
2.952500000000000124e-01 1.071528882628201007e+00 4.698603348809612612e+00 1.071541560137917681e+00 4.698616817745409513e+00
2.957499999999999574e-01 1.071565800196272900e+00 4.698607183038452817e+00 1.071575128687667799e+00 4.698616817745409513e+00
2.962500000000000133e-01 1.071601246810327535e+00 4.698611244778621909e+00 1.071607024757154081e+00 4.698616817745409513e+00
2.967499999999999583e-01 1.071634512960381924e+00 4.698614719348668700e+00 1.071637233804707767e+00 4.698616817745409513e+00
2.972500000000000142e-01 1.071665056364158986e+00 4.698617085775410374e+00 1.071665741180731546e+00 4.698616817745409513e+00
2.977499999999999591e-01 1.071692811056887962e+00 4.698618179371873538e+00 1.071692532127925590e+00 4.698616817745409513e+00
2.982500000000000151e-01 1.071718280472283791e+00 4.698618607838657368e+00 1.071717591781544465e+00 4.698616817745409513e+00
2.987499999999999600e-01 1.071741777051123279e+00 4.698618817084126320e+00 1.071740905169682456e+00 4.698616817745409513e+00
2.992500000000000160e-01 1.071763413546921617e+00 4.698618938160478820e+00 1.071762457213586872e+00 4.698616817745409513e+00
2.997499999999999609e-01 1.071783226944991174e+00 4.698618992608529332e+00 1.071782232728004214e+00 4.698616817745409513e+00
3.002500000000000169e-01 1.071801224503091454e+00 4.698618999001093144e+00 1.071800216421556096e+00 4.698616817745409513e+00
3.007499999999999618e-01 1.071817402726718882e+00 4.698618987856681528e+00 1.071816392897144699e+00 4.698616817745409513e+00
3.012500000000000178e-01 1.071831752735600718e+00 4.698618974749397381e+00 1.071830746652394639e+00 4.698616817745409513e+00
3.017499999999999627e-01 1.071844263898193983e+00 4.698618975324920122e+00 1.071843262080123260e+00 4.698616817745409513e+00
3.022500000000000187e-01 1.071854921739603839e+00 4.698618982124253662e+00 1.071853923468846448e+00 4.698616817745409513e+00
3.027499999999999636e-01 1.071863709474151438e+00 4.698618981895545055e+00 1.071862715003319977e+00 4.698616817745409513e+00
3.032500000000000195e-01 1.071870611087349268e+00 4.698618970268814365e+00 1.071869620765112829e+00 4.698616817745409513e+00
3.037499999999999645e-01 1.071875611946169204e+00 4.698618958168378157e+00 1.071874624733218040e+00 4.698616817745409513e+00
3.042500000000000204e-01 1.071878696900951944e+00 4.698618955648015572e+00 1.071877710784699067e+00 4.698616817745409513e+00
3.047499999999999654e-01 1.071879849229416148e+00 4.698618961392554638e+00 1.071878862695374357e+00 4.698616817745409513e+00
3.052500000000000213e-01 1.071879051096880087e+00 4.698618967231033672e+00 1.071878064140536546e+00 4.698616817745409513e+00
3.057499999999999662e-01 1.071876285151129204e+00 4.698618966257435581e+00 1.071875298695714074e+00 4.698616817745409513e+00
3.062500000000000222e-01 1.071871535006916787e+00 4.698618960005092049e+00 1.071870549837468545e+00 4.698616817745409513e+00
3.067499999999999671e-01 1.071864785005996801e+00 4.698618954521604607e+00 1.071863800944232503e+00 4.698616817745409513e+00
3.072500000000000231e-01 1.071856018989641779e+00 4.698618954511031731e+00 1.071855035297191172e+00 4.698616817745409513e+00
3.077499999999999680e-01 1.071845219933914128e+00 4.698618958083329744e+00 1.071844236081199053e+00 4.698616817745409513e+00
3.082500000000000240e-01 1.071832370220390906e+00 4.698618960687261037e+00 1.071831386385744711e+00 4.698616817745409513e+00
3.087499999999999689e-01 1.071817452455208430e+00 4.698618959024767783e+00 1.071816469205953748e+00 4.698616817745409513e+00
3.092500000000000249e-01 1.071800449728698368e+00 4.698618954837524342e+00 1.071799467443638409e+00 4.698616817745409513e+00
3.097499999999999698e-01 1.071781345382381900e+00 4.698618951649841335e+00 1.071780363908389155e+00 4.698616817745409513e+00
3.102500000000000258e-01 1.071760122419625816e+00 4.698618951888214212e+00 1.071759141318711972e+00 4.698616817745409513e+00
3.107499999999999707e-01 1.071736763305392026e+00 4.698618954065882036e+00 1.071735782303211870e+00 4.698616817745409513e+00
3.112500000000000266e-01 1.071711250155802819e+00 4.698618955265489561e+00 1.071710269401820792e+00 4.698616817745409513e+00
3.117499999999999716e-01 1.071683565205053590e+00 4.698618953615692817e+00 1.071682585067075699e+00 4.698616817745409513e+00
3.122500000000000275e-01 1.071653690972386386e+00 4.698618950454261700e+00 1.071652711665441515e+00 4.698616817745409513e+00
3.127499999999999725e-01 1.071621610085934817e+00 4.698618948214354774e+00 1.071620631478683805e+00 4.698616817745409513e+00
3.132500000000000284e-01 1.071587304915590622e+00 4.698618948373703752e+00 1.071586326705292302e+00 4.698616817745409513e+00
3.137499999999999734e-01 1.071550757441975588e+00 4.698618949780792420e+00 1.071549779461950624e+00 4.698616817745409513e+00
3.142500000000000293e-01 1.071511949410790088e+00 4.698618950353128376e+00 1.071510971785061717e+00 4.698616817745409513e+00
3.147499999999999742e-01 1.071470862641214161e+00 4.698618948903286352e+00 1.071469885632321262e+00 4.698616817745409513e+00
3.152500000000000302e-01 1.071427479138559846e+00 4.698618946452303824e+00 1.071426502884343046e+00 4.698616817745409513e+00
3.157499999999999751e-01 1.071381780956684349e+00 4.698618944797678054e+00 1.071380805346340948e+00 4.698616817745409513e+00
3.162500000000000311e-01 1.071333749942754654e+00 4.698618944914944251e+00 1.071332774749860661e+00 4.698616817745409513e+00
3.167499999999999760e-01 1.071283367643780515e+00 4.698618945892556908e+00 1.071282392754568935e+00 4.698616817745409513e+00
3.172500000000000320e-01 1.071230615432538613e+00 4.698618946141406738e+00 1.071229640950094542e+00 4.698616817745409513e+00
3.177499999999999769e-01 1.071175474731922428e+00 4.698618944834379363e+00 1.071174500857928980e+00 4.698616817745409513e+00
3.182500000000000329e-01 1.071117927100289746e+00 4.698618942791151554e+00 1.071116953933381355e+00 4.698616817745409513e+00
3.187499999999999778e-01 1.071057954120507860e+00 4.698618941422926021e+00 1.071056981567590105e+00 4.698616817745409513e+00
3.192500000000000338e-01 1.070995537208119686e+00 4.698618941445201536e+00 1.070994565089595119e+00 4.698616817745409513e+00
3.197499999999999787e-01 1.070930657540769326e+00 4.698618942139192178e+00 1.070929685768466033e+00 4.698616817745409513e+00
3.202500000000000346e-01 1.070863296160925904e+00 4.698618942257332343e+00 1.070862324815491151e+00 4.698616817745409513e+00
3.207499999999999796e-01 1.070793434149687862e+00 4.698618941196308185e+00 1.070792463386425419e+00 4.698616817745409513e+00
3.212500000000000355e-01 1.070721052692246822e+00 4.698618939605514910e+00 1.070720082583801247e+00 4.698616817745409513e+00
3.217499999999999805e-01 1.070646132988580801e+00 4.698618938592014516e+00 1.070645163459297722e+00 4.698616817745409513e+00
3.222500000000000364e-01 1.070568656104269767e+00 4.698618938657422639e+00 1.070567687016174219e+00 4.698616817745409513e+00
3.227499999999999813e-01 1.070488602917945897e+00 4.698618939188270893e+00 1.070487634211763739e+00 4.698616817745409513e+00
3.232500000000000373e-01 1.070405954209170396e+00 4.698618939177016784e+00 1.070404985960034416e+00 4.698616817745409513e+00
3.237499999999999822e-01 1.070320690796339846e+00 4.698618938183508398e+00 1.070319723134207868e+00 4.698616817745409513e+00
3.242500000000000382e-01 1.070232793587914566e+00 4.698618936776195021e+00 1.070231826569449485e+00 4.698616817745409513e+00
3.247499999999999831e-01 1.070142243506344126e+00 4.698618935874890212e+00 1.070141277065617791e+00 4.698616817745409513e+00
3.252500000000000391e-01 1.070049021368811637e+00 4.698618935874971925e+00 1.070048055390082409e+00 4.698616817745409513e+00
3.257499999999999840e-01 1.069953107847406049e+00 4.698618936267286550e+00 1.069952142280607310e+00 4.698616817745409513e+00
3.262500000000000400e-01 1.069854483543917212e+00 4.698618936227759946e+00 1.069853518448300456e+00 4.698616817745409513e+00
3.267499999999999849e-01 1.069753129102924305e+00 4.698618935416904563e+00 1.069752164580632048e+00 4.698616817745409513e+00
3.272500000000000409e-01 1.069649025252251917e+00 4.698618934304155559e+00 1.069648061344517398e+00 4.698616817745409513e+00
3.277499999999999858e-01 1.069542152739909158e+00 4.698618933633437855e+00 1.069541189389473068e+00 4.698616817745409513e+00
3.282500000000000417e-01 1.069432492237738952e+00 4.698618933691366628e+00 1.069431529350834964e+00 4.698616817745409513e+00
3.287499999999999867e-01 1.069320024312212070e+00 4.698618934031580707e+00 1.069319061853051478e+00 4.698616817745409513e+00
3.292500000000000426e-01 1.069204729489797945e+00 4.698618933969267886e+00 1.069203767513043024e+00 4.698616817745409513e+00
3.297499999999999876e-01 1.069086588350498079e+00 4.698618933246692997e+00 1.069085626943631739e+00 4.698616817745409513e+00
3.302500000000000435e-01 1.068965581560252343e+00 4.698618932276782623e+00 1.068964620757042017e+00 4.698616817745409513e+00
3.307499999999999885e-01 1.068841689817415563e+00 4.698618931689509282e+00 1.068840729568472758e+00 4.698616817745409513e+00
3.312500000000000444e-01 1.068714893774276309e+00 4.698618931722670311e+00 1.068713933999737797e+00 4.698616817745409513e+00
3.317499999999999893e-01 1.068585174015264982e+00 4.698618932009578586e+00 1.068584214682979816e+00 4.698616817745409513e+00
3.322500000000000453e-01 1.068452511113132442e+00 4.698618931992243120e+00 1.068451552264455540e+00 4.698616817745409513e+00
3.327499999999999902e-01 1.068316885706895869e+00 4.698618931474203286e+00 1.068315927408392207e+00 4.698616817745409513e+00
3.332500000000000462e-01 1.068178278527323943e+00 4.698618930797483273e+00 1.068177320800915986e+00 4.698616817745409513e+00
3.337499999999999911e-01 1.068036670352092932e+00 4.698618930461357479e+00 1.068035713154052768e+00 4.698616817745409513e+00
3.342500000000000471e-01 1.067892041942638759e+00 4.698618930616436984e+00 1.067891085209804025e+00 4.698616817745409513e+00
3.347499999999999920e-01 1.067744374030549004e+00 4.698618930921815817e+00 1.067743417744289047e+00 4.698616817745409513e+00
3.352500000000000480e-01 1.067593647368455745e+00 4.698618930906809155e+00 1.067592691571966013e+00 4.698616817745409513e+00
3.357499999999999929e-01 1.067439842795602889e+00 4.698618930432637342e+00 1.067438887549923221e+00 4.698616817745409513e+00
3.362500000000000488e-01 1.067282941257697848e+00 4.698618929818033862e+00 1.067281986582242714e+00 4.698616817745409513e+00
3.367499999999999938e-01 1.067122923767753750e+00 4.698618929500639751e+00 1.067121969624438060e+00 4.698616817745409513e+00
3.372500000000000497e-01 1.066959771354174080e+00 4.698618929611564354e+00 1.066958817687963412e+00 4.698616817745409513e+00
3.377499999999999947e-01 1.066793465051924406e+00 4.698618929867427241e+00 1.066792511844796287e+00 4.698616817745409513e+00
3.382500000000000506e-01 1.066623985947543485e+00 4.698618929882337980e+00 1.066623033232094064e+00 4.698616817745409513e+00
3.387499999999999956e-01 1.066451315235052766e+00 4.698618929555232526e+00 1.066450363056919315e+00 4.698616817745409513e+00
3.392500000000000515e-01 1.066275434231891639e+00 4.698618929158833168e+00 1.066274482601041740e+00 4.698616817745409513e+00
3.397499999999999964e-01 1.066096324345914503e+00 4.698618929047864157e+00 1.066095373225810716e+00 4.698616817745409513e+00
3.402500000000000524e-01 1.065913967033390808e+00 4.698618929302443625e+00 1.065913016377097566e+00 4.698616817745409513e+00
3.407499999999999973e-01 1.065728343794783983e+00 4.698618929655300924e+00 1.065727393590312433e+00 4.698616817745409513e+00
3.412500000000000533e-01 1.065539436215683589e+00 4.698618929767190977e+00 1.065538486495491100e+00 4.698616817745409513e+00
3.417499999999999982e-01 1.065347226015156190e+00 4.698618929554801760e+00 1.065346276822452865e+00 4.698616817745409513e+00
3.422500000000000542e-01 1.065151695059382675e+00 4.698618929257912136e+00 1.065150746406029025e+00 4.698616817745409513e+00
3.427499999999999991e-01 1.064952825334019249e+00 4.698618929185653492e+00 1.064951877191360863e+00 4.698616817745409513e+00
3.432500000000000551e-01 1.064750598910000345e+00 4.698618929415845358e+00 1.064749651239267347e+00 4.698616817745409513e+00
3.437500000000000000e-01 1.064544997941868409e+00 4.698618929738868744e+00 1.064544050731682345e+00 4.698616817745409513e+00
3.442500000000000560e-01 1.064336004703696936e+00 4.698618929891264173e+00 1.064335057977159993e+00 4.698616817745409513e+00
3.447500000000000009e-01 1.064123601630249549e+00 4.698618929826685608e+00 1.064122655416447349e+00 4.698616817745409513e+00
3.452500000000000568e-01 1.063907771327779805e+00 4.698618929756589679e+00 1.063906825628124109e+00 4.698616817745409513e+00
3.457500000000000018e-01 1.063688496550632356e+00 4.698618929927282473e+00 1.063687551334308479e+00 4.698616817745409513e+00
3.462500000000000577e-01 1.063465760174024499e+00 4.698618930367796764e+00 1.063464815406429897e+00 4.698616817745409513e+00
3.467500000000000027e-01 1.063239545195891811e+00 4.698618930859118414e+00 1.063238600871065254e+00 4.698616817745409513e+00
3.472500000000000586e-01 1.063009834770737294e+00 4.698618931147908739e+00 1.063008890915837057e+00 4.698616817745409513e+00
3.477500000000000036e-01 1.062776612246738361e+00 4.698618931184150860e+00 1.062775668895379777e+00 4.698616817745409513e+00
3.482500000000000595e-01 1.062539861176157618e+00 4.698618931155928102e+00 1.062538918337361249e+00 4.698616817745409513e+00
3.487500000000000044e-01 1.062299565295925730e+00 4.698618931293530920e+00 1.062298622948570248e+00 4.698616817745409513e+00
3.492500000000000604e-01 1.062055708504902496e+00 4.698618931649200192e+00 1.062054766621060686e+00 4.698616817745409513e+00
3.497500000000000053e-01 1.061808274866016699e+00 4.698618932065277143e+00 1.061807333438355760e+00 4.698616817745409513e+00
3.502500000000000613e-01 1.061557248635755624e+00 4.698618932352125910e+00 1.061556307681709388e+00 4.698616817745409513e+00
3.507500000000000062e-01 1.061302614296522950e+00 4.698618932487249822e+00 1.061301673836421600e+00 4.698616817745409513e+00
3.512500000000000622e-01 1.061044356565989499e+00 4.698618932638439105e+00 1.061043416598212108e+00 4.698616817745409513e+00
3.517500000000000071e-01 1.060782460381276993e+00 4.698618932993581687e+00 1.060781520879644946e+00 4.698616817745409513e+00
3.522499999999999520e-01 1.060516910880856756e+00 4.698618933572501710e+00 1.060515971816604175e+00 4.698616817745409513e+00
3.527500000000000080e-01 1.060247693408379766e+00 4.698618934206105102e+00 1.060246754774823552e+00 4.698616817745409513e+00
3.532499999999999529e-01 1.059974793540335858e+00 4.698618934697785576e+00 1.059973855356460826e+00 4.698616817745409513e+00
3.537500000000000089e-01 1.059698197116202500e+00 4.698618935003219477e+00 1.059697259406721992e+00 4.698616817745409513e+00
3.542499999999999538e-01 1.059417890248717242e+00 4.698618935258678242e+00 1.059416953020532182e+00 4.698616817745409513e+00
3.547500000000000098e-01 1.059133859311864656e+00 4.698618935637238536e+00 1.059132922549245182e+00 4.698616817745409513e+00
3.552499999999999547e-01 1.058846090925947392e+00 4.698618936183075689e+00 1.058845154607402472e+00 4.698616817745409513e+00
3.557500000000000107e-01 1.058554571960878654e+00 4.698618936784184186e+00 1.058553636079526683e+00 4.698616817745409513e+00
3.562499999999999556e-01 1.058259289559873251e+00 4.698618937301608511e+00 1.058258354126954792e+00 4.698616817745409513e+00
3.567500000000000115e-01 1.057960231165761211e+00 4.698618937718233468e+00 1.057959296194711518e+00 4.698616817745409513e+00
3.572499999999999565e-01 1.057657384530480194e+00 4.698618938158976022e+00 1.057656450018411132e+00 4.698616817745409513e+00
3.577500000000000124e-01 1.057350737705701427e+00 4.698618938765676489e+00 1.057349803631196572e+00 4.698616817745409513e+00
3.582499999999999574e-01 1.057040279031107755e+00 4.698618939553975693e+00 1.057039345370706318e+00 4.698616817745409513e+00
3.587500000000000133e-01 1.056725997138753703e+00 4.698618940392931265e+00 1.056725063886070126e+00 4.698616817745409513e+00
3.592499999999999583e-01 1.056407880975613223e+00 4.698618941124004245e+00 1.056406948144930746e+00 4.698616817745409513e+00
3.597500000000000142e-01 1.056085919828938735e+00 4.698618941701191432e+00 1.056084987440488732e+00 4.698616817745409513e+00
3.602499999999999591e-01 1.055760103337262557e+00 4.698618942221755468e+00 1.055759171398569674e+00 4.698616817745409513e+00
3.607500000000000151e-01 1.055430421484175429e+00 4.698618942823906686e+00 1.055429489984707425e+00 4.698616817745409513e+00
3.612499999999999600e-01 1.055096864588517036e+00 4.698618943557399064e+00 1.055095933511248640e+00 4.698616817745409513e+00
3.617500000000000160e-01 1.054759423307252586e+00 4.698618944350723581e+00 1.054758492644465084e+00 4.698616817745409513e+00
3.622499999999999609e-01 1.054418088653983121e+00 4.698618945098496980e+00 1.054417158411683486e+00 4.698616817745409513e+00
3.627500000000000169e-01 1.054072852020913498e+00 4.698618945775046463e+00 1.054071922208417833e+00 4.698616817745409513e+00
3.632499999999999618e-01 1.053723705189466120e+00 4.698618946461339263e+00 1.053722775805513878e+00 4.698616817745409513e+00
3.637500000000000178e-01 1.053370640326685148e+00 4.698618947262538370e+00 1.053369711356291649e+00 4.698616817745409513e+00
3.642499999999999627e-01 1.053013649978549404e+00 4.698618948201866985e+00 1.053012721403691954e+00 4.698616817745409513e+00
3.647500000000000187e-01 1.052652727073933425e+00 4.698618949196092132e+00 1.052651798887418888e+00 4.698616817745409513e+00
3.652499999999999636e-01 1.052287864942016427e+00 4.698618950134283878e+00 1.052286937151078350e+00 4.698616817745409513e+00
3.657500000000000195e-01 1.051919057332787233e+00 4.698618950980469222e+00 1.051918129949306779e+00 4.698616817745409513e+00
3.662499999999999645e-01 1.051546298427850967e+00 4.698618951802178145e+00 1.051545371454890354e+00 4.698616817745409513e+00
3.667500000000000204e-01 1.051169582838466177e+00 4.698618952700723383e+00 1.051168656265870638e+00 4.698616817745409513e+00
3.672499999999999654e-01 1.050788905600019474e+00 4.698618953714420066e+00 1.050787979412629802e+00 4.698616817745409513e+00
3.677500000000000213e-01 1.050404262175078207e+00 4.698618954787642465e+00 1.050403336364960305e+00 4.698616817745409513e+00
3.682499999999999662e-01 1.050015648468248575e+00 4.698618955830792032e+00 1.050014723039107922e+00 4.698616817745409513e+00
3.687500000000000222e-01 1.049623060844622646e+00 4.698618956808065406e+00 1.049622135804787915e+00 4.698616817745409513e+00
3.692499999999999671e-01 1.049226496140745590e+00 4.698618957768192494e+00 1.049225571492174769e+00 4.698616817745409513e+00
3.697500000000000231e-01 1.048825951664796197e+00 4.698618958792363465e+00 1.048825027398855081e+00 4.698616817745409513e+00
3.702499999999999680e-01 1.048421425193142298e+00 4.698618959914663940e+00 1.048420501296747132e+00 4.698616817745409513e+00
3.707500000000000240e-01 1.048012914973482035e+00 4.698618961093205648e+00 1.048011991438978274e+00 4.698616817745409513e+00
3.712499999999999689e-01 1.047600419737718003e+00 4.698618962256531084e+00 1.047599496566721688e+00 4.698616817745409513e+00
3.717500000000000249e-01 1.047183938718140084e+00 4.698618963375773561e+00 1.047183015915984949e+00 4.698616817745409513e+00
3.722499999999999698e-01 1.046763471657628841e+00 4.698618964491451777e+00 1.046762549224349526e+00 4.698616817745409513e+00
3.727500000000000258e-01 1.046339018810843013e+00 4.698618965671203185e+00 1.046338096737656542e+00 4.698616817745409513e+00
3.732499999999999707e-01 1.045910580942140289e+00 4.698618966942775366e+00 1.045909659216637033e+00 4.698616817745409513e+00
3.737500000000000266e-01 1.045478159328804058e+00 4.698618968268208462e+00 1.045477237943480908e+00 4.698616817745409513e+00
3.742499999999999716e-01 1.045041755772489811e+00 4.698618969581882965e+00 1.045040834728341972e+00 4.698616817745409513e+00
3.747500000000000275e-01 1.044601372613717771e+00 4.698618970852488808e+00 1.044600451915776107e+00 4.698616817745409513e+00
3.752499999999999725e-01 1.044157012741574242e+00 4.698618972108705272e+00 1.044156092391108848e+00 4.698616817745409513e+00
3.757500000000000284e-01 1.043708679595743760e+00 4.698618973406502697e+00 1.043707759586728789e+00 4.698616817745409513e+00
3.762499999999999734e-01 1.043256377165499460e+00 4.698618974773427936e+00 1.043255457488302174e+00 4.698616817745409513e+00
3.767500000000000293e-01 1.042800109992811253e+00 4.698618976185340301e+00 1.042799190640905982e+00 4.698616817745409513e+00
3.772499999999999742e-01 1.042339883182270110e+00 4.698618977596223267e+00 1.042338964155077319e+00 4.698616817745409513e+00
3.777500000000000302e-01 1.041875702413614935e+00 4.698618978988703176e+00 1.041874783712772423e+00 4.698616817745409513e+00
3.782499999999999751e-01 1.041407573950203558e+00 4.698618980394250855e+00 1.041406655573233975e+00 4.698616817745409513e+00
3.787500000000000311e-01 1.040935504640944753e+00 4.698618981863553756e+00 1.040934586578763366e+00 4.698616817745409513e+00
3.792499999999999760e-01 1.040459501919522634e+00 4.698618983416848138e+00 1.040458584160392164e+00 4.698616817745409513e+00
3.797500000000000320e-01 1.039979573807202629e+00 4.698618985022561922e+00 1.039978656343450325e+00 4.698616817745409513e+00
3.802499999999999769e-01 1.039495728921723261e+00 4.698618986623747773e+00 1.039494811753030712e+00 4.698616817745409513e+00
3.807500000000000329e-01 1.039007976488847351e+00 4.698618988185822687e+00 1.039007059619338147e+00 4.698616817745409513e+00
3.812499999999999778e-01 1.038516326350759744e+00 4.698618989721028427e+00 1.038515409782931664e+00 4.698616817745409513e+00
3.817500000000000338e-01 1.038020788968760488e+00 4.698618991269719380e+00 1.038019872699841972e+00 4.698616817745409513e+00
3.822499999999999787e-01 1.037521375423086978e+00 4.698618992860443377e+00 1.037520459446573451e+00 4.698616817745409513e+00
3.827500000000000346e-01 1.037018097415082885e+00 4.698618994489008216e+00 1.037017181724980919e+00 4.698616817745409513e+00
3.832499999999999796e-01 1.036510967274046013e+00 4.698618996134614534e+00 1.036510051867016502e+00 4.698616817745409513e+00
3.837500000000000355e-01 1.035999997966138508e+00 4.698618997793058583e+00 1.035999082839348384e+00 4.698616817745409513e+00
3.842499999999999805e-01 1.035485203100677598e+00 4.698618999490713044e+00 1.035484288247842333e+00 4.698616817745409513e+00
3.847500000000000364e-01 1.034966596931761185e+00 4.698619001263529604e+00 1.034965682341906223e+00 4.698616817745409513e+00
3.852499999999999813e-01 1.034444194357815761e+00 4.698619003121070392e+00 1.034443280018695122e+00 4.698616817745409513e+00
3.857500000000000373e-01 1.033918010923654318e+00 4.698619005031034135e+00 1.033917096827169591e+00 4.698616817745409513e+00
3.862499999999999822e-01 1.033388062827114595e+00 4.698619006940257137e+00 1.033387148972005454e+00 4.698616817745409513e+00
3.867500000000000382e-01 1.032854366927845602e+00 4.698619008813572862e+00 1.032853453317356340e+00 4.698616817745409513e+00
3.872499999999999831e-01 1.032316940753806644e+00 4.698619010656205575e+00 1.032316027390458357e+00 4.698616817745409513e+00
3.877500000000000391e-01 1.031775802503159145e+00 4.698619012501744407e+00 1.031774889385079108e+00 4.698616817745409513e+00
3.882499999999999840e-01 1.031230971043381572e+00 4.698619014379953107e+00 1.031230058164807728e+00 4.698616817745409513e+00
3.887500000000000400e-01 1.030682465911693324e+00 4.698619016295786821e+00 1.030681553266178385e+00 4.698616817745409513e+00
3.892499999999999849e-01 1.030130307319009564e+00 4.698619018237119249e+00 1.030129394901631246e+00 4.698616817745409513e+00
3.897500000000000409e-01 1.029574516155921771e+00 4.698619020199410024e+00 1.029573603962300909e+00 4.698616817745409513e+00
3.902499999999999858e-01 1.029015113997102882e+00 4.698619022199499895e+00 1.029014202020637203e+00 4.698616817745409513e+00
3.907500000000000417e-01 1.028452123102115756e+00 4.698619024263054555e+00 1.028451211332847448e+00 4.698616817745409513e+00
3.912499999999999867e-01 1.027885566414195040e+00 4.698619026397515164e+00 1.027884654841163981e+00 4.698616817745409513e+00
3.917500000000000426e-01 1.027315467560473650e+00 4.698619028577659229e+00 1.027314556175930482e+00 4.698616817745409513e+00
3.922499999999999876e-01 1.026741850855663163e+00 4.698619030759372706e+00 1.026740939657507568e+00 4.698616817745409513e+00
3.927500000000000435e-01 1.026164741307805439e+00 4.698619032910787752e+00 1.026163830297992519e+00 4.698616817745409513e+00
3.932499999999999885e-01 1.025584164622590277e+00 4.698619035033964053e+00 1.025583253802752504e+00 4.698616817745409513e+00
3.937500000000000444e-01 1.025000147203972922e+00 4.698619037159282641e+00 1.024999236571767725e+00 4.698616817745409513e+00
3.942499999999999893e-01 1.024412716151974934e+00 4.698619039319479995e+00 1.024411805700785827e+00 4.698616817745409513e+00
3.947500000000000453e-01 1.023821899260797252e+00 4.698619041527568818e+00 1.023820988982277802e+00 4.698616817745409513e+00
3.952499999999999902e-01 1.023227725019572265e+00 4.698619043776742998e+00 1.023226814906204485e+00 4.698616817745409513e+00
3.957500000000000462e-01 1.022630222615221740e+00 4.698619046058119864e+00 1.022629312660580547e+00 4.698616817745409513e+00
3.962499999999999911e-01 1.022029421934770976e+00 4.698619048375880070e+00 1.022028512131842648e+00 4.698616817745409513e+00
3.967500000000000471e-01 1.021425353565081462e+00 4.698619050743843673e+00 1.021424443905015300e+00 4.698616817745409513e+00
3.972499999999999920e-01 1.020818048790472776e+00 4.698619053167392146e+00 1.020817139263674012e+00 4.698616817745409513e+00
3.977500000000000480e-01 1.020207539590763490e+00 4.698619055630036456e+00 1.020206630189705477e+00 4.698616817745409513e+00
3.982499999999999929e-01 1.019593858641652417e+00 4.698619058099843926e+00 1.019592949362863488e+00 4.698616817745409513e+00
3.987500000000000488e-01 1.018977039316974587e+00 4.698619060551946447e+00 1.018976130160113680e+00 4.698616817745409513e+00
3.992499999999999938e-01 1.018357115690306403e+00 4.698619062987852146e+00 1.018356206654777107e+00 4.698616817745409513e+00
3.997500000000000497e-01 1.017734122533788366e+00 4.698619065434521680e+00 1.017733213615459542e+00 4.698616817745409513e+00
4.002499999999999947e-01 1.017108095314221305e+00 4.698619067924068027e+00 1.017107186504774941e+00 4.698616817745409513e+00
4.007500000000000506e-01 1.016479070188748057e+00 4.698619070471673709e+00 1.016478161477854414e+00 4.698616817745409513e+00
4.012499999999999956e-01 1.015847084002386103e+00 4.698619073069619567e+00 1.015846175380648475e+00 4.698616817745409513e+00
4.017500000000000515e-01 1.015212174287729141e+00 4.698619075699806302e+00 1.015211265748013458e+00 4.698616817745409513e+00
4.022499999999999964e-01 1.014574379265028581e+00 4.698619078350949607e+00 1.014573470801588551e+00 4.698616817745409513e+00
4.027500000000000524e-01 1.013933737840623017e+00 4.698619081024485666e+00 1.013932829447456996e+00 4.698616817745409513e+00
4.032499999999999973e-01 1.013290289603246741e+00 4.698619083725820822e+00 1.013289381273599021e+00 4.698616817745409513e+00
4.037500000000000533e-01 1.012644074819707862e+00 4.698619086452026750e+00 1.012643166547126050e+00 4.698616817745409513e+00
4.042499999999999982e-01 1.011995134431634913e+00 4.698619089189830511e+00 1.011994226211306414e+00 4.698616817745409513e+00
4.047500000000000542e-01 1.011343510053753558e+00 4.698619091926865110e+00 1.011342601882375236e+00 4.698616817745409513e+00
4.052499999999999991e-01 1.010689243972254125e+00 4.698619094665589913e+00 1.010688335846133601e+00 4.698616817745409513e+00
4.057500000000000551e-01 1.010032379141551750e+00 4.698619097426199431e+00 1.010031471054334773e+00 4.698616817745409513e+00
4.062500000000000000e-01 1.009372959178932216e+00 4.698619100234724399e+00 1.009372051120857483e+00 4.698616817745409513e+00
4.067500000000000560e-01 1.008711028358340922e+00 4.698619103106064898e+00 1.008710120317668713e+00 4.698616817745409513e+00
4.072500000000000009e-01 1.008046631605116650e+00 4.698619106036026061e+00 1.008045723570577090e+00 4.698616817745409513e+00
4.077500000000000568e-01 1.007379814492393777e+00 4.698619109007978523e+00 1.007378906454773571e+00 4.698616817745409513e+00
4.082500000000000018e-01 1.006710623238233460e+00 4.698619112006927168e+00 1.006709715190169385e+00 4.698616817745409513e+00
4.087500000000000577e-01 1.006039104701873965e+00 4.698619115028233928e+00 1.006038196636517723e+00 4.698616817745409513e+00
4.092500000000000027e-01 1.005365306378246615e+00 4.698619118074514489e+00 1.005364398288336902e+00 4.698616817745409513e+00
4.097500000000000586e-01 1.004689276391407038e+00 4.698619121145636512e+00 1.004688368269623711e+00 4.698616817745409513e+00
4.102500000000000036e-01 1.004011063488289723e+00 4.698619124232720878e+00 1.004010155328367349e+00 4.698616817745409513e+00
4.107500000000000595e-01 1.003330717033539266e+00 4.698619127322263722e+00 1.003329808830855985e+00 4.698616817745409513e+00
4.112500000000000044e-01 1.002648287004952676e+00 4.698619130406587630e+00 1.002647378755788132e+00 4.698616817745409513e+00
4.117500000000000604e-01 1.001963823988309299e+00 4.698619133490934630e+00 1.001962915688182187e+00 4.698616817745409513e+00
4.122500000000000053e-01 1.001277379170750104e+00 4.698619136590950873e+00 1.001276470813092345e+00 4.698616817745409513e+00
4.127500000000000613e-01 1.000589004333094278e+00 4.698619139723285265e+00 1.000588095909125785e+00 4.698616817745409513e+00
4.132500000000000062e-01 9.998987518421748044e-01 4.698619142897812573e+00 9.998978433417735623e-01 4.698616817745409513e+00
4.137500000000000622e-01 9.992066746439597358e-01 4.698619146117459344e+00 9.992057660565450972e-01 4.698616817745409513e+00
4.142500000000000071e-01 9.985128262572106062e-01 4.698619149383802096e+00 9.985119175719202600e-01 4.698616817745409513e+00
4.147500000000000631e-01 9.978172607667890048e-01 4.698619152701241752e+00 9.978163519721131580e-01 4.698616817745409513e+00
4.152500000000000080e-01 9.971200328159197657e-01 4.698619156074587799e+00 9.971191238996542916e-01 4.698616817745409513e+00
4.157500000000000639e-01 9.964211975977053104e-01 4.698619159501974174e+00 9.964202885477938532e-01 4.698616817745409513e+00
4.162500000000000089e-01 9.957208108467384688e-01 4.698619162970177676e+00 9.957199016527261692e-01 4.698616817745409513e+00
4.167499999999999538e-01 9.950189288315619551e-01 4.698619166457700835e+00 9.950180194856416138e-01 4.698616817745409513e+00
4.172500000000000098e-01 9.943156083477400209e-01 4.698619169944188378e+00 9.943146988446066592e-01 4.698616817745409513e+00
4.177499999999999547e-01 9.936109067107219417e-01 4.698619173419401385e+00 9.936099970462770603e-01 4.698616817745409513e+00
4.182500000000000107e-01 9.929048817477003075e-01 4.698619176885685533e+00 9.929039719174443945e-01 4.698616817745409513e+00
4.187499999999999556e-01 9.921975917884362506e-01 4.698619180353640346e+00 9.921966817864227295e-01 4.698616817745409513e+00
4.192500000000000115e-01 9.914890956557209645e-01 4.698619183836046709e+00 9.914881854742765288e-01 4.698616817745409513e+00
4.197499999999999565e-01 9.907794526560966819e-01 4.698619187345117076e+00 9.907785422858945701e-01 4.698616817745409513e+00
4.202500000000000124e-01 9.900687225709128292e-01 4.698619190893566611e+00 9.900678120009116512e-01 4.698616817745409513e+00
4.207499999999999574e-01 9.893569656471916662e-01 4.698619194495311291e+00 9.893560548644850794e-01 4.698616817745409513e+00
4.212500000000000133e-01 9.886442425878216866e-01 4.698619198162035104e+00 9.886433315779237230e-01 4.698616817745409513e+00
4.217499999999999583e-01 9.879306145411896889e-01 4.698619201896406139e+00 9.879297032891821706e-01 4.698616817745409513e+00
4.222500000000000142e-01 9.872161430909235369e-01 4.698619205687229794e+00 9.872152315832141145e-01 4.698616817745409513e+00
4.227499999999999591e-01 9.865008902463818785e-01 4.698619209511547545e+00 9.864999784721971698e-01 4.698616817745409513e+00
4.232500000000000151e-01 9.857849184338879356e-01 4.698619213343549816e+00 9.857840063856264656e-01 4.698616817745409513e+00
4.237499999999999600e-01 9.850682904880295743e-01 4.698619217165068918e+00 9.850673781602888868e-01 4.698616817745409513e+00
4.242500000000000160e-01 9.843510696422486106e-01 4.698619220971391286e+00 9.843501570301096404e-01 4.698616817745409513e+00
4.247499999999999609e-01 9.836333195184189249e-01 4.698619224770073544e+00 9.836324066158930179e-01 4.698616817745409513e+00
4.252500000000000169e-01 9.829151041157873081e-01 4.698619228575557472e+00 9.829141909149423650e-01 4.698616817745409513e+00
4.257499999999999618e-01 9.821964877998852206e-01 4.698619232404425361e+00 9.821955742905787989e-01 4.698616817745409513e+00
4.262500000000000178e-01 9.814775352917139983e-01 4.698619236273535726e+00 9.814766214615543438e-01 4.698616817745409513e+00
4.267499999999999627e-01 9.807583116569513759e-01 4.698619240199265690e+00 9.807573974913680326e-01 4.698616817745409513e+00
4.272500000000000187e-01 9.800388822948127299e-01 4.698619244194595979e+00 9.800379677774854192e-01 4.698616817745409513e+00
4.277499999999999636e-01 9.793193129264791130e-01 4.698619248263562476e+00 9.793183980404711608e-01 4.698616817745409513e+00
4.282500000000000195e-01 9.785996695835393888e-01 4.698619252396497359e+00 9.785987543130343358e-01 4.698616817745409513e+00
4.287499999999999645e-01 9.778800185970488723e-01 4.698619256570697900e+00 9.778791029289946035e-01 4.698616817745409513e+00
4.292500000000000204e-01 9.771604265873642392e-01 4.698619260757928018e+00 9.771595105121693159e-01 4.698616817745409513e+00
4.297499999999999654e-01 9.764409604543434762e-01 4.698619264935295803e+00 9.764400439651927943e-01 4.698616817745409513e+00
4.302500000000000213e-01 9.757216873671297197e-01 4.698619269093455841e+00 9.757207704582647745e-01 4.698616817745409513e+00
4.307499999999999662e-01 9.750026747530017301e-01 4.698619273237963689e+00 9.750017574178393431e-01 4.698616817745409513e+00
4.312500000000000222e-01 9.742839902853829281e-01 4.698619277384349147e+00 9.742830725152522575e-01 4.698616817745409513e+00
4.317499999999999671e-01 9.735657018715301314e-01 4.698619281551134286e+00 9.735647836552994150e-01 4.698616817745409513e+00
4.322500000000000231e-01 9.728478776404548833e-01 4.698619285755034625e+00 9.728469589647612548e-01 4.698616817745409513e+00
4.327499999999999680e-01 9.721305859311913933e-01 4.698619290009272476e+00 9.721296667808879688e-01 4.698616817745409513e+00
4.332500000000000240e-01 9.714138952811619543e-01 4.698619294322909923e+00 9.714129756398403037e-01 4.698616817745409513e+00
4.337499999999999689e-01 9.706978744143593962e-01 4.698619298699071578e+00 9.706969542650994986e-01 4.698616817745409513e+00
4.342500000000000249e-01 9.699825922294192937e-01 4.698619303132516301e+00 9.699816715558431390e-01 4.698616817745409513e+00
4.347499999999999698e-01 9.692681177879286514e-01 4.698619307609311235e+00 9.692671965752973628e-01 4.698616817745409513e+00
4.352500000000000258e-01 9.685545203032657202e-01 4.698619312110813517e+00 9.685535985390667513e-01 4.698616817745409513e+00
4.357499999999999707e-01 9.678418691298330545e-01 4.698619316620989750e+00 9.678409468034463448e-01 4.698616817745409513e+00
4.362500000000000266e-01 9.671302337521934245e-01 4.698619321133077342e+00 9.671293108537224459e-01 4.698616817745409513e+00
4.367499999999999716e-01 9.664196837736100942e-01 4.698619325651538503e+00 9.664187602924657616e-01 4.698616817745409513e+00
4.372500000000000275e-01 9.657102889038531313e-01 4.698619330188272158e+00 9.657093648278179954e-01 4.698616817745409513e+00
4.377499999999999725e-01 9.650021189466433391e-01 4.698619334755893107e+00 9.650011942617837679e-01 4.698616817745409513e+00
4.382500000000000284e-01 9.642952437872960303e-01 4.698619339362539726e+00 9.642943184785232047e-01 4.698616817745409513e+00
4.387499999999999734e-01 9.635897333808794984e-01 4.698619344010744214e+00 9.635888074326570685e-01 4.698616817745409513e+00
4.392500000000000293e-01 9.628856577407913786e-01 4.698619348699489606e+00 9.628847311375834384e-01 4.698616817745409513e+00
4.397499999999999742e-01 9.621830869273849673e-01 4.698619353426474632e+00 9.621821596538144838e-01 4.698616817745409513e+00
4.402500000000000302e-01 9.614820910363689466e-01 4.698619358188466322e+00 9.614811630773324458e-01 4.698616817745409513e+00
4.407499999999999751e-01 9.607827401870562278e-01 4.698619362980230640e+00 9.607818115279757043e-01 4.698616817745409513e+00
4.412500000000000311e-01 9.600851045107361426e-01 4.698619367794194979e+00 9.600841751378509370e-01 4.698616817745409513e+00
4.417499999999999760e-01 9.593892541393900242e-01 4.698619372622557577e+00 9.593883240397826917e-01 4.698616817745409513e+00
4.422500000000000320e-01 9.586952591946475977e-01 4.698619377461021429e+00 9.586943283557991524e-01 4.698616817745409513e+00
4.427499999999999769e-01 9.580031897766747573e-01 4.698619382311699511e+00 9.580022581856624253e-01 4.698616817745409513e+00
4.432500000000000329e-01 9.573131159527240586e-01 4.698619387182905172e+00 9.573121835954414571e-01 4.698616817745409513e+00
4.437499999999999778e-01 9.566251077453382656e-01 4.698619392085834789e+00 9.566241746061387996e-01 4.698616817745409513e+00
4.442500000000000338e-01 9.559392351205060478e-01 4.698619397030355138e+00 9.559383011823658904e-01 4.698616817745409513e+00
4.447499999999999787e-01 9.552555679760617036e-01 4.698619402022355729e+00 9.552546332210800628e-01 4.698616817745409513e+00
4.452500000000000346e-01 9.545741761304677997e-01 4.698619407063656439e+00 9.545732405403795084e-01 4.698616817745409513e+00
4.457499999999999796e-01 9.538951293118453911e-01 4.698619412153336228e+00 9.538941928683625227e-01 4.698616817745409513e+00
4.462500000000000355e-01 9.532184971470157864e-01 4.698619417288629307e+00 9.532175598320550280e-01 4.698616817745409513e+00
4.467499999999999805e-01 9.525443491504437254e-01 4.698619422464549444e+00 9.525434109464085974e-01 4.698616817745409513e+00
4.472500000000000364e-01 9.518727547132327382e-01 4.698619427673206062e+00 9.518718156033709743e-01 4.698616817745409513e+00
4.477499999999999813e-01 9.512037830923233406e-01 4.698619432904211024e+00 9.512028430610380836e-01 4.698616817745409513e+00
4.482500000000000373e-01 9.505375033999938772e-01 4.698619438146844907e+00 9.505365624328802054e-01 4.698616817745409513e+00
4.487499999999999822e-01 9.498739845935612047e-01 4.698619443393176276e+00 9.498730426770565227e-01 4.698616817745409513e+00
4.492500000000000382e-01 9.492132954650793764e-01 4.698619448640454443e+00 9.492123525858138233e-01 4.698616817745409513e+00
4.497499999999999831e-01 9.485555046309011029e-01 4.698619453891714315e+00 9.485545607749740205e-01 4.698616817745409513e+00
4.502500000000000391e-01 9.479006805211306341e-01 4.698619459154766531e+00 9.478997356735134883e-01 4.698616817745409513e+00
4.507499999999999840e-01 9.472488913690990664e-01 4.698619464440620064e+00 9.472479455132386539e-01 4.698616817745409513e+00
4.512500000000000400e-01 9.466002052009598877e-01 4.698619469762070899e+00 9.465992583185546261e-01 4.698616817745409513e+00
4.517499999999999849e-01 9.459546898253889946e-01 4.698619475132330692e+00 9.459537418963386290e-01 4.698616817745409513e+00
4.522500000000000409e-01 9.453124128232879286e-01 4.698619480562903128e+00 9.453114638259098035e-01 4.698616817745409513e+00
4.527499999999999858e-01 9.446734415374883342e-01 4.698619486060561456e+00 9.446724914491073655e-01 4.698616817745409513e+00
4.532500000000000417e-01 9.440378430625713246e-01 4.698619491624461908e+00 9.440368918604724602e-01 4.698616817745409513e+00
4.537499999999999867e-01 9.434056842350169170e-01 4.698619497244935772e+00 9.434047318975408158e-01 4.698616817745409513e+00
4.542500000000000426e-01 9.427770316238073267e-01 4.698619502905152956e+00 9.427760781312430893e-01 4.698616817745409513e+00
4.547499999999999876e-01 9.421519515214671348e-01 4.698619508585291982e+00 9.421509968564207860e-01 4.698616817745409513e+00
4.552500000000000435e-01 9.415305099353291629e-01 4.698619514267644348e+00 9.415295540824532017e-01 4.698616817745409513e+00
4.557499999999999885e-01 9.409127725787995722e-01 4.698619519940823608e+00 9.409118155240030479e-01 4.698616817745409513e+00
4.562500000000000444e-01 9.402988048625045003e-01 4.698619525602048874e+00 9.402978465918792050e-01 4.698616817745409513e+00
4.567499999999999893e-01 9.396886718853036946e-01 4.698619531257453907e+00 9.396877123840167156e-01 4.698616817745409513e+00
4.572500000000000453e-01 9.390824384252388635e-01 4.698619536920805473e+00 9.390814776765801231e-01 4.698616817745409513e+00
4.577499999999999902e-01 9.384801689304254069e-01 4.698619542610896538e+00 9.384792069151886018e-01 4.698616817745409513e+00
4.582500000000000462e-01 9.378819275099136155e-01 4.698619548347592101e+00 9.378809642062618801e-01 4.698616817745409513e+00
4.587499999999999911e-01 9.372877779245364360e-01 4.698619554146863386e+00 9.372868133084945041e-01 4.698616817745409513e+00
4.592500000000000471e-01 9.366977835779342065e-01 4.698619560016089380e+00 9.366968176244522271e-01 4.698616817745409513e+00
4.597499999999999920e-01 9.361120075079516489e-01 4.698619565951470456e+00 9.361110401922995150e-01 4.698616817745409513e+00
4.602500000000000480e-01 9.355305123786219479e-01 4.698619571939017803e+00 9.355295436776494000e-01 4.698616817745409513e+00
4.607499999999999929e-01 9.349533604727133795e-01 4.698619577959129323e+00 9.349523903655468926e-01 4.698616817745409513e+00
4.612500000000000488e-01 9.343806136846375399e-01 4.698619583992956095e+00 9.343796421525785156e-01 4.698616817745409513e+00
4.617499999999999938e-01 9.338123335133838854e-01 4.698619590028045856e+00 9.338113605391131777e-01 4.698616817745409513e+00
4.622500000000000497e-01 9.332485810552538785e-01 4.698619596061254455e+00 9.332476066216733868e-01 4.698616817745409513e+00
4.627499999999999947e-01 9.326894169963040326e-01 4.698619602098330184e+00 9.326884410854379137e-01 4.698616817745409513e+00
4.632500000000000506e-01 9.321349016046318603e-01 4.698619608151053839e+00 9.321339241968751299e-01 4.698616817745409513e+00
4.637499999999999956e-01 9.315850947226577139e-01 4.698619614233387587e+00 9.315841157965099040e-01 4.698616817745409513e+00
4.642500000000000515e-01 9.310400557595701621e-01 4.698619620357808557e+00 9.310390752918203949e-01 4.698616817745409513e+00
4.647499999999999964e-01 9.304998436839992948e-01 4.698619626532412497e+00 9.304988616502699594e-01 4.698616817745409513e+00
4.652500000000000524e-01 9.299645170169417163e-01 4.698619632758992637e+00 9.299635333924691771e-01 4.698616817745409513e+00
4.657499999999999973e-01 9.294341338249925144e-01 4.698619639032534323e+00 9.294331485854717689e-01 4.698616817745409513e+00
4.662500000000000533e-01 9.289087517139459349e-01 4.698619645342594353e+00 9.289077648362026318e-01 4.698616817745409513e+00
4.667499999999999982e-01 9.283884278227686471e-01 4.698619651676597897e+00 9.283874392850189894e-01 4.698616817745409513e+00
4.672500000000000542e-01 9.278732188178226981e-01 4.698619658024144385e+00 9.278722285994021046e-01 4.698616817745409513e+00
4.677499999999999991e-01 9.273631808871407589e-01 4.698619664380656147e+00 9.273621889677831076e-01 4.698616817745409513e+00
4.682500000000000551e-01 9.268583697345508243e-01 4.698619670748732879e+00 9.268573760934992745e-01 4.698616817745409513e+00
4.687500000000000000e-01 9.263588405735725395e-01 4.698619677136617767e+00 9.263578451888813126e-01 4.698616817745409513e+00
4.692500000000000560e-01 9.258646481211976198e-01 4.698619683554654536e+00 9.258636509694729844e-01 4.698616817745409513e+00
4.697500000000000009e-01 9.253758465917791831e-01 4.698619690011609507e+00 9.253748476483799612e-01 4.698616817745409513e+00
4.702500000000000568e-01 9.248924896912475990e-01 4.698619696512471577e+00 9.248914889307474629e-01 4.698616817745409513e+00
4.707500000000000018e-01 9.244146306116781675e-01 4.698619703058182218e+00 9.244136280083712354e-01 4.698616817745409513e+00
4.712500000000000577e-01 9.239423220261595571e-01 4.698619709646675524e+00 9.239413175544304302e-01 4.698616817745409513e+00
4.717500000000000027e-01 9.234756160838124561e-01 4.698619716274094138e+00 9.234746097183555991e-01 4.698616817745409513e+00
4.722500000000000586e-01 9.230145644048635134e-01 4.698619722935504228e+00 9.230135561208171469e-01 4.698616817745409513e+00
4.727500000000000036e-01 9.225592180758088734e-01 4.698619729625258756e+00 9.225582078488444582e-01 4.698616817745409513e+00
4.732500000000000595e-01 9.221096276447233731e-01 4.698619736337505515e+00 9.221086154510670374e-01 4.698616817745409513e+00
4.737500000000000044e-01 9.216658431167386034e-01 4.698619743067119714e+00 9.216648289330832133e-01 4.698616817745409513e+00
4.742500000000000604e-01 9.212279139496755143e-01 4.698619749810831081e+00 9.212268977529486369e-01 4.698616817745409513e+00
4.747500000000000053e-01 9.207958890497407456e-01 4.698619756567951278e+00 9.207948708167894569e-01 4.698616817745409513e+00
4.752500000000000613e-01 9.203698167672667019e-01 4.698619763340373012e+00 9.203687964745351779e-01 4.698616817745409513e+00
4.757500000000000062e-01 9.199497448924722764e-01 4.698619770131908346e+00 9.199487225157729764e-01 4.698616817745409513e+00
4.762500000000000622e-01 9.195357206513503634e-01 4.698619776947533744e+00 9.195346961657188123e-01 4.698616817745409513e+00
4.767500000000000071e-01 9.191277907016888182e-01 4.698619783792832294e+00 9.191267640813091111e-01 4.698616817745409513e+00
4.772500000000000631e-01 9.187260011292281980e-01 4.698619790673616237e+00 9.187249723474052443e-01 4.698616817745409513e+00
4.777500000000000080e-01 9.183303974439079864e-01 4.698619797595346981e+00 9.183293664731162487e-01 4.698616817745409513e+00
4.782500000000000639e-01 9.179410245761749909e-01 4.698619804562055080e+00 9.179399913882335671e-01 4.698616817745409513e+00
4.787500000000000089e-01 9.175579268733542460e-01 4.698619811574915595e+00 9.175568914397793652e-01 4.698616817745409513e+00
4.792500000000000648e-01 9.171811480961626906e-01 4.698619818631112999e+00 9.171801103886644269e-01 4.698616817745409513e+00
4.797500000000000098e-01 9.168107314154767540e-01 4.698619825723733712e+00 9.168096914064584046e-01 4.698616817745409513e+00
4.802499999999999547e-01 9.164467194093436353e-01 4.698619832842938493e+00 9.164456770722647638e-01 4.698616817745409513e+00
4.807500000000000107e-01 9.160891540602408289e-01 4.698619839978162460e+00 9.160881093697064159e-01 4.698616817745409513e+00
4.812499999999999556e-01 9.157380767524706533e-01 4.698619847120611759e+00 9.157370296840139368e-01 4.698616817745409513e+00
4.817500000000000115e-01 9.153935282696096243e-01 4.698619854265352558e+00 9.153924787992189227e-01 4.698616817745409513e+00
4.822499999999999565e-01 9.150555487919529440e-01 4.698619861412500320e+00 9.150544968954495983e-01 4.698616817745409513e+00
4.827500000000000124e-01 9.147241778939172452e-01 4.698619868567307734e+00 9.147231235463276766e-01 4.698616817745409513e+00
4.832499999999999574e-01 9.143994545414132480e-01 4.698619875739132645e+00 9.143983977164639176e-01 4.698616817745409513e+00
4.837500000000000133e-01 9.140814170891724544e-01 4.698619882939317982e+00 9.140803577590517204e-01 4.698616817745409513e+00
4.842499999999999583e-01 9.137701032780923827e-01 4.698619890178361125e+00 9.137690414135578587e-01 4.698616817745409513e+00
4.847500000000000142e-01 9.134655502326614052e-01 4.698619897462997130e+00 9.134644858035066983e-01 4.698616817745409513e+00
4.852499999999999591e-01 9.131677944585810947e-01 4.698619904794079538e+00 9.131667274343588936e-01 4.698616817745409513e+00
4.857500000000000151e-01 9.128768718406673477e-01 4.698619912166042134e+00 9.128758021914797904e-01 4.698616817745409513e+00
4.862499999999999600e-01 9.125928176410743609e-01 4.698619919568267633e+00 9.125917453382005329e-01 4.698616817745409513e+00
4.867500000000000160e-01 9.123156664978122610e-01 4.698619926988024886e+00 9.123145915139651008e-01 4.698616817745409513e+00
4.872499999999999609e-01 9.120454524234007376e-01 4.698619934413922117e+00 9.120443747325658324e-01 4.698616817745409513e+00
4.877500000000000169e-01 9.117822088035562045e-01 4.698619941838886760e+00 9.117811283804633238e-01 4.698616817745409513e+00
4.882499999999999618e-01 9.115259683957976922e-01 4.698619949261804152e+00 9.115248852151905945e-01 4.698616817745409513e+00
4.887500000000000178e-01 9.112767633279170720e-01 4.698619956687443810e+00 9.112756773638392982e-01 4.698616817745409513e+00
4.892499999999999627e-01 9.110346250963563541e-01 4.698619964124855386e+00 9.110335363216258697e-01 4.698616817745409513e+00
4.897500000000000187e-01 9.107995845645145971e-01 4.698619971584663269e+00 9.107984929505377192e-01 4.698616817745409513e+00
4.902499999999999636e-01 9.105716719610932319e-01 4.698619979075958852e+00 9.105705774780555872e-01 4.698616817745409513e+00
4.907500000000000195e-01 9.103509168785605121e-01 4.698619986603586263e+00 9.103498194959538381e-01 4.698616817745409513e+00
4.912499999999999645e-01 9.101373482718413399e-01 4.698619994166659986e+00 9.101362479591725840e-01 4.698616817745409513e+00
4.917500000000000204e-01 9.099309944572958608e-01 4.698620001758817999e+00 9.099298911847641946e-01 4.698616817745409513e+00
4.922499999999999654e-01 9.097318831119891591e-01 4.698620009370257478e+00 9.097307768509109716e-01 4.698616817745409513e+00
4.927500000000000213e-01 9.095400412731660111e-01 4.698620016990885162e+00 9.095389319960123231e-01 4.698616817745409513e+00
4.932499999999999662e-01 9.093554953377845917e-01 4.698620024613444635e+00 9.093543830178405507e-01 4.698616817745409513e+00
4.937500000000000222e-01 9.091782710619777941e-01 4.698620032235448996e+00 9.091771556727631376e-01 4.698616817745409513e+00
4.942499999999999671e-01 9.090083935603432419e-01 4.698620039859203068e+00 9.090072750750306518e-01 4.698616817745409513e+00
4.947500000000000231e-01 9.088458873050850872e-01 4.698620047490090990e+00 9.088447656961289312e-01 4.698616817745409513e+00
4.952499999999999680e-01 9.086907761251085125e-01 4.698620055133978290e+00 9.086896513641936624e-01 4.698616817745409513e+00
4.957500000000000240e-01 9.085430832052143746e-01 4.698620062794910623e+00 9.085419552634854679e-01 4.698616817745409513e+00
4.962499999999999689e-01 9.084028310854834753e-01 4.698620070473876531e+00 9.084016999339259435e-01 4.698616817745409513e+00
4.967500000000000249e-01 9.082700416608706639e-01 4.698620078168833203e+00 9.082689072706909839e-01 4.698616817745409513e+00
4.972499999999999698e-01 9.081447361809736885e-01 4.698620085875643504e+00 9.081435985238631714e-01 4.698616817745409513e+00
4.977500000000000258e-01 9.080269352498981927e-01 4.698620093589387814e+00 9.080257942981369013e-01 4.698616817745409513e+00
4.982499999999999707e-01 9.079166588261791127e-01 4.698620101305643004e+00 9.079155145525814596e-01 4.698616817745409513e+00
4.987500000000000266e-01 9.078139262227076234e-01 4.698620109021444335e+00 9.078127786004548394e-01 4.698616817745409513e+00
4.992499999999999716e-01 9.077187561066717425e-01 4.698620116735840568e+00 9.077176051090714015e-01 4.698616817745409513e+00
4.997500000000000275e-01 9.076311664994626272e-01 4.698620124449851332e+00 9.076300120997189413e-01 4.698616817745409513e+00
5.002500000000000835e-01 9.075511747765540038e-01 4.698620132165725494e+00 9.075500169476266032e-01 4.698616817745409513e+00
5.007500000000000284e-01 9.074787976673694967e-01 4.698620139885714586e+00 9.074776363819814229e-01 4.698616817745409513e+00
5.012499999999999734e-01 9.074140512551790438e-01 4.698620147610755637e+00 9.074128864859914989e-01 4.698616817745409513e+00
5.017500000000000293e-01 9.073569509771179931e-01 4.698620155339684246e+00 9.073557826969960161e-01 4.698616817745409513e+00
5.022500000000000853e-01 9.073075116243562999e-01 4.698620163069389122e+00 9.073063398066208984e-01 4.698616817745409513e+00
5.027500000000000302e-01 9.072657473424331487e-01 4.698620170795882345e+00 9.072645719609788717e-01 4.698616817745409513e+00
5.032499999999999751e-01 9.072316716316761731e-01 4.698620178515752421e+00 9.072304926609120468e-01 4.698616817745409513e+00
5.037500000000000311e-01 9.072052973476187887e-01 4.698620186227262963e+00 9.072041147622776913e-01 4.698616817745409513e+00
5.042500000000000870e-01 9.071866367013527999e-01 4.698620193930548972e+00 9.071854504762756344e-01 4.698616817745409513e+00
5.047500000000000320e-01 9.071757012598006265e-01 4.698620201626832582e+00 9.071745113698154173e-01 4.698616817745409513e+00
5.052499999999999769e-01 9.071725019459571104e-01 4.698620209317088126e+00 9.071713083659245225e-01 4.698616817745409513e+00
5.057500000000000329e-01 9.071770490391798392e-01 4.698620217000777366e+00 9.071758517441939063e-01 4.698616817745409513e+00
5.062500000000000888e-01 9.071893521755969303e-01 4.698620224675219781e+00 9.071881511412628329e-01 4.698616817745409513e+00
5.067500000000000338e-01 9.072094203486517072e-01 4.698620232335769309e+00 9.072082155513413460e-01 4.698616817745409513e+00
5.072499999999999787e-01 9.072372619097656132e-01 4.698620239976696311e+00 9.072360533267680438e-01 4.698616817745409513e+00
5.077500000000000346e-01 9.072728845690865018e-01 4.698620247592407040e+00 9.072716721786056038e-01 4.698616817745409513e+00
5.082500000000000906e-01 9.073162953962563559e-01 4.698620255178633798e+00 9.073150791772701673e-01 4.698616817745409513e+00
5.087500000000000355e-01 9.073675008211938842e-01 4.698620262733314235e+00 9.073662807531958086e-01 4.698616817745409513e+00
5.092499999999999805e-01 9.074265066348126130e-01 4.698620270256849807e+00 9.074252826975350850e-01 4.698616817745409513e+00
5.097500000000000364e-01 9.074933179897035629e-01 4.698620277751658136e+00 9.074920901628893422e-01 4.698616817745409513e+00
5.102500000000000924e-01 9.075679394007593048e-01 4.698620285221037918e+00 9.075667076640761000e-01 4.698616817745409513e+00
5.107500000000000373e-01 9.076503747457951299e-01 4.698620292667685661e+00 9.076491390789267477e-01 4.698616817745409513e+00
5.112499999999999822e-01 9.077406272662080777e-01 4.698620300092325230e+00 9.077393876491172131e-01 4.698616817745409513e+00
5.117500000000000382e-01 9.078386995677399929e-01 4.698620307492928916e+00 9.078374559810301614e-01 4.698616817745409513e+00
5.122499999999999831e-01 9.079445936213901280e-01 4.698620314864864866e+00 9.079433460466491690e-01 4.698616817745409513e+00
5.127500000000000391e-01 9.080583107644641938e-01 4.698620322201860766e+00 9.080570591844834283e-01 4.698616817745409513e+00
5.132499999999999840e-01 9.081798517016914651e-01 4.698620329497393833e+00 9.081785961005238716e-01 4.698616817745409513e+00
5.137499999999999289e-01 9.083092165063713086e-01 4.698620336745999992e+00 9.083079568692291605e-01 4.698616817745409513e+00
5.142499999999999849e-01 9.084464046214792976e-01 4.698620343944003963e+00 9.084451409345423167e-01 4.698616817745409513e+00
5.147500000000000409e-01 9.085914148607047158e-01 4.698620351089416225e+00 9.085901471109385508e-01 4.698616817745409513e+00
5.152499999999999858e-01 9.087442454094236677e-01 4.698620358181122114e+00 9.087429735845006240e-01 4.698616817745409513e+00
5.157499999999999307e-01 9.089048938256608645e-01 4.698620365217678341e+00 9.089036179140270733e-01 4.698616817745409513e+00
5.162499999999999867e-01 9.090733570410863829e-01 4.698620372196229411e+00 9.090720770321679689e-01 4.698616817745409513e+00
5.167500000000000426e-01 9.092496313621255544e-01 4.698620379112012913e+00 9.092483472465909822e-01 4.698616817745409513e+00
5.172499999999999876e-01 9.094337124712047471e-01 4.698620385958797385e+00 9.094324242411782055e-01 4.698616817745409513e+00
5.177499999999999325e-01 9.096255954281384781e-01 4.698620392730186168e+00 9.096243030772513949e-01 4.698616817745409513e+00
5.182499999999999885e-01 9.098252746716004591e-01 4.698620399421383986e+00 9.098239781948270766e-01 4.698616817745409513e+00
5.187500000000000444e-01 9.100327440205938645e-01 4.698620406030746821e+00 9.100314434139029629e-01 4.698616817745409513e+00
5.192499999999999893e-01 9.102479966758387775e-01 4.698620412560318371e+00 9.102466919357719011e-01 4.698616817745409513e+00
5.197499999999999343e-01 9.104710252209993193e-01 4.698620419014938321e+00 9.104697163443681296e-01 4.698616817745409513e+00
5.202499999999999902e-01 9.107018216237938724e-01 4.698620425400033440e+00 9.107005086076428446e-01 4.698616817745409513e+00
5.207500000000000462e-01 9.109403772370490149e-01 4.698620431718804724e+00 9.109390600789699644e-01 4.698616817745409513e+00
5.212499999999999911e-01 9.111866827998380547e-01 4.698620437969761809e+00 9.111853614985826466e-01 4.698616817745409513e+00
5.217499999999999361e-01 9.114407284388030828e-01 4.698620444145537256e+00 9.114394029950418918e-01 4.698616817745409513e+00
5.222499999999999920e-01 9.117025036697130602e-01 4.698620450233434553e+00 9.117011740867345670e-01 4.698616817745409513e+00
5.227500000000000480e-01 9.119719973992501671e-01 4.698620456217493135e+00 9.119706636834040703e-01 4.698616817745409513e+00
5.232499999999999929e-01 9.122491979269466977e-01 4.698620462081535720e+00 9.122478600877125254e-01 4.698616817745409513e+00
5.237499999999999378e-01 9.125340929471570384e-01 4.698620467812276047e+00 9.125327509968360618e-01 4.698616817745409513e+00
5.242499999999999938e-01 9.128266695509866802e-01 4.698620473401772912e+00 9.128253235040908464e-01 4.698616817745409513e+00
5.247500000000000497e-01 9.131269142280860063e-01 4.698620478848536841e+00 9.131255641005940893e-01 4.698616817745409513e+00
5.252499999999999947e-01 9.134348128682813206e-01 4.698620484156997179e+00 9.134334586769572439e-01 4.698616817745409513e+00
5.257499999999999396e-01 9.137503507630400090e-01 4.698620489335381123e+00 9.137489925250141809e-01 4.698616817745409513e+00
5.262499999999999956e-01 9.140735126068303407e-01 4.698620494392478086e+00 9.140721503395828895e-01 4.698616817745409513e+00
5.267500000000000515e-01 9.144042824984968121e-01 4.698620499334196232e+00 9.144029162202622629e-01 4.698616817745409513e+00
5.272499999999999964e-01 9.147426439427643885e-01 4.698620504160871292e+00 9.147412736732656313e-01 4.698616817745409513e+00
5.277499999999999414e-01 9.150885798519716730e-01 4.698620508866195422e+00 9.150872056132880461e-01 4.698616817745409513e+00
5.282499999999999973e-01 9.154420725480651999e-01 4.698620513437996138e+00 9.154406943654120887e-01 4.698616817745409513e+00
5.287500000000000533e-01 9.158031037648344252e-01 4.698620517860579326e+00 9.158017216670503169e-01 4.698616817745409513e+00
5.292499999999999982e-01 9.161716546502690628e-01 4.698620522117837872e+00 9.161702686699251252e-01 4.698616817745409513e+00
5.297499999999999432e-01 9.165477057689332963e-01 4.698620526196098268e+00 9.165463159420872419e-01 4.698616817745409513e+00
5.302499999999999991e-01 9.169312371042463994e-01 4.698620530086012437e+00 9.169298434699740818e-01 4.698616817745409513e+00
5.307500000000000551e-01 9.173222280606483370e-01 4.698620533783080866e+00 9.173208306605060702e-01 4.698616817745409513e+00
5.312500000000000000e-01 9.177206574656443516e-01 4.698620537286879895e+00 9.177192563432255978e-01 4.698616817745409513e+00
5.317499999999999449e-01 9.181265035717767198e-01 4.698620540599391049e+00 9.181250987724745016e-01 4.698616817745409513e+00
5.322500000000000009e-01 9.185397440585868489e-01 4.698620543722929810e+00 9.185383356296165092e-01 4.698616817745409513e+00
5.327500000000000568e-01 9.189603560346388811e-01 4.698620546658204056e+00 9.189589440252988739e-01 4.698616817745409513e+00
5.332500000000000018e-01 9.193883160396467691e-01 4.698620549402847679e+00 9.193869005017594187e-01 4.698616817745409513e+00
5.337499999999999467e-01 9.198236000467389095e-01 4.698620551950713597e+00 9.198221810351773220e-01 4.698616817745409513e+00
5.342500000000000027e-01 9.202661834648616646e-01 4.698620554292015861e+00 9.202647610380673138e-01 4.698616817745409513e+00
5.347500000000000586e-01 9.207160411413435330e-01 4.698620556414310201e+00 9.207146153617207229e-01 4.698616817745409513e+00
5.352500000000000036e-01 9.211731473645815571e-01 4.698620558304082984e+00 9.211717182986922658e-01 4.698616817745409513e+00
5.357499999999999485e-01 9.216374758667910116e-01 4.698620559948526676e+00 9.216360435853339084e-01 4.698616817745409513e+00
5.362500000000000044e-01 9.221089998267751886e-01 4.698620561337118140e+00 9.221075644043753572e-01 4.698616817745409513e+00
5.367500000000000604e-01 9.225876918726849674e-01 4.698620562462629380e+00 9.225862533875551774e-01 4.698616817745409513e+00
5.372500000000000053e-01 9.230735240847300904e-01 4.698620563321355803e+00 9.230720826182987615e-01 4.698616817745409513e+00
5.377499999999999503e-01 9.235664679978369263e-01 4.698620563912572656e+00 9.235650236344491448e-01 4.698616817745409513e+00
5.382500000000000062e-01 9.240664946042809191e-01 4.698620564237336872e+00 9.240650474310457829e-01 4.698616817745409513e+00
5.387500000000000622e-01 9.245735743563249232e-01 4.698620564296946966e+00 9.245721244631562863e-01 4.698616817745409513e+00
5.392500000000000071e-01 9.250876771689121592e-01 4.698620564091313234e+00 9.250862246487616680e-01 4.698616817745409513e+00
5.397499999999999520e-01 9.256087724224135727e-01 4.698620563617474488e+00 9.256073173716917735e-01 4.698616817745409513e+00
5.402500000000000080e-01 9.261368289654942076e-01 4.698620562868599748e+00 9.261353714846187746e-01 4.698616817745409513e+00
5.407500000000000639e-01 9.266718151181134733e-01 4.698620561833593889e+00 9.266703553120999581e-01 4.698616817745409513e+00
5.412500000000000089e-01 9.272136986746760678e-01 4.698620560497502652e+00 9.272122366536814653e-01 4.698616817745409513e+00
5.417499999999999538e-01 9.277624469073419977e-01 4.698620558842729444e+00 9.277609827870547665e-01 4.698616817745409513e+00
5.422500000000000098e-01 9.283180265694681577e-01 4.698620556850933383e+00 9.283165604712706465e-01 4.698616817745409513e+00
5.427500000000000657e-01 9.288804038991793632e-01 4.698620554505367863e+00 9.288789359500121412e-01 4.698616817745409513e+00
5.432500000000000107e-01 9.294495446229806834e-01 4.698620551793174727e+00 9.294480749549233201e-01 4.698616817745409513e+00
5.437499999999999556e-01 9.300254139593628899e-01 4.698620548707079791e+00 9.300239427090007949e-01 4.698616817745409513e+00
5.442500000000000115e-01 9.306079766223207539e-01 4.698620545245979052e+00 9.306065039300416286e-01 4.698616817745409513e+00
5.447500000000000675e-01 9.311971968247523268e-01 4.698620541414006979e+00 9.311957228341529724e-01 4.698616817745409513e+00
5.452500000000000124e-01 9.317930382817508628e-01 4.698620537218201498e+00 9.317915631393235421e-01 4.698616817745409513e+00
5.457499999999999574e-01 9.323954642138223559e-01 4.698620532665247929e+00 9.323939880690562676e-01 4.698616817745409513e+00
5.462500000000000133e-01 9.330044373501868993e-01 4.698620527758221144e+00 9.330029603560630047e-01 4.698616817745409513e+00
5.467500000000000693e-01 9.336199199322445796e-01 4.698620522494220353e+00 9.336184422460230836e-01 4.698616817745409513e+00
5.472500000000000142e-01 9.342418737173058263e-01 4.698620516863578622e+00 9.342403955014050299e-01 4.698616817745409513e+00
5.477499999999999591e-01 9.348702599825926551e-01 4.698620510850811449e+00 9.348687814053520118e-01 4.698616817745409513e+00
5.482500000000000151e-01 9.355050395294796095e-01 4.698620504436958889e+00 9.355035607656346786e-01 4.698616817745409513e+00
5.487500000000000711e-01 9.361461726878924638e-01 4.698620497602592039e+00 9.361446939186647276e-01 4.698616817745409513e+00
5.492500000000000160e-01 9.367936193207372364e-01 4.698620490330596589e+00 9.367921407335789707e-01 4.698616817745409513e+00
5.497499999999999609e-01 9.374473388282923425e-01 4.698620482608098392e+00 9.374458606163872387e-01 4.698616817745409513e+00
5.502500000000000169e-01 9.381072901525145946e-01 4.698620474427143812e+00 9.381058125141877868e-01 4.698616817745409513e+00
5.507500000000000728e-01 9.387734317812594931e-01 4.698620465784196121e+00 9.387719549194494251e-01 4.698616817745409513e+00
5.512500000000000178e-01 9.394457217524739834e-01 4.698620456678781920e+00 9.394442458743619273e-01 4.698616817745409513e+00
5.517499999999999627e-01 9.401241176584131942e-01 4.698620447111815146e+00 9.401226429752548297e-01 4.698616817745409513e+00
5.522500000000000187e-01 9.408085766499461045e-01 4.698620437084127133e+00 9.408071033770841751e-01 4.698616817745409513e+00
5.527500000000000746e-01 9.414990554410015422e-01 4.698620426595532251e+00 9.414975837979867590e-01 4.698616817745409513e+00
5.532500000000000195e-01 9.421955103131742781e-01 4.698620415644603199e+00 9.421940405239063177e-01 4.698616817745409513e+00
5.537499999999999645e-01 9.428978971204653448e-01 4.698620404229034264e+00 9.428964294132863300e-01 4.698616817745409513e+00
5.542500000000000204e-01 9.436061712941150592e-01 4.698620392346163577e+00 9.436047059018342065e-01 4.698616817745409513e+00
5.547500000000000764e-01 9.443202878474783457e-01 4.698620379993236007e+00 9.443188250073533130e-01 4.698616817745409513e+00
5.552500000000000213e-01 9.450402013809053869e-01 4.698620367167139378e+00 9.450387413346474919e-01 4.698616817745409513e+00
5.557499999999999662e-01 9.457658660866299360e-01 4.698620353863706356e+00 9.457644090804931958e-01 4.698616817745409513e+00
5.562500000000000222e-01 9.464972357537222436e-01 4.698620340076914204e+00 9.464957820386833420e-01 4.698616817745409513e+00
5.567500000000000782e-01 9.472342637731629988e-01 4.698620325798493980e+00 9.472328136051403336e-01 4.698616817745409513e+00
5.572500000000000231e-01 9.479769031430872461e-01 4.698620311018396833e+00 9.479754567830999124e-01 4.698616817745409513e+00
5.577499999999999680e-01 9.487251064742283635e-01 4.698620295726198215e+00 9.487236641883652899e-01 4.698616817745409513e+00
5.582500000000000240e-01 9.494788259954909382e-01 4.698620279913098940e+00 9.494773880546317768e-01 4.698616817745409513e+00
5.587500000000000799e-01 9.502380135596062427e-01 4.698620263573879186e+00 9.502365802388792471e-01 4.698616817745409513e+00
5.592500000000000249e-01 9.510026206487564027e-01 4.698620246708097525e+00 9.510011922268373219e-01 4.698616817745409513e+00
5.597499999999999698e-01 9.517725983801138545e-01 4.698620229320085606e+00 9.517711751385200536e-01 4.698616817745409513e+00
5.602500000000000258e-01 9.525478975112962043e-01 4.698620211417680714e+00 9.525464797338274447e-01 4.698616817745409513e+00
5.607500000000000817e-01 9.533284684457812297e-01 4.698620193010093260e+00 9.533270564182193541e-01 4.698616817745409513e+00
5.612500000000000266e-01 9.541142612383675115e-01 4.698620174105545111e+00 9.541128552484560155e-01 4.698616817745409513e+00
5.617499999999999716e-01 9.549052256007533046e-01 4.698620154709360008e+00 9.549038259384095007e-01 4.698616817745409513e+00
5.622500000000000275e-01 9.557013109073020374e-01 4.698620134823026540e+00 9.556999178649416837e-01 4.698616817745409513e+00
5.627500000000000835e-01 9.565024662010301881e-01 4.698620114444468143e+00 9.565010800738499297e-01 4.698616817745409513e+00
5.632500000000000284e-01 9.573086401998039952e-01 4.698620093569382483e+00 9.573072612858811725e-01 4.698616817745409513e+00
5.637499999999999734e-01 9.581197813026770538e-01 4.698620072193228303e+00 9.581184099028128287e-01 4.698616817745409513e+00
5.642500000000000293e-01 9.589358375962999670e-01 4.698620050313256691e+00 9.589344740135986589e-01 4.698616817745409513e+00
5.647500000000000853e-01 9.597567568613327715e-01 4.698620027930047627e+00 9.597554014005816869e-01 4.698616817745409513e+00
5.652500000000000302e-01 9.605824865788172851e-01 4.698620005048125492e+00 9.605811395457715118e-01 4.698616817745409513e+00
5.657499999999999751e-01 9.614129739364797311e-01 4.698619981675600243e+00 9.614116356371849026e-01 4.698616817745409513e+00
5.662500000000000311e-01 9.622481658350028333e-01 4.698619957823035875e+00 9.622468365752525621e-01 4.698616817745409513e+00
5.667500000000000870e-01 9.630880088943162276e-01 4.698619933501970714e+00 9.630866889792867314e-01 4.698616817745409513e+00
5.672500000000000320e-01 9.639324494599691429e-01 4.698619908723568273e+00 9.639311391940096341e-01 4.698616817745409513e+00
5.677499999999999769e-01 9.647814336096244281e-01 4.698619883497763716e+00 9.647801332961460918e-01 4.698616817745409513e+00
5.682500000000000329e-01 9.656349071596908029e-01 4.698619857833126190e+00 9.656336171010742042e-01 4.698616817745409513e+00
5.687500000000000888e-01 9.664928156721044328e-01 4.698619831737315344e+00 9.664915361695344265e-01 4.698616817745409513e+00
5.692500000000000338e-01 9.673551044612085370e-01 4.698619805217865597e+00 9.673538358143993765e-01 4.698616817745409513e+00
5.697499999999999787e-01 9.682217186006703002e-01 4.698619778282912662e+00 9.682204611074980427e-01 4.698616817745409513e+00
5.702500000000000346e-01 9.690926029304200995e-01 4.698619750941600337e+00 9.690913568864980565e-01 4.698616817745409513e+00
5.707500000000000906e-01 9.699677020635960600e-01 4.698619723204069842e+00 9.699664677618412556e-01 4.698616817745409513e+00
5.712500000000000355e-01 9.708469603935062642e-01 4.698619695081191594e+00 9.708457381237324268e-01 4.698616817745409513e+00
5.717499999999999805e-01 9.717303221006465819e-01 4.698619666584348487e+00 9.717291121491837824e-01 4.698616817745409513e+00
5.722500000000000364e-01 9.726177311598038777e-01 4.698619637725493625e+00 9.726165338091061763e-01 4.698616817745409513e+00
5.727500000000000924e-01 9.735091313472615804e-01 4.698619608517578428e+00 9.735079468754520571e-01 4.698616817745409513e+00
5.732500000000000373e-01 9.744044662480726426e-01 4.698619578975185895e+00 9.744032949284067158e-01 4.698616817745409513e+00
5.737499999999999822e-01 9.753036792633678065e-01 4.698619549115043093e+00 9.753025213636274948e-01 4.698616817745409513e+00
5.742500000000000382e-01 9.762067136176475479e-01 4.698619518956094865e+00 9.762055693995260741e-01 4.698616817745409513e+00
5.747500000000000941e-01 9.771135123660357191e-01 4.698619488518956722e+00 9.771123820845961649e-01 4.698616817745409513e+00
5.752500000000000391e-01 9.780240184015401850e-01 4.698619457824951162e+00 9.780229023047831705e-01 4.698616817745409513e+00
5.757499999999999840e-01 9.789381744623106840e-01 4.698619426894947715e+00 9.789370727908959235e-01 4.698616817745409513e+00
5.762500000000000400e-01 9.798559231389617485e-01 4.698619395748400152e+00 9.798548361260566164e-01 4.698616817745409513e+00
5.767499999999999849e-01 9.807772068820087563e-01 4.698619364402903287e+00 9.807761347531854801e-01 4.698616817745409513e+00
5.772500000000000409e-01 9.817019680093996836e-01 4.698619332874313770e+00 9.817009109825284296e-01 4.698616817745409513e+00
5.777499999999999858e-01 9.826301487141533286e-01 4.698619301177434870e+00 9.826291069992094673e-01 4.698616817745409513e+00
5.782499999999999307e-01 9.835616910720692552e-01 4.698619269327011239e+00 9.835606648708248301e-01 4.698616817745409513e+00
5.787499999999999867e-01 9.844965370494777046e-01 4.698619237338787613e+00 9.844955265550596746e-01 4.698616817745409513e+00
5.792500000000000426e-01 9.854346285109899517e-01 4.698619205230395224e+00 9.854336339073377360e-01 4.698616817745409513e+00
5.797499999999999876e-01 9.863759072272370032e-01 4.698619173021841178e+00 9.863749286884966327e-01 4.698616817745409513e+00
5.802499999999999325e-01 9.873203148825597797e-01 4.698619140735551980e+00 9.873193525724881514e-01 4.698616817745409513e+00
5.807499999999999885e-01 9.882677930826698764e-01 4.698619108395942767e+00 9.882668471541009581e-01 4.698616817745409513e+00
5.812500000000000444e-01 9.892182833622829019e-01 4.698619076028656139e+00 9.892173539567036267e-01 4.698616817745409513e+00
5.817499999999999893e-01 9.901717271927696906e-01 4.698619043659711281e+00 9.901708144400076517e-01 4.698616817745409513e+00
5.822499999999999343e-01 9.911280659898219492e-01 4.698619011314747240e+00 9.911271700078465585e-01 4.698616817745409513e+00
5.827499999999999902e-01 9.920872411211698605e-01 4.698618979018540642e+00 9.920863620159704466e-01 4.698616817745409513e+00
5.832500000000000462e-01 9.930491939143416547e-01 4.698618946794752560e+00 9.930483317798508569e-01 4.698616817745409513e+00
5.837499999999999911e-01 9.940138656644645909e-01 4.698618914665869895e+00 9.940130205824991849e-01 4.698616817745409513e+00
5.842499999999999361e-01 9.949811976420624982e-01 4.698618882653142315e+00 9.949803696822907551e-01 4.698616817745409513e+00
5.847499999999999920e-01 9.959511311008487633e-01 4.698618850776462352e+00 9.959503203207971112e-01 4.698616817745409513e+00
5.852500000000000480e-01 9.969236072855303110e-01 4.698618819054260598e+00 9.969228137306205273e-01 4.698616817745409513e+00
5.857499999999999929e-01 9.978985674396412264e-01 4.698618787503528793e+00 9.978977911432289627e-01 4.698616817745409513e+00
5.862499999999999378e-01 9.988759528133959176e-01 4.698618756140157338e+00 9.988751937967962347e-01 4.698616817745409513e+00
5.867499999999999938e-01 9.998557046716067820e-01 4.698618724979713335e+00 9.998549629440316444e-01 4.698616817745409513e+00
5.872500000000000497e-01 1.000837764301620636e+00 4.698618694038492194e+00 1.000837039860009936e+00 4.698616817745409513e+00
5.877499999999999947e-01 1.001822073021272796e+00 4.698618663334635848e+00 1.001821365849991263e+00 4.698616817745409513e+00
5.882499999999999396e-01 1.002808572186760117e+00 4.698618632888839741e+00 1.002807882257232386e+00 4.698616817745409513e+00
5.887499999999999956e-01 1.003797203200421206e+00 4.698618602724387472e+00 1.003796530470786541e+00 4.698616817745409513e+00
5.892500000000000515e-01 1.004787907518414292e+00 4.698618572866401166e+00 1.004787251933285441e+00 4.698616817745409513e+00
5.897499999999999964e-01 1.005780626658278054e+00 4.698618543340387532e+00 1.005779988148709503e+00 4.698616817745409513e+00
5.902499999999999414e-01 1.006775302206445399e+00 4.698618514170538774e+00 1.006774680690135426e+00 4.698616817745409513e+00
5.907499999999999973e-01 1.007771875825749675e+00 4.698618485378233345e+00 1.007771271207462904e+00 4.698616817745409513e+00
5.912500000000000533e-01 1.008770289263009268e+00 4.698618456981232150e+00 1.008769701435118904e+00 4.698616817745409513e+00
5.917499999999999982e-01 1.009770484356698805e+00 4.698618428993785123e+00 1.009769913199733082e+00 4.698616817745409513e+00
5.922499999999999432e-01 1.010772403044691625e+00 4.698618401427530067e+00 1.010771848427788777e+00 4.698616817745409513e+00
5.927499999999999991e-01 1.011775987372034669e+00 4.698618374292930611e+00 1.011775449153239359e+00 4.698616817745409513e+00
5.932500000000000551e-01 1.012781179498700723e+00 4.698618347600681311e+00 1.012780657525090611e+00 4.698616817745409513e+00
5.937500000000000000e-01 1.013787921707239637e+00 4.698618321362610928e+00 1.013787415814952242e+00 4.698616817745409513e+00
5.942499999999999449e-01 1.014796156410282979e+00 4.698618295591800553e+00 1.014795666424547216e+00 4.698616817745409513e+00
5.947500000000000009e-01 1.015805826157905489e+00 4.698618270301896160e+00 1.015805351893181330e+00 4.698616817745409513e+00
5.952500000000000568e-01 1.016816873644881936e+00 4.698618245505911339e+00 1.016816414905170829e+00 4.698616817745409513e+00
5.957500000000000018e-01 1.017829241717902011e+00 4.698618221215010493e+00 1.017828798297224058e+00 4.698616817745409513e+00
5.962499999999999467e-01 1.018842873382793224e+00 4.698618197437729904e+00 1.018842445065778257e+00 4.698616817745409513e+00
5.967500000000000027e-01 1.019857711811784862e+00 4.698618174180019480e+00 1.019857298374282184e+00 4.698616817745409513e+00
5.972500000000000586e-01 1.020873700350845015e+00 4.698618151446140701e+00 1.020873301560430102e+00 4.698616817745409513e+00
5.977500000000000036e-01 1.021890782527049346e+00 4.698618129240123231e+00 1.021890398143339374e+00 4.698616817745409513e+00
5.982499999999999485e-01 1.022908902055871927e+00 4.698618107567225977e+00 1.022908531830674095e+00 4.698616817745409513e+00
5.987500000000000044e-01 1.023928002848343066e+00 4.698618086434784402e+00 1.023927646525706558e+00 4.698616817745409513e+00
5.992500000000000604e-01 1.024948029018034834e+00 4.698618065852151027e+00 1.024947686334320096e+00 4.698616817745409513e+00
5.997500000000000053e-01 1.025968924887872724e+00 4.698618045829709544e+00 1.025968595571946196e+00 4.698616817745409513e+00
6.002499999999999503e-01 1.026990634996801433e+00 4.698618026377342716e+00 1.026990318770439226e+00 4.698616817745409513e+00
6.007500000000000062e-01 1.028013104106375586e+00 4.698618007502850524e+00 1.028012800684880323e+00 4.698616817745409513e+00
6.012500000000000622e-01 1.029036277207356687e+00 4.698617989210877255e+00 1.029035986300313565e+00 4.698616817745409513e+00
6.017500000000000071e-01 1.030060099526331818e+00 4.698617971502596191e+00 1.030059820838408191e+00 4.698616817745409513e+00
6.022499999999999520e-01 1.031084516532360551e+00 4.698617954376157257e+00 1.031084249764049554e+00 4.698616817745409513e+00
6.027500000000000080e-01 1.032109473943592093e+00 4.698617937827560986e+00 1.032109218791851912e+00 4.698616817745409513e+00
6.032500000000000639e-01 1.033134917733820490e+00 4.698617921851618640e+00 1.033134673892591060e+00 4.698616817745409513e+00
6.037500000000000089e-01 1.034160794138950568e+00 4.698617906442713377e+00 1.034160561299562575e+00 4.698616817745409513e+00
6.042499999999999538e-01 1.035187049663322867e+00 4.698617891595199936e+00 1.035186827514853691e+00 4.698616817745409513e+00
6.047500000000000098e-01 1.036213631085904918e+00 4.698617877303494339e+00 1.036213419315529682e+00 4.698616817745409513e+00
6.052500000000000657e-01 1.037240485466395468e+00 4.698617863562027708e+00 1.037240283759740089e+00 4.698616817745409513e+00
6.057500000000000107e-01 1.038267560151248770e+00 4.698617850365197413e+00 1.038267368192730133e+00 4.698616817745409513e+00
6.062499999999999556e-01 1.039294802779604510e+00 4.698617837707477207e+00 1.039294620252770196e+00 4.698616817745409513e+00
6.067500000000000115e-01 1.040322161289162439e+00 4.698617825583642826e+00 1.040321987876985821e+00 4.698616817745409513e+00
6.072500000000000675e-01 1.041349583921973965e+00 4.698617813989064196e+00 1.041349419307101121e+00 4.698616817745409513e+00
6.077500000000000124e-01 1.042377019230115831e+00 4.698617802919891062e+00 1.042376863095084483e+00 4.698616817745409513e+00
6.082499999999999574e-01 1.043404416081235020e+00 4.698617792372960622e+00 1.043404268108697686e+00 4.698616817745409513e+00
6.087500000000000133e-01 1.044431723663950207e+00 4.698617782345356986e+00 1.044431583536947539e+00 4.698616817745409513e+00
6.092500000000000693e-01 1.045458891493113107e+00 4.698617772833625139e+00 1.045458758895438711e+00 4.698616817745409513e+00
6.097500000000000142e-01 1.046485869414938152e+00 4.698617763832733552e+00 1.046485744031624421e+00 4.698616817745409513e+00
6.102499999999999591e-01 1.047512607612030466e+00 4.698617755335122936e+00 1.047512489129952984e+00 4.698616817745409513e+00
6.107500000000000151e-01 1.048539056608369213e+00 4.698617747330160022e+00 1.048538944716916221e+00 4.698616817745409513e+00
6.112500000000000711e-01 1.049565167274283173e+00 4.698617739804324955e+00 1.049565061665983956e+00 4.698616817745409513e+00
6.117500000000000160e-01 1.050590890831428759e+00 4.698617732742241593e+00 1.050590791202438590e+00 4.698616817745409513e+00
6.122499999999999609e-01 1.051616178857743833e+00 4.698617726128365923e+00 1.051616084908099991e+00 4.698616817745409513e+00
6.127500000000000169e-01 1.052640983292312260e+00 4.698617719948835258e+00 1.052640894725939802e+00 4.698616817745409513e+00
6.132500000000000728e-01 1.053665256440067699e+00 4.698617714192896422e+00 1.053665172964586727e+00 4.698616817745409513e+00
6.137500000000000178e-01 1.054688950976261141e+00 4.698617708853335628e+00 1.054688872302718128e+00 4.698616817745409513e+00
6.142499999999999627e-01 1.055712019950642455e+00 4.698617703925680011e+00 1.055711945793345263e+00 4.698616817745409513e+00
6.147500000000000187e-01 1.056734416791399234e+00 4.698617699406318238e+00 1.056734346867976404e+00 4.698616817745409513e+00
6.152500000000000746e-01 1.057756095308892696e+00 4.698617695290043805e+00 1.057756029340672255e+00 4.698616817745409513e+00
6.157500000000000195e-01 1.058777009699334748e+00 4.698617691567866572e+00 1.058776947411982361e+00 4.698616817745409513e+00
6.162499999999999645e-01 1.059797114548450603e+00 4.698617688225765754e+00 1.059797055672768051e+00 4.698616817745409513e+00
6.167500000000000204e-01 1.060816364835218684e+00 4.698617685244919073e+00 1.060816309107906363e+00 4.698616817745409513e+00
6.172500000000000764e-01 1.061834715935694451e+00 4.698617682603442702e+00 1.061834663099874954e+00 4.698616817745409513e+00
6.177500000000000213e-01 1.062852123626868872e+00 4.698617680279220110e+00 1.062852073432223543e+00 4.698616817745409513e+00
6.182499999999999662e-01 1.063868544090429191e+00 4.698617678253039998e+00 1.063868496292921462e+00 4.698616817745409513e+00
6.187500000000000222e-01 1.064883933916326519e+00 4.698617676511125829e+00 1.064883888277588397e+00 4.698616817745409513e+00
6.192500000000000782e-01 1.065898250106062095e+00 4.698617675046302011e+00 1.065898206392602576e+00 4.698616817745409513e+00
6.197500000000000231e-01 1.066911450075615164e+00 4.698617673857482302e+00 1.066911408058091704e+00 4.698616817745409513e+00
6.202499999999999680e-01 1.067923491658048896e+00 4.698617672947587920e+00 1.067923451110800226e+00 4.698616817745409513e+00
6.207500000000000240e-01 1.068934333105856949e+00 4.698617672320446914e+00 1.068934293806836910e+00 4.698616817745409513e+00
6.212500000000000799e-01 1.069943933093170152e+00 4.698617671977550536e+00 1.069943894824299635e+00 4.698616817745409513e+00
6.217500000000000249e-01 1.070952250717947418e+00 4.698617671915497063e+00 1.070952213265778052e+00 4.698616817745409513e+00
6.222499999999999698e-01 1.071959245504203295e+00 4.698617672124827394e+00 1.071959208660738350e+00 4.698616817745409513e+00
6.227500000000000258e-01 1.072964877404321005e+00 4.698617672590469141e+00 1.072964840967779887e+00 4.698616817745409513e+00
6.232500000000000817e-01 1.073969106801451634e+00 4.698617673293558283e+00 1.073969070576773488e+00 4.698616817745409513e+00
6.237500000000000266e-01 1.074971894511867809e+00 4.698617674213982021e+00 1.074971858310875605e+00 4.698616817745409513e+00
6.242499999999999716e-01 1.075973201787182587e+00 4.698617675332867449e+00 1.075973165428423917e+00 4.698616817745409513e+00
6.247500000000000275e-01 1.076972990316355627e+00 4.698617676634329499e+00 1.076972953624707241e+00 4.698616817745409513e+00
6.252500000000000835e-01 1.077971222227439796e+00 4.698617678106144169e+00 1.077971185033612445e+00 4.698616817745409513e+00
6.257500000000000284e-01 1.078967860089071973e+00 4.698617679739378161e+00 1.078967822229155216e+00 4.698616817745409513e+00
6.262499999999999734e-01 1.079962866911739594e+00 4.698617681527359480e+00 1.079962828226885163e+00 4.698616817745409513e+00
6.267500000000000293e-01 1.080956206148918630e+00 4.698617683464506811e+00 1.080956166485169900e+00 4.698616817745409513e+00
6.272500000000000853e-01 1.081947841698132073e+00 4.698617685545425360e+00 1.081947800906359891e+00 4.698616817745409513e+00
6.277500000000000302e-01 1.082937737901947584e+00 4.698617687764533812e+00 1.082937695837833392e+00 4.698616817745409513e+00
6.282499999999999751e-01 1.083925859548921844e+00 4.698617690116194012e+00 1.083925816072919490e+00 4.698616817745409513e+00
6.287500000000000311e-01 1.084912171874455433e+00 4.698617692595115081e+00 1.084912126851703018e+00 4.698616817745409513e+00
6.292500000000000870e-01 1.085896640561526016e+00 4.698617695196700694e+00 1.085896593861710446e+00 4.698616817745409513e+00
6.297500000000000320e-01 1.086879231741278984e+00 4.698617697917078395e+00 1.086879183238478763e+00 4.698616817745409513e+00
6.302499999999999769e-01 1.087859911993412698e+00 4.698617700752666160e+00 1.087859861566004671e+00 4.698616817745409513e+00
6.307500000000000329e-01 1.088838648346400761e+00 4.698617703699351722e+00 1.088838595877079207e+00 4.698616817745409513e+00
6.312500000000000888e-01 1.089815408277594821e+00 4.698617706751584855e+00 1.089815353653503571e+00 4.698616817745409513e+00
6.317500000000000338e-01 1.090790159713260543e+00 4.698617709901744988e+00 1.090790102826192820e+00 4.698616817745409513e+00
6.322499999999999787e-01 1.091762871028555626e+00 4.698617713140087915e+00 1.091762811775163433e+00 4.698616817745409513e+00
6.327500000000000346e-01 1.092733511047465189e+00 4.698617716455396831e+00 1.092733449329407636e+00 4.698616817745409513e+00
6.332500000000000906e-01 1.093702049042746705e+00 4.698617719836217788e+00 1.093701984766653812e+00 4.698616817745409513e+00
6.337500000000000355e-01 1.094668454735777674e+00 4.698617723272302982e+00 1.094668387813017896e+00 4.698616817745409513e+00
6.342499999999999805e-01 1.095632698296241880e+00 4.698617726755723645e+00 1.095632628642543516e+00 4.698616817745409513e+00
6.347500000000000364e-01 1.096594750341602698e+00 4.698617730281274163e+00 1.096594677876628898e+00 4.698616817745409513e+00
6.352500000000000924e-01 1.097554581936363016e+00 4.698617733845993349e+00 1.097554506583350742e+00 4.698616817745409513e+00
6.357500000000000373e-01 1.098512164591138651e+00 4.698617737448012477e+00 1.098512086276676625e+00 4.698616817745409513e+00
6.362499999999999822e-01 1.099467470261580981e+00 4.698617741085149291e+00 1.099467388915574384e+00 4.698616817745409513e+00
6.367500000000000382e-01 1.100420471347223206e+00 4.698617744753860848e+00 1.100420386903012027e+00 4.698616817745409513e+00
6.372500000000000941e-01 1.101371140690345474e+00 4.698617748448887355e+00 1.101371053084859275e+00 4.698616817745409513e+00
6.377500000000000391e-01 1.102319451574843345e+00 4.698617752163799288e+00 1.102319360748681421e+00 4.698616817745409513e+00
6.382499999999999840e-01 1.103265377725078711e+00 4.698617755892139591e+00 1.103265283622435700e+00 4.698616817745409513e+00
6.387500000000000400e-01 1.104208893304620798e+00 4.698617759628739066e+00 1.104208795873065974e+00 4.698616817745409513e+00
6.392500000000000959e-01 1.105149972914903245e+00 4.698617763370684486e+00 1.105149872104999265e+00 4.698616817745409513e+00
6.397500000000000409e-01 1.106088591593638482e+00 4.698617767117511335e+00 1.106088487358543926e+00 4.698616817745409513e+00
6.402499999999999858e-01 1.107024724813034489e+00 4.698617770870567867e+00 1.107024617108194553e+00 4.698616817745409513e+00
6.407499999999999307e-01 1.107958348477832144e+00 4.698617774631786759e+00 1.107958237260838752e+00 4.698616817745409513e+00
6.412499999999999867e-01 1.108889438923248871e+00 4.698617778402268463e+00 1.108889324153876199e+00 4.698616817745409513e+00
6.417500000000000426e-01 1.109817972912856332e+00 4.698617782181234048e+00 1.109817854553240224e+00 4.698616817745409513e+00
6.422499999999999876e-01 1.110743927636451467e+00 4.698617785965653049e+00 1.110743805651333016e+00 4.698616817745409513e+00
6.427499999999999325e-01 1.111667280707983041e+00 4.698617789750664464e+00 1.111667155064873791e+00 4.698616817745409513e+00
6.432499999999999885e-01 1.112588010163423125e+00 4.698617793530646125e+00 1.112587880832656140e+00 4.698616817745409513e+00
6.437500000000000444e-01 1.113506094458623030e+00 4.698617797300453702e+00 1.113505961413221446e+00 4.698616817745409513e+00
6.442499999999999893e-01 1.114421512467032249e+00 4.698617801056355958e+00 1.114421375682450810e+00 4.698616817745409513e+00
6.447499999999999343e-01 1.115334243477234200e+00 4.698617804796327846e+00 1.115334102931072602e+00 4.698616817745409513e+00
6.452499999999999902e-01 1.116244267190291239e+00 4.698617808519506056e+00 1.116244122862088739e+00 4.698616817745409513e+00
6.457500000000000462e-01 1.117151563716959117e+00 4.698617812225094781e+00 1.117151415588124808e+00 4.698616817745409513e+00
6.462499999999999911e-01 1.118056113574793731e+00 4.698617815911140028e+00 1.118055961628700024e+00 4.698616817745409513e+00
6.467499999999999361e-01 1.118957897685247449e+00 4.698617819573753351e+00 1.118957741907423697e+00 4.698616817745409513e+00
6.472499999999999920e-01 1.119856897370784088e+00 4.698617823207193567e+00 1.119856737749116871e+00 4.698616817745409513e+00
6.477500000000000480e-01 1.120753094352070489e+00 4.698617826804920128e+00 1.120752930876861120e+00 4.698616817745409513e+00
6.482499999999999929e-01 1.121646470745202517e+00 4.698617830361305536e+00 1.121646303408977641e+00 4.698616817745409513e+00
6.487499999999999378e-01 1.122537009058835134e+00 4.698617833873447225e+00 1.122536837855937053e+00 4.698616817745409513e+00
6.492499999999999938e-01 1.123424692191189456e+00 4.698617837342425219e+00 1.123424517117202592e+00 4.698616817745409513e+00
6.497500000000000497e-01 1.124309503426857315e+00 4.698617840773486876e+00 1.124309324478005578e+00 4.698616817745409513e+00
6.502499999999999947e-01 1.125191426433385766e+00 4.698617844174941993e+00 1.125191243606058933e+00 4.698616817745409513e+00
6.507499999999999396e-01 1.126070445257616681e+00 4.698617847556025851e+00 1.126070258548210745e+00 4.698616817745409513e+00
6.512499999999999956e-01 1.126946544321939303e+00 4.698617850924243555e+00 1.126946353727031003e+00 4.698616817745409513e+00
6.517500000000000515e-01 1.127819708420487954e+00 4.698617854282947093e+00 1.127819513937345475e+00 4.698616817745409513e+00
6.522499999999999964e-01 1.128689922715416127e+00 4.698617857629860950e+00 1.128689724342710976e+00 4.698616817745409513e+00
6.527499999999999414e-01 1.129557172733307358e+00 4.698617860956980863e+00 1.129556970471833788e+00 4.698616817745409513e+00
6.532499999999999973e-01 1.130421444361719319e+00 4.698617864251918519e+00 1.130421238214936785e+00 4.698616817745409513e+00
6.537500000000000533e-01 1.131282723845813631e+00 4.698617867500372469e+00 1.131282513820071278e+00 4.698616817745409513e+00
6.542499999999999982e-01 1.132140997785033187e+00 4.698617870689096421e+00 1.132140783889383107e+00 4.698616817745409513e+00
6.547499999999999432e-01 1.132996253129679110e+00 4.698617873808647261e+00 1.132996035375327226e+00 4.698616817745409513e+00
6.552499999999999991e-01 1.133848477177300973e+00 4.698617876855159636e+00 1.133848255576835440e+00 4.698616817745409513e+00
6.557500000000000551e-01 1.134697657568888518e+00 4.698617879830801591e+00 1.134697432135440831e+00 4.698616817745409513e+00
6.562500000000000000e-01 1.135543782284838210e+00 4.698617882742826879e+00 1.135543553031356012e+00 4.698616817745409513e+00
6.567499999999999449e-01 1.136386839640711077e+00 4.698617885601565902e+00 1.136386606579513625e+00 4.698616817745409513e+00
6.572500000000000009e-01 1.137226818282895735e+00 4.698617888417963684e+00 1.137226581425560656e+00 4.698616817745409513e+00
6.577500000000000568e-01 1.138063707184282070e+00 4.698617891201401164e+00 1.138063466541822555e+00 4.698616817745409513e+00
6.582500000000000018e-01 1.138897495640000201e+00 4.698617893958287439e+00 1.138897251223220719e+00 4.698616817745409513e+00
6.587499999999999467e-01 1.139728173263249600e+00 4.698617896691708928e+00 1.139727925083162674e+00 4.698616817745409513e+00
6.592500000000000027e-01 1.140555729981216793e+00 4.698617899401943632e+00 1.140555478049396276e+00 4.698616817745409513e+00
6.597500000000000586e-01 1.141380156031035487e+00 4.698617902087496745e+00 1.141379900359828836e+00 4.698616817745409513e+00
6.602500000000000036e-01 1.142201441955717822e+00 4.698617904746091867e+00 1.142201182558319594e+00 4.698616817745409513e+00
6.607499999999999485e-01 1.143019578599996366e+00 4.698617907375241209e+00 1.143019315490442001e+00 4.698616817745409513e+00
6.612500000000000044e-01 1.143834557106039096e+00 4.698617909972266027e+00 1.143834290299219125e+00 4.698616817745409513e+00
6.617500000000000604e-01 1.144646368909125744e+00 4.698617912533913810e+00 1.144646098420831315e+00 4.698616817745409513e+00
6.622500000000000053e-01 1.145455005733273524e+00 4.698617915055914196e+00 1.145454731580301422e+00 4.698616817745409513e+00
6.627499999999999503e-01 1.146260459586880831e+00 4.698617917532919463e+00 1.146260181787158938e+00 4.698616817745409513e+00
6.632500000000000062e-01 1.147062722758448228e+00 4.698617919959145794e+00 1.147062441331077931e+00 4.698616817745409513e+00
6.637500000000000622e-01 1.147861787812378243e+00 4.698617922329685115e+00 1.147861502777499210e+00 4.698616817745409513e+00
6.642500000000000071e-01 1.148657647584817809e+00 4.698617924642211285e+00 1.148657358963234731e+00 4.698616817745409513e+00
6.647499999999999520e-01 1.149450295179446080e+00 4.698617926898487340e+00 1.149450002992050468e+00 4.698616817745409513e+00
6.652500000000000080e-01 1.150239723963113914e+00 4.698617929104993429e+00 1.150239428230238392e+00 4.698616817745409513e+00
6.657500000000000639e-01 1.151025927561301510e+00 4.698617931272188741e+00 1.151025628302172699e+00 4.698616817745409513e+00
6.662500000000000089e-01 1.151808899853381973e+00 4.698617933412308822e+00 1.151808597085853147e+00 4.698616817745409513e+00
6.667499999999999538e-01 1.152588634967715686e+00 4.698617935536138823e+00 1.152588328708437082e+00 4.698616817745409513e+00
6.672500000000000098e-01 1.153365127276703372e+00 4.698617937649683718e+00 1.153364817541761678e+00 4.698616817745409513e+00
6.677500000000000657e-01 1.154138371392001927e+00 4.698617939751837724e+00 1.154138058197857086e+00 4.698616817745409513e+00
6.682500000000000107e-01 1.154908362159975166e+00 4.698617941833957090e+00 1.154908045524452920e+00 4.698616817745409513e+00
6.687499999999999556e-01 1.155675094657445001e+00 4.698617943881698622e+00 1.155674774600477628e+00 4.698616817745409513e+00
6.692500000000000115e-01 1.156438564187652673e+00 4.698617945878697633e+00 1.156438240731554323e+00 4.698616817745409513e+00
6.697500000000000675e-01 1.157198766276354096e+00 4.698617947810993734e+00 1.157198439445491056e+00 4.698616817745409513e+00
6.702500000000000124e-01 1.157955696667850809e+00 4.698617949670870431e+00 1.157955366487769977e+00 4.698616817745409513e+00
6.707499999999999574e-01 1.158709351320719394e+00 4.698617951458816222e+00 1.158709017817035392e+00 4.698616817745409513e+00
6.712500000000000133e-01 1.159459726403230695e+00 4.698617953183034324e+00 1.159459389600580037e+00 4.698616817745409513e+00
6.717500000000000693e-01 1.160206818288481267e+00 4.698617954856739054e+00 1.160206478209835801e+00 4.698616817745409513e+00
6.722500000000000142e-01 1.160950623549370508e+00 4.698617956494248737e+00 1.160950280215860886e+00 4.698616817745409513e+00
6.727499999999999591e-01 1.161691138953564906e+00 4.698617958107222492e+00 1.161690792384836968e+00 4.698616817745409513e+00
6.732500000000000151e-01 1.162428361458688553e+00 4.698617959702356295e+00 1.162428011673565242e+00 4.698616817745409513e+00
6.737500000000000711e-01 1.163162288207793438e+00 4.698617961281090771e+00 1.163161935224970023e+00 4.698616817745409513e+00
6.742500000000000160e-01 1.163892916525087529e+00 4.698617962841163731e+00 1.163892560363608331e+00 4.698616817745409513e+00
6.747499999999999609e-01 1.164620243911779873e+00 4.698617964379158352e+00 1.164619884591188592e+00 4.698616817745409513e+00
6.752500000000000169e-01 1.165344268041914821e+00 4.698617965892859516e+00 1.165343905582093331e+00 4.698616817745409513e+00
6.757500000000000728e-01 1.166064986758078570e+00 4.698617967382435978e+00 1.166064621178916072e+00 4.698616817745409513e+00
6.762500000000000178e-01 1.166782398066892767e+00 4.698617968850017590e+00 1.166782029388003572e+00 4.698616817745409513e+00
6.767499999999999627e-01 1.167496500134332704e+00 4.698617970297974011e+00 1.167496128375014264e+00 4.698616817745409513e+00
6.772500000000000187e-01 1.168207291280991100e+00 4.698617971726715581e+00 1.168206916460484690e+00 4.698616817745409513e+00
6.777500000000000746e-01 1.168914769977446699e+00 4.698617973133133674e+00 1.168914392115409928e+00 4.698616817745409513e+00
6.782500000000000195e-01 1.169618934839849134e+00 4.698617974510453266e+00 1.169618553956837559e+00 4.698616817745409513e+00
6.787499999999999645e-01 1.170319784625728499e+00 4.698617975849725070e+00 1.170319400743476512e+00 4.698616817745409513e+00
6.792500000000000204e-01 1.171017318229961246e+00 4.698617977142475866e+00 1.171016931371322123e+00 4.698616817745409513e+00
6.797500000000000764e-01 1.171711534680789590e+00 4.698617978383480498e+00 1.171711144869293619e+00 4.698616817745409513e+00
6.802500000000000213e-01 1.172402433135733224e+00 4.698617979572581760e+00 1.172402040394890932e+00 4.698616817745409513e+00
6.807499999999999662e-01 1.173090012877285426e+00 4.698617980714846709e+00 1.173089617229870818e+00 4.698616817745409513e+00
6.812500000000000222e-01 1.173774273308378246e+00 4.698617981818948408e+00 1.173773874775936088e+00 4.698616817745409513e+00
6.817500000000000782e-01 1.174455213947713350e+00 4.698617982894474743e+00 1.174454812550447702e+00 4.698616817745409513e+00
6.822500000000000231e-01 1.175132834425171913e+00 4.698617983949255006e+00 1.175132430182153076e+00 4.698616817745409513e+00
6.827499999999999680e-01 1.175807134477318883e+00 4.698617984987761176e+00 1.175806727406939922e+00 4.698616817745409513e+00
6.832500000000000240e-01 1.176478113943187687e+00 4.698617986011194958e+00 1.176477704063603191e+00 4.698616817745409513e+00
6.837500000000000799e-01 1.177145772760283426e+00 4.698617987019071407e+00 1.177145360089637771e+00 4.698616817745409513e+00
6.842500000000000249e-01 1.177810110960714862e+00 4.698617988011486446e+00 1.177809695517054722e+00 4.698616817745409513e+00
6.847499999999999698e-01 1.178471128667275547e+00 4.698617988990954508e+00 1.178470710468213500e+00 4.698616817745409513e+00
6.852500000000000258e-01 1.179128826089347548e+00 4.698617989962790453e+00 1.179128405151683268e+00 4.698616817745409513e+00
6.857500000000000817e-01 1.179783203518589341e+00 4.698617990933721345e+00 1.179782779858123964e+00 4.698616817745409513e+00
6.862500000000000266e-01 1.180434261324490031e+00 4.698617991909109115e+00 1.180433834956192030e+00 4.698616817745409513e+00
6.867499999999999716e-01 1.181081999949872285e+00 4.698617992889880135e+00 1.181081570888470988e+00 4.698616817745409513e+00
6.872500000000000275e-01 1.181726419906541592e+00 4.698617993870429999e+00 1.181725988167425134e+00 4.698616817745409513e+00
6.877500000000000835e-01 1.182367521771270802e+00 4.698617994838512502e+00 1.182367087371379633e+00 4.698616817745409513e+00
6.882500000000000284e-01 1.183005306182107086e+00 4.698617995777415679e+00 1.183004869140525717e+00 4.698616817745409513e+00
6.887499999999999734e-01 1.183639773834917364e+00 4.698617996669887553e+00 1.183639334172951196e+00 4.698616817745409513e+00
6.892500000000000293e-01 1.184270925480049419e+00 4.698617997502610777e+00 1.184270483220698500e+00 4.698616817745409513e+00
6.897500000000000853e-01 1.184898761918918186e+00 4.698617998269790874e+00 1.184898317085845587e+00 4.698616817745409513e+00
6.902500000000000302e-01 1.185523284000310262e+00 4.698617998974695453e+00 1.185522836616619058e+00 4.698616817745409513e+00
6.907499999999999751e-01 1.186144492616410862e+00 4.698617999628641684e+00 1.186144042703530355e+00 4.698616817745409513e+00
6.912500000000000311e-01 1.186762388698492598e+00 4.698618000247743787e+00 1.186761936275539941e+00 4.698616817745409513e+00
6.917500000000000870e-01 1.187376973212521003e+00 4.698618000848538756e+00 1.187376518296249461e+00 4.698616817745409513e+00
6.922500000000000320e-01 1.187988247154840415e+00 4.698618001443844783e+00 1.187987789760123425e+00 4.698616817745409513e+00
6.927499999999999769e-01 1.188596211548032855e+00 4.698618002040107378e+00 1.188595751688736435e+00 4.698616817745409513e+00
6.932500000000000329e-01 1.189200867437134601e+00 4.698618002636850477e+00 1.189200405127049276e+00 4.698616817745409513e+00
6.937500000000000888e-01 1.189802215886120340e+00 4.698618003228090423e+00 1.189801751139714536e+00 4.698616817745409513e+00
6.942500000000000338e-01 1.190400257974616238e+00 4.698618003805012933e+00 1.190399790807410429e+00 4.698616817745409513e+00
6.947499999999999787e-01 1.190994994794654982e+00 4.698618004358920075e+00 1.190994525223202816e+00 4.698616817745409513e+00
6.952500000000000346e-01 1.191586427447357766e+00 4.698618004883471144e+00 1.191585955488936976e+00 4.698616817745409513e+00
6.957500000000000906e-01 1.192174557039515914e+00 4.698618005375731599e+00 1.192174082711658034e+00 4.698616817745409513e+00
6.962500000000000355e-01 1.192759384679997092e+00 4.698618005835916378e+00 1.192758908000060680e+00 4.698616817745409513e+00
6.967499999999999805e-01 1.193340911476066690e+00 4.698618006266152669e+00 1.193340432460969547e+00 4.698616817745409513e+00
6.972500000000000364e-01 1.193919138529657920e+00 4.698618006668805691e+00 1.193918657195844890e+00 4.698616817745409513e+00
6.977500000000000924e-01 1.194494066933702969e+00 4.698618007044986555e+00 1.194493583297323358e+00 4.698616817745409513e+00
6.982500000000000373e-01 1.195065697768611823e+00 4.698618007393810636e+00 1.195065211845783626e+00 4.698616817745409513e+00
6.987499999999999822e-01 1.195634032098919608e+00 4.698618007712723532e+00 1.195633543905946006e+00 4.698616817745409513e+00
6.992500000000000382e-01 1.196199070970042300e+00 4.698618007998653034e+00 1.196198580523496036e+00 4.698616817745409513e+00
6.997500000000000941e-01 1.196760815405141454e+00 4.698618008249436429e+00 1.196760322721742709e+00 4.698616817745409513e+00
7.002500000000000391e-01 1.197319266401953630e+00 4.698618008464823248e+00 1.197318771498305123e+00 4.698616817745409513e+00
7.007499999999999840e-01 1.197874424929550763e+00 4.698618008646779032e+00 1.197873927821827555e+00 4.698616817745409513e+00
7.012500000000000400e-01 1.198426291925059228e+00 4.698618008799368084e+00 1.198425792628724285e+00 4.698616817745409513e+00
7.017500000000000959e-01 1.198974868290409335e+00 4.698618008928602485e+00 1.198974366819956172e+00 4.698616817745409513e+00
7.022500000000000409e-01 1.199520154889093471e+00 4.698618009041993560e+00 1.199519651257834107e+00 4.698616817745409513e+00
7.027499999999999858e-01 1.200062152542747285e+00 4.698618009146676044e+00 1.200061646762855094e+00 4.698616817745409513e+00
7.032500000000000417e-01 1.200600862027373594e+00 4.698618009244915683e+00 1.200600354110564094e+00 4.698616817745409513e+00
7.037499999999999867e-01 1.201136284069408866e+00 4.698618009327848455e+00 1.201135774028449399e+00 4.698616817745409513e+00
7.042500000000000426e-01 1.201668419342097227e+00 4.698618009371353210e+00 1.201667907192864204e+00 4.698616817745409513e+00
7.047499999999999876e-01 1.202197268462876556e+00 4.698618009339529777e+00 1.202196754225979047e+00 4.698616817745409513e+00
7.052499999999999325e-01 1.202722831992329322e+00 4.698618009199067025e+00 1.202722315692765331e+00 4.698616817745409513e+00
7.057499999999999885e-01 1.203245110434207454e+00 4.698618008941210178e+00 1.203244592098002608e+00 4.698616817745409513e+00
7.062500000000000444e-01 1.203764104235007348e+00 4.698618008600609741e+00 1.203763583883321608e+00 4.698616817745409513e+00
7.067499999999999893e-01 1.204279813781350850e+00 4.698618008257285261e+00 1.204279291424271259e+00 4.698616817745409513e+00
7.072499999999999343e-01 1.204792239393965403e+00 4.698618008013838221e+00 1.204791715027417442e+00 4.698616817745409513e+00
7.077499999999999902e-01 1.205301381318825360e+00 4.698618007951839814e+00 1.205300854927468857e+00 4.698616817745409513e+00
7.082500000000000462e-01 1.205807239717829438e+00 4.698618008083981223e+00 1.205806711284433508e+00 4.698616817745409513e+00
7.087499999999999911e-01 1.206309814662357427e+00 4.698618008327416717e+00 1.206309284180801411e+00 4.698616817745409513e+00
7.092499999999999361e-01 1.206809106132586740e+00 4.698618008519538591e+00 1.206808573618757263e+00 4.698616817745409513e+00
7.097499999999999920e-01 1.207305114023246029e+00 4.698618008480307751e+00 1.207304579517420873e+00 4.698616817745409513e+00
7.102500000000000480e-01 1.207797838154394121e+00 4.698618008111207445e+00 1.207797301710117122e+00 4.698616817745409513e+00
7.107499999999999929e-01 1.208287278283009636e+00 4.698618007501022653e+00 1.208286739941670573e+00 4.698616817745409513e+00
7.112499999999999378e-01 1.208773434108511236e+00 4.698618006984921713e+00 1.208772893865732057e+00 4.698616817745409513e+00
7.117499999999999938e-01 1.209256305270549836e+00 4.698618007146110997e+00 1.209255763042131449e+00 4.698616817745409513e+00
7.122500000000000497e-01 1.209735891349905001e+00 4.698618008841322080e+00 1.209735346934255107e+00 4.698616817745409513e+00
7.127499999999999947e-01 1.210212191892249045e+00 4.698618013391801185e+00 1.210211644906456163e+00 4.698616817745409513e+00
7.132499999999999396e-01 1.210685206479311660e+00 4.698618023120839204e+00 1.210684656221487021e+00 4.698616817745409513e+00
7.137499999999999956e-01 1.211154934876668809e+00 4.698618042454226540e+00 1.211154380037964273e+00 4.698616817745409513e+00
7.142500000000000515e-01 1.211621377308829128e+00 4.698618080018128751e+00 1.211620815407853824e+00 4.698616817745409513e+00
7.147499999999999964e-01 1.212084534999703589e+00 4.698618152601296671e+00 1.212083961273989541e+00 4.698616817745409513e+00
7.152499999999999414e-01 1.212544411190085381e+00 4.698618292455833512e+00 1.212543816467614777e+00 4.698616817745409513e+00
7.157499999999999973e-01 1.213001012936899325e+00 4.698618560591754090e+00 1.213000379705950982e+00 4.698616817745409513e+00
7.162500000000000533e-01 1.213454354434456484e+00 4.698619071175740736e+00 1.213453649589792960e+00 4.698616817745409513e+00
7.167499999999999982e-01 1.213904463322669658e+00 4.698620037681025430e+00 1.213903624601131215e+00 4.698616817745409513e+00
7.172499999999999432e-01 1.214351393123645817e+00 4.698621863910472207e+00 1.214350303100797390e+00 4.698616817745409513e+00
7.177499999999999991e-01 1.214795244388930939e+00 4.698625298757359126e+00 1.214793683326141238e+00 4.698616817745409513e+00
7.182500000000000551e-01 1.215236156710094884e+00 4.698631377603456727e+00 1.215233763388724908e+00 4.698616817745409513e+00
7.187500000000000000e-01 1.215674193432510375e+00 4.698640578498183729e+00 1.215670541272052319e+00 4.698616817745409513e+00
7.192499999999999449e-01 1.216109279116347697e+00 4.698652364628032707e+00 1.216104014829316071e+00 4.698616817745409513e+00
7.197500000000000009e-01 1.216541259819735155e+00 4.698665625802007639e+00 1.216534181781174562e+00 4.698616817745409513e+00
7.202500000000000568e-01 1.216969953372572188e+00 4.698679046571626827e+00 1.216961039713550408e+00 4.698616817745409513e+00
7.207500000000000018e-01 1.217395176203724283e+00 4.698691302565435990e+00 1.217384586075458852e+00 4.698616817745409513e+00
7.212499999999999467e-01 1.217816765299273518e+00 4.698701221123376293e+00 1.217804818176854820e+00 4.698616817745409513e+00
7.217500000000000027e-01 1.218234612652445925e+00 4.698708033304741960e+00 1.218221733186510392e+00 4.698616817745409513e+00
7.222500000000000586e-01 1.218648736404573718e+00 4.698711894022102875e+00 1.218635328129912931e+00 4.698616817745409513e+00
7.227500000000000036e-01 1.219059283211241684e+00 4.698713898800210842e+00 1.219045599887189191e+00 4.698616817745409513e+00
7.232499999999999485e-01 1.219466374496354533e+00 4.698714959921651335e+00 1.219452545191053394e+00 4.698616817745409513e+00
7.237500000000000044e-01 1.219870068686653264e+00 4.698715529766349874e+00 1.219856160624779751e+00 4.698616817745409513e+00
7.242500000000000604e-01 1.220270393111345220e+00 4.698715834258493373e+00 1.220256442620199389e+00 4.698616817745409513e+00
7.247500000000000053e-01 1.220667360371907151e+00 4.698715992752030779e+00 1.220653387455718830e+00 4.698616817745409513e+00
7.252499999999999503e-01 1.221060975529551840e+00 4.698716070583535576e+00 1.221046991254365777e+00 4.698616817745409513e+00
7.257500000000000062e-01 1.221451239513434928e+00 4.698716104013837658e+00 1.221437249981857098e+00 4.698616817745409513e+00
7.262500000000000622e-01 1.221838150861997097e+00 4.698716113084202561e+00 1.221824159444687918e+00 4.698616817745409513e+00
7.267500000000000071e-01 1.222221706691906329e+00 4.698716108647012391e+00 1.222207715288248897e+00 4.698616817745409513e+00
7.272499999999999520e-01 1.222601903282600322e+00 4.698716096401547304e+00 1.222587912994963055e+00 4.698616817745409513e+00
7.277500000000000080e-01 1.222978736357242191e+00 4.698716079275159885e+00 1.222964747882448133e+00 4.698616817745409513e+00
7.282500000000000639e-01 1.223352201277822182e+00 4.698716058827104192e+00 1.223338215101701154e+00 4.698616817745409513e+00
7.287500000000000089e-01 1.223722293167823327e+00 4.698716036103267157e+00 1.223708309635305858e+00 4.698616817745409513e+00
7.292499999999999538e-01 1.224089006959558024e+00 4.698716011982952523e+00 1.224075026295665225e+00 4.698616817745409513e+00
7.297500000000000098e-01 1.224452337394924761e+00 4.698715987205519085e+00 1.224438359723253988e+00 4.698616817745409513e+00
7.302500000000000657e-01 1.224812279015734751e+00 4.698715962318090966e+00 1.224798304384896896e+00 4.698616817745409513e+00
7.307500000000000107e-01 1.225168826156128876e+00 4.698715937631339656e+00 1.225154854572069407e+00 4.698616817745409513e+00
7.312499999999999556e-01 1.225521972941036264e+00 4.698715913220217644e+00 1.225508004399218587e+00 4.698616817745409513e+00
7.317500000000000115e-01 1.225871713292609133e+00 4.698715888983556965e+00 1.225857747802111763e+00 4.698616817745409513e+00
7.322500000000000675e-01 1.226218040942275600e+00 4.698715864744585247e+00 1.226204078536202946e+00 4.698616817745409513e+00
7.327500000000000124e-01 1.226560949442417003e+00 4.698715840347758466e+00 1.226546990175026774e+00 4.698616817745409513e+00
7.332499999999999574e-01 1.226900432172231437e+00 4.698715815712893651e+00 1.226886476108611346e+00 4.698616817745409513e+00
7.337500000000000133e-01 1.227236482336492296e+00 4.698715790837703743e+00 1.227222529541917462e+00 4.698616817745409513e+00
7.342500000000000693e-01 1.227569092959911234e+00 4.698715765767573771e+00 1.227555143493297418e+00 4.698616817745409513e+00
7.347500000000000142e-01 1.227898256880585182e+00 4.698715740558930598e+00 1.227884310792978662e+00 4.698616817745409513e+00
7.352499999999999591e-01 1.228223966745002560e+00 4.698715715253548808e+00 1.228210024081571206e+00 4.698616817745409513e+00
7.357500000000000151e-01 1.228546215005207332e+00 4.698715689868943279e+00 1.228532275808595697e+00 4.698616817745409513e+00
7.362500000000000711e-01 1.228864993917834658e+00 4.698715664401667880e+00 1.228851058231036797e+00 4.698616817745409513e+00
7.367500000000000160e-01 1.229180295543997214e+00 4.698715638836869601e+00 1.229166363411917873e+00 4.698616817745409513e+00
7.372499999999999609e-01 1.229492111749205474e+00 4.698715613157885329e+00 1.229478183218899456e+00 4.698616817745409513e+00
7.377500000000000169e-01 1.229800434202811710e+00 4.698715587352426226e+00 1.229786509322903676e+00 4.698616817745409513e+00
7.382500000000000728e-01 1.230105254376961943e+00 4.698715561414793740e+00 1.230091333196754677e+00 4.698616817745409513e+00
7.387500000000000178e-01 1.230406563545212828e+00 4.698715535345298733e+00 1.230392646113854127e+00 4.698616817745409513e+00
7.392499999999999627e-01 1.230704352780928046e+00 4.698715509148203573e+00 1.230690439146867599e+00 4.698616817745409513e+00
7.397500000000000187e-01 1.230998612955631621e+00 4.698715482829109114e+00 1.230984703166444927e+00 4.698616817745409513e+00
7.402500000000000746e-01 1.231289334737386998e+00 4.698715456392390522e+00 1.231275428839958108e+00 4.698616817745409513e+00
7.407500000000000195e-01 1.231576508589323993e+00 4.698715429839268154e+00 1.231562606630266288e+00 4.698616817745409513e+00
7.412499999999999645e-01 1.231860124768333620e+00 4.698715403167237348e+00 1.231846226794504728e+00 4.698616817745409513e+00
7.417500000000000204e-01 1.232140173324044241e+00 4.698715376371309205e+00 1.232126279382896206e+00 4.698616817745409513e+00
7.422500000000000764e-01 1.232416644098026426e+00 4.698715349446782596e+00 1.232402754237589493e+00 4.698616817745409513e+00
7.427500000000000213e-01 1.232689526723154128e+00 4.698715322392427396e+00 1.232675640991520494e+00 4.698616817745409513e+00
7.432499999999999662e-01 1.232958810622707846e+00 4.698715295212582355e+00 1.232944929067300688e+00 4.698616817745409513e+00
7.437500000000000222e-01 1.233224485009299265e+00 4.698715267917028982e+00 1.233210607676127779e+00 4.698616817745409513e+00
7.442500000000000782e-01 1.233486538883475037e+00 4.698715240518520631e+00 1.233472665816724323e+00 4.698616817745409513e+00
7.447500000000000231e-01 1.233744961032160692e+00 4.698715213029089455e+00 1.233731092274301666e+00 4.698616817745409513e+00
7.452499999999999680e-01 1.233999740027235337e+00 4.698715185456864063e+00 1.233985875619547645e+00 4.698616817745409513e+00
7.457500000000000240e-01 1.234250864224373245e+00 4.698715157804991271e+00 1.234237004207644484e+00 4.698616817745409513e+00
7.462500000000000799e-01 1.234498321762293571e+00 4.698715130073191304e+00 1.234484466177307782e+00 4.698616817745409513e+00
7.467500000000000249e-01 1.234742100562318923e+00 4.698715102261049381e+00 1.234728249449859705e+00 4.698616817745409513e+00
7.472499999999999698e-01 1.234982188327899966e+00 4.698715074371174083e+00 1.234968341728321484e+00 4.698616817745409513e+00
7.477500000000000258e-01 1.235218572543834936e+00 4.698715046410288920e+00 1.235204730496538117e+00 4.698616817745409513e+00
7.482500000000000817e-01 1.235451240475216483e+00 4.698715018387392028e+00 1.235437403018330160e+00 4.698616817745409513e+00
7.487500000000000266e-01 1.235680179166047221e+00 4.698714990309620809e+00 1.235666346336673715e+00 4.698616817745409513e+00
7.492499999999999716e-01 1.235905375437820641e+00 4.698714962177739096e+00 1.235891547272907065e+00 4.698616817745409513e+00
7.497500000000000275e-01 1.236126815888385133e+00 4.698714933983646702e+00 1.236112992425969281e+00 4.698616817745409513e+00
7.502500000000000835e-01 1.236344486891380212e+00 4.698714905711391943e+00 1.236330668171665481e+00 4.698616817745409513e+00
7.507500000000000284e-01 1.236558374596142817e+00 4.698714877341636509e+00 1.236544560661963610e+00 4.698616817745409513e+00
7.512499999999999734e-01 1.236768464927885169e+00 4.698714848857743931e+00 1.236754655824320759e+00 4.698616817745409513e+00
7.517500000000000293e-01 1.236974743587697212e+00 4.698714820250862623e+00 1.236960939361041012e+00 4.698616817745409513e+00
7.522500000000000853e-01 1.237177196052225536e+00 4.698714791521716450e+00 1.237163396748660382e+00 4.698616817745409513e+00
7.527500000000000302e-01 1.237375807572814512e+00 4.698714762678556589e+00 1.237362013237369718e+00 4.698616817745409513e+00
7.532499999999999751e-01 1.237570563174298144e+00 4.698714733732466620e+00 1.237556773850465142e+00 4.698616817745409513e+00
7.537500000000000311e-01 1.237761447653792146e+00 4.698714704692473987e+00 1.237747663383832686e+00 4.698616817745409513e+00
7.542500000000000870e-01 1.237948445579879486e+00 4.698714675562920107e+00 1.237934666405463568e+00 4.698616817745409513e+00
7.547500000000000320e-01 1.238131541292279980e+00 4.698714646344367196e+00 1.238117767255008106e+00 4.698616817745409513e+00
7.552499999999999769e-01 1.238310718901988849e+00 4.698714617037488495e+00 1.238296950043358047e+00 4.698616817745409513e+00
7.557500000000000329e-01 1.238485962291505427e+00 4.698714587647829788e+00 1.238472198652267320e+00 4.698616817745409513e+00
7.562500000000000888e-01 1.238657255114907318e+00 4.698714558188796353e+00 1.238643496734007865e+00 4.698616817745409513e+00
7.567500000000000338e-01 1.238824580797505348e+00 4.698714528681006364e+00 1.238810827711058327e+00 4.698616817745409513e+00
7.572499999999999787e-01 1.238987922534913855e+00 4.698714499147888191e+00 1.238974174775832937e+00 4.698616817745409513e+00
7.577500000000000346e-01 1.239147263291925150e+00 4.698714469609125644e+00 1.239133520890445039e+00 4.698616817745409513e+00
7.582500000000000906e-01 1.239302585801444367e+00 4.698714440074555299e+00 1.239288848786510799e+00 4.698616817745409513e+00
7.587500000000000355e-01 1.239453872563970993e+00 4.698714410540938857e+00 1.239440140964986448e+00 4.698616817745409513e+00
7.592499999999999805e-01 1.239601105847526030e+00 4.698714380992827344e+00 1.239587379696051928e+00 4.698616817745409513e+00
7.597500000000000364e-01 1.239744267688180468e+00 4.698714351406981571e+00 1.239730547019026297e+00 4.698616817745409513e+00
7.602500000000000924e-01 1.239883339890867742e+00 4.698714321758328261e+00 1.239869624742330645e+00 4.698616817745409513e+00
7.607500000000000373e-01 1.240018304030057195e+00 4.698714292025008454e+00 1.240004594443486319e+00 4.698616817745409513e+00
7.612499999999999822e-01 1.240149141450149539e+00 4.698714262190883950e+00 1.240135437469159330e+00 4.698616817745409513e+00
7.617500000000000382e-01 1.240275833265530370e+00 4.698714232245403188e+00 1.240262134935245619e+00 4.698616817745409513e+00
7.622500000000000941e-01 1.240398360360492003e+00 4.698714202182099342e+00 1.240384667726998069e+00 4.698616817745409513e+00
7.627500000000000391e-01 1.240516703389292541e+00 4.698714171997531608e+00 1.240503016499201250e+00 4.698616817745409513e+00
7.632499999999999840e-01 1.240630842776437426e+00 4.698714141691930024e+00 1.240617161676389024e+00 4.698616817745409513e+00
7.637500000000000400e-01 1.240740758717243208e+00 4.698714111271476312e+00 1.240727083453106339e+00 4.698616817745409513e+00
7.642500000000000959e-01 1.240846431178515230e+00 4.698714080750904465e+00 1.240832761794221639e+00 4.698616817745409513e+00
7.647500000000000409e-01 1.240947839899076754e+00 4.698714050154524813e+00 1.240934176435282144e+00 4.698616817745409513e+00
7.652499999999999858e-01 1.241044964389856009e+00 4.698714019514114604e+00 1.241031306882920626e+00 4.698616817745409513e+00
7.657500000000000417e-01 1.241137783933573324e+00 4.698713988863497448e+00 1.241124132415310166e+00 4.698616817745409513e+00
7.662500000000000977e-01 1.241226277584222215e+00 4.698713958230932519e+00 1.241212632082668188e+00 4.698616817745409513e+00
7.667500000000000426e-01 1.241310424166632842e+00 4.698713927631716913e+00 1.241296784707813128e+00 4.698616817745409513e+00
7.672499999999999876e-01 1.241390202276435151e+00 4.698713897063639067e+00 1.241376568886769505e+00 4.698616817745409513e+00
7.677500000000000435e-01 1.241465590280736997e+00 4.698713866507191028e+00 1.241451962989430724e+00 4.698616817745409513e+00
7.682499999999999885e-01 1.241536566319564994e+00 4.698713835930910854e+00 1.241522945160270286e+00 4.698616817745409513e+00
7.687500000000000444e-01 1.241603108307886227e+00 4.698713805300264390e+00 1.241589493319110504e+00 4.698616817745409513e+00
7.692499999999999893e-01 1.241665193937709910e+00 4.698713774587009340e+00 1.241651585161946736e+00 4.698616817745409513e+00
7.697499999999999343e-01 1.241722800679840422e+00 4.698713743775844165e+00 1.241709198161826011e+00 4.698616817745409513e+00
7.702499999999999902e-01 1.241775905785133194e+00 4.698713712866164016e+00 1.241762309569784728e+00 4.698616817745409513e+00
7.707500000000000462e-01 1.241824486284937024e+00 4.698713681868678549e+00 1.241810896415846521e+00 4.698616817745409513e+00
7.712499999999999911e-01 1.241868518991255943e+00 4.698713650798381991e+00 1.241854935510072977e+00 4.698616817745409513e+00
7.717499999999999361e-01 1.241907980496719688e+00 4.698713619666455621e+00 1.241894403443684070e+00 4.698616817745409513e+00
7.722499999999999920e-01 1.241942847174893894e+00 4.698713588474030090e+00 1.241929276590232778e+00 4.698616817745409513e+00
7.727500000000000480e-01 1.241973095181260645e+00 4.698713557210275837e+00 1.241959531106844095e+00 4.698616817745409513e+00
7.732499999999999929e-01 1.241998700455058557e+00 4.698713525856177853e+00 1.241985142935519537e+00 4.698616817745409513e+00
7.737499999999999378e-01 1.242019638721893582e+00 4.698713494393373047e+00 1.242006087804505166e+00 4.698616817745409513e+00
7.742499999999999938e-01 1.242035885496617809e+00 4.698713462815316433e+00 1.242022341229722437e+00 4.698616817745409513e+00
7.747500000000000497e-01 1.242047416086149658e+00 4.698713431136530616e+00 1.242033878516271450e+00 4.698616817745409513e+00
7.752499999999999947e-01 1.242054205591503813e+00 4.698713399395675339e+00 1.242040674759997465e+00 4.698616817745409513e+00
7.757499999999999396e-01 1.242056228908621440e+00 4.698713367649896888e+00 1.242042704849127821e+00 4.698616817745409513e+00
7.762499999999999956e-01 1.242053460728093084e+00 4.698713335960793103e+00 1.242039943465978569e+00 4.698616817745409513e+00
7.767500000000000515e-01 1.242045875534374622e+00 4.698713304375351285e+00 1.242032365088732826e+00 4.698616817745409513e+00
7.772499999999999964e-01 1.242033447605111363e+00 4.698713272907698801e+00 1.242019943993291298e+00 4.698616817745409513e+00
7.777499999999999414e-01 1.242016151011665404e+00 4.698713241528588824e+00 1.242002654255196736e+00 4.698616817745409513e+00
7.782499999999999973e-01 1.241993959621434440e+00 4.698713210168263821e+00 1.241980469751629901e+00 4.698616817745409513e+00
7.787500000000000533e-01 1.241966847102327742e+00 4.698713178733711970e+00 1.241953364163485896e+00 4.698616817745409513e+00
7.792499999999999982e-01 1.241934786928531764e+00 4.698713147134792933e+00 1.241921310977523341e+00 4.698616817745409513e+00
7.797499999999999432e-01 1.241897752386145415e+00 4.698713115309262278e+00 1.241884283488594143e+00 4.698616817745409513e+00
7.802499999999999991e-01 1.241855716577521251e+00 4.698713083237415766e+00 1.241842254801949874e+00 4.698616817745409513e+00
7.807500000000000551e-01 1.241808652423686876e+00 4.698713050942627589e+00 1.241795197835630749e+00 4.698616817745409513e+00
7.812500000000000000e-01 1.241756532665406754e+00 4.698713018480562553e+00 1.241743085322934759e+00 4.698616817745409513e+00
7.817499999999999449e-01 1.241699329863524159e+00 4.698712985923403807e+00 1.241685889814969412e+00 4.698616817745409513e+00
7.822500000000000009e-01 1.241637016399513183e+00 4.698712953344977628e+00 1.241623583683287624e+00 4.698616817745409513e+00
7.827500000000000568e-01 1.241569564476732612e+00 4.698712920809895444e+00 1.241556139122608871e+00 4.698616817745409513e+00
7.832500000000000018e-01 1.241496946122309541e+00 4.698712888366596729e+00 1.241483528153624505e+00 4.698616817745409513e+00
7.837499999999999467e-01 1.241419133189321400e+00 4.698712856042295272e+00 1.241405722625892327e+00 4.698616817745409513e+00
7.842500000000000027e-01 1.241336097359079016e+00 4.698712823838148367e+00 1.241322694220818423e+00 4.698616817745409513e+00
7.847500000000000586e-01 1.241247810143666586e+00 4.698712791725136562e+00 1.241234414454729595e+00 4.698616817745409513e+00
7.852500000000000036e-01 1.241154242889076276e+00 4.698712759643760783e+00 1.241140854682035721e+00 4.698616817745409513e+00
7.857499999999999485e-01 1.241055366779489244e+00 4.698712727511535903e+00 1.241041986098482042e+00 4.698616817745409513e+00
7.862500000000000044e-01 1.240951152842902916e+00 4.698712695239864345e+00 1.240937779744498481e+00 4.698616817745409513e+00
7.867500000000000604e-01 1.240841571957757683e+00 4.698712662757078107e+00 1.240828206508640452e+00 4.698616817745409513e+00
7.872500000000000053e-01 1.240726594859480336e+00 4.698712630030147608e+00 1.240713237131124247e+00 4.698616817745409513e+00
7.877499999999999503e-01 1.240606192145775832e+00 4.698712597076736941e+00 1.240592842207461022e+00 4.698616817745409513e+00
7.882500000000000062e-01 1.240480334279993713e+00 4.698712563962794242e+00 1.240466992192185813e+00 4.698616817745409513e+00
7.887500000000000622e-01 1.240348991592684857e+00 4.698712530786119501e+00 1.240335657402688918e+00 4.698616817745409513e+00
7.892500000000000071e-01 1.240212134282018486e+00 4.698712497650484821e+00 1.240198808023140531e+00 4.698616817745409513e+00
7.897499999999999520e-01 1.240069732413839665e+00 4.698712464637003983e+00 1.240056414108523075e+00 4.698616817745409513e+00
7.902500000000000080e-01 1.239921755922519520e+00 4.698712431780209364e+00 1.239908445588760566e+00 4.698616817745409513e+00
7.907500000000000639e-01 1.239768174613592233e+00 4.698712399056402589e+00 1.239754872272953667e+00 4.698616817745409513e+00
7.912500000000000089e-01 1.239608958168965103e+00 4.698712366389591111e+00 1.239595663853716001e+00 4.698616817745409513e+00
7.917499999999999538e-01 1.239444076154466279e+00 4.698712333674565755e+00 1.239430789911618147e+00 4.698616817745409513e+00
7.922500000000000098e-01 1.239273498028799825e+00 4.698712300808945308e+00 1.239260219919735340e+00 4.698616817745409513e+00
7.927500000000000657e-01 1.239097193152092657e+00 4.698712267721435687e+00 1.239083923248302410e+00 4.698616817745409513e+00
7.932500000000000107e-01 1.238915130792637376e+00 4.698712234385929776e+00 1.238901869169479086e+00 4.698616817745409513e+00
7.937499999999999556e-01 1.238727280131363351e+00 4.698712200818864204e+00 1.238714026862220097e+00 4.698616817745409513e+00
7.942500000000000115e-01 1.238533610264889173e+00 4.698712167065314915e+00 1.238520365417256741e+00 4.698616817745409513e+00
7.947500000000000675e-01 1.238334090208417226e+00 4.698712133182950446e+00 1.238320853842192371e+00 4.698616817745409513e+00
7.952500000000000124e-01 1.238128688899506447e+00 4.698712099231356021e+00 1.238115461066702228e+00 4.698616817745409513e+00
7.957499999999999574e-01 1.237917375202993941e+00 4.698712065269333493e+00 1.237904155947851637e+00 4.698616817745409513e+00
7.962500000000000133e-01 1.237700117916710862e+00 4.698712031357171526e+00 1.237686907275527215e+00 4.698616817745409513e+00
7.967500000000000693e-01 1.237476885777127666e+00 4.698711997557287745e+00 1.237463683777975554e+00 4.698616817745409513e+00
7.972500000000000142e-01 1.237247647464077227e+00 4.698711963927202362e+00 1.237234454127465355e+00 4.698616817745409513e+00
7.977499999999999591e-01 1.237012371604216954e+00 4.698711930502838641e+00 1.236999186946059259e+00 4.698616817745409513e+00
7.982500000000000151e-01 1.236771026773829441e+00 4.698711897276261595e+00 1.236757850811503801e+00 4.698616817745409513e+00
7.987500000000000711e-01 1.236523581502349645e+00 4.698711864177285591e+00 1.236510414263233715e+00 4.698616817745409513e+00
7.992500000000000160e-01 1.236270004278051671e+00 4.698711831070141010e+00 1.236256845808499039e+00 4.698616817745409513e+00
7.997499999999999609e-01 1.236010263556794886e+00 4.698711797771919940e+00 1.235997113928602786e+00 4.698616817745409513e+00
8.002500000000000169e-01 1.235744327773457663e+00 4.698711764089615883e+00 1.235731187085264970e+00 4.698616817745409513e+00
8.007500000000000728e-01 1.235472165354511320e+00 4.698711729864378128e+00 1.235459033727097644e+00 4.698616817745409513e+00
8.012500000000000178e-01 1.235193744729892185e+00 4.698711695010039158e+00 1.235180622296206732e+00 4.698616817745409513e+00
8.017499999999999627e-01 1.234909034343158352e+00 4.698711659538103547e+00 1.234895921234908212e+00 4.698616817745409513e+00
8.022500000000000187e-01 1.234618002659819025e+00 4.698711623568618378e+00 1.234604898992568867e+00 4.698616817745409513e+00
8.027500000000000746e-01 1.234320618174148398e+00 4.698711587329148287e+00 1.234307524032562053e+00 4.698616817745409513e+00
8.032500000000000195e-01 1.234016849414299566e+00 4.698711551140364762e+00 1.234003764839352257e+00 4.698616817745409513e+00
8.037499999999999645e-01 1.233706664944697717e+00 4.698711515381245540e+00 1.233693589925691780e+00 4.698616817745409513e+00
8.042500000000000204e-01 1.233390033363870764e+00 4.698711480420630693e+00 1.233376967839945770e+00 4.698616817745409513e+00
8.047500000000000764e-01 1.233066923294014572e+00 4.698711446488728072e+00 1.233053867173534490e+00 4.698616817745409513e+00
8.052500000000000213e-01 1.232737303360618597e+00 4.698711413468747544e+00 1.232724256568499932e+00 4.698616817745409513e+00
8.057499999999999662e-01 1.232401142178258580e+00 4.698711380730475895e+00 1.232388104725189226e+00 4.698616817745409513e+00
8.062500000000000222e-01 1.232058408360304780e+00 4.698711347162517704e+00 1.232045380410065505e+00 4.698616817745409513e+00
8.067500000000000782e-01 1.231709070519915183e+00 4.698711311114680100e+00 1.231696052463635560e+00 4.698616817745409513e+00
8.072500000000000231e-01 1.231353097207305236e+00 4.698711269872575258e+00 1.231340089808499183e+00 4.698616817745409513e+00
8.077499999999999680e-01 1.230990456752933948e+00 4.698711218468833550e+00 1.230977461457521738e+00 4.698616817745409513e+00
8.082500000000000240e-01 1.230621116969747852e+00 4.698711147458765502e+00 1.230608136522122864e+00 4.698616817745409513e+00
8.087500000000000799e-01 1.230245044609734606e+00 4.698711038836664855e+00 1.230232084220691524e+00 4.698616817745409513e+00
8.092500000000000249e-01 1.229862204357272892e+00 4.698710858604968621e+00 1.229849273887113847e+00 4.698616817745409513e+00
8.097499999999999698e-01 1.229472556993647547e+00 4.698710543392007111e+00 1.229459674979424877e+00 4.698616817745409513e+00
8.102500000000000258e-01 1.229076056058859390e+00 4.698709976019880941e+00 1.229063257088577776e+00 4.698616817745409513e+00
8.107500000000000817e-01 1.228672641459235493e+00 4.698708938718201722e+00 1.228659989947331610e+00 4.698616817745409513e+00
8.112500000000000266e-01 1.228262226679918800e+00 4.698707019667113016e+00 1.228249843439251920e+00 4.698616817745409513e+00
8.117499999999999716e-01 1.227844678385628496e+00 4.698703463643343348e+00 1.227832787607836540e+00 4.698616817745409513e+00
8.122500000000000275e-01 1.227419833484746148e+00 4.698697296157599013e+00 1.227408792665746207e+00 4.698616817745409513e+00
8.127500000000000835e-01 1.226987615509901541e+00 4.698688173899769005e+00 1.226977829004160636e+00 4.698616817745409513e+00
8.132500000000000284e-01 1.226548077504097556e+00 4.698676696980466971e+00 1.226539867202237843e+00 4.698616817745409513e+00
8.137499999999999734e-01 1.226101340515159510e+00 4.698663960901195757e+00 1.226094878036694702e+00 4.698616817745409513e+00
8.142500000000000293e-01 1.225647548291946887e+00 4.698651226359602973e+00 1.225642832491491641e+00 4.698616817745409513e+00
8.147500000000000853e-01 1.225186842290473477e+00 4.698639736692597602e+00 1.225183701767632583e+00 4.698616817745409513e+00
8.152500000000000302e-01 1.224719340377103283e+00 4.698630562241325137e+00 1.224717457293070577e+00 4.698616817745409513e+00
8.157499999999999751e-01 1.224245102584424982e+00 4.698624350016207707e+00 1.224244070732720902e+00 4.698616817745409513e+00
8.162500000000000311e-01 1.223764065865198036e+00 4.698620846656746508e+00 1.223763513998580743e+00 4.698616817745409513e+00
8.167500000000000870e-01 1.223276058840890634e+00 4.698619005102537827e+00 1.223275759259949913e+00 4.698616817745409513e+00
8.172500000000000320e-01 1.222780942625710354e+00 4.698618012929385301e+00 1.222780778953758363e+00 4.698616817745409513e+00
8.177499999999999769e-01 1.222278634861711399e+00 4.698617468227451965e+00 1.222278545794990290e+00 4.698616817745409513e+00
8.182500000000000329e-01 1.221769080760594317e+00 4.698617168168173208e+00 1.221769032787206610e+00 4.698616817745409513e+00
8.187500000000000888e-01 1.221252238716220351e+00 4.698617003934116632e+00 1.221252213233167572e+00 4.698616817745409513e+00
8.192500000000000338e-01 1.220728074038561539e+00 4.698616914919488075e+00 1.220728060745543964e+00 4.698616817745409513e+00
8.197499999999999787e-01 1.220196556000550991e+00 4.698616867088863280e+00 1.220196549257725138e+00 4.698616817745409513e+00
8.202500000000000346e-01 1.219657656285304537e+00 4.698616841561067403e+00 1.219657653034715850e+00 4.698616817745409513e+00
8.207500000000000906e-01 1.219111348094095604e+00 4.698616828074849039e+00 1.219111346684117025e+00 4.698616817745409513e+00
8.212500000000000355e-01 1.218557605633139529e+00 4.698616821153457579e+00 1.218557605167197133e+00 4.698616817745409513e+00
8.217499999999999805e-01 1.217996403829950669e+00 4.698616817886327013e+00 1.217996403810040373e+00 4.698616817745409513e+00
8.222500000000000364e-01 1.217427718170045470e+00 4.698616816682315012e+00 1.217427718314776364e+00 4.698616817745409513e+00
8.227500000000000924e-01 1.216851524614105617e+00 4.698616816595732715e+00 1.216851524770890203e+00 4.698616817745409513e+00
8.232500000000000373e-01 1.216267799566061125e+00 4.698616817008548274e+00 1.216267799666600258e+00 4.698616817745409513e+00
8.237499999999999822e-01 1.215676519868970296e+00 4.698616817515623545e+00 1.215676519900309671e+00 4.698616817745409513e+00
8.242500000000000382e-01 1.215077662811874903e+00 4.698616817889756270e+00 1.215077662792126034e+00 4.698616817745409513e+00
8.247500000000000941e-01 1.214471206137814896e+00 4.698616818055477040e+00 1.214471206095446787e+00 4.698616817745409513e+00
8.252500000000000391e-01 1.213857128049348422e+00 4.698616818043802823e+00 1.213857128008601904e+00 4.698616817745409513e+00
8.257499999999999840e-01 1.213235407212395423e+00 4.698616817934796686e+00 1.213235407186556314e+00 4.698616817745409513e+00
8.262500000000000400e-01 1.212606022761262059e+00 4.698616817808515478e+00 1.212606022752669155e+00 4.698616817745409513e+00
8.267500000000000959e-01 1.211968954306585022e+00 4.698616817716910532e+00 1.211968954310500335e+00 4.698616817745409513e+00
8.272500000000000409e-01 1.211324181946337397e+00 4.698616817677269353e+00 1.211324181955663937e+00 4.698616817745409513e+00
8.277499999999999858e-01 1.210671686278875114e+00 4.698616817680682622e+00 1.210671686287728033e+00 4.698616817745409513e+00
8.282500000000000417e-01 1.210011448416814517e+00 4.698616817706416704e+00 1.210011448422149360e+00 4.698616817745409513e+00
8.287500000000000977e-01 1.209343450000756048e+00 4.698616817734626139e+00 1.209343450002248854e+00 4.698616817745409513e+00
8.292500000000000426e-01 1.208667673212269644e+00 4.698616817753388020e+00 1.208667673211209603e+00 4.698616817745409513e+00
8.297499999999999876e-01 1.207984100786034798e+00 4.698616817759736719e+00 1.207984100784111003e+00 4.698616817745409513e+00
8.302500000000000435e-01 1.207292716021517887e+00 4.698616817756866126e+00 1.207292716019979784e+00 4.698616817745409513e+00
8.307500000000000995e-01 1.206593502794480521e+00 4.698616817750164820e+00 1.206593502793860573e+00 4.698616817745409513e+00
8.312500000000000444e-01 1.205886445568685961e+00 4.698616817744097673e+00 1.205886445568899568e+00 4.698616817745409513e+00
8.317499999999999893e-01 1.205171529407781827e+00 4.698616817740841611e+00 1.205171529408437969e+00 4.698616817745409513e+00
8.322500000000000453e-01 1.204448739987398209e+00 4.698616817740426832e+00 1.204448739988108530e+00 4.698616817745409513e+00
8.327499999999999902e-01 1.203718063607399191e+00 4.698616817741696927e+00 1.203718063607934319e+00 4.698616817745409513e+00
8.332500000000000462e-01 1.202979487204104636e+00 4.698616817743332064e+00 1.202979487204415276e+00 4.698616817745409513e+00
8.337499999999999911e-01 1.202232998362459782e+00 4.698616817744469820e+00 1.202232998362615213e+00 4.698616817745409513e+00
8.342499999999999361e-01 1.201478585328122017e+00 4.698616817744857954e+00 1.201478585328221937e+00 4.698616817745409513e+00
8.347499999999999920e-01 1.200716237019471944e+00 4.698616817744686536e+00 1.200716237019595178e+00 4.698616817745409513e+00
8.352500000000000480e-01 1.199945943039606888e+00 4.698616817744303731e+00 1.199945943039782303e+00 4.698616817745409513e+00
8.357499999999999929e-01 1.199167693688292458e+00 4.698616817743980434e+00 1.199167693688508951e+00 4.698616817745409513e+00
8.362499999999999378e-01 1.198381479973892993e+00 4.698616817743827667e+00 1.198381479974127917e+00 4.698616817745409513e+00
8.367499999999999938e-01 1.197587293625296256e+00 4.698616817743835661e+00 1.197587293625527849e+00 4.698616817745409513e+00
8.372500000000000497e-01 1.196785127103774382e+00 4.698616817743925367e+00 1.196785127103995761e+00 4.698616817745409513e+00
8.377499999999999947e-01 1.195974973614810644e+00 4.698616817744017737e+00 1.195974973615024695e+00 4.698616817745409513e+00
8.382499999999999396e-01 1.195156827119856935e+00 4.698616817744071028e+00 1.195156827120061660e+00 4.698616817745409513e+00
8.387499999999999956e-01 1.194330682347990669e+00 4.698616817744076357e+00 1.194330682348191175e+00 4.698616817745409513e+00
8.392500000000000515e-01 1.193496534807546805e+00 4.698616817744053265e+00 1.193496534807752640e+00 4.698616817745409513e+00
8.397499999999999964e-01 1.192654380797664393e+00 4.698616817744028396e+00 1.192654380797874891e+00 4.698616817745409513e+00
8.402499999999999414e-01 1.191804217419720535e+00 4.698616817744012408e+00 1.191804217419929701e+00 4.698616817745409513e+00
8.407499999999999973e-01 1.190946042588696185e+00 4.698616817744010632e+00 1.190946042588902243e+00 4.698616817745409513e+00
8.412500000000000533e-01 1.190079855044452017e+00 4.698616817744015961e+00 1.190079855044660961e+00 4.698616817745409513e+00
8.417499999999999982e-01 1.189205654362915032e+00 4.698616817744020402e+00 1.189205654363130416e+00 4.698616817745409513e+00
8.422499999999999432e-01 1.188323440967137490e+00 4.698616817744026619e+00 1.188323440967355982e+00 4.698616817745409513e+00
8.427499999999999991e-01 1.187433216138242820e+00 4.698616817744039054e+00 1.187433216138454872e+00 4.698616817745409513e+00
8.432500000000000551e-01 1.186534982026244300e+00 4.698616817744048824e+00 1.186534982026453910e+00 4.698616817745409513e+00
8.437500000000000000e-01 1.185628741660780028e+00 4.698616817744057705e+00 1.185628741660993635e+00 4.698616817745409513e+00
8.442499999999999449e-01 1.184714498961694673e+00 4.698616817744062146e+00 1.184714498961907836e+00 4.698616817745409513e+00
8.447500000000000009e-01 1.183792258749451598e+00 4.698616817744065699e+00 1.183792258749660764e+00 4.698616817745409513e+00
8.452500000000000568e-01 1.182862026755430396e+00 4.698616817744065699e+00 1.182862026755645335e+00 4.698616817745409513e+00
8.457500000000000018e-01 1.181923809632107858e+00 4.698616817744065699e+00 1.181923809632325018e+00 4.698616817745409513e+00
8.462499999999999467e-01 1.180977614963006461e+00 4.698616817744064811e+00 1.180977614963223177e+00 4.698616817745409513e+00
8.467500000000000027e-01 1.180023451272533386e+00 4.698616817744063923e+00 1.180023451272749213e+00 4.698616817745409513e+00
8.472500000000000586e-01 1.179061328035635459e+00 4.698616817744062146e+00 1.179061328035854839e+00 4.698616817745409513e+00
8.477500000000000036e-01 1.178091255687285788e+00 4.698616817744060370e+00 1.178091255687512495e+00 4.698616817745409513e+00
8.482499999999999485e-01 1.177113245631789651e+00 4.698616817744059482e+00 1.177113245632015692e+00 4.698616817745409513e+00
8.487500000000000044e-01 1.176127310251872338e+00 4.698616817744062146e+00 1.176127310252089941e+00 4.698616817745409513e+00
8.492500000000000604e-01 1.175133462917594018e+00 4.698616817744065699e+00 1.175133462917806515e+00 4.698616817745409513e+00
8.497500000000000053e-01 1.174131717995085866e+00 4.698616817744065699e+00 1.174131717995301472e+00 4.698616817745409513e+00
8.502499999999999503e-01 1.173122090855063249e+00 4.698616817744063923e+00 1.173122090855280852e+00 4.698616817745409513e+00
8.507500000000000062e-01 1.172104597881102661e+00 4.698616817744066587e+00 1.172104597881317378e+00 4.698616817745409513e+00
8.512500000000000622e-01 1.171079256477717934e+00 4.698616817744075469e+00 1.171079256477927322e+00 4.698616817745409513e+00
8.517500000000000071e-01 1.170046085078215947e+00 4.698616817744081686e+00 1.170046085078421783e+00 4.698616817745409513e+00
8.522499999999999520e-01 1.169005103152324310e+00 4.698616817744083463e+00 1.169005103152525926e+00 4.698616817745409513e+00
8.527500000000000080e-01 1.167956331213564791e+00 4.698616817744084351e+00 1.167956331213761967e+00 4.698616817745409513e+00
8.532500000000000639e-01 1.166899790826388950e+00 4.698616817744087903e+00 1.166899790826588790e+00 4.698616817745409513e+00
8.537500000000000089e-01 1.165835504613091045e+00 4.698616817744091456e+00 1.165835504613293994e+00 4.698616817745409513e+00
8.542499999999999538e-01 1.164763496260424080e+00 4.698616817744092344e+00 1.164763496260627695e+00 4.698616817745409513e+00
8.547500000000000098e-01 1.163683790525976924e+00 4.698616817744090568e+00 1.163683790526180539e+00 4.698616817745409513e+00
8.552500000000000657e-01 1.162596413244283866e+00 4.698616817744087015e+00 1.162596413244492144e+00 4.698616817745409513e+00
8.557500000000000107e-01 1.161501391332678601e+00 4.698616817744086127e+00 1.161501391332890654e+00 4.698616817745409513e+00
8.562499999999999556e-01 1.160398752796842459e+00 4.698616817744086127e+00 1.160398752797054733e+00 4.698616817745409513e+00
8.567500000000000115e-01 1.159288526736076186e+00 4.698616817744083463e+00 1.159288526736290015e+00 4.698616817745409513e+00
8.572500000000000675e-01 1.158170743348308607e+00 4.698616817744084351e+00 1.158170743348526877e+00 4.698616817745409513e+00
8.577500000000000124e-01 1.157045433934795975e+00 4.698616817744087903e+00 1.157045433935018242e+00 4.698616817745409513e+00
8.582499999999999574e-01 1.155912630904517790e+00 4.698616817744092344e+00 1.155912630904739613e+00 4.698616817745409513e+00
8.587500000000000133e-01 1.154772367778280184e+00 4.698616817744095897e+00 1.154772367778494679e+00 4.698616817745409513e+00
8.592500000000000693e-01 1.153624679192492675e+00 4.698616817744097673e+00 1.153624679192708058e+00 4.698616817745409513e+00
8.597500000000000142e-01 1.152469600902691127e+00 4.698616817744095897e+00 1.152469600902907620e+00 4.698616817745409513e+00
8.602499999999999591e-01 1.151307169786676798e+00 4.698616817744092344e+00 1.151307169786891516e+00 4.698616817745409513e+00
8.607500000000000151e-01 1.150137423847367391e+00 4.698616817744092344e+00 1.150137423847576779e+00 4.698616817745409513e+00
8.612500000000000711e-01 1.148960402215311039e+00 4.698616817744092344e+00 1.148960402215523757e+00 4.698616817745409513e+00
8.617500000000000160e-01 1.147776145150914306e+00 4.698616817744092344e+00 1.147776145151129246e+00 4.698616817745409513e+00
8.622499999999999609e-01 1.146584694046278052e+00 4.698616817744090568e+00 1.146584694046492325e+00 4.698616817745409513e+00
8.627500000000000169e-01 1.145386091426728203e+00 4.698616817744089680e+00 1.145386091426941588e+00 4.698616817745409513e+00
8.632500000000000728e-01 1.144180380952013909e+00 4.698616817744090568e+00 1.144180380952227294e+00 4.698616817745409513e+00
8.637500000000000178e-01 1.142967607417148868e+00 4.698616817744089680e+00 1.142967607417366471e+00 4.698616817745409513e+00
8.642499999999999627e-01 1.141747816752937572e+00 4.698616817744097673e+00 1.141747816753146738e+00 4.698616817745409513e+00
8.647500000000000187e-01 1.140521056026079227e+00 4.698616817744099450e+00 1.140521056026282176e+00 4.698616817745409513e+00
8.652500000000000746e-01 1.139287373439009432e+00 4.698616817744095897e+00 1.139287373439216156e+00 4.698616817745409513e+00
8.657500000000000195e-01 1.138046818329362608e+00 4.698616817744095897e+00 1.138046818329572218e+00 4.698616817745409513e+00
8.662499999999999645e-01 1.136799441169042746e+00 4.698616817744095009e+00 1.136799441169250136e+00 4.698616817745409513e+00
8.667500000000000204e-01 1.135545293562957969e+00 4.698616817744094121e+00 1.135545293563162916e+00 4.698616817745409513e+00
8.672500000000000764e-01 1.134284428247411824e+00 4.698616817744094121e+00 1.134284428247616994e+00 4.698616817745409513e+00
8.677500000000000213e-01 1.133016899088118201e+00 4.698616817744095897e+00 1.133016899088325591e+00 4.698616817745409513e+00
8.682499999999999662e-01 1.131742761077861426e+00 4.698616817744096785e+00 1.131742761078066595e+00 4.698616817745409513e+00
8.687500000000000222e-01 1.130462070333766444e+00 4.698616817744095009e+00 1.130462070333971170e+00 4.698616817745409513e+00
8.692500000000000782e-01 1.129174884094237719e+00 4.698616817744092344e+00 1.129174884094448661e+00 4.698616817745409513e+00
8.697500000000000231e-01 1.127881260715532852e+00 4.698616817744090568e+00 1.127881260715747569e+00 4.698616817745409513e+00
8.702499999999999680e-01 1.126581259667931878e+00 4.698616817744089680e+00 1.126581259668147705e+00 4.698616817745409513e+00
8.707500000000000240e-01 1.125274941531568818e+00 4.698616817744089680e+00 1.125274941531784423e+00 4.698616817745409513e+00
8.712500000000000799e-01 1.123962367991895306e+00 4.698616817744089680e+00 1.123962367992109801e+00 4.698616817745409513e+00
8.717500000000000249e-01 1.122643601834768745e+00 4.698616817744089680e+00 1.122643601834986127e+00 4.698616817745409513e+00
8.722499999999999698e-01 1.121318706941191401e+00 4.698616817744090568e+00 1.121318706941406340e+00 4.698616817745409513e+00
8.727500000000000258e-01 1.119987748281645601e+00 4.698616817744092344e+00 1.119987748281857654e+00 4.698616817745409513e+00
8.732500000000000817e-01 1.118650791910098974e+00 4.698616817744092344e+00 1.118650791910311915e+00 4.698616817745409513e+00
8.737500000000000266e-01 1.117307904957644205e+00 4.698616817744091456e+00 1.117307904957859366e+00 4.698616817745409513e+00
8.742499999999999716e-01 1.115959155625755983e+00 4.698616817744092344e+00 1.115959155625970700e+00 4.698616817745409513e+00
8.747500000000000275e-01 1.114604613179189352e+00 4.698616817744092344e+00 1.114604613179401404e+00 4.698616817745409513e+00
8.752500000000000835e-01 1.113244347938525891e+00 4.698616817744091456e+00 1.113244347938739942e+00 4.698616817745409513e+00
8.757500000000000284e-01 1.111878431272373735e+00 4.698616817744091456e+00 1.111878431272592005e+00 4.698616817745409513e+00
8.762499999999999734e-01 1.110506935589189670e+00 4.698616817744089680e+00 1.110506935589409494e+00 4.698616817745409513e+00
8.767500000000000293e-01 1.109129934328749290e+00 4.698616817744088792e+00 1.109129934328967559e+00 4.698616817745409513e+00
8.772500000000000853e-01 1.107747501953275426e+00 4.698616817744089680e+00 1.107747501953494140e+00 4.698616817745409513e+00
8.777500000000000302e-01 1.106359713938223743e+00 4.698616817744088792e+00 1.106359713938444012e+00 4.698616817745409513e+00
8.782499999999999751e-01 1.104966646762711502e+00 4.698616817744087015e+00 1.104966646762931104e+00 4.698616817745409513e+00
8.787500000000000311e-01 1.103568377899604380e+00 4.698616817744088792e+00 1.103568377899821984e+00 4.698616817745409513e+00
8.792500000000000870e-01 1.102164985805271114e+00 4.698616817744095897e+00 1.102164985805489827e+00 4.698616817745409513e+00
8.797500000000000320e-01 1.100756549909011728e+00 4.698616817744105667e+00 1.100756549909228443e+00 4.698616817745409513e+00
8.802499999999999769e-01 1.099343150602135166e+00 4.698616817744117213e+00 1.099343150602344776e+00 4.698616817745409513e+00
8.807500000000000329e-01 1.097924869226710953e+00 4.698616817744121654e+00 1.097924869226919009e+00 4.698616817745409513e+00
8.812500000000000888e-01 1.096501788064033533e+00 4.698616817744121654e+00 1.096501788064245142e+00 4.698616817745409513e+00
8.817500000000000338e-01 1.095073990322740221e+00 4.698616817744120766e+00 1.095073990322954494e+00 4.698616817745409513e+00
8.822499999999999787e-01 1.093641560126612511e+00 4.698616817744118990e+00 1.093641560126826118e+00 4.698616817745409513e+00
8.827500000000000346e-01 1.092204582502076304e+00 4.698616817744118990e+00 1.092204582502289689e+00 4.698616817745409513e+00
8.832500000000000906e-01 1.090763143365420573e+00 4.698616817744123431e+00 1.090763143365629517e+00 4.698616817745409513e+00
8.837500000000000355e-01 1.089317329509683407e+00 4.698616817744128760e+00 1.089317329509887466e+00 4.698616817745409513e+00
8.842499999999999805e-01 1.087867228591274937e+00 4.698616817744129648e+00 1.087867228591477886e+00 4.698616817745409513e+00
8.847500000000000364e-01 1.086412929116314041e+00 4.698616817744131424e+00 1.086412929116516324e+00 4.698616817745409513e+00
8.852500000000000924e-01 1.084954520426669067e+00 4.698616817744138530e+00 1.084954520426871349e+00 4.698616817745409513e+00
8.857500000000000373e-01 1.083492092685737429e+00 4.698616817744147411e+00 1.083492092685940378e+00 4.698616817745409513e+00
8.862499999999999822e-01 1.082025736863958976e+00 4.698616817744152740e+00 1.082025736864161258e+00 4.698616817745409513e+00
8.867500000000000382e-01 1.080555544724061345e+00 4.698616817744150964e+00 1.080555544724262740e+00 4.698616817745409513e+00
8.872500000000000941e-01 1.079081608806062187e+00 4.698616817744150964e+00 1.079081608806263359e+00 4.698616817745409513e+00
8.877500000000000391e-01 1.077604022412023355e+00 4.698616817744152740e+00 1.077604022412224305e+00 4.698616817745409513e+00
8.882499999999999840e-01 1.076122879590558190e+00 4.698616817744154517e+00 1.076122879590758474e+00 4.698616817745409513e+00
8.887500000000000400e-01 1.074638275121112763e+00 4.698616817744154517e+00 1.074638275121314379e+00 4.698616817745409513e+00
8.892500000000000959e-01 1.073150304498027063e+00 4.698616817744156293e+00 1.073150304498229568e+00 4.698616817745409513e+00
8.897500000000000409e-01 1.071659063914368160e+00 4.698616817744161622e+00 1.071659063914571774e+00 4.698616817745409513e+00
8.902499999999999858e-01 1.070164650245563287e+00 4.698616817744167840e+00 1.070164650245764904e+00 4.698616817745409513e+00
8.907500000000000417e-01 1.068667161032821555e+00 4.698616817744174057e+00 1.068667161033018731e+00 4.698616817745409513e+00
8.912500000000000977e-01 1.067166694466362253e+00 4.698616817744179386e+00 1.067166694466559207e+00 4.698616817745409513e+00
8.917500000000000426e-01 1.065663349368478841e+00 4.698616817744177609e+00 1.065663349368677792e+00 4.698616817745409513e+00
8.922499999999999876e-01 1.064157225176401322e+00 4.698616817744180274e+00 1.064157225176599386e+00 4.698616817745409513e+00
8.927500000000000435e-01 1.062648421924983877e+00 4.698616817744182939e+00 1.062648421925179498e+00 4.698616817745409513e+00
8.932500000000000995e-01 1.061137040229247042e+00 4.698616817744182939e+00 1.061137040229443329e+00 4.698616817745409513e+00
8.937500000000000444e-01 1.059623181266774239e+00 4.698616817744183827e+00 1.059623181266970748e+00 4.698616817745409513e+00
8.942499999999999893e-01 1.058106946759935107e+00 4.698616817744188268e+00 1.058106946760132061e+00 4.698616817745409513e+00
8.947500000000000453e-01 1.056588438957995590e+00 4.698616817744191820e+00 1.056588438958190768e+00 4.698616817745409513e+00
8.952500000000001013e-01 1.055067760619083916e+00 4.698616817744195373e+00 1.055067760619281314e+00 4.698616817745409513e+00
8.957500000000000462e-01 1.053545014992063322e+00 4.698616817744193597e+00 1.053545014992262940e+00 4.698616817745409513e+00
8.962499999999999911e-01 1.052020305798262223e+00 4.698616817744193597e+00 1.052020305798460731e+00 4.698616817745409513e+00
8.967499999999999361e-01 1.050493737213113121e+00 4.698616817744193597e+00 1.050493737213312739e+00 4.698616817745409513e+00
8.972499999999999920e-01 1.048965413847717132e+00 4.698616817744193597e+00 1.048965413847916972e+00 4.698616817745409513e+00
8.977500000000000480e-01 1.047435440730298595e+00 4.698616817744197149e+00 1.047435440730497103e+00 4.698616817745409513e+00
8.982499999999999929e-01 1.045903923287592185e+00 4.698616817744198926e+00 1.045903923287790249e+00 4.698616817745409513e+00
8.987499999999999378e-01 1.044370967326172961e+00 4.698616817744202478e+00 1.044370967326369692e+00 4.698616817745409513e+00
8.992499999999999938e-01 1.042836679013714241e+00 4.698616817744209584e+00 1.042836679013907419e+00 4.698616817745409513e+00
8.997500000000000497e-01 1.041301164860197748e+00 4.698616817744214913e+00 1.041301164860391371e+00 4.698616817745409513e+00
9.002499999999999947e-01 1.039764531699100880e+00 4.698616817744218466e+00 1.039764531699295391e+00 4.698616817745409513e+00
9.007499999999999396e-01 1.038226886668531357e+00 4.698616817744227347e+00 1.038226886668722759e+00 4.698616817745409513e+00
9.012499999999999956e-01 1.036688337192335663e+00 4.698616817744232677e+00 1.036688337192524179e+00 4.698616817745409513e+00
9.017500000000000515e-01 1.035148990961213489e+00 4.698616817744230900e+00 1.035148990961403559e+00 4.698616817745409513e+00
9.022499999999999964e-01 1.033608955913821292e+00 4.698616817744230900e+00 1.033608955914012695e+00 4.698616817745409513e+00
9.027499999999999414e-01 1.032068340217864311e+00 4.698616817744230900e+00 1.032068340218054825e+00 4.698616817745409513e+00
9.032499999999999973e-01 1.030527252251207670e+00 4.698616817744230900e+00 1.030527252251396408e+00 4.698616817745409513e+00
9.037500000000000533e-01 1.028985800583007926e+00 4.698616817744230012e+00 1.028985800583198440e+00 4.698616817745409513e+00
9.042499999999999982e-01 1.027444093954885673e+00 4.698616817744226459e+00 1.027444093955079518e+00 4.698616817745409513e+00
9.047499999999999432e-01 1.025902241262113268e+00 4.698616817744229124e+00 1.025902241262308445e+00 4.698616817745409513e+00
9.052499999999999991e-01 1.024360351534857827e+00 4.698616817744232677e+00 1.024360351535050784e+00 4.698616817745409513e+00
9.057500000000000551e-01 1.022818533919468864e+00 4.698616817744233565e+00 1.022818533919661599e+00 4.698616817745409513e+00
9.062500000000000000e-01 1.021276897659852523e+00 4.698616817744241558e+00 1.021276897660043481e+00 4.698616817745409513e+00
9.067499999999999449e-01 1.019735552078883334e+00 4.698616817744248664e+00 1.019735552079071628e+00 4.698616817745409513e+00
9.072500000000000009e-01 1.018194606559909676e+00 4.698616817744251328e+00 1.018194606560097526e+00 4.698616817745409513e+00
9.077500000000000568e-01 1.016654170528346945e+00 4.698616817744248664e+00 1.016654170528537460e+00 4.698616817745409513e+00
9.082500000000000018e-01 1.015114353433362204e+00 4.698616817744247776e+00 1.015114353433554051e+00 4.698616817745409513e+00
9.087499999999999467e-01 1.013575264729648095e+00 4.698616817744252216e+00 1.013575264729837944e+00 4.698616817745409513e+00
9.092500000000000027e-01 1.012037013859307555e+00 4.698616817744254881e+00 1.012037013859495405e+00 4.698616817745409513e+00
9.097500000000000586e-01 1.010499710233867976e+00 4.698616817744258434e+00 1.010499710234056270e+00 4.698616817745409513e+00
9.102500000000000036e-01 1.008963463216411949e+00 4.698616817744260210e+00 1.008963463216601353e+00 4.698616817745409513e+00
9.107499999999999485e-01 1.007428382103825903e+00 4.698616817744261986e+00 1.007428382104015752e+00 4.698616817745409513e+00
9.112500000000000044e-01 1.005894576109195526e+00 4.698616817744262875e+00 1.005894576109385152e+00 4.698616817745409513e+00
9.117500000000000604e-01 1.004362154344343949e+00 4.698616817744262875e+00 1.004362154344532687e+00 4.698616817745409513e+00
9.122500000000000053e-01 1.002831225802516713e+00 4.698616817744261986e+00 1.002831225802706339e+00 4.698616817745409513e+00
9.127499999999999503e-01 1.001301899341229484e+00 4.698616817744262875e+00 1.001301899341418444e+00 4.698616817745409513e+00
9.132500000000000062e-01 9.997742836652667719e-01 4.698616817744261098e+00 9.997742836654555099e-01 4.698616817745409513e+00
9.137500000000000622e-01 9.982484873098633749e-01 4.698616817744260210e+00 9.982484873100532230e-01 4.698616817745409513e+00
9.142500000000000071e-01 9.967246186240537043e-01 4.698616817744259322e+00 9.967246186242439965e-01 4.698616817745409513e+00
9.147499999999999520e-01 9.952027857542011802e-01 4.698616817744259322e+00 9.952027857543903622e-01 4.698616817745409513e+00
9.152500000000000080e-01 9.936830966277137023e-01 4.698616817744260210e+00 9.936830966279011079e-01 4.698616817745409513e+00
9.157500000000000639e-01 9.921656589369567403e-01 4.698616817744263763e+00 9.921656589371423696e-01 4.698616817745409513e+00
9.162500000000000089e-01 9.906505801233588260e-01 4.698616817744268204e+00 9.906505801235434561e-01 4.698616817745409513e+00
9.167499999999999538e-01 9.891379673617222146e-01 4.698616817744268204e+00 9.891379673619071777e-01 4.698616817745409513e+00
9.172500000000000098e-01 9.876279275447412687e-01 4.698616817744267316e+00 9.876279275449271200e-01 4.698616817745409513e+00
9.177500000000000657e-01 9.861205672677328948e-01 4.698616817744269092e+00 9.861205672679185241e-01 4.698616817745409513e+00
9.182500000000000107e-01 9.846159928135773676e-01 4.698616817744270868e+00 9.846159928137635520e-01 4.698616817745409513e+00
9.187499999999999556e-01 9.831143101378949645e-01 4.698616817744274421e+00 9.831143101380804827e-01 4.698616817745409513e+00
9.192500000000000115e-01 9.816156248544339880e-01 4.698616817744277974e+00 9.816156248546179519e-01 4.698616817745409513e+00
9.197500000000000675e-01 9.801200422206965968e-01 4.698616817744278862e+00 9.801200422208798946e-01 4.698616817745409513e+00
9.202500000000000124e-01 9.786276671237974512e-01 4.698616817744278862e+00 9.786276671239814151e-01 4.698616817745409513e+00
9.207499999999999574e-01 9.771386040665644979e-01 4.698616817744283303e+00 9.771386040667457973e-01 4.698616817745409513e+00
9.212500000000000133e-01 9.756529571538621326e-01 4.698616817744287744e+00 9.756529571540403234e-01 4.698616817745409513e+00
9.217500000000000693e-01 9.741708300791798170e-01 4.698616817744293073e+00 9.741708300793567865e-01 4.698616817745409513e+00
9.222500000000000142e-01 9.726923261114639452e-01 4.698616817744300178e+00 9.726923261116415809e-01 4.698616817745409513e+00
9.227499999999999591e-01 9.712175480821936269e-01 4.698616817744306395e+00 9.712175480823707074e-01 4.698616817745409513e+00
9.232500000000000151e-01 9.697465983727089345e-01 4.698616817744305507e+00 9.697465983728854599e-01 4.698616817745409513e+00
9.237500000000000711e-01 9.682795789018004973e-01 4.698616817744304619e+00 9.682795789019774668e-01 4.698616817745409513e+00
9.242500000000000160e-01 9.668165911135604418e-01 4.698616817744304619e+00 9.668165911137375224e-01 4.698616817745409513e+00
9.247499999999999609e-01 9.653577359654831325e-01 4.698616817744308172e+00 9.653577359656592138e-01 4.698616817745409513e+00
9.252500000000000169e-01 9.639031139168348084e-01 4.698616817744311724e+00 9.639031139170096685e-01 4.698616817745409513e+00
9.257500000000000728e-01 9.624528249172870087e-01 4.698616817744310836e+00 9.624528249174624239e-01 4.698616817745409513e+00
9.262500000000000178e-01 9.610069683958213371e-01 4.698616817744307284e+00 9.610069683959979736e-01 4.698616817745409513e+00
9.267499999999999627e-01 9.595656432498935740e-01 4.698616817744305507e+00 9.595656432500689892e-01 4.698616817745409513e+00
9.272500000000000187e-01 9.581289478348651301e-01 4.698616817744308172e+00 9.581289478350368816e-01 4.698616817745409513e+00
9.277500000000000746e-01 9.566969799537086150e-01 4.698616817744316165e+00 9.566969799538778130e-01 4.698616817745409513e+00
9.282500000000000195e-01 9.552698368469914048e-01 4.698616817744317942e+00 9.552698368471602697e-01 4.698616817745409513e+00
9.287499999999999645e-01 9.538476151831225547e-01 4.698616817744316165e+00 9.538476151832918637e-01 4.698616817745409513e+00
9.292500000000000204e-01 9.524304110488699404e-01 4.698616817744310836e+00 9.524304110490396935e-01 4.698616817745409513e+00
9.297500000000000764e-01 9.510183199401577303e-01 4.698616817744308172e+00 9.510183199403277055e-01 4.698616817745409513e+00
9.302500000000000213e-01 9.496114367531309775e-01 4.698616817744311724e+00 9.496114367533002865e-01 4.698616817745409513e+00
9.307499999999999662e-01 9.482098557754938817e-01 4.698616817744314389e+00 9.482098557756610813e-01 4.698616817745409513e+00
9.312500000000000222e-01 9.468136706781224987e-01 4.698616817744310836e+00 9.468136706782892542e-01 4.698616817745409513e+00
9.317500000000000782e-01 9.454229745069575586e-01 4.698616817744309948e+00 9.454229745071243141e-01 4.698616817745409513e+00
9.322500000000000231e-01 9.440378596751581863e-01 4.698616817744314389e+00 9.440378596753244977e-01 4.698616817745409513e+00
9.327499999999999680e-01 9.426584179555307363e-01 4.698616817744314389e+00 9.426584179556957155e-01 4.698616817745409513e+00
9.332500000000000240e-01 9.412847404732320733e-01 4.698616817744314389e+00 9.412847404733967194e-01 4.698616817745409513e+00
9.337500000000000799e-01 9.399169176987468566e-01 4.698616817744319718e+00 9.399169176989105035e-01 4.698616817745409513e+00
9.342500000000000249e-01 9.385550394411212860e-01 4.698616817744317942e+00 9.385550394412854880e-01 4.698616817745409513e+00
9.347499999999999698e-01 9.371991948414825080e-01 4.698616817744316165e+00 9.371991948416472651e-01 4.698616817745409513e+00
9.352500000000000258e-01 9.358494723668123738e-01 4.698616817744315277e+00 9.358494723669766868e-01 4.698616817745409513e+00
9.357500000000000817e-01 9.345059598039898718e-01 4.698616817744317053e+00 9.345059598041541848e-01 4.698616817745409513e+00
9.362500000000000266e-01 9.331687442541025668e-01 4.698616817744320606e+00 9.331687442542666577e-01 4.698616817745409513e+00
9.367499999999999716e-01 9.318379121270179422e-01 4.698616817744325047e+00 9.318379121271799237e-01 4.698616817745409513e+00
9.372500000000000275e-01 9.305135491362110933e-01 4.698616817744330376e+00 9.305135491363698552e-01 4.698616817745409513e+00
9.377500000000000835e-01 9.291957402938584298e-01 4.698616817744332153e+00 9.291957402940153044e-01 4.698616817745409513e+00
9.382500000000000284e-01 9.278845699061863961e-01 4.698616817744331264e+00 9.278845699063440478e-01 4.698616817745409513e+00
9.387499999999999734e-01 9.265801215690794290e-01 4.698616817744332153e+00 9.265801215692371917e-01 4.698616817745409513e+00
9.392500000000000293e-01 9.252824781639286122e-01 4.698616817744332153e+00 9.252824781640854868e-01 4.698616817745409513e+00
9.397500000000000853e-01 9.239917218537372356e-01 4.698616817744329488e+00 9.239917218538946653e-01 4.698616817745409513e+00
9.402500000000000302e-01 9.227079340794833717e-01 4.698616817744329488e+00 9.227079340796416895e-01 4.698616817745409513e+00
9.407499999999999751e-01 9.214311955567144885e-01 4.698616817744333041e+00 9.214311955568721402e-01 4.698616817745409513e+00
9.412500000000000311e-01 9.201615862723868666e-01 4.698616817744334817e+00 9.201615862725442962e-01 4.698616817745409513e+00
9.417500000000000870e-01 9.188991854819530403e-01 4.698616817744337482e+00 9.188991854821104699e-01 4.698616817745409513e+00
9.422500000000000320e-01 9.176440717066809416e-01 4.698616817744339258e+00 9.176440717068392594e-01 4.698616817745409513e+00
9.427499999999999769e-01 9.163963227312101889e-01 4.698616817744346363e+00 9.163963227313660642e-01 4.698616817745409513e+00
9.432500000000000329e-01 9.151560156013270886e-01 4.698616817744353469e+00 9.151560156014811875e-01 4.698616817745409513e+00
9.437500000000000888e-01 9.139232266219887713e-01 4.698616817744357022e+00 9.139232266221414269e-01 4.698616817745409513e+00
9.442500000000000338e-01 9.126980313555578261e-01 4.698616817744358798e+00 9.126980313557110369e-01 4.698616817745409513e+00
9.447499999999999787e-01 9.114805046202656413e-01 4.698616817744360574e+00 9.114805046204191852e-01 4.698616817745409513e+00
9.452500000000000346e-01 9.102707204888866865e-01 4.698616817744358798e+00 9.102707204890407855e-01 4.698616817745409513e+00
9.457500000000000906e-01 9.090687522876362836e-01 4.698616817744365015e+00 9.090687522877897164e-01 4.698616817745409513e+00
9.462500000000000355e-01 9.078746725952738794e-01 4.698616817744371232e+00 9.078746725954263130e-01 4.698616817745409513e+00
9.467499999999999805e-01 9.066885532424184824e-01 4.698616817744374785e+00 9.066885532425690286e-01 4.698616817745409513e+00
9.472500000000000364e-01 9.055104653110662705e-01 4.698616817744378338e+00 9.055104653112138191e-01 4.698616817745409513e+00
9.477500000000000924e-01 9.043404791343084836e-01 4.698616817744374785e+00 9.043404791344558102e-01 4.698616817745409513e+00
9.482500000000000373e-01 9.031786642962593703e-01 4.698616817744378338e+00 9.031786642964060308e-01 4.698616817745409513e+00
9.487499999999999822e-01 9.020250896321544420e-01 4.698616817744381891e+00 9.020250896323002143e-01 4.698616817745409513e+00
9.492500000000000382e-01 9.008798232286555629e-01 4.698616817744373897e+00 9.008798232288028895e-01 4.698616817745409513e+00
9.497500000000000941e-01 8.997429324243471083e-01 4.698616817744373009e+00 8.997429324244951010e-01 4.698616817745409513e+00
9.502500000000000391e-01 8.986144838103947707e-01 4.698616817744377450e+00 8.986144838105433186e-01 4.698616817745409513e+00
9.507499999999999840e-01 8.974945432313994331e-01 4.698616817744382779e+00 8.974945432315476479e-01 4.698616817745409513e+00
9.512500000000000400e-01 8.963831757864194616e-01 4.698616817744386331e+00 8.963831757865671213e-01 4.698616817745409513e+00
9.517500000000000959e-01 8.952804458301665269e-01 4.698616817744390772e+00 8.952804458303144086e-01 4.698616817745409513e+00
9.522500000000000409e-01 8.941864169743675150e-01 4.698616817744394325e+00 8.941864169745158408e-01 4.698616817745409513e+00
9.527499999999999858e-01 8.931011520892893074e-01 4.698616817744396990e+00 8.931011520894375222e-01 4.698616817745409513e+00
9.532500000000000417e-01 8.920247133054215460e-01 4.698616817744400542e+00 8.920247133055679845e-01 4.698616817745409513e+00
9.537500000000000977e-01 8.909571620153146077e-01 4.698616817744401430e+00 8.909571620154597138e-01 4.698616817745409513e+00
9.542500000000000426e-01 8.898985588755707887e-01 4.698616817744404983e+00 8.898985588757162279e-01 4.698616817745409513e+00
9.547499999999999876e-01 8.888489638089862588e-01 4.698616817744404983e+00 8.888489638091311429e-01 4.698616817745409513e+00
9.552500000000000435e-01 8.878084360068245751e-01 4.698616817744404095e+00 8.878084360069695702e-01 4.698616817745409513e+00
9.557500000000000995e-01 8.867770339312420758e-01 4.698616817744406760e+00 8.867770339313868488e-01 4.698616817745409513e+00
9.562500000000000444e-01 8.857548153178383954e-01 4.698616817744409424e+00 8.857548153179837236e-01 4.698616817745409513e+00
9.567499999999999893e-01 8.847418371783487556e-01 4.698616817744410312e+00 8.847418371784937507e-01 4.698616817745409513e+00
9.572500000000000453e-01 8.837381558034484996e-01 4.698616817744401430e+00 8.837381558035951601e-01 4.698616817745409513e+00
9.577500000000001013e-01 8.827438267657009563e-01 4.698616817744395213e+00 8.827438267658503923e-01 4.698616817745409513e+00
9.582500000000000462e-01 8.817589049226080000e-01 4.698616817744396101e+00 8.817589049227587683e-01 4.698616817745409513e+00
9.587499999999999911e-01 8.807834444197795154e-01 4.698616817744399654e+00 8.807834444199308388e-01 4.698616817745409513e+00
9.592500000000000471e-01 8.798174986942182141e-01 4.698616817744400542e+00 8.798174986943693154e-01 4.698616817745409513e+00
9.597499999999999920e-01 8.788611204777073693e-01 4.698616817744394325e+00 8.788611204778594699e-01 4.698616817745409513e+00
9.602500000000000480e-01 8.779143618003102389e-01 4.698616817744392549e+00 8.779143618004624505e-01 4.698616817745409513e+00
9.607499999999999929e-01 8.769772739939591943e-01 4.698616817744396990e+00 8.769772739941100737e-01 4.698616817745409513e+00
9.612499999999999378e-01 8.760499076961405507e-01 4.698616817744401430e+00 8.760499076962903198e-01 4.698616817745409513e+00
9.617499999999999938e-01 8.751323128536794282e-01 4.698616817744402319e+00 8.751323128538298635e-01 4.698616817745409513e+00
9.622500000000000497e-01 8.742245387266107670e-01 4.698616817744406760e+00 8.742245387267614243e-01 4.698616817745409513e+00
9.627499999999999947e-01 8.733266338921262806e-01 4.698616817744412089e+00 8.733266338922772709e-01 4.698616817745409513e+00
9.632499999999999396e-01 8.724386462486086735e-01 4.698616817744415641e+00 8.724386462487604410e-01 4.698616817745409513e+00
9.637499999999999956e-01 8.715606230197410209e-01 4.698616817744417418e+00 8.715606230198932325e-01 4.698616817745409513e+00
9.642500000000000515e-01 8.706926107586879793e-01 4.698616817744413865e+00 8.706926107588418562e-01 4.698616817745409513e+00
9.647499999999999964e-01 8.698346553523499392e-01 4.698616817744410312e+00 8.698346553525051483e-01 4.698616817745409513e+00
9.652499999999999414e-01 8.689868020256756864e-01 4.698616817744412977e+00 8.689868020258302295e-01 4.698616817745409513e+00
9.657499999999999973e-01 8.681490953460406779e-01 4.698616817744421859e+00 8.681490953461921123e-01 4.698616817745409513e+00
9.662500000000000533e-01 8.673215792276793845e-01 4.698616817744428076e+00 8.673215792278291536e-01 4.698616817745409513e+00
9.667499999999999982e-01 8.665042969361843594e-01 4.698616817744435181e+00 8.665042969363335734e-01 4.698616817745409513e+00
9.672499999999999432e-01 8.656972910930432752e-01 4.698616817744441398e+00 8.656972910931920451e-01 4.698616817745409513e+00
9.677499999999999991e-01 8.649006036802278086e-01 4.698616817744445839e+00 8.649006036803759123e-01 4.698616817745409513e+00
9.682500000000000551e-01 8.641142760448254911e-01 4.698616817744449392e+00 8.641142760449744831e-01 4.698616817745409513e+00
9.687500000000000000e-01 8.633383489037169678e-01 4.698616817744451168e+00 8.633383489038670700e-01 4.698616817745409513e+00
9.692499999999999449e-01 8.625728623482833424e-01 4.698616817744445839e+00 8.625728623484347768e-01 4.698616817745409513e+00
9.697500000000000009e-01 8.618178558491526031e-01 4.698616817744442287e+00 8.618178558493049257e-01 4.698616817745409513e+00
9.702500000000000568e-01 8.610733682609745809e-01 4.698616817744443175e+00 8.610733682611272366e-01 4.698616817745409513e+00
9.707500000000000018e-01 8.603394378272226639e-01 4.698616817744451168e+00 8.603394378273742094e-01 4.698616817745409513e+00
9.712499999999999467e-01 8.596161021850190487e-01 4.698616817744457386e+00 8.596161021851697059e-01 4.698616817745409513e+00
9.717500000000000027e-01 8.589033983699854158e-01 4.698616817744460050e+00 8.589033983701357400e-01 4.698616817745409513e+00
9.722500000000000586e-01 8.582013628211059286e-01 4.698616817744456498e+00 8.582013628212578071e-01 4.698616817745409513e+00
9.727500000000000036e-01 8.575100313856105494e-01 4.698616817744452057e+00 8.575100313857647594e-01 4.698616817745409513e+00
9.732499999999999485e-01 8.568294393238665707e-01 4.698616817744455609e+00 8.568294393240210027e-01 4.698616817745409513e+00
9.737500000000000044e-01 8.561596213142728118e-01 4.698616817744457386e+00 8.561596213144270218e-01 4.698616817745409513e+00
9.742500000000000604e-01 8.555006114581691357e-01 4.698616817744454721e+00 8.555006114583247889e-01 4.698616817745409513e+00
9.747500000000000053e-01 8.548524432847490750e-01 4.698616817744445839e+00 8.548524432849078369e-01 4.698616817745409513e+00
9.752499999999999503e-01 8.542151497559692386e-01 4.698616817744444063e+00 8.542151497561298878e-01 4.698616817745409513e+00
9.757500000000000062e-01 8.535887632714506124e-01 4.698616817744443175e+00 8.535887632716115947e-01 4.698616817745409513e+00
9.762500000000000622e-01 8.529733156733789734e-01 4.698616817744443175e+00 8.529733156735403998e-01 4.698616817745409513e+00
9.767500000000000071e-01 8.523688382514035267e-01 4.698616817744444951e+00 8.523688382515651751e-01 4.698616817745409513e+00
9.772499999999999520e-01 8.517753617475154471e-01 4.698616817744449392e+00 8.517753617476763184e-01 4.698616817745409513e+00
9.777500000000000080e-01 8.511929163609150972e-01 4.698616817744456498e+00 8.511929163610746363e-01 4.698616817745409513e+00
9.782500000000000639e-01 8.506215317528647013e-01 4.698616817744463603e+00 8.506215317530240183e-01 4.698616817745409513e+00
9.787500000000000089e-01 8.500612370515248095e-01 4.698616817744466267e+00 8.500612370516852367e-01 4.698616817745409513e+00
9.792499999999999538e-01 8.495120608567674481e-01 4.698616817744469820e+00 8.495120608569283194e-01 4.698616817745409513e+00
9.797500000000000098e-01 8.489740312449631787e-01 4.698616817744475149e+00 8.489740312451227178e-01 4.698616817745409513e+00
9.802500000000000657e-01 8.484471757737421793e-01 4.698616817744477814e+00 8.484471757739010522e-01 4.698616817745409513e+00
9.807500000000000107e-01 8.479315214867337858e-01 4.698616817744475149e+00 8.479315214868945461e-01 4.698616817745409513e+00
9.812499999999999556e-01 8.474270949182762802e-01 4.698616817744471597e+00 8.474270949184391499e-01 4.698616817745409513e+00
9.817500000000000115e-01 8.469339220980818261e-01 4.698616817744461827e+00 8.469339220982473604e-01 4.698616817745409513e+00
9.822500000000000675e-01 8.464520285558799761e-01 4.698616817744458274e+00 8.464520285560483970e-01 4.698616817745409513e+00
9.827500000000000124e-01 8.459814393260198795e-01 4.698616817744462715e+00 8.459814393261884113e-01 4.698616817745409513e+00
9.832499999999999574e-01 8.455221789520261932e-01 4.698616817744466267e+00 8.455221789521935039e-01 4.698616817745409513e+00
9.837500000000000133e-01 8.450742714911259057e-01 4.698616817744472485e+00 8.450742714912917730e-01 4.698616817745409513e+00
9.842500000000000693e-01 8.446377405187264209e-01 4.698616817744470708e+00 8.446377405188933984e-01 4.698616817745409513e+00
9.847500000000000142e-01 8.442126091328550075e-01 4.698616817744468932e+00 8.442126091330233173e-01 4.698616817745409513e+00
9.852499999999999591e-01 8.437988999585399608e-01 4.698616817744465379e+00 8.437988999587102690e-01 4.698616817745409513e+00
9.857500000000000151e-01 8.433966351521535731e-01 4.698616817744459162e+00 8.433966351523258798e-01 4.698616817745409513e+00
9.862500000000000711e-01 8.430058364056999265e-01 4.698616817744452057e+00 8.430058364058743425e-01 4.698616817745409513e+00
9.867500000000000160e-01 8.426265249510527244e-01 4.698616817744450280e+00 8.426265249512288058e-01 4.698616817745409513e+00
9.872499999999999609e-01 8.422587215641395009e-01 4.698616817744454721e+00 8.422587215643158043e-01 4.698616817745409513e+00
9.877500000000000169e-01 8.419024465690680969e-01 4.698616817744460938e+00 8.419024465692437342e-01 4.698616817745409513e+00
9.882500000000000728e-01 8.415577198421995142e-01 4.698616817744466267e+00 8.415577198423748184e-01 4.698616817745409513e+00
9.887500000000000178e-01 8.412245608161611488e-01 4.698616817744468044e+00 8.412245608163374522e-01 4.698616817745409513e+00
9.892499999999999627e-01 8.409029884838039592e-01 4.698616817744468044e+00 8.409029884839808178e-01 4.698616817745409513e+00
9.897500000000000187e-01 8.405930214020900237e-01 4.698616817744472485e+00 8.405930214022659941e-01 4.698616817745409513e+00
9.902500000000000746e-01 8.402946776959221431e-01 4.698616817744477814e+00 8.402946776960972253e-01 4.698616817745409513e+00
9.907500000000000195e-01 8.400079750619092733e-01 4.698616817744476037e+00 8.400079750620851327e-01 4.698616817745409513e+00
9.912499999999999645e-01 8.397329307720706737e-01 4.698616817744474261e+00 8.397329307722484204e-01 4.698616817745409513e+00
9.917500000000000204e-01 8.394695616774678903e-01 4.698616817744477814e+00 8.394695616776459701e-01 4.698616817745409513e+00
9.922500000000000764e-01 8.392178842117665738e-01 4.698616817744484031e+00 8.392178842119439874e-01 4.698616817745409513e+00
9.927500000000000213e-01 8.389779143947331264e-01 4.698616817744486696e+00 8.389779143949107620e-01 4.698616817745409513e+00
9.932499999999999662e-01 8.387496678356665125e-01 4.698616817744488472e+00 8.387496678358438151e-01 4.698616817745409513e+00
9.937500000000000222e-01 8.385331597367462475e-01 4.698616817744484919e+00 8.385331597369247714e-01 4.698616817745409513e+00
9.942500000000000782e-01 8.383284048963215440e-01 4.698616817744483143e+00 8.383284048965012891e-01 4.698616817745409513e+00
9.947500000000000231e-01 8.381354177121138616e-01 4.698616817744476037e+00 8.381354177122967153e-01 4.698616817745409513e+00
9.952499999999999680e-01 8.379542121843622793e-01 4.698616817744478702e+00 8.379542121845450220e-01 4.698616817745409513e+00
9.957500000000000240e-01 8.377848019188653961e-01 4.698616817744472485e+00 8.377848019190498041e-01 4.698616817745409513e+00
9.962500000000000799e-01 8.376272001299869263e-01 4.698616817744495577e+00 8.376272001301676706e-01 4.698616817745409513e+00
9.967500000000000249e-01 8.374814196435300673e-01 4.698616817744477814e+00 8.374814196437145863e-01 4.698616817745409513e+00
9.972499999999999698e-01 8.373474728996187499e-01 4.698616817744525775e+00 8.373474728997938321e-01 4.698616817745409513e+00
9.977500000000000258e-01 8.372253719553564011e-01 4.698616817744449392e+00 8.372253719555469154e-01 4.698616817745409513e+00
9.982500000000000817e-01 8.371151284876559018e-01 4.698616817744575513e+00 8.371151284878223242e-01 4.698616817745409513e+00
9.987500000000000266e-01 8.370167537955555126e-01 4.698616817744354357e+00 8.370167537957667880e-01 4.698616817745409513e+00
9.992499999999999716e-01 8.369302588031976020e-01 4.698616817744731833e+00 8.369302588033348256e-01 4.698616817745409513e+00
9.997500000000000275e-01 8.368556540614512373e-01 4.698616817744100338e+00 8.368556540617163586e-01 4.698616817745409513e+00
