0.0025 2.9999999999999996 24.0 2.999999999999999 24.0 -1.3790593622234122e-70
0.0075 2.9999999999999996 24.0 2.999999999999999 24.0 -1.6758460996899557e-70
0.0125 2.9999999999999996 24.0 2.999999999999999 24.0 -2.0270559036300675e-70
0.0175 2.9999999999999996 24.0 2.999999999999999 24.0 -2.44187297645711e-70
0.0225 2.9999999999999996 24.0 2.999999999999999 24.0 -2.930952835662774e-70
0.0275 2.9999999999999996 24.0 2.999999999999999 24.0 -3.5066495981456865e-70
0.0325 2.9999999999999996 24.0 2.999999999999999 24.0 -4.1832774258043423e-70
0.037500000000000006 2.9999999999999996 24.0 2.999999999999999 24.0 -4.9774111563089664e-70
0.042499999999999996 2.9999999999999996 24.0 2.999999999999999 24.0 -5.908231868617492e-70
0.0475 2.9999999999999996 24.0 2.999999999999999 24.0 -6.997923961638603e-70
0.052500000000000005 2.9999999999999996 24.0 2.999999999999999 24.0 -8.272131271001598e-70
0.057499999999999996 2.9999999999999996 24.0 2.999999999999999 24.0 -9.760480829593164e-70
0.0625 2.9999999999999996 24.0 2.999999999999999 24.0 -1.1497184111213586e-69
0.0675 2.9999999999999996 24.0 2.999999999999999 24.0 -1.3521727004676061e-69
0.07250000000000001 2.9999999999999996 24.0 2.999999999999999 24.0 -1.587966137231769e-69
0.0775 2.9999999999999996 24.0 2.999999999999999 24.0 -1.8623512879828529e-69
0.0825 2.9999999999999996 24.0 2.999999999999999 24.0 -2.1813821875023e-69
0.0875 2.9999999999999996 24.0 2.999999999999999 24.0 -2.55203364775579e-69
0.0925 2.9999999999999996 24.0 2.999999999999999 24.0 -2.982337976023084e-69
0.0975 2.9999999999999996 24.0 2.999999999999999 24.0 -3.481541600190898e-69
0.10250000000000001 2.9999999999999996 24.0 2.999999999999999 24.0 -4.0602844524737043e-69
0.1075 2.9999999999999996 24.0 2.999999999999999 24.0 -4.730805365428287e-69
0.1125 2.9999999999999996 24.0 2.999999999999999 24.0 -5.50717719283256e-69
0.1175 2.9999999999999996 24.0 2.999999999999999 24.0 -6.405575890593817e-69
0.1225 2.9999999999999996 24.0 2.999999999999999 24.0 -7.444588388082509e-69
0.1275 2.9999999999999996 24.0 2.999999999999999 24.0 -8.645564758164884e-69
0.1325 2.9999999999999996 24.0 2.999999999999999 24.0 -1.0033020966093977e-68
0.1375 2.9999999999999996 24.0 2.999999999999999 24.0 -1.1635099356149476e-68
0.14250000000000002 2.9999999999999996 24.0 2.999999999999999 24.0 -1.3484095035222095e-68
0.1475 2.9999999999999996 24.0 2.999999999999999 24.0 -1.5617057450920286e-68
0.1525 2.9999999999999996 24.0 2.999999999999999 24.0 -1.8076477757254241e-68
0.1575 2.9999999999999996 24.0 2.999999999999999 24.0 -2.0911074034827997e-68
0.1625 2.9999999999999996 24.0 2.999999999999999 24.0 -2.4176688109133217e-68
0.1675 2.9999999999999996 24.0 2.999999999999999 24.0 -2.793730961763713e-68
0.17250000000000001 2.9999999999999996 24.0 2.999999999999999 24.0 -3.226624514508567e-68
0.1775 2.9999999999999996 24.0 2.999999999999999 24.0 -3.724745271257266e-68
0.1825 2.9999999999999996 24.0 2.999999999999999 24.0 -4.297706470952456e-68
0.1875 2.9999999999999996 24.0 2.999999999999999 24.0 -4.956512554488603e-68
0.1925 2.9999999999999996 24.0 2.999999999999999 24.0 -5.7137573916047345e-68
0.1975 2.9999999999999996 24.0 2.999999999999999 24.0 -6.583850371058892e-68
0.2025 2.9999999999999996 24.0 2.999999999999999 24.0 -7.583274223329352e-68
0.20750000000000002 2.9999999999999996 24.0 2.999999999999999 24.0 -8.73087897647848e-68
0.2125 2.9999999999999996 24.0 2.999999999999999 24.0 -1.0048217049466512e-67
0.2175 2.9999999999999996 24.0 2.999999999999999 24.0 -1.1559925172787331e-67
0.2225 2.9999999999999996 24.0 2.999999999999999 24.0 -1.3294159604919938e-67
0.2275 2.9999999999999996 24.0 2.999999999999999 24.0 -1.528309199714675e-67
0.2325 2.9999999999999996 24.0 2.999999999999999 24.0 -1.75634742630506e-67
0.2375 2.9999999999999996 24.0 2.999999999999999 24.0 -2.0177281948396558e-67
0.2425 2.9999999999999996 24.0 2.999999999999999 24.0 -2.3172446890408157e-67
0.2475 2.9999999999999996 24.0 2.999999999999999 24.0 -2.6603691423183244e-67
0.2525 2.9999999999999996 24.0 2.999999999999999 24.0 -3.053347805148097e-67
0.2575 2.9999999999999996 24.0 2.999999999999999 24.0 -3.5033090404848925e-67
0.2625 2.9999999999999996 24.0 2.999999999999999 24.0 -4.018386342776648e-67
0.2675 2.9999999999999996 24.0 2.999999999999999 24.0 -4.6078583193286396e-67
0.2725 2.9999999999999996 24.0 2.999999999999999 24.0 -5.2823079485558313e-67
0.2775 2.9999999999999996 24.0 2.999999999999999 24.0 -6.053803742442027e-67
0.28250000000000003 2.9999999999999996 24.0 2.999999999999999 24.0 -6.936105795160753e-67
0.2875 2.9999999999999996 24.0 2.999999999999999 24.0 -7.944900101904554e-67
0.2925 2.9999999999999996 24.0 2.999999999999999 24.0 -9.098064987789774e-67
0.2975 2.9999999999999996 24.0 2.999999999999999 24.0 -1.0415974003353164e-66
0.3025 2.9999999999999996 24.0 2.999999999999999 24.0 -1.1921840228741437e-66
0.3075 2.9999999999999996 24.0 2.999999999999999 24.0 -1.3642107592246355e-66
0.3125 2.9999999999999996 24.0 2.999999999999999 24.0 -1.5606895560755955e-66
0.3175 2.9999999999999996 24.0 2.999999999999999 24.0 -1.7850504411534008e-66
0.3225 2.9999999999999996 24.0 2.999999999999999 24.0 -2.0411989259774092e-66
0.3275 2.9999999999999996 24.0 2.999999999999999 24.0 -2.3335812109450782e-66
0.3325 2.9999999999999996 24.0 2.999999999999999 24.0 -2.6672582432960435e-66
0.3375 2.9999999999999996 24.0 2.999999999999999 24.0 -3.047989818704041e-66
0.3425 2.9999999999999996 24.0 2.999999999999999 24.0 -3.4823300759855237e-66
0.34750000000000003 2.9999999999999996 24.0 2.999999999999999 24.0 -3.977735914151629e-66
0.35250000000000004 2.9999999999999996 24.0 2.999999999999999 24.0 -4.5426900644890787e-66
0.3575 2.9999999999999996 24.0 2.999999999999999 24.0 -5.186840780677984e-66
0.3625 2.9999999999999996 24.0 2.999999999999999 24.0 -5.921160370615494e-66
0.3675 2.9999999999999996 24.0 2.999999999999999 24.0 -6.758125088627962e-66
0.3725 2.9999999999999996 24.0 2.999999999999999 24.0 -7.711919240561685e-66
0.3775 2.9999999999999996 24.0 2.999999999999999 24.0 -8.798666731935114e-66
0.3825 2.9999999999999996 24.0 2.999999999999999 24.0 -1.0036693716650759e-65
0.3875 2.9999999999999996 24.0 2.999999999999999 24.0 -1.1446826487103051e-65
0.3925 2.9999999999999996 24.0 2.999999999999999 24.0 -1.305272929327943e-65
0.3975 2.9999999999999996 24.0 2.999999999999999 24.0 -1.4881287396750002e-65
0.4025 2.9999999999999996 24.0 2.999999999999999 24.0 -1.696304136471897e-65
0.40750000000000003 2.9999999999999996 24.0 2.999999999999999 24.0 -1.933267939995452e-65
0.41250000000000003 2.9999999999999996 24.0 2.999999999999999 24.0 -2.2029595396344515e-65
0.4175 2.9999999999999996 24.0 2.999999999999999 24.0 -2.5098521420441516e-65
0.4225 2.9999999999999996 24.0 2.999999999999999 24.0 -2.8590244461693085e-65
0.4275 2.9999999999999996 24.0 2.999999999999999 24.0 -3.2562418585272163e-65
0.4325 2.9999999999999996 24.0 2.999999999999999 24.0 -3.7080485080592204e-65
0.4375 2.9999999999999996 24.0 2.999999999999999 24.0 -4.221871484767452e-65
0.4425 2.9999999999999996 24.0 2.999999999999999 24.0 -4.806138912666421e-65
0.4475 2.9999999999999996 24.0 2.999999999999999 24.0 -5.4704136781014575e-65
0.4525 2.9999999999999996 24.0 2.999999999999999 24.0 -6.225544872296053e-65
0.4575 2.9999999999999996 24.0 2.999999999999999 24.0 -7.083839275621506e-65
0.4625 2.9999999999999996 24.0 2.999999999999999 24.0 -8.05925551450868e-65
0.4675 2.9999999999999996 24.0 2.999999999999999 24.0 -9.167623864574696e-65
0.47250000000000003 2.9999999999999996 24.0 2.999999999999999 24.0 -1.042689506051616e-64
0.47750000000000004 2.9999999999999996 24.0 2.999999999999999 24.0 -1.1857421910234172e-64
0.4825 2.9999999999999996 24.0 2.999999999999999 24.0 -1.3482278003995889e-64
0.4875 2.9999999999999996 24.0 2.999999999999999 24.0 -1.5327618366328095e-64
0.4925 2.9999999999999996 24.0 2.999999999999999 24.0 -1.7423087527021033e-64
0.4975 2.9999999999999996 24.0 2.999999999999999 24.0 -1.980228119718218e-64
0.5025 2.9999999999999996 24.0 2.999999999999999 24.0 -2.2503268537095473e-64
0.5075000000000001 2.9999999999999996 24.0 2.999999999999999 24.0 -2.5569182906401962e-64
0.5125 2.9999999999999996 24.0 2.999999999999999 24.0 -2.9048890006825248e-64
0.5175000000000001 2.9999999999999996 24.0 2.999999999999999 24.0 -3.29977434782936e-64
0.5225 2.9999999999999996 24.0 2.999999999999999 24.0 -3.7478439307291665e-64
0.5275000000000001 2.9999999999999996 24.0 2.999999999999999 24.0 -4.256198187061687e-64
0.5325 2.9999999999999996 24.0 2.999999999999999 24.0 -4.832877608934616e-64
0.5375000000000001 2.9999999999999996 24.0 2.999999999999999 24.0 -5.4869862030630075e-64
0.5425 2.9999999999999996 24.0 2.999999999999999 24.0 -6.228831039583116e-64
0.5475000000000001 2.9999999999999996 24.0 2.999999999999999 24.0 -7.07007997023945e-64
0.5525 2.9999999999999996 24.0 2.999999999999999 24.0 -8.023939863812013e-64
0.5575000000000001 2.9999999999999996 24.0 2.999999999999999 24.0 -9.105358007790321e-64
0.5625 2.9999999999999996 24.0 2.999999999999999 24.0 -1.0331249664820779e-63
0.5675000000000001 2.9999999999999996 24.0 2.999999999999999 24.0 -1.1720755155142651e-63
0.5725 2.9999999999999996 24.0 2.999999999999999 24.0 -1.329553026758476e-63
0.5775 2.9999999999999996 24.0 2.999999999999999 24.0 -1.5080074287854763e-63
0.5825 2.9999999999999996 24.0 2.999999999999999 24.0 -1.7102100480687628e-63
0.5874999999999999 2.9999999999999996 24.0 2.999999999999999 24.0 -1.93929544797814e-63
0.5925 2.9999999999999996 24.0 2.999999999999999 24.0 -2.198808673499352e-63
0.5974999999999999 2.9999999999999996 24.0 2.999999999999999 24.0 -2.4927585949947157e-63
0.6025 2.9999999999999996 24.0 2.999999999999999 24.0 -2.825678132594467e-63
0.6074999999999999 2.9999999999999996 24.0 2.999999999999999 24.0 -3.2026922422553033e-63
0.6125 2.9999999999999996 24.0 2.999999999999999 24.0 -3.6295946565155e-63
0.6174999999999999 2.9999999999999996 24.0 2.999999999999999 24.0 -4.112934499122416e-63
0.6225 2.9999999999999996 24.0 2.999999999999999 24.0 -4.66011403475136e-63
0.6275 2.9999999999999996 24.0 2.999999999999999 24.0 -5.279498974982407e-63
0.6325000000000001 2.9999999999999996 24.0 2.999999999999999 24.0 -5.980542941796658e-63
0.6375 2.9999999999999996 24.0 2.999999999999999 24.0 -6.77392789259667e-63
0.6425000000000001 2.9999999999999996 24.0 2.999999999999999 24.0 -7.671722539004628e-63
0.6475 2.9999999999999996 24.0 2.999999999999999 24.0 -8.687561048597598e-63
0.6525000000000001 2.9999999999999996 24.0 2.999999999999999 24.0 -9.8368446079123e-63
0.6575 2.9999999999999996 24.0 2.999999999999999 24.0 -1.1136968750482202e-62
0.6625000000000001 2.9999999999999996 24.0 2.999999999999999 24.0 -1.2607579719892636e-62
0.6675 2.9999999999999996 24.0 2.999999999999999 24.0 -1.4270863549939797e-62
0.6725000000000001 2.9999999999999996 24.0 2.999999999999999 24.0 -1.615187200761512e-62
0.6775 2.9999999999999996 24.0 2.999999999999999 24.0 -1.8278890066302197e-62
0.6825000000000001 2.9999999999999996 24.0 2.999999999999999 24.0 -2.0683850163349276e-62
0.6875 2.9999999999999996 24.0 2.999999999999999 24.0 -2.340279915629186e-62
0.6925000000000001 2.9999999999999996 24.0 2.999999999999999 24.0 -2.6476424634394226e-62
0.6975 2.9999999999999996 24.0 2.999999999999999 24.0 -2.9950648077154858e-62
0.7025 2.9999999999999996 24.0 2.999999999999999 24.0 -3.3877293290426664e-62
0.7075 2.9999999999999996 24.0 2.999999999999999 24.0 -3.8314839606580805e-62
0.7124999999999999 2.9999999999999996 24.0 2.999999999999999 24.0 -4.3329270522407695e-62
0.7175 2.9999999999999996 24.0 2.999999999999999 24.0 -4.899502978303451e-62
0.7224999999999999 2.9999999999999996 24.0 2.999999999999999 24.0 -5.539609842069648e-62
0.7275 2.9999999999999996 24.0 2.999999999999999 24.0 -6.262720794371051e-62
0.7324999999999999 2.9999999999999996 24.0 2.999999999999999 24.0 -7.079520676688199e-62
0.7375 2.9999999999999996 24.0 2.999999999999999 24.0 -8.002059910505465e-62
0.7424999999999999 2.9999999999999996 24.0 2.999999999999999 24.0 -9.043927794610435e-62
0.7475 2.9999999999999996 24.0 2.999999999999999 24.0 -1.0220447641012123e-61
0.7525 2.9999999999999996 24.0 2.999999999999999 24.0 -1.1548896482483214e-61
0.7575000000000001 2.9999999999999996 24.0 2.999999999999999 24.0 -1.3048752424401321e-61
0.7625 2.9999999999999996 24.0 2.999999999999999 24.0 -1.4741973095134e-61
0.7675000000000001 2.9999999999999996 24.0 2.999999999999999 24.0 -1.665330907789096e-61
0.7725 2.9999999999999996 24.0 2.999999999999999 24.0 -1.8810656688413255e-61
0.7775000000000001 2.9999999999999996 24.0 2.999999999999999 24.0 -2.124545500366879e-61
0.7825 2.9999999999999996 24.0 2.999999999999999 24.0 -2.3993132654028448e-61
0.7875000000000001 2.9999999999999996 24.0 2.999999999999999 24.0 -2.70936105733644e-61
0.7925 2.9999999999999996 24.0 2.999999999999999 24.0 -3.0591867667357772e-61
0.7975000000000001 2.9999999999999996 24.0 2.999999999999999 24.0 -3.453857722003329e-61
0.8025 2.9999999999999996 24.0 2.999999999999999 24.0 -3.899082282391101e-61
0.8075000000000001 2.9999999999999996 24.0 2.999999999999999 24.0 -4.401290370271317e-61
0.8125 2.9999999999999996 24.0 2.999999999999999 24.0 -4.9677240512015786e-61
0.8175000000000001 2.9999999999999996 24.0 2.999999999999999 24.0 -5.606539406844133e-61
0.8225 2.9999999999999996 24.0 2.999999999999999 24.0 -6.326921099026198e-61
0.8275000000000001 2.9999999999999996 24.0 2.999999999999999 24.0 -7.139211195188363e-61
0.8325 2.9999999999999996 24.0 2.999999999999999 24.0 -8.055054018408806e-61
0.8374999999999999 2.9999999999999996 24.0 2.999999999999999 24.0 -9.087559001715815e-61
0.8425 2.9999999999999996 24.0 2.999999999999999 24.0 -1.0251483769283644e-60
0.8474999999999999 2.9999999999999996 24.0 2.999999999999999 24.0 -1.156343993963718e-60
0.8525 2.9999999999999996 24.0 2.999999999999999 24.0 -1.3042124451656008e-60
0.8574999999999999 2.9999999999999996 24.0 2.999999999999999 24.0 -1.470857955707897e-60
0.8625 2.9999999999999996 24.0 2.999999999999999 24.0 -1.6586485007756497e-60
0.8674999999999999 2.9999999999999996 24.0 2.999999999999999 24.0 -1.870248639722246e-60
0.8725 2.9999999999999996 24.0 2.999999999999999 24.0 -2.1086564099804027e-60
0.8775 2.9999999999999996 24.0 2.999999999999999 24.0 -2.3772447792817095e-60
0.8825000000000001 2.9999999999999996 24.0 2.999999999999999 24.0 -2.679808215549553e-60
0.8875 2.9999999999999996 24.0 2.999999999999999 24.0 -3.020615002001045e-60
0.8925000000000001 2.9999999999999996 24.0 2.999999999999999 24.0 -3.4044660014234095e-60
0.8975 2.9999999999999996 24.0 2.999999999999999 24.0 -3.836760659254613e-60
0.9025000000000001 2.9999999999999996 24.0 2.999999999999999 24.0 -4.323571131127765e-60
0.9075 2.9999999999999996 24.0 2.999999999999999 24.0 -4.8717255281570484e-60
0.9125000000000001 2.9999999999999996 24.0 2.999999999999999 24.0 -5.488901393850938e-60
0.9175 2.9999999999999996 24.0 2.999999999999999 24.0 -6.183730661697658e-60
0.9225000000000001 2.9999999999999996 24.0 2.999999999999999 24.0 -6.965917493901825e-60
0.9275 2.9999999999999996 24.0 2.999999999999999 24.0 -7.846370571437129e-60
0.9325000000000001 2.9999999999999996 24.0 2.999999999999999 24.0 -8.83735159566029e-60
0.9375 2.9999999999999996 24.0 2.999999999999999 24.0 -9.952641974695324e-60
0.9425000000000001 2.9999999999999996 24.0 2.999999999999999 24.0 -1.1207729906319751e-59
0.9475 2.9999999999999996 24.0 2.999999999999999 24.0 -1.2620020336259147e-59
0.9525000000000001 2.9999999999999996 24.0 2.999999999999999 24.0 -1.4209070570032978e-59
0.9575 2.9999999999999996 24.0 2.999999999999999 24.0 -1.5996854651561406e-59
0.9624999999999999 2.9999999999999996 24.0 2.999999999999999 24.0 -1.8008059997021185e-59
0.9675 2.9999999999999996 24.0 2.999999999999999 24.0 -2.0270420192544704e-59
0.9724999999999999 2.9999999999999996 24.0 2.999999999999999 24.0 -2.281508833481226e-59
0.9775 2.9999999999999996 24.0 2.999999999999999 24.0 -2.5677055820174174e-59
0.9824999999999999 2.9999999999999996 24.0 2.999999999999999 24.0 -2.8895622077523283e-59
0.9875 2.9999999999999996 24.0 2.999999999999999 24.0 -3.2514921399973854e-59
0.9924999999999999 2.9999999999999996 24.0 2.999999999999999 24.0 -3.65845137690486e-59
0.9975 2.9999999999999996 24.0 2.999999999999999 24.0 -4.11600473916389e-59
1.0025 2.9999999999999996 24.0 2.999999999999999 24.0 -4.630400159505326e-59
1.0075 2.9999999999999996 24.0 2.999999999999999 24.0 -5.2086519760617765e-59
1.0125000000000002 2.9999999999999996 24.0 2.999999999999999 24.0 -5.858634313440563e-59
1.0175 2.9999999999999996 24.0 2.999999999999999 24.0 -6.589185764958727e-59
1.0225 2.9999999999999996 24.0 2.999999999999999 24.0 -7.410226734441692e-59
1.0274999999999999 2.9999999999999996 24.0 2.999999999999999 24.0 -8.33289095816411e-59
1.0325 2.9999999999999996 24.0 2.999999999999999 24.0 -9.369672908890156e-59
1.0375 2.9999999999999996 24.0 2.999999999999999 24.0 -1.0534592986849285e-58
1.0425 2.9999999999999996 24.0 2.999999999999999 24.0 -1.184338262938591e-58
1.0474999999999999 2.9999999999999996 24.0 2.999999999999999 24.0 -1.3313691724728044e-58
1.0525 2.9999999999999996 24.0 2.999999999999999 24.0 -1.4965320999076581e-58
1.0575 2.9999999999999996 24.0 2.999999999999999 24.0 -1.682048236341037e-58
1.0625 2.9999999999999996 24.0 2.999999999999999 24.0 -1.8904090561110707e-58
1.0675 2.9999999999999996 24.0 2.999999999999999 24.0 -2.1244089853985317e-58
1.0725 2.9999999999999996 24.0 2.999999999999999 24.0 -2.3871819927515568e-58
1.0775000000000001 2.9999999999999996 24.0 2.999999999999999 24.0 -2.6822425691562848e-58
1.0825 2.9999999999999996 24.0 2.999999999999999 24.0 -3.0135316206505536e-58
1.0875 2.9999999999999996 24.0 2.999999999999999 24.0 -3.3854678583601626e-58
1.0925 2.9999999999999996 24.0 2.999999999999999 24.0 -3.8030053399891585e-58
1.0975000000000001 2.9999999999999996 24.0 2.999999999999999 24.0 -4.2716978940752076e-58
1.1025 2.9999999999999996 24.0 2.999999999999999 24.0 -4.797771244650292e-58
1.1075 2.9999999999999996 24.0 2.999999999999999 24.0 -5.388203750421153e-58
1.1125 2.9999999999999996 24.0 2.999999999999999 24.0 -6.0508167803313155e-58
1.1175000000000002 2.9999999999999996 24.0 2.999999999999999 24.0 -6.794375867753622e-58
1.1225 2.9999999999999996 24.0 2.999999999999999 24.0 -7.628703920013032e-58
1.1275 2.9999999999999996 24.0 2.999999999999999 24.0 -8.564807910107414e-58
1.1325 2.9999999999999996 24.0 2.999999999999999 24.0 -9.615020645219129e-58
1.1375000000000002 2.9999999999999996 24.0 2.999999999999999 24.0 -1.0793159393872074e-57
1.1425 2.9999999999999996 24.0 2.999999999999999 24.0 -1.2114703362744166e-57
1.1475 2.9999999999999996 24.0 2.999999999999999 24.0 -1.3596992247610127e-57
1.1525 2.9999999999999996 24.0 2.999999999999999 24.0 -1.525944834360069e-57
1.1575 2.9999999999999996 24.0 2.999999999999999 24.0 -1.7123824990974121e-57
1.1625 2.9999999999999996 24.0 2.999999999999999 24.0 -1.9214484457434897e-57
1.1675 2.9999999999999996 24.0 2.999999999999999 24.0 -2.155870872067407e-57
1.1724999999999999 2.9999999999999996 24.0 2.999999999999999 24.0 -2.4187047019450658e-57
1.1775 2.9999999999999996 24.0 2.999999999999999 24.0 -2.71337044932202e-57
1.1825 2.9999999999999996 24.0 2.999999999999999 24.0 -3.0436976734278765e-57
1.1875 2.9999999999999996 24.0 2.999999999999999 24.0 -3.4139735638802406e-57
1.1925 2.9999999999999996 24.0 2.999999999999999 24.0 -3.8289972570601003e-57
1.1975 2.9999999999999996 24.0 2.999999999999999 24.0 -4.2941405551471405e-57
1.2025000000000001 2.9999999999999996 24.0 2.999999999999999 24.0 -4.815415797296146e-57
1.2075 2.9999999999999996 24.0 2.999999999999999 24.0 -5.399551719551593e-57
1.2125 2.9999999999999996 24.0 2.999999999999999 24.0 -6.054078237262675e-57
1.2175 2.9999999999999996 24.0 2.999999999999999 24.0 -6.78742119212582e-57
1.2225000000000001 2.9999999999999996 24.0 2.999999999999999 24.0 -7.609008226850257e-57
1.2275 2.9999999999999996 24.0 2.999999999999999 24.0 -8.529387085197284e-57
1.2325 2.9999999999999996 24.0 2.999999999999999 24.0 -9.56035778543582e-57
1.2375 2.9999999999999996 24.0 2.999999999999999 24.0 -1.071512028279251e-56
1.2425000000000002 2.9999999999999996 24.0 2.999999999999999 24.0 -1.2008439423286847e-56
1.2475 2.9999999999999996 24.0 2.999999999999999 24.0 -1.345682919957124e-56
1.2525 2.9999999999999996 24.0 2.999999999999999 24.0 -1.507875855151807e-56
1.2575 2.9999999999999996 24.0 2.999999999999999 24.0 -1.6894881213034011e-56
1.2625000000000002 2.9999999999999996 24.0 2.999999999999999 24.0 -1.8928292394916361e-56
1.2675 2.9999999999999996 24.0 2.999999999999999 24.0 -2.1204815414943364e-56
1.2725 2.9999999999999996 24.0 2.999999999999999 24.0 -2.375332174445785e-56
1.2775 2.9999999999999996 24.0 2.999999999999999 24.0 -2.6606088339744514e-56
1.2825 2.9999999999999996 24.0 2.999999999999999 24.0 -2.9799196571048843e-56
1.2875 2.9999999999999996 24.0 2.999999999999999 24.0 -3.3372977557357843e-56
1.2925 2.9999999999999996 24.0 2.999999999999999 24.0 -3.7372509266842777e-56
1.2974999999999999 2.9999999999999996 24.0 2.999999999999999 24.0 -4.184817135739202e-56
1.3025 2.9999999999999996 24.0 2.999999999999999 24.0 -4.685626441626008e-56
1.3075 2.9999999999999996 24.0 2.999999999999999 24.0 -5.245970102018299e-56
1.3125 2.9999999999999996 24.0 2.999999999999999 24.0 -5.872877688638674e-56
1.3175 2.9999999999999996 24.0 2.999999999999999 24.0 -6.574203133032784e-56
1.3225 2.9999999999999996 24.0 2.999999999999999 24.0 -7.358720729868796e-56
1.3275000000000001 2.9999999999999996 24.0 2.999999999999999 24.0 -8.236232241822964e-56
1.3325 2.9999999999999996 24.0 2.999999999999999 24.0 -9.217686380595925e-56
1.3375 2.9999999999999996 24.0 2.999999999999999 24.0 -1.0315312083855977e-55
1.3425 2.9999999999999996 24.0 2.999999999999999 24.0 -1.1542767169587314e-55
1.3475000000000001 2.9999999999999996 24.0 2.999999999999999 24.0 -1.2915304129288525e-55
1.3525 2.9999999999999996 24.0 2.999999999999999 24.0 -1.4449955021730514e-55
1.3575 2.9999999999999996 24.0 2.999999999999999 24.0 -1.6165737651887193e-55
1.3625 2.9999999999999996 24.0 2.999999999999999 24.0 -1.8083885467636622e-55
1.3675000000000002 2.9999999999999996 24.0 2.999999999999999 24.0 -2.0228103882814273e-55
1.3725 2.9999999999999996 24.0 2.999999999999999 24.0 -2.2624856042205062e-55
1.3775 2.9999999999999996 24.0 2.999999999999999 24.0 -2.5303681385613632e-55
1.3825 2.9999999999999996 24.0 2.999999999999999 24.0 -2.8297550748132744e-55
1.3875000000000002 2.9999999999999996 24.0 2.999999999999999 24.0 -3.1643262156309425e-55
1.3925 2.9999999999999996 24.0 2.999999999999999 24.0 -3.5381881950007275e-55
1.3975 2.9999999999999996 24.0 2.999999999999999 24.0 -3.9559236382471894e-55
1.4025 2.9999999999999996 24.0 2.999999999999999 24.0 -4.422645943249276e-55
1.4075 2.9999999999999996 24.0 2.999999999999999 24.0 -4.944060320892366e-55
1.4125 2.9999999999999996 24.0 2.999999999999999 24.0 -5.5265318046565485e-55
1.4175 2.9999999999999996 24.0 2.999999999999999 24.0 -6.177161019150974e-55
1.4224999999999999 2.9999999999999996 24.0 2.999999999999999 24.0 -6.903868586226871e-55
1.4275 2.9999999999999996 24.0 2.999999999999999 24.0 -7.715489146057122e-55
1.4325 2.9999999999999996 24.0 2.999999999999999 24.0 -8.62187608031248e-55
1.4375 2.9999999999999996 24.0 2.999999999999999 24.0 -9.634018146557815e-55
1.4425 2.9999999999999996 24.0 2.999999999999999 24.0 -1.0764169368551072e-54
1.4475 2.9999999999999996 24.0 2.999999999999999 24.0 -1.2025993677767173e-54
1.4525000000000001 2.9999999999999996 24.0 2.999999999999999 24.0 -1.3434725968860156e-54
1.4575 2.9999999999999996 24.0 2.999999999999999 24.0 -1.5007351417753708e-54
1.4625 2.9999999999999996 24.0 2.999999999999999 24.0 -1.6762805117658993e-54
1.4675 2.9999999999999996 24.0 2.999999999999999 24.0 -1.8722194317837164e-54
1.4725000000000001 2.9999999999999996 24.0 2.999999999999999 24.0 -2.090904580488835e-54
1.4775 2.9999999999999996 24.0 2.999999999999999 24.0 -2.3349581249494153e-54
1.4825 2.9999999999999996 24.0 2.999999999999999 24.0 -2.607302365606237e-54
1.4875 2.9999999999999996 24.0 2.999999999999999 24.0 -2.911193840193229e-54
1.4925000000000002 2.9999999999999996 24.0 2.999999999999999 24.0 -3.2502612740645744e-54
1.4975 2.9999999999999996 24.0 2.999999999999999 24.0 -3.6285478074364736e-54
1.5025 2.9999999999999996 24.0 2.999999999999999 24.0 -4.050557977857189e-54
1.5075 2.9999999999999996 24.0 2.999999999999999 24.0 -4.5213099892962975e-54
1.5125000000000002 2.9999999999999996 24.0 2.999999999999999 24.0 -5.0463938581506594e-54
1.5175 2.9999999999999996 24.0 2.999999999999999 24.0 -5.632036091864048e-54
1.5225 2.9999999999999996 24.0 2.999999999999999 24.0 -6.285171628426679e-54
1.5275 2.9999999999999996 24.0 2.999999999999999 24.0 -7.0135238455716e-54
1.5325000000000002 2.9999999999999996 24.0 2.999999999999999 24.0 -7.825693537862013e-54
1.5375 2.9999999999999996 24.0 2.999999999999999 24.0 -8.731257859033412e-54
1.5425 2.9999999999999996 24.0 2.999999999999999 24.0 -9.740880337002507e-54
1.5474999999999999 2.9999999999999996 24.0 2.999999999999999 24.0 -1.086643319101017e-53
1.5525 2.9999999999999996 24.0 2.999999999999999 24.0 -1.212113331580964e-53
1.5575 2.9999999999999996 24.0 2.999999999999999 24.0 -1.3519693447992853e-53
1.5625 2.9999999999999996 24.0 2.999999999999999 24.0 -1.5078490196182649e-53
1.5675 2.9999999999999996 24.0 2.999999999999999 24.0 -1.6815750801565838e-53
1.5725 2.9999999999999996 24.0 2.999999999999999 24.0 -1.87517607001542e-53
1.5775000000000001 2.9999999999999996 24.0 2.999999999999999 24.0 -2.090909418536273e-53
1.5825 2.9999999999999996 24.0 2.999999999999999 24.0 -2.331287072141755e-53
1.5875 2.9999999999999996 24.0 2.999999999999999 24.0 -2.599103973739228e-53
1.5925 2.9999999999999996 24.0 2.999999999999999 24.0 -2.8974697041273723e-53
1.5975000000000001 2.9999999999999996 24.0 2.999999999999999 24.0 -3.2298436336704886e-53
1.6025 2.9999999999999996 24.0 2.999999999999999 24.0 -3.60007397053801e-53
1.6075 2.9999999999999996 24.0 2.999999999999999 24.0 -4.0124411339753154e-53
1.6125 2.9999999999999996 24.0 2.999999999999999 24.0 -4.471705927782454e-53
1.6175000000000002 2.9999999999999996 24.0 2.999999999999999 24.0 -4.983163040958636e-53
1.6225 2.9999999999999996 24.0 2.999999999999999 24.0 -5.552700459827107e-53
1.6275 2.9999999999999996 24.0 2.999999999999999 24.0 -6.186865439507669e-53
1.6325 2.9999999999999996 24.0 2.999999999999999 24.0 -6.892937753016119e-53
1.6375000000000002 2.9999999999999996 24.0 2.999999999999999 24.0 -7.679011014248401e-53
1.6425 2.9999999999999996 24.0 2.999999999999999 24.0 -8.554082957501088e-53
1.6475 2.9999999999999996 24.0 2.999999999999999 24.0 -9.528155651839487e-53
1.6525 2.9999999999999996 24.0 2.999999999999999 24.0 -1.0612346734583123e-52
1.6575000000000002 2.9999999999999996 24.0 2.999999999999999 24.0 -1.1819012865496216e-52
1.6625 2.9999999999999996 24.0 2.999999999999999 24.0 -1.3161886733165038e-52
1.6675 2.9999999999999996 24.0 2.999999999999999 24.0 -1.4656229088883534e-52
1.6724999999999999 2.9999999999999996 24.0 2.999999999999999 24.0 -1.631899744255613e-52
1.6775 2.9999999999999996 24.0 2.999999999999999 24.0 -1.8169033231401916e-52
1.6825 2.9999999999999996 24.0 2.999999999999999 24.0 -2.02272694672809e-52
1.6875 2.9999999999999996 24.0 2.999999999999999 24.0 -2.2516961084400117e-52
1.6925 2.9999999999999996 24.0 2.999999999999999 24.0 -2.5063940448050248e-52
1.6975 2.9999999999999996 24.0 2.999999999999999 24.0 -2.7896900749420396e-52
1.7025000000000001 2.9999999999999996 24.0 2.999999999999999 24.0 -3.104771030406126e-52
1.7075 2.9999999999999996 24.0 2.999999999999999 24.0 -3.455176109521521e-52
1.7125 2.9999999999999996 24.0 2.999999999999999 24.0 -3.844835526125213e-52
1.7175 2.9999999999999996 24.0 2.999999999999999 24.0 -4.278113362246959e-52
1.7225000000000001 2.9999999999999996 24.0 2.999999999999999 24.0 -4.759855078060536e-52
1.7275 2.9999999999999996 24.0 2.999999999999999 24.0 -5.295440180878982e-52
1.7325 2.9999999999999996 24.0 2.999999999999999 24.0 -5.890840608547864e-52
1.7375 2.9999999999999996 24.0 2.999999999999999 24.0 -6.552685441822141e-52
1.7425000000000002 2.9999999999999996 24.0 2.999999999999999 24.0 -7.288332625816879e-52
1.7475 2.9999999999999996 24.0 2.999999999999999 24.0 -8.105948453031782e-52
1.7525 2.9999999999999996 24.0 2.999999999999999 24.0 -9.014595640492093e-52
1.7575 2.9999999999999996 24.0 2.999999999999999 24.0 -1.0024330922041782e-51
1.7625000000000002 2.9999999999999996 24.0 2.999999999999999 24.0 -1.1146313174602364e-51
1.7675 2.9999999999999996 24.0 2.999999999999999 24.0 -1.2392923205304706e-51
1.7725 2.9999999999999996 24.0 2.999999999999999 24.0 -1.3777896445809034e-51
1.7775 2.9999999999999996 24.0 2.999999999999999 24.0 -1.5316469932114e-51
1.7825000000000002 2.9999999999999996 24.0 2.999999999999999 24.0 -1.7025545093932122e-51
1.7875 2.9999999999999996 24.0 2.999999999999999 24.0 -1.8923868038778735e-51
1.7925 2.9999999999999996 24.0 2.999999999999999 24.0 -2.1032229193856256e-51
1.7974999999999999 2.9999999999999996 24.0 2.999999999999999 24.0 -2.3373684365296025e-51
1.8025 2.9999999999999996 24.0 2.999999999999999 24.0 -2.597379949139667e-51
1.8075 2.9999999999999996 24.0 2.999999999999999 24.0 -2.886092160612805e-51
1.8125 2.9999999999999996 24.0 2.999999999999999 24.0 -3.206647879385634e-51
1.8175 2.9999999999999996 24.0 2.999999999999999 24.0 -3.5625312208424e-51
1.8225 2.9999999999999996 24.0 2.999999999999999 24.0 -3.957604355230819e-51
1.8275000000000001 2.9999999999999996 24.0 2.999999999999999 24.0 -4.396148176768217e-51
1.8325 2.9999999999999996 24.0 2.999999999999999 24.0 -4.8829073084275276e-51
1.8375 2.9999999999999996 24.0 2.999999999999999 24.0 -5.423139900270304e-51
1.8425 2.9999999999999996 24.0 2.999999999999999 24.0 -6.022672727068181e-51
1.8475000000000001 2.9999999999999996 24.0 2.999999999999999 24.0 -6.687962143783433e-51
1.8525 2.9999999999999996 24.0 2.999999999999999 24.0 -7.426161515756004e-51
1.8575 2.9999999999999996 24.0 2.999999999999999 24.0 -8.245195804758908e-51
1.8625 2.9999999999999996 24.0 2.999999999999999 24.0 -9.15384406300332e-51
1.8675000000000002 2.9999999999999996 24.0 2.999999999999999 24.0 -1.0161830665429556e-50
1.8725 2.9999999999999996 24.0 2.999999999999999 24.0 -1.127992619690196e-50
1.8775 2.9999999999999996 24.0 2.999999999999999 24.0 -1.2520059006089266e-50
1.8825 2.9999999999999996 24.0 2.999999999999999 24.0 -1.3895438542755944e-50
1.8875000000000002 2.9999999999999996 24.0 2.999999999999999 24.0 -1.5420691710867659e-50
1.8925 2.9999999999999996 24.0 2.999999999999999 24.0 -1.7112013597487525e-50
1.8975 2.9999999999999996 24.0 2.999999999999999 24.0 -1.8987334078016654e-50
1.9025 2.9999999999999996 24.0 2.999999999999999 24.0 -2.1066501953335872e-50
1.9075000000000002 2.9999999999999996 24.0 2.999999999999999 24.0 -2.337148844519356e-50
1.9125 2.9999999999999996 24.0 2.999999999999999 24.0 -2.592661206439967e-50
1.9175 2.9999999999999996 24.0 2.999999999999999 24.0 -2.875878707381227e-50
1.9224999999999999 2.9999999999999996 24.0 2.999999999999999 24.0 -3.1897797996573804e-50
1.9275 2.9999999999999996 24.0 2.999999999999999 24.0 -3.537660287182571e-50
1.9325 2.9999999999999996 24.0 2.999999999999999 24.0 -3.9231668237369917e-50
1.9375 2.9999999999999996 24.0 2.999999999999999 24.0 -4.350333912421186e-50
1.9425 2.9999999999999996 24.0 2.999999999999999 24.0 -4.823624768422325e-50
1.9475 2.9999999999999996 24.0 2.999999999999999 24.0 -5.34797644425476e-50
1.9525000000000001 2.9999999999999996 24.0 2.999999999999999 24.0 -5.928849657417682e-50
1.9575 2.9999999999999996 24.0 2.999999999999999 24.0 -6.572283805308412e-50
1.9625 2.9999999999999996 24.0 2.999999999999999 24.0 -7.284957701652568e-50
1.9675 2.9999999999999996 24.0 2.999999999999999 24.0 -8.074256623104561e-50
1.9725000000000001 2.9999999999999996 24.0 2.999999999999999 24.0 -8.94834631455089e-50
1.9775 2.9999999999999996 24.0 2.999999999999999 24.0 -9.916254667515524e-50
1.9825 2.9999999999999996 24.0 2.999999999999999 24.0 -1.0987961858570925e-49
1.9875 2.9999999999999996 24.0 2.999999999999999 24.0 -1.2174499814395766e-49
1.9925000000000002 2.9999999999999996 24.0 2.999999999999999 24.0 -1.3488061957865739e-49
1.9975 2.9999999999999996 24.0 2.999999999999999 24.0 -1.4942124286054144e-49
2.0025 2.9999999999999996 24.0 2.999999999999999 24.0 -1.6551578937150665e-49
2.0075000000000003 2.9999999999999996 24.0 2.999999999999999 24.0 -1.8332881520021585e-49
2.0125 2.9999999999999996 24.0 2.999999999999999 24.0 -2.030421360844878e-49
2.0175 2.9999999999999996 24.0 2.999999999999999 24.0 -2.2485661943188978e-49
2.0225 2.9999999999999996 24.0 2.999999999999999 24.0 -2.4899416040056e-49
2.0275 2.9999999999999996 24.0 2.999999999999999 24.0 -2.7569986072729236e-49
2.0325 2.9999999999999996 24.0 2.999999999999999 24.0 -3.0524443086323915e-49
2.0375 2.9999999999999996 24.0 2.999999999999999 24.0 -3.379268380360855e-49
2.0425 2.9999999999999996 24.0 2.999999999999999 24.0 -3.740772251201615e-49
2.0475 2.9999999999999996 24.0 2.999999999999999 24.0 -4.140601276801994e-49
2.0525 2.9999999999999996 24.0 2.999999999999999 24.0 -4.582780192850979e-49
2.0575 2.9999999999999996 24.0 2.999999999999999 24.0 -5.071752181853276e-49
2.0625 2.9999999999999996 24.0 2.999999999999999 24.0 -5.612421917410396e-49
2.0675 2.9999999999999996 24.0 2.999999999999999 24.0 -6.210202986027784e-49
2.0725 2.9999999999999996 24.0 2.999999999999999 24.0 -6.871070126162433e-49
2.0775 2.9999999999999996 24.0 2.999999999999999 24.0 -7.601616767800493e-49
2.0825 2.9999999999999996 24.0 2.999999999999999 24.0 -8.409118403682303e-49
2.0875 2.9999999999999996 24.0 2.999999999999999 24.0 -9.301602375783494e-49
2.0925000000000002 2.9999999999999996 24.0 2.999999999999999 24.0 -1.0287924718252613e-48
2.0975 2.9999999999999996 24.0 2.999999999999999 24.0 -1.137785476121293e-48
2.1025 2.9999999999999996 24.0 2.999999999999999 24.0 -1.25821682691543e-48
2.1075 2.9999999999999996 24.0 2.999999999999999 24.0 -1.3912749963683608e-48
2.1125 2.9999999999999996 24.0 2.999999999999999 24.0 -1.5382706363806926e-48
2.1175 2.9999999999999996 24.0 2.999999999999999 24.0 -1.7006489968362183e-48
2.1225 2.9999999999999996 24.0 2.999999999999999 24.0 -1.880003590549424e-48
2.1275 2.9999999999999996 24.0 2.999999999999999 24.0 -2.0780912283969597e-48
2.1325000000000003 2.9999999999999996 24.0 2.999999999999999 24.0 -2.2968485601633824e-48
2.1375 2.9999999999999996 24.0 2.999999999999999 24.0 -2.5384102698320256e-48
2.1425 2.9999999999999996 24.0 2.999999999999999 24.0 -2.80512908852406e-48
2.1475 2.9999999999999996 24.0 2.999999999999999 24.0 -3.099597804136223e-48
2.1525 2.9999999999999996 24.0 2.999999999999999 24.0 -3.4246734640958124e-48
2.1575 2.9999999999999996 24.0 2.999999999999999 24.0 -3.7835039866680744e-48
2.1625 2.9999999999999996 24.0 2.999999999999999 24.0 -4.1795574170777066e-48
2.1675 2.9999999999999996 24.0 2.999999999999999 24.0 -4.6166540875140444e-48
2.1725000000000003 2.9999999999999996 24.0 2.999999999999999 24.0 -5.09900196504856e-48
2.1775 2.9999999999999996 24.0 2.999999999999999 24.0 -5.63123549882728e-48
2.1825 2.9999999999999996 24.0 2.999999999999999 24.0 -6.218458307796452e-48
2.1875 2.9999999999999996 24.0 2.999999999999999 24.0 -6.866290082952759e-48
2.1925 2.9999999999999996 24.0 2.999999999999999 24.0 -7.580918113902488e-48
2.1975 2.9999999999999996 24.0 2.999999999999999 24.0 -8.369153888675568e-48
2.2025 2.9999999999999996 24.0 2.999999999999999 24.0 -9.238495258568574e-48
2.2075 2.9999999999999996 24.0 2.999999999999999 24.0 -1.0197194706620675e-47
2.2125 2.9999999999999996 24.0 2.999999999999999 24.0 -1.1254334309526266e-47
2.2175000000000002 2.9999999999999996 24.0 2.999999999999999 24.0 -1.241990803874464e-47
2.2225 2.9999999999999996 24.0 2.999999999999999 24.0 -1.3704912107739754e-47
2.2275 2.9999999999999996 24.0 2.999999999999999 24.0 -1.5121444139105805e-47
2.2325 2.9999999999999996 24.0 2.999999999999999 24.0 -1.6682811998344437e-47
2.2375 2.9999999999999996 24.0 2.999999999999999 24.0 -1.8403653220803882e-47
2.2425 2.9999999999999996 24.0 2.999999999999999 24.0 -2.0300066045389933e-47
2.2475 2.9999999999999996 24.0 2.999999999999999 24.0 -2.238975316372658e-47
2.2525 2.9999999999999996 24.0 2.999999999999999 24.0 -2.4692179397247306e-47
2.2575000000000003 2.9999999999999996 24.0 2.999999999999999 24.0 -2.7228744627997664e-47
2.2625 2.9999999999999996 24.0 2.999999999999999 24.0 -3.0022973432510753e-47
2.2675 2.9999999999999996 24.0 2.999999999999999 24.0 -3.3100723003016986e-47
2.2725 2.9999999999999996 24.0 2.999999999999999 24.0 -3.6490411087290403e-47
2.2775 2.9999999999999996 24.0 2.999999999999999 24.0 -4.022326583887634e-47
2.2825 2.9999999999999996 24.0 2.999999999999999 24.0 -4.433359964429225e-47
2.2875 2.9999999999999996 24.0 2.999999999999999 24.0 -4.885910918439656e-47
2.2925 2.9999999999999996 24.0 2.999999999999999 24.0 -5.384120419487542e-47
2.2975000000000003 2.9999999999999996 24.0 2.999999999999999 24.0 -5.932536761703947e-47
2.3025 2.9999999999999996 24.0 2.999999999999999 24.0 -6.536155007668789e-47
2.3075 2.9999999999999996 24.0 2.999999999999999 24.0 -7.20046018971598e-47
2.3125 2.9999999999999996 24.0 2.999999999999999 24.0 -7.931474614496866e-47
2.3175 2.9999999999999996 24.0 2.999999999999999 24.0 -8.735809652448189e-47
2.3225 2.9999999999999996 24.0 2.999999999999999 24.0 -9.620722428418306e-47
2.3275 2.9999999999999996 24.0 2.999999999999999 24.0 -1.0594177867359742e-46
2.3325 2.9999999999999996 24.0 2.999999999999999 24.0 -1.1664916589943688e-46
2.3375 2.9999999999999996 24.0 2.999999999999999 24.0 -1.284252919747139e-46
2.3425000000000002 2.9999999999999996 24.0 2.999999999999999 24.0 -1.4137537533844386e-46
2.3475 2.9999999999999996 24.0 2.999999999999999 24.0 -1.5561483564950132e-46
2.3525 2.9999999999999996 24.0 2.999999999999999 24.0 -1.7127026572931873e-46
2.3575 2.9999999999999996 24.0 2.999999999999999 24.0 -1.8848049424843546e-46
2.3625 2.9999999999999996 24.0 2.999999999999999 24.0 -2.07397747425451e-46
2.3675 2.9999999999999996 24.0 2.999999999999999 24.0 -2.2818891873777348e-46
2.3725 2.9999999999999996 24.0 2.999999999999999 24.0 -2.5103695643654677e-46
2.3775 2.9999999999999996 24.0 2.999999999999999 24.0 -2.7614237951809395e-46
2.3825000000000003 2.9999999999999996 24.0 2.999999999999999 24.0 -3.037249337368942e-46
2.3875 2.9999999999999996 24.0 2.999999999999999 24.0 -3.3402540025532064e-46
2.3925 2.9999999999999996 24.0 2.999999999999999 24.0 -3.673075706207639e-46
2.3975 2.9999999999999996 24.0 2.999999999999999 24.0 -4.038604029458916e-46
2.4025 2.9999999999999996 24.0 2.999999999999999 24.0 -4.440003754521098e-46
2.4075 2.9999999999999996 24.0 2.999999999999999 24.0 -4.8807405492497705e-46
2.4125 2.9999999999999996 24.0 2.999999999999999 24.0 -5.364608991329305e-46
2.4175 2.9999999999999996 24.0 2.999999999999999 24.0 -5.895763138857503e-46
2.4225000000000003 2.9999999999999996 24.0 2.999999999999999 24.0 -6.478749871642837e-46
2.4275 2.9999999999999996 24.0 2.999999999999999 24.0 -7.11854524650699e-46
2.4325 2.9999999999999996 24.0 2.999999999999999 24.0 -7.820594130353138e-46
2.4375 2.9999999999999996 24.0 2.999999999999999 24.0 -8.590853396874958e-46
2.4425 2.9999999999999996 24.0 2.999999999999999 24.0 -9.435838996614228e-46
2.4475 2.9999999999999996 24.0 2.999999999999999 24.0 -1.0362677235777123e-45
2.4525 2.9999999999999996 24.0 2.999999999999999 24.0 -1.137916062691835e-45
2.4575 2.9999999999999996 24.0 2.999999999999999 24.0 -1.2493808704421868e-45
2.4625 2.9999999999999996 24.0 2.999999999999999 24.0 -1.3715934229804476e-45
2.4675000000000002 2.9999999999999996 24.0 2.999999999999999 24.0 -1.5055715246384718e-45
2.4725 2.9999999999999996 24.0 2.999999999999999 24.0 -1.6524273479978758e-45
2.4775 2.9999999999999996 24.0 2.999999999999999 24.0 -1.8133759622125013e-45
2.4825 2.9999999999999996 24.0 2.999999999999999 24.0 -1.9897446075131855e-45
2.4875 2.9999999999999996 24.0 2.999999999999999 24.0 -2.18298277841166e-45
2.4925 2.9999999999999996 24.0 2.999999999999999 24.0 -2.3946731830392877e-45
2.4975 2.9999999999999996 24.0 2.999999999999999 24.0 -2.6265436513209057e-45
2.5025 2.9999999999999996 24.0 2.999999999999999 24.0 -2.880480070317775e-45
2.5075000000000003 2.9999999999999996 24.0 2.999999999999999 24.0 -3.158540431097998e-45
2.5125 2.9999999999999996 24.0 2.999999999999999 24.0 -3.462970077919892e-45
2.5175 2.9999999999999996 24.0 2.999999999999999 24.0 -3.7962182573795374e-45
2.5225 2.9999999999999996 24.0 2.999999999999999 24.0 -4.1609560724779417e-45
2.5275 2.9999999999999996 24.0 2.999999999999999 24.0 -4.5600959543512485e-45
2.5325 2.9999999999999996 24.0 2.999999999999999 24.0 -4.996812772675157e-45
2.5375 2.9999999999999996 24.0 2.999999999999999 24.0 -5.474566714537244e-45
2.5425 2.9999999999999996 24.0 2.999999999999999 24.0 -5.997128070885602e-45
2.5475000000000003 2.9999999999999996 24.0 2.999999999999999 24.0 -6.568604079511208e-45
2.5525 2.9999999999999996 24.0 2.999999999999999 24.0 -7.193467983945524e-45
2.5575 2.9999999999999996 24.0 2.999999999999999 24.0 -7.876590478633436e-45
2.5625 2.9999999999999996 24.0 2.999999999999999 24.0 -8.623273722320799e-45
2.5675 2.9999999999999996 24.0 2.999999999999999 24.0 -9.439288113745672e-45
2.5725 2.9999999999999996 24.0 2.999999999999999 24.0 -1.0330912036465273e-44
2.5775 2.9999999999999996 24.0 2.999999999999999 24.0 -1.1304974792980647e-44
2.5825 2.9999999999999996 24.0 2.999999999999999 24.0 -1.2368902962212665e-44
2.5875 2.9999999999999996 24.0 2.999999999999999 24.0 -1.3530770428828e-44
2.5925000000000002 2.9999999999999996 24.0 2.999999999999999 24.0 -1.4799352347873342e-44
2.5975 2.9999999999999996 24.0 2.999999999999999 24.0 -1.6184183323624466e-44
2.6025 2.9999999999999996 24.0 2.999999999999999 24.0 -1.7695620097416967e-44
2.6075 2.9999999999999996 24.0 2.999999999999999 24.0 -1.9344909055435275e-44
2.6125 2.9999999999999996 24.0 2.999999999999999 24.0 -2.114425888392383e-44
2.6175 2.9999999999999996 24.0 2.999999999999999 24.0 -2.3106918715918083e-44
2.6225 2.9999999999999996 24.0 2.999999999999999 24.0 -2.5247262130239185e-44
2.6275 2.9999999999999996 24.0 2.999999999999999 24.0 -2.75808773800035e-44
2.6325000000000003 2.9999999999999996 24.0 2.999999999999999 24.0 -3.01246642440922e-44
2.6375 2.9999999999999996 24.0 2.999999999999999 24.0 -3.2896937910595615e-44
2.6425 2.9999999999999996 24.0 2.999999999999999 24.0 -3.5917540316060286e-44
2.6475 2.9999999999999996 24.0 2.999999999999999 24.0 -3.9207959377907097e-44
2.6525 2.9999999999999996 24.0 2.999999999999999 24.0 -4.279145656951016e-44
2.6575 2.9999999999999996 24.0 2.999999999999999 24.0 -4.669320329746833e-44
2.6625 2.9999999999999996 24.0 2.999999999999999 24.0 -5.094042654817987e-44
2.6675 2.9999999999999996 24.0 2.999999999999999 24.0 -5.556256427538979e-44
2.6725000000000003 2.9999999999999996 24.0 2.999999999999999 24.0 -6.059143100103167e-44
2.6775 2.9999999999999996 24.0 2.999999999999999 24.0 -6.606139409794438e-44
2.6825 2.9999999999999996 24.0 2.999999999999999 24.0 -7.20095612136625e-44
2.6875 2.9999999999999996 24.0 2.999999999999999 24.0 -7.847597927876126e-44
2.6925 2.9999999999999996 24.0 2.999999999999999 24.0 -8.550384551967398e-44
2.6975 2.9999999999999996 24.0 2.999999999999999 24.0 -9.313973086333087e-44
2.7025 2.9999999999999996 24.0 2.999999999999999 24.0 -1.0143381607779438e-43
2.7075 2.9999999999999996 24.0 2.999999999999999 24.0 -1.1044014093747189e-43
2.7125 2.9999999999999996 24.0 2.999999999999999 24.0 -1.202168666314927e-43
2.7175000000000002 2.9999999999999996 24.0 2.999999999999999 24.0 -1.308265515470219e-43
2.7225 2.9999999999999996 24.0 2.999999999999999 24.0 -1.423364404534678e-43
2.7275 2.9999999999999996 24.0 2.999999999999999 24.0 -1.5481876698504554e-43
2.7325 2.9999999999999996 24.0 2.999999999999999 24.0 -1.6835106916543426e-43
2.7375 2.9999999999999996 24.0 2.999999999999999 24.0 -1.8301651753491355e-43
2.7425 2.9999999999999996 24.0 2.999999999999999 24.0 -1.9890425522359987e-43
2.7475 2.9999999999999996 24.0 2.999999999999999 24.0 -2.161097490589726e-43
2.7525 2.9999999999999996 24.0 2.999999999999999 24.0 -2.347351504965857e-43
2.7575000000000003 2.9999999999999996 24.0 2.999999999999999 24.0 -2.5488966481388035e-43
2.7625 2.9999999999999996 24.0 2.999999999999999 24.0 -2.7668992660047867e-43
2.7675 2.9999999999999996 24.0 2.999999999999999 24.0 -3.002603791079871e-43
2.7725 2.9999999999999996 24.0 2.999999999999999 24.0 -3.257336544776351e-43
2.7775 2.9999999999999996 24.0 2.999999999999999 24.0 -3.5325095123723877e-43
2.7825 2.9999999999999996 24.0 2.999999999999999 24.0 -3.8296240473698445e-43
2.7875 2.9999999999999996 24.0 2.999999999999999 24.0 -4.150274453656305e-43
2.7925 2.9999999999999996 24.0 2.999999999999999 24.0 -4.4961513844042365e-43
2.7975000000000003 2.9999999999999996 24.0 2.999999999999999 24.0 -4.8690449857912895e-43
2.8025 2.9999999999999996 24.0 2.999999999999999 24.0 -5.270847701257914e-43
2.8075 2.9999999999999996 24.0 2.999999999999999 24.0 -5.703556637904751e-43
2.8125 2.9999999999999996 24.0 2.999999999999999 24.0 -6.16927538059152e-43
2.8175 2.9999999999999996 24.0 2.999999999999999 24.0 -6.6702151210579465e-43
2.8225 2.9999999999999996 24.0 2.999999999999999 24.0 -7.208694948686812e-43
2.8275 2.9999999999999996 24.0 2.999999999999999 24.0 -7.787141126068085e-43
2.8325 2.9999999999999996 24.0 2.999999999999999 24.0 -8.408085145954053e-43
2.8375 2.9999999999999996 24.0 2.999999999999999 24.0 -9.074160336139498e-43
2.8425000000000002 2.9999999999999996 24.0 2.999999999999999 24.0 -9.788096744839266e-43
2.8475 2.9999999999999996 24.0 2.999999999999999 24.0 -1.0552714000797693e-42
2.8525 2.9999999999999996 24.0 2.999999999999999 24.0 -1.1370911799114691e-42
2.8575 2.9999999999999996 24.0 2.999999999999999 24.0 -1.2245657615028027e-42
2.8625 2.9999999999999996 24.0 2.999999999999999 24.0 -1.317997119300767e-42
2.8675 2.9999999999999996 24.0 2.999999999999999 24.0 -1.4176905296753581e-42
2.8725 2.9999999999999996 24.0 2.999999999999999 24.0 -1.5239522136235068e-42
2.8775 2.9999999999999996 24.0 2.999999999999999 24.0 -1.6370864809864787e-42
2.8825000000000003 2.9999999999999996 24.0 2.999999999999999 24.0 -1.757392301228405e-42
2.8875 2.9999999999999996 24.0 2.999999999999999 24.0 -1.8851592159867795e-42
2.8925 2.9999999999999996 24.0 2.999999999999999 24.0 -2.0206624975789998e-42
2.8975 2.9999999999999996 24.0 2.999999999999999 24.0 -2.164157445283223e-42
2.9025 2.9999999999999996 24.0 2.999999999999999 24.0 -2.3158726973647096e-42
2.9075 2.9999999999999996 24.0 2.999999999999999 24.0 -2.4760024213111798e-42
2.9125 2.9999999999999996 24.0 2.999999999999999 24.0 -2.644697227386271e-42
2.9175 2.9999999999999996 24.0 2.999999999999999 24.0 -2.822053631203475e-42
2.9225000000000003 2.9999999999999996 24.0 2.999999999999999 24.0 -3.0081018693195784e-42
2.9275 2.9999999999999996 24.0 2.999999999999999 24.0 -3.202791847601616e-42
2.9325 2.9999999999999996 24.0 2.999999999999999 24.0 -3.40597697503379e-42
2.9375 2.9999999999999996 24.0 2.999999999999999 24.0 -3.6173956053941074e-42
2.9425 2.9999999999999996 24.0 2.999999999999999 24.0 -3.836649775482889e-42
2.9475 2.9999999999999996 24.0 2.999999999999999 24.0 -4.063180890937773e-42
2.9525 2.9999999999999996 24.0 2.999999999999999 24.0 -4.2962419686918166e-42
2.9575 2.9999999999999996 24.0 2.999999999999999 24.0 -4.534865998337242e-42
2.9625 2.9999999999999996 24.0 2.999999999999999 24.0 -4.777829932515162e-42
2.9675000000000002 2.9999999999999996 24.0 2.999999999999999 24.0 -5.0236137583737526e-42
2.9725 2.9999999999999996 24.0 2.999999999999999 24.0 -5.270354037470267e-42
2.9775 2.9999999999999996 24.0 2.999999999999999 24.0 -5.5157912295084084e-42
2.9825 2.9999999999999996 24.0 2.999999999999999 24.0 -5.75721003520602e-42
2.9875 2.9999999999999996 24.0 2.999999999999999 24.0 -5.991371904493634e-42
2.9925 2.9999999999999996 24.0 2.999999999999999 24.0 -6.214438757164441e-42
2.9975 2.9999999999999996 24.0 2.999999999999999 24.0 -6.421886852958712e-42
3.0025 2.9999999999999996 24.0 2.999999999999999 24.0 -6.608409625658215e-42
3.0075000000000003 2.9999999999999996 24.0 2.999999999999999 24.0 -6.767808159777292e-42
3.0125 2.9999999999999996 24.0 2.999999999999999 24.0 -6.89286783738512e-42
3.0175 2.9999999999999996 24.0 2.999999999999999 24.0 -6.975219514881453e-42
3.0225 2.9999999999999996 24.0 2.999999999999999 24.0 -7.005183403353713e-42
3.0275 2.9999999999999996 24.0 2.999999999999999 24.0 -6.971593619530009e-42
3.0325 2.9999999999999996 24.0 2.999999999999999 24.0 -6.861601145085148e-42
3.0375 2.9999999999999996 24.0 2.999999999999999 24.0 -6.660452677773915e-42
3.0425 2.9999999999999996 24.0 2.999999999999999 24.0 -6.351242575878556e-42
3.0475000000000003 2.9999999999999996 24.0 2.999999999999999 24.0 -5.914634784827187e-42
3.0525 2.9999999999999996 24.0 2.999999999999999 24.0 -5.3285512883218044e-42
3.0575 2.9999999999999996 24.0 2.999999999999999 24.0 -4.567823242330446e-42
3.0625 2.9999999999999996 24.0 2.999999999999999 24.0 -3.603800524878784e-42
3.0675 2.9999999999999996 24.0 2.999999999999999 24.0 -2.4039149633834536e-42
3.0725000000000002 2.9999999999999996 24.0 2.999999999999999 24.0 -9.311919794715607e-43
3.0775 2.9999999999999996 24.0 2.999999999999999 24.0 8.562951864692607e-43
3.0825 2.9999999999999996 24.0 2.999999999999999 24.0 3.0060351482261805e-42
3.0875 2.9999999999999996 24.0 2.999999999999999 24.0 5.57175912906062e-42
3.0925000000000002 2.9999999999999996 24.0 2.999999999999999 24.0 8.614200767226069e-42
3.0975 2.9999999999999996 24.0 2.999999999999999 24.0 1.2201943805728165e-41
3.1025 2.9999999999999996 24.0 2.999999999999999 24.0 1.6412367458280085e-41
3.1075 2.9999999999999996 24.0 2.999999999999999 24.0 2.133270030267325e-41
3.1125 2.9999999999999996 24.0 2.999999999999999 24.0 2.7061194723868177e-41
3.1175 2.9999999999999996 24.0 2.999999999999999 24.0 3.3708435223553514e-41
3.1225 2.9999999999999996 24.0 2.999999999999999 24.0 4.139879534344506e-41
3.1275 2.9999999999999996 24.0 2.999999999999999 24.0 5.027205953018628e-41
3.1325000000000003 2.9999999999999996 24.0 2.999999999999999 24.0 6.048522801596841e-41
3.1375 2.9999999999999996 24.0 2.999999999999999 24.0 7.221452471750234e-41
3.1425 2.9999999999999996 24.0 2.999999999999999 24.0 8.565763028605943e-41
3.1475 2.9999999999999996 24.0 2.999999999999999 24.0 1.0103616479274605e-40
3.1525 2.9999999999999996 24.0 2.999999999999999 24.0 1.1859844712951798e-40
3.1575 2.9999999999999996 24.0 2.999999999999999 24.0 1.3862256107175515e-40
3.1625 2.9999999999999996 24.0 2.999999999999999 24.0 1.6141976111042752e-40
3.1675 2.9999999999999996 24.0 2.999999999999999 24.0 1.8733825465126673e-40
3.1725000000000003 2.9999999999999996 24.0 2.999999999999999 24.0 2.167674010271968e-40
3.1775 2.9999999999999996 24.0 2.999999999999999 24.0 2.5014237201655417e-40
3.1825 2.9999999999999996 24.0 2.999999999999999 24.0 2.87949323241467e-40
3.1875 2.9999999999999996 24.0 2.999999999999999 24.0 3.3073113098458767e-40
3.1925 2.9999999999999996 24.0 2.999999999999999 24.0 3.790937546542328e-40
3.1975000000000002 2.9999999999999996 24.0 2.999999999999999 24.0 4.337132914030294e-40
3.2025 2.9999999999999996 24.0 2.999999999999999 24.0 4.953437963209725e-40
3.2075 2.9999999999999996 24.0 2.999999999999999 24.0 5.648259492451483e-40
3.2125 2.9999999999999996 24.0 2.999999999999999 24.0 6.430966576254081e-40
3.2175000000000002 2.9999999999999996 24.0 2.999999999999999 24.0 7.311996941357904e-40
3.2225 2.9999999999999996 24.0 2.999999999999999 24.0 8.3029747791215e-40
3.2275 2.9999999999999996 24.0 2.999999999999999 24.0 9.416841195180137e-40
3.2325 2.9999999999999996 24.0 2.999999999999999 24.0 1.0667998620987216e-39
3.2375 2.9999999999999996 24.0 2.999999999999999 24.0 1.2072470647902017e-39
3.2425 2.9999999999999996 24.0 2.999999999999999 24.0 1.3648078894278453e-39
3.2475 2.9999999999999996 24.0 2.999999999999999 24.0 1.5414638680872948e-39
3.2525 2.9999999999999996 24.0 2.999999999999999 24.0 1.739417547134213e-39
3.2575000000000003 2.9999999999999996 24.0 2.999999999999999 24.0 1.9611164234287273e-39
3.2625 2.9999999999999996 24.0 2.999999999999999 24.0 2.2092794102958995e-39
3.2675 2.9999999999999996 24.0 2.999999999999999 24.0 2.4869260950464172e-39
3.2725 2.9999999999999996 24.0 2.999999999999999 24.0 2.797409076411002e-39
3.2775 2.9999999999999996 24.0 2.999999999999999 24.0 3.144449699494115e-39
3.2825 2.9999999999999996 24.0 2.999999999999999 24.0 3.5321775380030553e-39
3.2875 2.9999999999999996 24.0 2.999999999999999 24.0 3.965174008858363e-39
3.2925 2.9999999999999996 24.0 2.999999999999999 24.0 4.448520543164129e-39
3.2975000000000003 2.9999999999999996 24.0 2.999999999999999 24.0 4.987851780230542e-39
3.3025 2.9999999999999996 24.0 2.999999999999999 24.0 5.5894142983097056e-39
3.3075 2.9999999999999996 24.0 2.999999999999999 24.0 6.260131447299604e-39
3.3125 2.9999999999999996 24.0 2.999999999999999 24.0 7.007674905386313e-39
3.3175 2.9999999999999996 24.0 2.999999999999999 24.0 7.840543643890819e-39
3.3225000000000002 2.9999999999999996 24.0 2.999999999999999 24.0 8.768151053030246e-39
3.3275 2.9999999999999996 24.0 2.999999999999999 24.0 9.800921056483188e-39
3.3325 2.9999999999999996 24.0 2.999999999999999 24.0 1.0950394125221556e-38
3.3375 2.9999999999999996 24.0 2.999999999999999 24.0 1.222934419173884e-38
3.3425000000000002 2.9999999999999996 24.0 2.999999999999999 24.0 1.365190756536998e-38
3.3475 2.9999999999999996 24.0 2.999999999999999 24.0 1.5233725058714003e-38
3.3525 2.9999999999999996 24.0 2.999999999999999 24.0 1.6992098655161695e-38
3.3575 2.9999999999999996 24.0 2.999999999999999 24.0 1.8946164179245045e-38
3.3625 2.9999999999999996 24.0 2.999999999999999 24.0 2.1117081576087347e-38
3.3675 2.9999999999999996 24.0 2.999999999999999 24.0 2.3528244564869384e-38
3.3725 2.9999999999999996 24.0 2.999999999999999 24.0 2.6205511605295965e-38
3.3775 2.9999999999999996 24.0 2.999999999999999 24.0 2.9177460306999164e-38
3.3825000000000003 2.9999999999999996 24.0 2.999999999999999 24.0 3.247566762136347e-38
3.3875 2.9999999999999996 24.0 2.999999999999999 24.0 3.6135018384988445e-38
3.3925 2.9999999999999996 24.0 2.999999999999999 24.0 4.0194045036116863e-38
3.3975 2.9999999999999996 24.0 2.999999999999999 24.0 4.469530160167011e-38
3.4025 2.9999999999999996 24.0 2.999999999999999 24.0 4.968577535567025e-38
3.4075 2.9999999999999996 24.0 2.999999999999999 24.0 5.521733988207063e-38
3.4125 2.9999999999999996 24.0 2.999999999999999 24.0 6.134725363929868e-38
3.4175 2.9999999999999996 24.0 2.999999999999999 24.0 6.813870852315337e-38
3.4225000000000003 2.9999999999999996 24.0 2.999999999999999 24.0 7.566143336229905e-38
3.4275 2.9999999999999996 24.0 2.999999999999999 24.0 8.399235776030449e-38
3.4325 2.9999999999999996 24.0 2.999999999999999 24.0 9.321634222368232e-38
3.4375 2.9999999999999996 24.0 2.999999999999999 24.0 1.0342698109135129e-37
3.4425 2.9999999999999996 24.0 2.999999999999999 24.0 1.147274854118054e-37
3.4475000000000002 2.9999999999999996 24.0 2.999999999999999 24.0 1.2723165360542082e-37
3.4525 2.9999999999999996 24.0 2.999999999999999 24.0 1.4106493850637928e-37
3.4575 2.9999999999999996 24.0 2.999999999999999 24.0 1.5636562020786409e-37
3.4625 2.9999999999999996 24.0 2.999999999999999 24.0 1.7328609504207296e-37
3.4675000000000002 2.9999999999999996 24.0 2.999999999999999 24.0 1.9199429202089323e-37
3.4725 2.9999999999999996 24.0 2.999999999999999 24.0 2.1267522915168483e-37
3.4775 2.9999999999999996 24.0 2.999999999999999 24.0 2.355327232343674e-37
3.4825 2.9999999999999996 24.0 2.999999999999999 24.0 2.6079126805048885e-37
3.4875 2.9999999999999996 24.0 2.999999999999999 24.0 2.886980972829585e-37
3.4925 2.9999999999999996 24.0 2.999999999999999 24.0 3.195254500678692e-37
3.4975 2.9999999999999996 24.0 2.999999999999999 24.0 3.5357305879004193e-37
3.5025 2.9999999999999996 24.0 2.999999999999999 24.0 3.911708806049433e-37
3.5075000000000003 2.9999999999999996 24.0 2.999999999999999 24.0 4.326820962176601e-37
3.5125 2.9999999999999996 24.0 2.999999999999999 24.0 4.7850640168858564e-37
3.5175 2.9999999999999996 24.0 2.999999999999999 24.0 5.290836214866425e-37
3.5225 2.9999999999999996 24.0 2.999999999999999 24.0 5.848976736897976e-37
3.5275 2.9999999999999996 24.0 2.999999999999999 24.0 6.464809211644787e-37
3.5325 2.9999999999999996 24.0 2.999999999999999 24.0 7.144189457602518e-37
3.5375 2.9999999999999996 24.0 2.999999999999999 24.0 7.893557860607175e-37
3.5425 2.9999999999999996 24.0 2.999999999999999 24.0 8.71999683064545e-37
3.5475000000000003 2.9999999999999996 24.0 2.999999999999999 24.0 9.631293823582182e-37
3.5525 2.9999999999999996 24.0 2.999999999999999 24.0 1.0636010459236418e-36
3.5575 2.9999999999999996 24.0 2.999999999999999 24.0 1.1743558317270053e-36
3.5625 2.9999999999999996 24.0 2.999999999999999 24.0 1.2964282047082334e-36
3.5675 2.9999999999999996 24.0 2.999999999999999 24.0 1.4309550487674519e-36
3.5725000000000002 2.9999999999999996 24.0 2.999999999999999 24.0 1.5791856558781707e-36
3.5775 2.9999999999999996 24.0 2.999999999999999 24.0 1.7424926755950818e-36
3.5825 2.9999999999999996 24.0 2.999999999999999 24.0 1.922384116022674e-36
3.5875 2.9999999999999996 24.0 2.999999999999999 24.0 2.1205164958301467e-36
3.5925000000000002 2.9999999999999996 24.0 2.999999999999999 24.0 2.3387092562018817e-36
3.5975 2.9999999999999996 24.0 2.999999999999999 24.0 2.578960551779081e-36
3.6025 2.9999999999999996 24.0 2.999999999999999 24.0 2.8434645507451223e-36
3.6075 2.9999999999999996 24.0 2.999999999999999 24.0 3.134630386328903e-36
3.6125 2.9999999999999996 24.0 2.999999999999999 24.0 3.45510291523422e-36
3.6175 2.9999999999999996 24.0 2.999999999999999 24.0 3.8077854529553054e-36
3.6225 2.9999999999999996 24.0 2.999999999999999 24.0 4.1958646717097937e-36
3.6275 2.9999999999999996 24.0 2.999999999999999 24.0 4.6228378639404034e-36
3.6325000000000003 2.9999999999999996 24.0 2.999999999999999 24.0 5.092542793136124e-36
3.6375 2.9999999999999996 24.0 2.999999999999999 24.0 5.609190374227446e-36
3.6425 2.9999999999999996 24.0 2.999999999999999 24.0 6.177400448207016e-36
3.6475 2.9999999999999996 24.0 2.999999999999999 24.0 6.802240940042523e-36
3.6525 2.9999999999999996 24.0 2.999999999999999 24.0 7.489270715610836e-36
3.6575 2.9999999999999996 24.0 2.999999999999999 24.0 8.244586482454509e-36
3.6625 2.9999999999999996 24.0 2.999999999999999 24.0 9.074874110881228e-36
3.6675 2.9999999999999996 24.0 2.999999999999999 24.0 9.987464786536555e-36
3.6725000000000003 2.9999999999999996 24.0 2.999999999999999 24.0 1.0990396443305471e-35
3.6775 2.9999999999999996 24.0 2.999999999999999 24.0 1.20924809665765e-35
3.6825 2.9999999999999996 24.0 2.999999999999999 24.0 1.3303377701763015e-35
3.6875 2.9999999999999996 24.0 2.999999999999999 24.0 1.4633673851942304e-35
3.6925 2.9999999999999996 24.0 2.999999999999999 24.0 1.6094972401819089e-35
3.6975000000000002 2.9999999999999996 24.0 2.999999999999999 24.0 1.7699988263400766e-35
3.7025 2.9999999999999996 24.0 2.999999999999999 24.0 1.9462653402193387e-35
3.7075 2.9999999999999996 24.0 2.999999999999999 24.0 2.139823177185513e-35
3.7125 2.9999999999999996 24.0 2.999999999999999 24.0 2.3523444960592118e-35
3.7175000000000002 2.9999999999999996 24.0 2.999999999999999 24.0 2.58566095346762e-35
3.7225 2.9999999999999996 24.0 2.999999999999999 24.0 2.841778715398069e-35
3.7275 2.9999999999999996 24.0 2.999999999999999 24.0 3.1228948631897063e-35
3.7325 2.9999999999999996 24.0 2.999999999999999 24.0 3.431415321824898e-35
3.7375 2.9999999999999996 24.0 2.999999999999999 24.0 3.769974449954612e-35
3.7425 2.9999999999999996 24.0 2.999999999999999 24.0 4.141456443700726e-35
3.7475 2.9999999999999996 24.0 2.999999999999999 24.0 4.5490187200103163e-35
3.7525 2.9999999999999996 24.0 2.999999999999999 24.0 4.996117460292594e-35
3.7575000000000003 2.9999999999999996 24.0 2.999999999999999 24.0 5.48653551136489e-35
3.7625 2.9999999999999996 24.0 2.999999999999999 24.0 6.024412858462897e-35
3.7675 2.9999999999999996 24.0 2.999999999999999 24.0 6.614279904398632e-35
3.7725 2.9999999999999996 24.0 2.999999999999999 24.0 7.261093809965952e-35
3.7775 2.9999999999999996 24.0 2.999999999999999 24.0 7.970278173602389e-35
3.7825 2.9999999999999996 24.0 2.999999999999999 24.0 8.747766353231689e-35
3.7875 2.9999999999999996 24.0 2.999999999999999 24.0 9.600048760340652e-35
3.7925 2.9999999999999996 24.0 2.999999999999999 24.0 1.0534224485883306e-34
3.7975000000000003 2.9999999999999996 24.0 2.999999999999999 24.0 1.1558057649723699e-34
3.8025 2.9999999999999996 24.0 2.999999999999999 24.0 1.2680038900319797e-34
3.8075 2.9999999999999996 24.0 2.999999999999999 24.0 1.3909452529387303e-34
3.8125 2.9999999999999996 24.0 2.999999999999999 24.0 1.5256449707696942e-34
3.8175 2.9999999999999996 24.0 2.999999999999999 24.0 1.6732128393200854e-34
3.8225000000000002 2.9999999999999996 24.0 2.999999999999999 24.0 1.8348620511679897e-34
3.8275 2.9999999999999996 24.0 2.999999999999999 24.0 2.011918706341254e-34
3.8325 2.9999999999999996 24.0 2.999999999999999 24.0 2.205832186734157e-34
3.8375 2.9999999999999996 24.0 2.999999999999999 24.0 2.4181864717261646e-34
3.8425000000000002 2.9999999999999996 24.0 2.999999999999999 24.0 2.6507124793119165e-34
3.8475 2.9999999999999996 24.0 2.999999999999999 24.0 2.9053015245081315e-34
3.8525 2.9999999999999996 24.0 2.999999999999999 24.0 3.1840199949102497e-34
3.8575 2.9999999999999996 24.0 2.999999999999999 24.0 3.489125352083537e-34
3.8625 2.9999999999999996 24.0 2.999999999999999 24.0 3.823083577057737e-34
3.8675 2.9999999999999996 24.0 2.999999999999999 24.0 4.188588188608518e-34
3.8725 2.9999999999999996 24.0 2.999999999999999 24.0 4.588580974330303e-34
3.8775 2.9999999999999996 24.0 2.999999999999999 24.0 5.026274586806957e-34
3.8825000000000003 2.9999999999999996 24.0 2.999999999999999 24.0 5.505177170564546e-34
3.8875 2.9999999999999996 24.0 2.999999999999999 24.0 6.029119200010419e-34
3.8925 2.9999999999999996 24.0 2.999999999999999 24.0 6.602282724363591e-34
3.8975 2.9999999999999996 24.0 2.999999999999999 24.0 7.229233232720816e-34
3.9025 2.9999999999999996 24.0 2.999999999999999 24.0 7.914954371051052e-34
3.9075 2.9999999999999996 24.0 2.999999999999999 24.0 8.664885763145744e-34
3.9125 2.9999999999999996 24.0 2.999999999999999 24.0 9.484964209540896e-34
3.9175 2.9999999999999996 24.0 2.999999999999999 24.0 1.0381668562317126e-33
3.9225000000000003 2.9999999999999996 24.0 2.999999999999999 24.0 1.1362068599605353e-33
3.9275 2.9999999999999996 24.0 2.999999999999999 24.0 1.243387825181047e-33
3.9325 2.9999999999999996 24.0 2.999999999999999 24.0 1.3605513562124071e-33
3.9375 2.9999999999999996 24.0 2.999999999999999 24.0 1.4886155797128192e-33
3.9425 2.9999999999999996 24.0 2.999999999999999 24.0 1.6285820159321152e-33
3.9475000000000002 2.9999999999999996 24.0 2.999999999999999 24.0 1.7815430592542338e-33
3.9525 2.9999999999999996 24.0 2.999999999999999 24.0 1.9486901213748167e-33
3.9575 2.9999999999999996 24.0 2.999999999999999 24.0 2.131322495070423e-33
3.9625000000000004 2.9999999999999996 24.0 2.999999999999999 24.0 2.3308570015195362e-33
3.9675000000000002 2.9999999999999996 24.0 2.999999999999999 24.0 2.548838489565188e-33
3.9725 2.9999999999999996 24.0 2.999999999999999 24.0 2.7869512612042567e-33
3.9775 2.9999999999999996 24.0 2.999999999999999 24.0 3.0470315039794306e-33
3.9825 2.9999999999999996 24.0 2.999999999999999 24.0 3.331080817888557e-33
3.9875 2.9999999999999996 24.0 2.999999999999999 24.0 3.6412809319511946e-33
3.9925 2.9999999999999996 24.0 2.999999999999999 24.0 3.980009713735774e-33
3.9975 2.9999999999999996 24.0 2.999999999999999 24.0 4.349858584005959e-33
4.0024999999999995 2.9999999999999996 24.0 2.999999999999999 24.0 4.753651458246893e-33
4.0075 2.9999999999999996 24.0 2.999999999999999 24.0 5.1944653472508695e-33
4.012499999999999 2.9999999999999996 24.0 2.999999999999999 24.0 5.675652760230583e-33
4.0175 2.9999999999999996 24.0 2.999999999999999 24.0 6.200866066183668e-33
4.022500000000001 2.9999999999999996 24.0 2.999999999999999 24.0 6.774083982499077e-33
4.0275 2.9999999999999996 24.0 2.999999999999999 24.0 7.399640374203386e-33
4.032500000000001 2.9999999999999996 24.0 2.999999999999999 24.0 8.082255562843402e-33
4.0375 2.9999999999999996 24.0 2.999999999999999 24.0 8.82707036091572e-33
4.0425 2.9999999999999996 24.0 2.999999999999999 24.0 9.639683066098964e-33
4.047499999999999 2.9999999999999996 24.0 2.999999999999999 24.0 1.0526189669401779e-32
4.0525 2.9999999999999996 24.0 2.999999999999999 24.0 1.1493227552887095e-32
4.0575 2.9999999999999996 24.0 2.999999999999999 24.0 1.2548022975953696e-32
4.0625 2.9999999999999996 24.0 2.999999999999999 24.0 1.3698442674456298e-32
4.067500000000001 2.9999999999999996 24.0 2.999999999999999 24.0 1.4953049924323234e-32
4.0725 2.9999999999999996 24.0 2.999999999999999 24.0 1.6321165451012505e-32
4.077500000000001 2.9999999999999996 24.0 2.999999999999999 24.0 1.7812933598301942e-32
4.0825 2.9999999999999996 24.0 2.999999999999999 24.0 1.9439394204709194e-32
4.0875 2.9999999999999996 24.0 2.999999999999999 24.0 2.1212560673577565e-32
4.092499999999999 2.9999999999999996 24.0 2.999999999999999 24.0 2.314550476367546e-32
4.0975 2.9999999999999996 24.0 2.999999999999999 24.0 2.525244867141766e-32
4.1025 2.9999999999999996 24.0 2.999999999999999 24.0 2.7548865023677956e-32
4.1075 2.9999999999999996 24.0 2.999999999999999 24.0 3.005158545204233e-32
4.112500000000001 2.9999999999999996 24.0 2.999999999999999 24.0 3.2778918475463313e-32
4.1175 2.9999999999999996 24.0 2.999999999999999 24.0 3.575077747907442e-32
4.1225000000000005 2.9999999999999996 24.0 2.999999999999999 24.0 3.898881964268927e-32
4.1274999999999995 2.9999999999999996 24.0 2.999999999999999 24.0 4.251659674370321e-32
4.1325 2.9999999999999996 24.0 2.999999999999999 24.0 4.6359718836213585e-32
4.137499999999999 2.9999999999999996 24.0 2.999999999999999 24.0 5.05460318915081e-32
4.1425 2.9999999999999996 24.0 2.999999999999999 24.0 5.510581057537891e-32
4.147500000000001 2.9999999999999996 24.0 2.999999999999999 24.0 6.007196743529833e-32
4.1525 2.9999999999999996 24.0 2.999999999999999 24.0 6.548027987617744e-32
4.157500000000001 2.9999999999999996 24.0 2.999999999999999 24.0 7.136963641770696e-32
4.1625 2.9999999999999996 24.0 2.999999999999999 24.0 7.778230384986794e-32
4.1675 2.9999999999999996 24.0 2.999999999999999 24.0 8.476421703701189e-32
4.172499999999999 2.9999999999999996 24.0 2.999999999999999 24.0 9.236529326542577e-32
4.1775 2.9999999999999996 24.0 2.999999999999999 24.0 1.006397731858521e-31
4.1825 2.9999999999999996 24.0 2.999999999999999 24.0 1.096465905714308e-31
4.1875 2.9999999999999996 24.0 2.999999999999999 24.0 1.1944977329459876e-31
4.192500000000001 2.9999999999999996 24.0 2.999999999999999 24.0 1.3011887812410308e-31
4.1975 2.9999999999999996 24.0 2.999999999999999 24.0 1.4172946215713858e-31
4.202500000000001 2.9999999999999996 24.0 2.999999999999999 24.0 1.5436359393282016e-31
4.2075 2.9999999999999996 24.0 2.999999999999999 24.0 1.6811040752286936e-31
4.2125 2.9999999999999996 24.0 2.999999999999999 24.0 1.8306670316567107e-31
4.217499999999999 2.9999999999999996 24.0 2.999999999999999 24.0 1.9933759830144953e-31
4.2225 2.9999999999999996 24.0 2.999999999999999 24.0 2.1703723318201023e-31
4.2275 2.9999999999999996 24.0 2.999999999999999 24.0 2.3628953556898785e-31
4.2325 2.9999999999999996 24.0 2.999999999999999 24.0 2.5722904940321664e-31
4.237500000000001 2.9999999999999996 24.0 2.999999999999999 24.0 2.8000183272523375e-31
4.2425 2.9999999999999996 24.0 2.999999999999999 24.0 3.0476643055727105e-31
4.2475000000000005 2.9999999999999996 24.0 2.999999999999999 24.0 3.316949289210958e-31
4.2524999999999995 2.9999999999999996 24.0 2.999999999999999 24.0 3.6097409666763904e-31
4.2575 2.9999999999999996 24.0 2.999999999999999 24.0 3.9280662233637315e-31
4.262499999999999 2.9999999999999996 24.0 2.999999999999999 24.0 4.274124538469331e-31
4.2675 2.9999999999999996 24.0 2.999999999999999 24.0 4.650302494578309e-31
4.272500000000001 2.9999999999999996 24.0 2.999999999999999 24.0 5.05918949108776e-31
4.2775 2.9999999999999996 24.0 2.999999999999999 24.0 5.5035947600006185e-31
4.282500000000001 2.9999999999999996 24.0 2.999999999999999 24.0 5.986565790576215e-31
4.2875 2.9999999999999996 24.0 2.999999999999999 24.0 6.511408277905352e-31
4.2925 2.9999999999999996 24.0 2.999999999999999 24.0 7.081707719749912e-31
4.297499999999999 2.9999999999999996 24.0 2.999999999999999 24.0 7.701352795982191e-31
4.3025 2.9999999999999996 24.0 2.999999999999999 24.0 8.374560675761517e-31
4.3075 2.9999999999999996 24.0 2.999999999999999 24.0 9.105904409227142e-31
4.3125 2.9999999999999996 24.0 2.999999999999999 24.0 9.90034257306422e-31
4.317500000000001 2.9999999999999996 24.0 2.999999999999999 24.0 1.0763251352859663e-30
4.3225 2.9999999999999996 24.0 2.999999999999999 24.0 1.1700459259796733e-30
4.327500000000001 2.9999999999999996 24.0 2.999999999999999 24.0 1.2718284695034696e-30
4.3325 2.9999999999999996 24.0 2.999999999999999 24.0 1.3823576592131695e-30
4.3375 2.9999999999999996 24.0 2.999999999999999 24.0 1.5023758386263738e-30
4.342499999999999 2.9999999999999996 24.0 2.999999999999999 24.0 1.6326875578776417e-30
4.3475 2.9999999999999996 24.0 2.999999999999999 24.0 1.7741647187004173e-30
4.352500000000001 2.9999999999999996 24.0 2.999999999999999 24.0 1.9277521392300267e-30
4.3575 2.9999999999999996 24.0 2.999999999999999 24.0 2.0944735724094414e-30
4.362500000000001 2.9999999999999996 24.0 2.999999999999999 24.0 2.2754382144570334e-30
4.3675 2.9999999999999996 24.0 2.999999999999999 24.0 2.4718477427421807e-30
4.3725000000000005 2.9999999999999996 24.0 2.999999999999999 24.0 2.6850039255314234e-30
4.3774999999999995 2.9999999999999996 24.0 2.999999999999999 24.0 2.9163168494190193e-30
4.3825 2.9999999999999996 24.0 2.999999999999999 24.0 3.167313813877544e-30
4.387499999999999 2.9999999999999996 24.0 2.999999999999999 24.0 3.439648946257551e-30
4.3925 2.9999999999999996 24.0 2.999999999999999 24.0 3.735113594771191e-30
4.397500000000001 2.9999999999999996 24.0 2.999999999999999 24.0 4.055647561515679e-30
4.4025 2.9999999999999996 24.0 2.999999999999999 24.0 4.403351242475823e-30
4.407500000000001 2.9999999999999996 24.0 2.999999999999999 24.0 4.780498746694378e-30
4.4125 2.9999999999999996 24.0 2.999999999999999 24.0 5.1895520724616134e-30
4.4175 2.9999999999999996 24.0 2.999999999999999 24.0 5.633176424475656e-30
4.422499999999999 2.9999999999999996 24.0 2.999999999999999 24.0 6.1142567624867906e-30
4.4275 2.9999999999999996 24.0 2.999999999999999 24.0 6.635915679020803e-30
4.4325 2.9999999999999996 24.0 2.999999999999999 24.0 7.201532711384913e-30
4.4375 2.9999999999999996 24.0 2.999999999999999 24.0 7.814765201370724e-30
4.442500000000001 2.9999999999999996 24.0 2.999999999999999 24.0 8.47957082489789e-30
4.4475 2.9999999999999996 24.0 2.999999999999999 24.0 9.200231923345811e-30
4.452500000000001 2.9999999999999996 24.0 2.999999999999999 24.0 9.981381778572187e-30
4.4575 2.9999999999999996 24.0 2.999999999999999 24.0 1.0828032984616972e-29
4.4625 2.9999999999999996 24.0 2.999999999999999 24.0 1.1745608080974023e-29
4.467499999999999 2.9999999999999996 24.0 2.999999999999999 24.0 1.27399726250565e-29
4.4725 2.9999999999999996 24.0 2.999999999999999 24.0 1.3817470895242147e-29
4.477500000000001 2.9999999999999996 24.0 2.999999999999999 24.0 1.4984964430646602e-29
4.4825 2.9999999999999996 24.0 2.999999999999999 24.0 1.6249873629702947e-29
4.487500000000001 2.9999999999999996 24.0 2.999999999999999 24.0 1.7620222646721333e-29
4.4925 2.9999999999999996 24.0 2.999999999999999 24.0 1.9104687844023646e-29
4.4975000000000005 2.9999999999999996 24.0 2.999999999999999 24.0 2.0712650077058554e-29
4.5024999999999995 2.9999999999999996 24.0 2.999999999999999 24.0 2.2454251111191988e-29
4.5075 2.9999999999999996 24.0 2.999999999999999 24.0 2.4340454491803944e-29
4.512499999999999 2.9999999999999996 24.0 2.999999999999999 24.0 2.638311121393388e-29
4.5175 2.9999999999999996 24.0 2.999999999999999 24.0 2.8595030564252187e-29
4.522500000000001 2.9999999999999996 24.0 2.999999999999999 24.0 3.099005653658577e-29
4.5275 2.9999999999999996 24.0 2.999999999999999 24.0 3.358315025289972e-29
4.532500000000001 2.9999999999999996 24.0 2.999999999999999 24.0 3.6390478854543965e-29
4.5375 2.9999999999999996 24.0 2.999999999999999 24.0 3.942951136397047e-29
4.5425 2.9999999999999996 24.0 2.999999999999999 24.0 4.271912205521877e-29
4.547499999999999 2.9999999999999996 24.0 2.999999999999999 24.0 4.627970191229873e-29
4.5525 2.9999999999999996 24.0 2.999999999999999 24.0 5.0133278798630625e-29
4.5575 2.9999999999999996 24.0 2.999999999999999 24.0 5.430364700784712e-29
4.5625 2.9999999999999996 24.0 2.999999999999999 24.0 5.881650691709571e-29
4.567500000000001 2.9999999999999996 24.0 2.999999999999999 24.0 6.369961551842543e-29
4.5725 2.9999999999999996 24.0 2.999999999999999 24.0 6.898294866246769e-29
4.577500000000001 2.9999999999999996 24.0 2.999999999999999 24.0 7.46988759115352e-29
4.5825 2.9999999999999996 24.0 2.999999999999999 24.0 8.088234896679662e-29
4.5875 2.9999999999999996 24.0 2.999999999999999 24.0 8.757110470686863e-29
4.592499999999999 2.9999999999999996 24.0 2.999999999999999 24.0 9.48058839529872e-29
4.5975 2.9999999999999996 24.0 2.999999999999999 24.0 1.0263066715976736e-28
4.602500000000001 2.9999999999999996 24.0 2.999999999999999 24.0 1.1109292832028792e-28
4.6075 2.9999999999999996 24.0 2.999999999999999 24.0 1.2024390847086003e-28
4.612500000000001 2.9999999999999996 24.0 2.999999999999999 24.0 1.3013891028435411e-28
4.6175 2.9999999999999996 24.0 2.999999999999999 24.0 1.4083761535211725e-28
4.6225000000000005 2.9999999999999996 24.0 2.999999999999999 24.0 1.5240442587399772e-28
4.6274999999999995 2.9999999999999996 24.0 2.999999999999999 24.0 1.6490883260386665e-28
4.6325 2.9999999999999996 24.0 2.999999999999999 24.0 1.7842581103573258e-28
4.637499999999999 2.9999999999999996 24.0 2.999999999999999 24.0 1.9303624796275626e-28
4.6425 2.9999999999999996 24.0 2.999999999999999 24.0 2.088274007000168e-28
4.647500000000001 2.9999999999999996 24.0 2.999999999999999 24.0 2.25893391431341e-28
4.6525 2.9999999999999996 24.0 2.999999999999999 24.0 2.443357393229416e-28
4.657500000000001 2.9999999999999996 24.0 2.999999999999999 24.0 2.642639332417327e-28
4.6625 2.9999999999999996 24.0 2.999999999999999 24.0 2.8579604812573865e-28
4.6675 2.9999999999999996 24.0 2.999999999999999 24.0 3.0905940827894414e-28
4.672499999999999 2.9999999999999996 24.0 2.999999999999999 24.0 3.341913011034374e-28
4.6775 2.9999999999999996 24.0 2.999999999999999 24.0 3.613397450406167e-28
4.6825 2.9999999999999996 24.0 2.999999999999999 24.0 3.9066431576962994e-28
4.6875 2.9999999999999996 24.0 2.999999999999999 24.0 4.223370350087268e-28
4.692500000000001 2.9999999999999996 24.0 2.999999999999999 24.0 4.565433265830326e-28
4.6975 2.9999999999999996 24.0 2.999999999999999 24.0 4.934830447637118e-28
4.702500000000001 2.9999999999999996 24.0 2.999999999999999 24.0 5.3337158024912315e-28
4.7075 2.9999999999999996 24.0 2.999999999999999 24.0 5.76441049550051e-28
4.7125 2.9999999999999996 24.0 2.999999999999999 24.0 6.2294157396157685e-28
4.717499999999999 2.9999999999999996 24.0 2.999999999999999 24.0 6.7314265475319185e-28
4.7225 2.9999999999999996 24.0 2.999999999999999 24.0 7.273346516915512e-28
4.727500000000001 2.9999999999999996 24.0 2.999999999999999 24.0 7.85830372525529e-28
4.7325 2.9999999999999996 24.0 2.999999999999999 24.0 8.489667816171017e-28
4.737500000000001 2.9999999999999996 24.0 2.999999999999999 24.0 9.17106836493174e-28
4.7425 2.9999999999999996 24.0 2.999999999999999 24.0 9.90641461727597e-28
4.7475000000000005 2.9999999999999996 24.0 2.999999999999999 24.0 1.069991670242411e-27
4.7524999999999995 2.9999999999999996 24.0 2.999999999999999 24.0 1.1556108428432618e-27
4.7575 2.9999999999999996 24.0 2.999999999999999 24.0 1.2479871775836307e-27
4.762499999999999 2.9999999999999996 24.0 2.999999999999999 24.0 1.3476463213843163e-27
4.7675 2.9999999999999996 24.0 2.999999999999999 24.0 1.4551541972281108e-27
4.772500000000001 2.9999999999999996 24.0 2.999999999999999 24.0 1.5711200412022378e-27
4.7775 2.9999999999999996 24.0 2.999999999999999 24.0 1.6961996646843843e-27
4.782500000000001 2.9999999999999996 24.0 2.999999999999999 24.0 1.83109895806019e-27
4.7875 2.9999999999999996 24.0 2.999999999999999 24.0 1.976577653529029e-27
4.7925 2.9999999999999996 24.0 2.999999999999999 24.0 2.133453365807931e-27
4.797499999999999 2.9999999999999996 24.0 2.999999999999999 24.0 2.3026059308789834e-27
4.8025 2.9999999999999996 24.0 2.999999999999999 24.0 2.4849820643601936e-27
4.8075 2.9999999999999996 24.0 2.999999999999999 24.0 2.681600362607449e-27
4.8125 2.9999999999999996 24.0 2.999999999999999 24.0 2.893556671295461e-27
4.817500000000001 2.9999999999999996 24.0 2.999999999999999 24.0 3.1220298479737335e-27
4.8225 2.9999999999999996 24.0 2.999999999999999 24.0 3.3682879469660336e-27
4.827500000000001 2.9999999999999996 24.0 2.999999999999999 24.0 3.633694856983934e-27
4.8325 2.9999999999999996 24.0 2.999999999999999 24.0 3.919717423960374e-27
4.8375 2.9999999999999996 24.0 2.999999999999999 24.0 4.227933093900043e-27
4.842499999999999 2.9999999999999996 24.0 2.999999999999999 24.0 4.560038112980245e-27
4.8475 2.9999999999999996 24.0 2.999999999999999 24.0 4.917856324753382e-27
4.852500000000001 2.9999999999999996 24.0 2.999999999999999 24.0 5.303348607083947e-27
4.8575 2.9999999999999996 24.0 2.999999999999999 24.0 5.718622994439696e-27
4.862500000000001 2.9999999999999996 24.0 2.999999999999999 24.0 6.165945534335626e-27
4.8675 2.9999999999999996 24.0 2.999999999999999 24.0 6.64775193012921e-27
4.8725000000000005 2.9999999999999996 24.0 2.999999999999999 24.0 7.166660026001803e-27
4.8774999999999995 2.9999999999999996 24.0 2.999999999999999 24.0 7.725483193830189e-27
4.8825 2.9999999999999996 24.0 2.999999999999999 24.0 8.327244685803272e-27
4.887499999999999 2.9999999999999996 24.0 2.999999999999999 24.0 8.975193021048755e-27
4.8925 2.9999999999999996 24.0 2.999999999999999 24.0 9.672818479264584e-27
4.897500000000001 2.9999999999999996 24.0 2.999999999999999 24.0 1.042387077937629e-26
4.9025 2.9999999999999996 24.0 2.999999999999999 24.0 1.1232378026627623e-26
4.907500000000001 2.9999999999999996 24.0 2.999999999999999 24.0 1.2102667017243472e-26
4.9125 2.9999999999999996 24.0 2.999999999999999 24.0 1.3039384995923398e-26
4.9175 2.9999999999999996 24.0 2.999999999999999 24.0 1.4047522967965495e-26
4.922499999999999 2.9999999999999996 24.0 2.999999999999999 24.0 1.513244067477455e-26
4.9275 2.9999999999999996 24.0 2.999999999999999 24.0 1.6299893348955272e-26
4.9325 2.9999999999999996 24.0 2.999999999999999 24.0 1.7556060373101396e-26
4.9375 2.9999999999999996 24.0 2.999999999999999 24.0 1.890757597486316e-26
4.942500000000001 2.9999999999999996 24.0 2.999999999999999 24.0 2.0361562099871483e-26
4.9475 2.9999999999999996 24.0 2.999999999999999 24.0 2.192566361371712e-26
4.952500000000001 2.9999999999999996 24.0 2.999999999999999 24.0 2.360808599442835e-26
4.9575 2.9999999999999996 24.0 2.999999999999999 24.0 2.5417635687795335e-26
4.9625 2.9999999999999996 24.0 2.999999999999999 24.0 2.736376330955119e-26
4.967499999999999 2.9999999999999996 24.0 2.999999999999999 24.0 2.94566098907892e-26
4.9725 2.9999999999999996 24.0 2.999999999999999 24.0 3.170705637624209e-26
4.977500000000001 2.9999999999999996 24.0 2.999999999999999 24.0 3.4126776599090355e-26
4.9825 2.9999999999999996 24.0 2.999999999999999 24.0 3.672829397099478e-26
4.987500000000001 2.9999999999999996 24.0 2.999999999999999 24.0 3.952504214199791e-26
4.9925 2.9999999999999996 24.0 2.999999999999999 24.0 4.2531429901938497e-26
4.9975000000000005 2.9999999999999996 24.0 2.999999999999999 24.0 4.5762910613174555e-26
5.0024999999999995 2.9999999999999996 24.0 2.999999999999999 24.0 4.9236056483627193e-26
5.0075 2.9999999999999996 24.0 2.999999999999999 24.0 5.296863800975406e-26
5.012499999999999 2.9999999999999996 24.0 2.999999999999999 24.0 5.697970894083752e-26
5.0175 2.9999999999999996 24.0 2.999999999999999 24.0 6.128969713929066e-26
5.022500000000001 2.9999999999999996 24.0 2.999999999999999 24.0 6.592050173635612e-26
5.0275 2.9999999999999996 24.0 2.999999999999999 24.0 7.089559700896064e-26
5.032500000000001 2.9999999999999996 24.0 2.999999999999999 24.0 7.624014343144673e-26
5.0375 2.9999999999999996 24.0 2.999999999999999 24.0 8.198110638568598e-26
5.0425 2.9999999999999996 24.0 2.999999999999999 24.0 8.814738304480259e-26
5.047499999999999 2.9999999999999996 24.0 2.999999999999999 24.0 9.476993797934132e-26
5.0525 2.9999999999999996 24.0 2.999999999999999 24.0 1.018819480706212e-25
5.0575 2.9999999999999996 24.0 2.999999999999999 24.0 1.0951895735396595e-25
5.0625 2.9999999999999996 24.0 2.999999999999999 24.0 1.177190424551076e-25
5.067500000000001 2.9999999999999996 24.0 2.999999999999999 24.0 1.2652298932592846e-25
5.0725 2.9999999999999996 24.0 2.999999999999999 24.0 1.3597448203147922e-25
5.077500000000001 2.9999999999999996 24.0 2.999999999999999 24.0 1.461203043887591e-25
5.0825 2.9999999999999996 24.0 2.999999999999999 24.0 1.570105553092213e-25
5.0875 2.9999999999999996 24.0 2.999999999999999 24.0 1.6869887875189862e-25
5.092499999999999 2.9999999999999996 24.0 2.999999999999999 24.0 1.8124270925198753e-25
5.0975 2.9999999999999996 24.0 2.999999999999999 24.0 1.9470353405172665e-25
5.102500000000001 2.9999999999999996 24.0 2.999999999999999 24.0 2.09147172925707e-25
5.1075 2.9999999999999996 24.0 2.999999999999999 24.0 2.246440768625589e-25
5.112500000000001 2.9999999999999996 24.0 2.999999999999999 24.0 2.4126964683866886e-25
5.1175 2.9999999999999996 24.0 2.999999999999999 24.0 2.5910457399789224e-25
5.1225000000000005 2.9999999999999996 24.0 2.999999999999999 24.0 2.782352026345653e-25
5.1274999999999995 2.9999999999999996 24.0 2.999999999999999 24.0 2.9875391746495724e-25
5.1325 2.9999999999999996 24.0 2.999999999999999 24.0 3.2075955676619366e-25
5.137499999999999 2.9999999999999996 24.0 2.999999999999999 24.0 3.443578530603814e-25
5.1425 2.9999999999999996 24.0 2.999999999999999 24.0 3.696619031272863e-25
5.147500000000001 2.9999999999999996 24.0 2.999999999999999 24.0 3.967926692397841e-25
5.1525 2.9999999999999996 24.0 2.999999999999999 24.0 4.258795136348367e-25
5.157500000000001 2.9999999999999996 24.0 2.999999999999999 24.0 4.570607683576115e-25
5.1625 2.9999999999999996 24.0 2.999999999999999 24.0 4.90484342748818e-25
5.1675 2.9999999999999996 24.0 2.999999999999999 24.0 5.263083709860638e-25
5.172499999999999 2.9999999999999996 24.0 2.999999999999999 24.0 5.647019022381491e-25
5.1775 2.9999999999999996 24.0 2.999999999999999 24.0 6.058456361492504e-25
5.1825 2.9999999999999996 24.0 2.999999999999999 24.0 6.499327065358479e-25
5.1875 2.9999999999999996 24.0 2.999999999999999 24.0 6.971695163562433e-25
5.192500000000001 2.9999999999999996 24.0 2.999999999999999 24.0 7.477766271985709e-25
5.1975 2.9999999999999996 24.0 2.999999999999999 24.0 8.0198970673081595e-25
5.202500000000001 2.9999999999999996 24.0 2.999999999999999 24.0 8.600605377652505e-25
5.2075 2.9999999999999996 24.0 2.999999999999999 24.0 9.222580928099292e-25
5.2125 2.9999999999999996 24.0 2.999999999999999 24.0 9.888696782141118e-25
5.217499999999999 2.9999999999999996 24.0 2.999999999999999 24.0 1.0602021522600994e-24
5.2225 2.9999999999999996 24.0 2.999999999999999 24.0 1.136583221815901e-24
5.227500000000001 2.9999999999999996 24.0 2.999999999999999 24.0 1.218362822437181e-24
5.2325 2.9999999999999996 24.0 2.999999999999999 24.0 1.3059145870992132e-24
5.237500000000001 2.9999999999999996 24.0 2.999999999999999 24.0 1.3996374090457433e-24
5.2425 2.9999999999999996 24.0 2.999999999999999 24.0 1.4999571045662512e-24
5.2475000000000005 2.9999999999999996 24.0 2.999999999999999 24.0 1.6073281818560618e-24
5.2524999999999995 2.9999999999999996 24.0 2.999999999999999 24.0 1.7222357224736173e-24
5.2575 2.9999999999999996 24.0 2.999999999999999 24.0 1.8451973822920415e-24
5.262499999999999 2.9999999999999996 24.0 2.999999999999999 24.0 1.9767655192418878e-24
5.2675 2.9999999999999996 24.0 2.999999999999999 24.0 2.117529455568358e-24
5.272500000000001 2.9999999999999996 24.0 2.999999999999999 24.0 2.2681178827696525e-24
5.2775 2.9999999999999996 24.0 2.999999999999999 24.0 2.4292014178571168e-24
5.282500000000001 2.9999999999999996 24.0 2.999999999999999 24.0 2.6014953200714587e-24
5.2875 2.9999999999999996 24.0 2.999999999999999 24.0 2.785762377711515e-24
5.2925 2.9999999999999996 24.0 2.999999999999999 24.0 2.9828159752840022e-24
5.297499999999999 2.9999999999999996 24.0 2.999999999999999 24.0 3.193523351757823e-24
5.3025 2.9999999999999996 24.0 2.999999999999999 24.0 3.418809061319437e-24
5.3075 2.9999999999999996 24.0 2.999999999999999 24.0 3.65965864866166e-24
5.3125 2.9999999999999996 24.0 2.999999999999999 24.0 3.91712255151615e-24
5.317500000000001 2.9999999999999996 24.0 2.999999999999999 24.0 4.1923202438438796e-24
5.3225 2.9999999999999996 24.0 2.999999999999999 24.0 4.486444633843359e-24
5.327500000000001 2.9999999999999996 24.0 2.999999999999999 24.0 4.8007667317181865e-24
5.3325 2.9999999999999996 24.0 2.999999999999999 24.0 5.1366406029619754e-24
5.3375 2.9999999999999996 24.0 2.999999999999999 24.0 5.495508623785668e-24
5.342499999999999 2.9999999999999996 24.0 2.999999999999999 24.0 5.878907056207231e-24
5.3475 2.9999999999999996 24.0 2.999999999999999 24.0 6.288471961279439e-24
5.352500000000001 2.9999999999999996 24.0 2.999999999999999 24.0 6.725945469915108e-24
5.3575 2.9999999999999996 24.0 2.999999999999999 24.0 7.193182431817096e-24
5.362500000000001 2.9999999999999996 24.0 2.999999999999999 24.0 7.692157464105311e-24
5.3675 2.9999999999999996 24.0 2.999999999999999 24.0 8.224972422371393e-24
5.3725000000000005 2.9999999999999996 24.0 2.999999999999999 24.0 8.793864318092014e-24
5.3774999999999995 2.9999999999999996 24.0 2.999999999999999 24.0 9.40121370756911e-24
5.3825 2.9999999999999996 24.0 2.999999999999999 24.0 1.0049553578880024e-23
5.387499999999999 2.9999999999999996 24.0 2.999999999999999 24.0 1.0741578764671479e-23
5.3925 2.9999999999999996 24.0 2.999999999999999 24.0 1.1480155910065557e-23
5.397500000000001 2.9999999999999996 24.0 2.999999999999999 24.0 1.2268334026416762e-23
5.4025 2.9999999999999996 24.0 2.999999999999999 24.0 1.3109355663217706e-23
5.407500000000001 2.9999999999999996 24.0 2.999999999999999 24.0 1.4006668732058246e-23
5.4125 2.9999999999999996 24.0 2.999999999999999 24.0 1.4963939018217394e-23
5.4175 2.9999999999999996 24.0 2.999999999999999 24.0 1.5985063417228636e-23
5.422499999999999 2.9999999999999996 24.0 2.999999999999999 24.0 1.7074183935557026e-23
5.4275 2.9999999999999996 24.0 2.999999999999999 24.0 1.8235702496436616e-23
5.4325 2.9999999999999996 24.0 2.999999999999999 24.0 1.9474296593852878e-23
5.4375 2.9999999999999996 24.0 2.999999999999999 24.0 2.0794935839713404e-23
5.442500000000001 2.9999999999999996 24.0 2.999999999999999 24.0 2.220289945133551e-23
5.4475 2.9999999999999996 24.0 2.999999999999999 24.0 2.370379472857553e-23
5.452500000000001 2.9999999999999996 24.0 2.999999999999999 24.0 2.5303576572181187e-23
5.4575 2.9999999999999996 24.0 2.999999999999999 24.0 2.7008568097265507e-23
5.4625 2.9999999999999996 24.0 2.999999999999999 24.0 2.8825482398236007e-23
5.467499999999999 2.9999999999999996 24.0 2.999999999999999 24.0 3.076144552395874e-23
5.4725 2.9999999999999996 24.0 2.999999999999999 24.0 3.282402072453069e-23
5.477500000000001 2.9999999999999996 24.0 2.999999999999999 24.0 3.502123403361768e-23
5.4825 2.9999999999999996 24.0 2.999999999999999 24.0 3.736160125305046e-23
5.487500000000001 2.9999999999999996 24.0 2.999999999999999 24.0 3.985415640911204e-23
5.4925 2.9999999999999996 24.0 2.999999999999999 24.0 4.250848175277013e-23
5.4975000000000005 2.9999999999999996 24.0 2.999999999999999 24.0 4.533473937902625e-23
5.5024999999999995 2.9999999999999996 24.0 2.999999999999999 24.0 4.834370454345307e-23
5.5075 2.9999999999999996 24.0 2.999999999999999 24.0 5.154680075702872e-23
5.512499999999999 2.9999999999999996 24.0 2.999999999999999 24.0 5.495613674335928e-23
5.5175 2.9999999999999996 24.0 2.999999999999999 24.0 5.858454534551444e-23
5.522500000000001 2.9999999999999996 24.0 2.999999999999999 24.0 6.244562447272041e-23
5.5275 2.9999999999999996 24.0 2.999999999999999 24.0 6.655378018034868e-23
5.532500000000001 2.9999999999999996 24.0 2.999999999999999 24.0 7.092427197969432e-23
5.5375 2.9999999999999996 24.0 2.999999999999999 24.0 7.557326047715962e-23
5.5425 2.9999999999999996 24.0 2.999999999999999 24.0 8.051785744558815e-23
5.547499999999999 2.9999999999999996 24.0 2.999999999999999 24.0 8.57761784334579e-23
5.5525 2.9999999999999996 24.0 2.999999999999999 24.0 9.136739802072371e-23
5.5575 2.9999999999999996 24.0 2.999999999999999 24.0 9.731180783290456e-23
5.5625 2.9999999999999996 24.0 2.999999999999999 24.0 1.0363087742791856e-22
5.567500000000001 2.9999999999999996 24.0 2.999999999999999 24.0 1.1034731817274071e-22
5.5725 2.9999999999999996 24.0 2.999999999999999 24.0 1.1748515022953874e-22
5.577500000000001 2.9999999999999996 24.0 2.999999999999999 24.0 1.2506977277325665e-22
5.5825 2.9999999999999996 24.0 2.999999999999999 24.0 1.3312803756463564e-22
5.5875 2.9999999999999996 24.0 2.999999999999999 24.0 1.4168832600462197e-22
5.592499999999999 2.9999999999999996 24.0 2.999999999999999 24.0 1.507806297974583e-22
5.5975 2.9999999999999996 24.0 2.999999999999999 24.0 1.6043663535107573e-22
5.602500000000001 2.9999999999999996 24.0 2.999999999999999 24.0 1.706898120439705e-22
5.6075 2.9999999999999996 24.0 2.999999999999999 24.0 1.8157550448817697e-22
5.612500000000001 2.9999999999999996 24.0 2.999999999999999 24.0 1.9313102891756649e-22
5.6175 2.9999999999999996 24.0 2.999999999999999 24.0 2.0539577382981124e-22
5.6225000000000005 2.9999999999999996 24.0 2.999999999999999 24.0 2.184113050089324e-22
5.6274999999999995 2.9999999999999996 24.0 2.999999999999999 24.0 2.322214750527618e-22
5.6325 2.9999999999999996 24.0 2.999999999999999 24.0 2.4687253752674255e-22
5.637499999999999 2.9999999999999996 24.0 2.999999999999999 24.0 2.624132658610087e-22
5.6425 2.9999999999999996 24.0 2.999999999999999 24.0 2.7889507710276775e-22
5.647500000000001 2.9999999999999996 24.0 2.999999999999999 24.0 2.963721606292097e-22
5.6525 2.9999999999999996 24.0 2.999999999999999 24.0 3.149016119187299e-22
5.657500000000001 2.9999999999999996 24.0 2.999999999999999 24.0 3.3454357146877787e-22
5.6625 2.9999999999999996 24.0 2.999999999999999 24.0 3.5536136893775927e-22
5.6675 2.9999999999999996 24.0 2.999999999999999 24.0 3.7742167257596706e-22
5.672499999999999 2.9999999999999996 24.0 2.999999999999999 24.0 4.0079464399546148e-22
5.6775 2.9999999999999996 24.0 2.999999999999999 24.0 4.25554098312379e-22
5.6825 2.9999999999999996 24.0 2.999999999999999 24.0 4.517776696754499e-22
5.6875 2.9999999999999996 24.0 2.999999999999999 24.0 4.795469821729646e-22
5.692500000000001 2.9999999999999996 24.0 2.999999999999999 24.0 5.089478260853442e-22
5.6975 2.9999999999999996 24.0 2.999999999999999 24.0 5.400703394225002e-22
5.702500000000001 2.9999999999999996 24.0 2.999999999999999 24.0 5.73009194653857e-22
5.7075 2.9999999999999996 24.0 2.999999999999999 24.0 6.078637905031894e-22
5.7125 2.9999999999999996 24.0 2.999999999999999 24.0 6.44738448641507e-22
5.717499999999999 2.9999999999999996 24.0 2.999999999999999 24.0 6.83742615066489e-22
5.7225 2.9999999999999996 24.0 2.999999999999999 24.0 7.2499106590866415e-22
5.727500000000001 2.9999999999999996 24.0 2.999999999999999 24.0 7.686041173493438e-22
5.7325 2.9999999999999996 24.0 2.999999999999999 24.0 8.147078392756631e-22
5.737500000000001 2.9999999999999996 24.0 2.999999999999999 24.0 8.634342722308051e-22
5.7425 2.9999999999999996 24.0 2.999999999999999 24.0 9.149216471436915e-22
5.7475000000000005 2.9999999999999996 24.0 2.999999999999999 24.0 9.693146072414637e-22
5.7524999999999995 2.9999999999999996 24.0 2.999999999999999 24.0 1.0267644314576777e-21
5.7575 2.9999999999999996 24.0 2.999999999999999 24.0 1.087429258551161e-21
5.762499999999999 2.9999999999999996 24.0 2.999999999999999 24.0 1.151474311041249e-21
5.7675 2.9999999999999996 24.0 2.999999999999999 24.0 1.2190721179470646e-21
5.772500000000001 2.9999999999999996 24.0 2.999999999999999 24.0 1.2904027351866471e-21
5.7775 2.9999999999999996 24.0 2.999999999999999 24.0 1.3656539623501385e-21
5.782500000000001 2.9999999999999996 24.0 2.999999999999999 24.0 1.4450215544038003e-21
5.7875 2.9999999999999996 24.0 2.999999999999999 24.0 1.5287094267106103e-21
5.7925 2.9999999999999996 24.0 2.999999999999999 24.0 1.6169298515671295e-21
5.797499999999999 2.9999999999999996 24.0 2.999999999999999 24.0 1.709903644250888e-21
5.8025 2.9999999999999996 24.0 2.999999999999999 24.0 1.807860336351817e-21
5.8075 2.9999999999999996 24.0 2.999999999999999 24.0 1.911038333916793e-21
5.8125 2.9999999999999996 24.0 2.999999999999999 24.0 2.0196850576742936e-21
5.817500000000001 2.9999999999999996 24.0 2.999999999999999 24.0 2.1340570623169867e-21
5.8225 2.9999999999999996 24.0 2.999999999999999 24.0 2.254420131508484e-21
5.827500000000001 2.9999999999999996 24.0 2.999999999999999 24.0 2.381049344940791e-21
5.8325 2.9999999999999996 24.0 2.999999999999999 24.0 2.5142291133985484e-21
5.8375 2.9999999999999996 24.0 2.999999999999999 24.0 2.65425317738774e-21
5.842499999999999 2.9999999999999996 24.0 2.999999999999999 24.0 2.8014245644485816e-21
5.8475 2.9999999999999996 24.0 2.999999999999999 24.0 2.9560554998041398e-21
5.852500000000001 2.9999999999999996 24.0 2.999999999999999 24.0 3.1184672644814813e-21
5.8575 2.9999999999999996 24.0 2.999999999999999 24.0 3.288989994491357e-21
5.862500000000001 2.9999999999999996 24.0 2.999999999999999 24.0 3.467962414050767e-21
5.8675 2.9999999999999996 24.0 2.999999999999999 24.0 3.655731495182913e-21
5.8725000000000005 2.9999999999999996 24.0 2.999999999999999 24.0 3.852652035329693e-21
5.8774999999999995 2.9999999999999996 24.0 2.999999999999999 24.0 4.059086143847489e-21
5.8825 2.9999999999999996 24.0 2.999999999999999 24.0 4.275402627440366e-21
5.887499999999999 2.9999999999999996 24.0 2.999999999999999 24.0 4.50197626369326e-21
5.8925 2.9999999999999996 24.0 2.999999999999999 24.0 4.739186950912706e-21
5.897500000000001 2.9999999999999996 24.0 2.999999999999999 24.0 4.9874187214435496e-21
5.9025 2.9999999999999996 24.0 2.999999999999999 24.0 5.247058604516868e-21
5.907500000000001 2.9999999999999996 24.0 2.999999999999999 24.0 5.518495323475777e-21
5.9125 2.9999999999999996 24.0 2.999999999999999 24.0 5.8021178109256694e-21
5.9175 2.9999999999999996 24.0 2.999999999999999 24.0 6.0983135239561306e-21
5.922499999999999 2.9999999999999996 24.0 2.999999999999999 24.0 6.407466540065517e-21
5.9275 2.9999999999999996 24.0 2.999999999999999 24.0 6.7299554127967935e-21
5.9325 2.9999999999999996 24.0 2.999999999999999 24.0 7.066150764332412e-21
5.9375 2.9999999999999996 24.0 2.999999999999999 24.0 7.416412590413098e-21
5.942500000000001 2.9999999999999996 24.0 2.999999999999999 24.0 7.781087250907067e-21
5.9475 2.9999999999999996 24.0 2.999999999999999 24.0 8.16050411716967e-21
5.952500000000001 2.9999999999999996 24.0 2.999999999999999 24.0 8.554971844979406e-21
5.9575 2.9999999999999996 24.0 2.999999999999999 24.0 8.964774239299528e-21
5.9625 2.9999999999999996 24.0 2.999999999999999 24.0 9.390165674396287e-21
5.967499999999999 2.9999999999999996 24.0 2.999999999999999 24.0 9.831366029910307e-21
5.9725 2.9999999999999996 24.0 2.999999999999999 24.0 1.0288555100337654e-20
5.977500000000001 2.9999999999999996 24.0 2.999999999999999 24.0 1.0761866431986541e-20
5.9825 2.9999999999999996 24.0 2.999999999999999 24.0 1.1251380537854135e-20
5.987500000000001 2.9999999999999996 24.0 2.999999999999999 24.0 1.1757117436957047e-20
5.9925 2.9999999999999996 24.0 2.999999999999999 24.0 1.2279028460465198e-20
5.9975000000000005 2.9999999999999996 24.0 2.999999999999999 24.0 1.2816987262494864e-20
6.0024999999999995 2.9999999999999996 24.0 2.999999999999999 24.0 1.3370779968583754e-20
6.0075 2.9999999999999996 24.0 2.999999999999999 24.0 1.394009438970567e-20
6.0125 2.9999999999999996 24.0 2.999999999999999 24.0 1.4524508224114695e-20
6.0175 2.9999999999999996 24.0 2.999999999999999 24.0 1.5123476163367573e-20
6.022500000000001 2.9999999999999996 24.0 2.999999999999999 24.0 1.573631581247634e-20
6.0275 2.9999999999999996 24.0 2.999999999999999 24.0 1.636219232730091e-20
6.032500000000001 2.9999999999999996 24.0 2.999999999999999 24.0 1.7000101664959452e-20
6.0375 2.9999999999999996 24.0 2.999999999999999 24.0 1.76488523351619e-20
6.0425 2.9999999999999996 24.0 2.999999999999999 24.0 1.830704553196227e-20
6.047499999999999 2.9999999999999996 24.0 2.999999999999999 24.0 1.8973053516390185e-20
6.0525 2.9999999999999996 24.0 2.999999999999999 24.0 1.9644996110776405e-20
6.0575 2.9999999999999996 24.0 2.999999999999999 24.0 2.0320715155225283e-20
6.0625 2.9999999999999996 24.0 2.999999999999999 24.0 2.0997746765631944e-20
6.067500000000001 2.9999999999999996 24.0 2.999999999999999 24.0 2.1673291220776476e-20
6.0725 2.9999999999999996 24.0 2.999999999999999 24.0 2.2344180293352276e-20
6.077500000000001 2.9999999999999996 24.0 2.999999999999999 24.0 2.3006841826218516e-20
6.0825 2.9999999999999996 24.0 2.999999999999999 24.0 2.365726134064557e-20
6.0875 2.9999999999999996 24.0 2.999999999999999 24.0 2.4290940447810965e-20
6.092499999999999 2.9999999999999996 24.0 2.999999999999999 24.0 2.490285181819137e-20
6.0975 2.9999999999999996 24.0 2.999999999999999 24.0 2.5487390445767214e-20
6.102500000000001 2.9999999999999996 24.0 2.999999999999999 24.0 2.6038320924966875e-20
6.1075 2.9999999999999996 24.0 2.999999999999999 24.0 2.6548720438027437e-20
6.112500000000001 2.9999999999999996 24.0 2.999999999999999 24.0 2.7010917128765656e-20
6.1175 2.9999999999999996 24.0 2.999999999999999 24.0 2.74164235156174e-20
6.1225000000000005 2.9999999999999996 24.0 2.999999999999999 24.0 2.7755864572082737e-20
6.1274999999999995 2.9999999999999996 24.0 2.999999999999999 24.0 2.801890007629636e-20
6.1325 2.9999999999999996 24.0 2.999999999999999 24.0 2.8194140803258544e-20
6.1375 2.9999999999999996 24.0 2.999999999999999 24.0 2.8269058103138997e-20
6.1425 2.9999999999999996 24.0 2.999999999999999 24.0 2.8229886376939946e-20
6.147500000000001 2.9999999999999996 24.0 2.999999999999999 24.0 2.806151792648458e-20
6.1525 2.9999999999999996 24.0 2.999999999999999 24.0 2.774738961909743e-20
6.157500000000001 2.9999999999999996 24.0 2.999999999999999 24.0 2.726936076826462e-20
6.1625 2.9999999999999996 24.0 2.999999999999999 24.0 2.6607581589896417e-20
6.1675 2.9999999999999996 24.0 2.999999999999999 24.0 2.574035154933998e-20
6.172499999999999 2.9999999999999996 24.0 2.999999999999999 24.0 2.4643966866886597e-20
6.1775 2.9999999999999996 24.0 2.999999999999999 24.0 2.3292556398932124e-20
6.1825 2.9999999999999996 24.0 2.999999999999999 24.0 2.1657905058053748e-20
6.1875 2.9999999999999996 24.0 2.999999999999999 24.0 1.970926387775956e-20
6.192500000000001 2.9999999999999996 24.0 2.999999999999999 24.0 1.741314576641656e-20
6.1975 2.9999999999999996 24.0 2.999999999999999 24.0 1.4733105929551304e-20
6.202500000000001 2.9999999999999996 24.0 2.999999999999999 24.0 1.1629505870119443e-20
6.2075 2.9999999999999996 24.0 2.999999999999999 24.0 8.059259802220545e-21
6.2125 2.9999999999999996 24.0 2.999999999999999 24.0 3.9755622346984e-21
6.217499999999999 2.9999999999999996 24.0 2.999999999999999 24.0 -6.7240460301459435e-22
6.2225 2.9999999999999996 24.0 2.999999999999999 24.0 -5.939784910139598e-21
6.227500000000001 2.9999999999999996 24.0 2.999999999999999 24.0 -1.1886386551558408e-20
6.2325 2.9999999999999996 24.0 2.999999999999999 24.0 -1.8577042996958164e-20
6.237500000000001 2.9999999999999996 24.0 2.999999999999999 24.0 -2.60820016846176e-20
6.2425 2.9999999999999996 24.0 2.999999999999999 24.0 -3.447734064747373e-20
6.2475000000000005 2.9999999999999996 24.0 2.999999999999999 24.0 -4.384541536176779e-20
6.2524999999999995 2.9999999999999996 24.0 2.999999999999999 24.0 -5.42753379088525e-20
6.2575 2.9999999999999996 24.0 2.999999999999999 24.0 -6.586349067971357e-20
6.2625 2.9999999999999996 24.0 2.999999999999999 24.0 -7.871407699921798e-20
6.2675 2.9999999999999996 24.0 2.999999999999999 24.0 -9.293971120439745e-20
6.272500000000001 2.9999999999999996 24.0 2.999999999999999 24.0 -1.0866205087797007e-19
6.2775 2.9999999999999996 24.0 2.999999999999999 24.0 -1.2601247411609931e-19
6.282500000000001 2.9999999999999996 24.0 2.999999999999999 24.0 -1.451328048983946e-19
6.2875 2.9999999999999996 24.0 2.999999999999999 24.0 -1.6617608982886256e-19
6.2925 2.9999999999999996 24.0 2.999999999999999 24.0 -1.8930742973045924e-19
6.297499999999999 2.9999999999999996 24.0 2.999999999999999 24.0 -2.14704869802523e-19
6.3025 2.9999999999999996 24.0 2.999999999999999 24.0 -2.4256035229216377e-19
6.3075 2.9999999999999996 24.0 2.999999999999999 24.0 -2.73080735886644e-19
6.3125 2.9999999999999996 24.0 2.999999999999999 24.0 -3.06488886306849e-19
6.317500000000001 2.9999999999999996 24.0 2.999999999999999 24.0 -3.4302484287100724e-19
6.3225 2.9999999999999996 24.0 2.999999999999999 24.0 -3.8294706610575184e-19
6.327500000000001 2.9999999999999996 24.0 2.999999999999999 24.0 -4.26533771808331e-19
6.3325 2.9999999999999996 24.0 2.999999999999999 24.0 -4.740843573105156e-19
6.3375 2.9999999999999996 24.0 2.999999999999999 24.0 -5.25920926063927e-19
6.342499999999999 2.9999999999999996 24.0 2.999999999999999 24.0 -5.823899170570072e-19
6.3475 2.9999999999999996 24.0 2.999999999999999 24.0 -6.438638459903456e-19
6.352500000000001 2.9999999999999996 24.0 2.999999999999999 24.0 -7.107431655771823e-19
6.3575 2.9999999999999996 24.0 2.999999999999999 24.0 -7.83458252805e-19
6.362500000000001 2.9999999999999996 24.0 2.999999999999999 24.0 -8.624715314906395e-19
6.3675 2.9999999999999996 24.0 2.999999999999999 24.0 -9.482797389885665e-19
6.3725000000000005 2.9999999999999996 24.0 2.999999999999999 24.0 -1.0414163464724083e-18
6.3774999999999995 2.9999999999999996 24.0 2.999999999999999 24.0 -1.142454142802355e-18
6.3825 2.9999999999999996 24.0 2.999999999999999 24.0 -1.2520079926225654e-18
6.3875 2.9999999999999996 24.0 2.999999999999999 24.0 -1.3707377799990646e-18
6.3925 2.9999999999999996 24.0 2.999999999999999 24.0 -1.4993515496193007e-18
6.397500000000001 2.9999999999999996 24.0 2.999999999999999 24.0 -1.6386088583244696e-18
6.4025 2.9999999999999996 24.0 2.999999999999999 24.0 -1.7893243505437943e-18
6.407500000000001 2.9999999999999996 24.0 2.999999999999999 24.0 -1.952371572045065e-18
6.4125 2.9999999999999996 24.0 2.999999999999999 24.0 -2.1286870373103242e-18
6.4175 2.9999999999999996 24.0 2.999999999999999 24.0 -2.319274566798071e-18
6.422499999999999 2.9999999999999996 24.0 2.999999999999999 24.0 -2.5252099113564493e-18
6.4275 2.9999999999999996 24.0 2.999999999999999 24.0 -2.747645682122861e-18
6.4325 2.9999999999999996 24.0 2.999999999999999 24.0 -2.987816605371931e-18
6.4375 2.9999999999999996 24.0 2.999999999999999 24.0 -3.2470451229757577e-18
6.442500000000001 2.9999999999999996 24.0 2.999999999999999 24.0 -3.526747360406797e-18
6.4475 2.9999999999999996 24.0 2.999999999999999 24.0 -3.828439485559401e-18
6.452500000000001 2.9999999999999996 24.0 2.999999999999999 24.0 -4.1537444830917074e-18
6.4575 2.9999999999999996 24.0 2.999999999999999 24.0 -4.504399370495026e-18
6.4625 2.9999999999999996 24.0 2.999999999999999 24.0 -4.88226288370011e-18
6.467499999999999 2.9999999999999996 24.0 2.999999999999999 24.0 -5.289323661716115e-18
6.4725 2.9999999999999996 24.0 2.999999999999999 24.0 -5.7277089615956844e-18
6.477500000000001 2.9999999999999996 24.0 2.999999999999999 24.0 -6.199693936909455e-18
6.4825 2.9999999999999996 24.0 2.999999999999999 24.0 -6.707711514926811e-18
6.487500000000001 2.9999999999999996 24.0 2.999999999999999 24.0 -7.254362909822111e-18
6.4925 2.9999999999999996 24.0 2.999999999999999 24.0 -7.842428811472353e-18
6.4975000000000005 2.9999999999999996 24.0 2.999999999999999 24.0 -8.474881291799765e-18
6.5024999999999995 2.9999999999999996 24.0 2.999999999999999 24.0 -9.154896473121207e-18
6.5075 2.9999999999999996 24.0 2.999999999999999 24.0 -9.885868005642797e-18
6.5125 2.9999999999999996 24.0 2.999999999999999 24.0 -1.067142140404454e-17
6.5175 2.9999999999999996 24.0 2.999999999999999 24.0 -1.1515429296095242e-17
6.522500000000001 2.9999999999999996 24.0 2.999999999999999 24.0 -1.2422027639381316e-17
6.5275 2.9999999999999996 24.0 2.999999999999999 24.0 -1.339563296557488e-17
6.532500000000001 2.9999999999999996 24.0 2.999999999999999 24.0 -1.4440960715197046e-17
6.5375 2.9999999999999996 24.0 2.999999999999999 24.0 -1.55630447295512e-17
6.5425 2.9999999999999996 24.0 2.999999999999999 24.0 -1.676725797046535e-17
6.547499999999999 2.9999999999999996 24.0 2.999999999999999 24.0 -1.8059334542626272e-17
6.5525 2.9999999999999996 24.0 2.999999999999999 24.0 -1.9445393097725782e-17
6.5575 2.9999999999999996 24.0 2.999999999999999 24.0 -2.0931961704267102e-17
6.5625 2.9999999999999996 24.0 2.999999999999999 24.0 -2.2526004271834337e-17
6.567500000000001 2.9999999999999996 24.0 2.999999999999999 24.0 -2.423494862380481e-17
6.5725 2.9999999999999996 24.0 2.999999999999999 24.0 -2.6066716317997595e-17
6.577500000000001 2.9999999999999996 24.0 2.999999999999999 24.0 -2.802975432056292e-17
6.5825 2.9999999999999996 24.0 2.999999999999999 24.0 -3.0133068644533184e-17
6.5875 2.9999999999999996 24.0 2.999999999999999 24.0 -3.2386260070975655e-17
6.592499999999999 2.9999999999999996 24.0 2.999999999999999 24.0 -3.47995620774889e-17
6.5975 2.9999999999999996 24.0 2.999999999999999 24.0 -3.7383881106066165e-17
6.602500000000001 2.9999999999999996 24.0 2.999999999999999 24.0 -4.0150839309936e-17
6.6075 2.9999999999999996 24.0 2.999999999999999 24.0 -4.311281992709876e-17
6.612500000000001 2.9999999999999996 24.0 2.999999999999999 24.0 -4.6283015436768435e-17
6.6175 2.9999999999999996 24.0 2.999999999999999 24.0 -4.967547866390718e-17
6.6225000000000005 2.9999999999999996 24.0 2.999999999999999 24.0 -5.3305177006573534e-17
6.6274999999999995 2.9999999999999996 24.0 2.999999999999999 24.0 -5.718804997075302e-17
6.6325 2.9999999999999996 24.0 2.999999999999999 24.0 -6.134107020799075e-17
6.6375 2.9999999999999996 24.0 2.999999999999999 24.0 -6.578230826221413e-17
6.6425 2.9999999999999996 24.0 2.999999999999999 24.0 -7.053100124398755e-17
6.647500000000001 2.9999999999999996 24.0 2.999999999999999 24.0 -7.560762566279464e-17
6.6525 2.9999999999999996 24.0 2.999999999999999 24.0 -8.103397466108141e-17
6.657500000000001 2.9999999999999996 24.0 2.999999999999999 24.0 -8.683323990761896e-17
6.6625 2.9999999999999996 24.0 2.999999999999999 24.0 -9.303009842227549e-17
6.6675 2.9999999999999996 24.0 2.999999999999999 24.0 -9.965080461976003e-17
6.672499999999999 2.9999999999999996 24.0 2.999999999999999 24.0 -1.067232878759767e-16
6.6775 2.9999999999999996 24.0 2.999999999999999 24.0 -1.1427725593789458e-16
6.6825 2.9999999999999996 24.0 2.999999999999999 24.0 -1.2234430451569445e-16
6.6875 2.9999999999999996 24.0 2.999999999999999 24.0 -1.3095803341512223e-16
6.692500000000001 2.9999999999999996 24.0 2.999999999999999 24.0 -1.4015416958789348e-16
6.6975 2.9999999999999996 24.0 2.999999999999999 24.0 -1.4997069749917564e-16
6.702500000000001 2.9999999999999996 24.0 2.999999999999999 24.0 -1.6044799723346216e-16
6.7075 2.9999999999999996 24.0 2.999999999999999 24.0 -1.7162899078350175e-16
6.7125 2.9999999999999996 24.0 2.999999999999999 24.0 -1.835592969918481e-16
6.717499999999999 2.9999999999999996 24.0 2.999999999999999 24.0 -1.962873956404341e-16
6.7225 2.9999999999999996 24.0 2.999999999999999 24.0 -2.0986480121125364e-16
6.727500000000001 2.9999999999999996 24.0 2.999999999999999 24.0 -2.2434624686989787e-16
6.7325 2.9999999999999996 24.0 2.999999999999999 24.0 -2.3978987925439324e-16
6.737500000000001 2.9999999999999996 24.0 2.999999999999999 24.0 -2.562574646837114e-16
6.7425 2.9999999999999996 24.0 2.999999999999999 24.0 -2.738146074341061e-16
6.7475000000000005 2.9999999999999996 24.0 2.999999999999999 24.0 -2.925309807671834e-16
6.7524999999999995 2.9999999999999996 24.0 2.999999999999999 24.0 -3.124805714308032e-16
6.7575 2.9999999999999996 24.0 2.999999999999999 24.0 -3.337419383936668e-16
6.7625 2.9999999999999996 24.0 2.999999999999999 24.0 -3.5639848661564606e-16
6.7675 2.9999999999999996 24.0 2.999999999999999 24.0 -3.805387566999804e-16
6.772500000000001 2.9999999999999996 24.0 2.999999999999999 24.0 -4.0625673131913603e-16
6.7775 2.9999999999999996 24.0 2.999999999999999 24.0 -4.3365215935479206e-16
6.782500000000001 2.9999999999999996 24.0 2.999999999999999 24.0 -4.628308987433753e-16
6.7875 2.9999999999999996 24.0 2.999999999999999 24.0 -4.939052790719221e-16
6.7925 2.9999999999999996 24.0 2.999999999999999 24.0 -5.269944850259868e-16
6.797499999999999 2.9999999999999996 24.0 2.999999999999999 24.0 -5.622249618500429e-16
6.8025 2.9999999999999996 24.0 2.999999999999999 24.0 -5.99730844043971e-16
6.8075 2.9999999999999996 24.0 2.999999999999999 24.0 -6.396544085842307e-16
6.8125 2.9999999999999996 24.0 2.999999999999999 24.0 -6.821465540280686e-16
6.817500000000001 2.9999999999999996 24.0 2.999999999999999 24.0 -7.273673069312507e-16
6.8225 2.9999999999999996 24.0 2.999999999999999 24.0 -7.75486357086492e-16
6.827500000000001 2.9999999999999996 24.0 2.999999999999999 24.0 -8.266836231702492e-16
6.8325 2.9999999999999996 24.0 2.999999999999999 24.0 -8.811498504694486e-16
6.8375 2.9999999999999996 24.0 2.999999999999999 24.0 -9.390872424494704e-16
6.842499999999999 2.9999999999999996 24.0 2.999999999999999 24.0 -1.0007101280168938e-15
6.8475 2.9999999999999996 24.0 2.999999999999999 24.0 -1.066245666429999e-15
6.852500000000001 2.9999999999999996 24.0 2.999999999999999 24.0 -1.135934591911706e-15
6.8575 2.9999999999999996 24.0 2.999999999999999 24.0 -1.2100320001293455e-15
6.862500000000001 2.9999999999999996 24.0 2.999999999999999 24.0 -1.288808178818708e-15
6.8675 3.0000000000000018 24.0 3.0000000000000013 24.0 -1.372549484949523e-15
6.8725000000000005 3.0000000000000018 24.0 3.0000000000000013 24.0 -1.4615592709560014e-15
6.8774999999999995 3.0000000000000018 24.0 3.0000000000000013 24.0 -1.5561588626868561e-15
6.8825 3.0000000000000018 24.0 3.0000000000000013 24.0 -1.656688591869508e-15
6.8875 3.0000000000000018 24.0 3.0000000000000013 24.0 -1.763508886027102e-15
6.8925 3.0000000000000018 24.0 3.0000000000000013 24.0 -1.877001418941907e-15
6.897500000000001 3.0000000000000018 24.0 3.0000000000000013 24.0 -1.9975703249176194e-15
6.9025 3.0000000000000018 24.0 3.0000000000000013 24.0 -2.125643480262785e-15
6.907500000000001 3.0000000000000018 24.0 3.0000000000000013 24.0 -2.261673855594938e-15
6.9125 3.0000000000000018 24.0 3.0000000000000013 24.0 -2.4061409427494602e-15
6.9175 3.0000000000000018 24.0 3.0000000000000013 24.0 -2.5595522602749247e-15
6.922499999999999 3.0000000000000018 24.0 3.0000000000000013 24.0 -2.722444941698538e-15
6.9275 3.0000000000000018 24.0 3.0000000000000013 24.0 -2.895387410963418e-15
6.9325 3.0000000000000018 24.0 3.0000000000000013 24.0 -3.0789811496621107e-15
6.9375 3.0000000000000018 24.0 3.0000000000000013 24.0 -3.273862560930351e-15
6.942500000000001 3.0000000000000018 24.0 3.0000000000000013 24.0 -3.4807049351111373e-15
6.9475 3.0000000000000018 24.0 3.0000000000000013 24.0 -3.700220522561197e-15
6.952500000000001 2.999999999999999 24.0 2.999999999999999 23.999999999999993 -3.933162719245543e-15
6.9575 2.999999999999999 24.0 2.9999999999999982 23.999999999999986 -4.1803283710504954e-15
6.9625 2.999999999999999 24.0 2.9999999999999973 23.99999999999998 -4.442560203050163e-15
6.967499999999999 2.999999999999999 24.0 2.9999999999999964 23.99999999999998 -4.7207493802717335e-15
6.9725 3.0000000000000004 24.0 2.9999999999999973 23.99999999999998 -5.015838206841508e-15
6.977500000000001 3.0000000000000004 24.0 2.9999999999999982 23.99999999999998 -5.328822970734338e-15
6.9825 3.0000000000000004 24.0 2.9999999999999982 23.99999999999998 -5.660756941718281e-15
6.987500000000001 3.0000000000000004 24.0 2.9999999999999982 23.999999999999982 -6.0127535304639905e-15
6.9925 3.0000000000000004 24.0 2.9999999999999982 23.99999999999998 -6.385989617187698e-15
6.9975000000000005 3.0000000000000004 24.0 2.9999999999999982 23.99999999999998 -6.781709058619565e-15
7.0024999999999995 3.0000000000000004 24.0 2.9999999999999982 23.99999999999998 -7.20122638252128e-15
7.0075 3.0 24.0 2.9999999999999982 23.99999999999998 -7.645930679444714e-15
7.0125 3.0 24.0 2.9999999999999982 23.99999999999998 -8.117289701896794e-15
7.0175 3.0000000000000018 24.0 2.999999999999999 23.99999999999997 -8.616854181589128e-15
7.022500000000001 3.0000000000000018 24.0 2.999999999999998 23.999999999999964 -9.146262375972822e-15
7.0275 3.0000000000000018 24.0 2.9999999999999973 23.99999999999996 -9.707244855816822e-15
7.032500000000001 3.0000000000000018 24.0 2.9999999999999964 23.999999999999957 -1.0301629546169048e-14
7.0375 3.000000000000003 24.0 2.9999999999999964 23.999999999999957 -1.0931347033642366e-14
7.0425 3.000000000000003 24.0 2.9999999999999982 23.999999999999957 -1.1598436153612626e-14
7.047499999999999 3.000000000000003 24.0 2.999999999999998 23.99999999999995 -1.230504987157115e-14
7.0525 3.000000000000003 24.0 2.999999999999998 23.99999999999995 -1.3053461473584923e-14
7.0575 3.000000000000003 24.0 2.9999999999999982 23.99999999999995 -1.3846071081534564e-14
7.0625 3.0000000000000036 24.0 2.9999999999999982 23.99999999999995 -1.4685412509578057e-14
7.067500000000001 3.0000000000000044 24.0 2.999999999999999 23.99999999999995 -1.557416047907812e-14
7.0725 3.0000000000000044 24.0 2.999999999999999 23.999999999999947 -1.6515138210074053e-14
7.077500000000001 3.0000000000000044 24.0 3.0000000000000013 23.99999999999995 -1.7511325408258718e-14
7.0825 3.0000000000000027 24.0 3.0 23.999999999999943 -1.8565866667326356e-14
7.0875 3.0000000000000027 24.0 2.9999999999999982 23.999999999999936 -1.968208030753711e-14
7.092499999999999 3.0000000000000027 24.0 2.999999999999998 23.99999999999993 -2.0863467672323244e-14
7.0975 3.000000000000005 24.0 2.9999999999999964 23.999999999999922 -2.2113722905840286e-14
7.102500000000001 3.000000000000005 24.0 2.999999999999998 23.999999999999922 -2.343674323543681e-14
7.1075 3.000000000000004 24.0 3.000000000000001 23.999999999999922 -2.4836639784191228e-14
7.112500000000001 3.0000000000000036 24.0 2.999999999999999 23.99999999999992 -2.6317748939851047e-14
7.1175 3.0000000000000036 24.0 2.9999999999999982 23.999999999999915 -2.788464430776476e-14
7.1225000000000005 3.0000000000000053 24.0 2.9999999999999982 23.999999999999908 -2.9542149276729645e-14
7.1274999999999995 3.0000000000000053 24.0 2.999999999999998 23.999999999999897 -3.1295350228023704e-14
7.1325 3.0000000000000036 24.0 2.9999999999999982 23.999999999999893 -3.314961041935884e-14
7.1375 3.000000000000006 24.0 2.9999999999999982 23.999999999999886 -3.5110584576960147e-14
7.1425 3.000000000000006 24.0 2.999999999999999 23.99999999999988 -3.718423423057937e-14
7.147500000000001 3.000000000000008 24.0 3.0 23.999999999999876 -3.937684382785967e-14
7.1525 3.000000000000008 24.0 3.0000000000000013 23.99999999999988 -4.1695037666202216e-14
7.157500000000001 3.000000000000006 24.0 3.000000000000001 23.999999999999872 -4.4145797682075265e-14
7.1625 3.000000000000008 24.0 3.0000000000000013 23.999999999999865 -4.6736482139555124e-14
7.1675 3.000000000000007 24.0 3.0000000000000013 23.999999999999858 -4.947484526188338e-14
7.172499999999999 3.000000000000008 24.0 3.0000000000000013 23.99999999999985 -5.236905785181357e-14
7.1775 3.000000000000009 24.0 3.0000000000000053 23.99999999999985 -5.5427728948711055e-14
7.1825 3.000000000000009 24.0 3.0000000000000053 23.999999999999844 -5.865992857253592e-14
7.1875 3.000000000000011 24.0 3.0000000000000053 23.999999999999837 -6.207521160722045e-14
7.192500000000001 3.00000000000001 24.0 3.0000000000000053 23.99999999999983 -6.56836428783374e-14
7.1975 3.0000000000000107 24.0 3.0000000000000067 23.999999999999822 -6.949582348250937e-14
7.202500000000001 3.0000000000000133 24.0 3.000000000000009 23.999999999999822 -7.352291842866646e-14
7.2075 3.000000000000011 24.0 3.0000000000000093 23.999999999999815 -7.77766856539771e-14
7.2125 3.000000000000014 24.0 3.000000000000009 23.9999999999998 -8.226950648023434e-14
7.217499999999999 3.0000000000000133 24.0 3.0000000000000093 23.99999999999979 -8.701441757939247e-14
7.2225 3.000000000000017 24.0 3.000000000000008 23.99999999999978 -9.202514452019274e-14
7.227500000000001 3.000000000000017 24.0 3.0000000000000093 23.999999999999773 -9.73161369709874e-14
7.2325 3.000000000000016 24.0 3.0000000000000133 23.99999999999977 -1.0290260563738269e-13
7.237500000000001 3.000000000000018 24.0 3.000000000000017 23.999999999999773 -1.0880056101682564e-13
7.2425 3.0000000000000187 24.0 3.000000000000016 23.99999999999976 -1.1502685405597978e-13
7.2475000000000005 3.0000000000000218 24.0 3.000000000000016 23.999999999999748 -1.21599218800672e-13
7.2524999999999995 3.000000000000023 24.0 3.000000000000017 23.999999999999737 -1.2853631713213784e-13
7.2575 3.0000000000000235 24.0 3.00000000000002 23.99999999999973 -1.3585778568762728e-13
7.2625 3.000000000000024 24.0 3.000000000000025 23.999999999999723 -1.4358428506770407e-13
7.2675 3.000000000000024 24.0 3.0000000000000275 23.999999999999716 -1.5173755143728136e-13
7.272500000000001 3.0000000000000275 24.0 3.0000000000000275 23.9999999999997 -1.6034045063210607e-13
7.2775 3.0000000000000275 24.0 3.0000000000000275 23.99999999999968 -1.6941703488745319e-13
7.282500000000001 3.00000000000003 24.0 3.000000000000031 23.99999999999966 -1.7899260231097566e-13
7.2875 3.0000000000000298 24.0 3.000000000000038 23.999999999999652 -1.8909375922699539e-13
7.2925 3.0000000000000346 24.0 3.000000000000038 23.99999999999963 -1.9974848552530368e-13
7.297499999999999 3.0000000000000355 24.0 3.000000000000041 23.999999999999616 -2.109862031532009e-13
7.3025 3.000000000000037 24.0 3.000000000000048 23.999999999999616 -2.2283784789587432e-13
7.3075 3.000000000000037 24.0 3.0000000000000533 23.999999999999602 -2.353359445963221e-13
7.3125 3.0000000000000417 24.0 3.000000000000065 23.999999999999602 -2.4851468597291215e-13
7.317500000000001 3.000000000000043 24.0 3.00000000000007 23.999999999999588 -2.6241001519938417e-13
7.3225 3.000000000000044 24.0 3.0000000000000777 23.999999999999574 -2.7705971241940746e-13
7.327500000000001 3.0000000000000466 24.0 3.000000000000086 23.99999999999956 -2.9250348537531406e-13
7.3325 3.0000000000000524 24.0 3.000000000000097 23.999999999999552 -3.0878306433827817e-13
7.3375 3.0000000000000533 24.0 3.000000000000112 23.999999999999556 -3.2594230153560294e-13
7.342499999999999 3.000000000000057 24.0 3.0000000000001235 23.999999999999545 -3.4402727527889314e-13
7.3475 3.0000000000000586 24.0 3.000000000000134 23.99999999999953 -3.6308639900604673e-13
7.352500000000001 3.000000000000062 24.0 3.0000000000001448 23.99999999999951 -3.8317053545879666e-13
7.3575 3.000000000000068 24.0 3.0000000000001554 23.99999999999949 -4.043331162273894e-13
7.362500000000001 3.0000000000000675 24.0 3.000000000000173 23.99999999999948 -4.2663026690368756e-13
7.3675 3.000000000000072 24.0 3.0000000000001874 23.99999999999946 -4.501209380942697e-13
7.3725000000000005 3.0000000000000773 24.0 3.000000000000198 23.99999999999944 -4.748670425561024e-13
7.3774999999999995 3.0000000000000813 24.0 3.0000000000002167 23.999999999999424 -5.009335987280911e-13
7.3825 3.0000000000000853 24.0 3.00000000000023 23.999999999999407 -5.28388880943862e-13
7.3875 3.00000000000009 24.0 3.0000000000002514 23.999999999999396 -5.573045766227573e-13
7.3925 3.0000000000000937 24.0 3.0000000000002727 23.999999999999382 -5.877559507489949e-13
7.397500000000001 3.0000000000001004 24.0 3.000000000000294 23.999999999999375 -6.198220179615804e-13
7.4025 3.0000000000001066 24.0 3.0000000000003153 23.999999999999353 -6.535857225913627e-13
7.407500000000001 3.000000000000112 24.0 3.0000000000003366 23.99999999999934 -6.891341269957533e-13
7.4125 3.0000000000001172 24.0 3.000000000000365 23.999999999999325 -7.265586085558583e-13
7.4175 3.0000000000001243 24.0 3.0000000000003926 23.999999999999318 -7.659550657166598e-13
7.422499999999999 3.0000000000001323 24.0 3.000000000000425 23.99999999999931 -8.074241334658963e-13
7.4275 3.0000000000001394 24.0 3.0000000000004645 23.99999999999931 -8.51071408664501e-13
7.4325 3.0000000000001465 24.0 3.0000000000004965 23.999999999999297 -8.970076856577184e-13
7.4375 3.0000000000001528 24.0 3.0000000000005285 23.999999999999268 -9.453492026144965e-13
7.442500000000001 3.000000000000163 24.0 3.00000000000057 23.999999999999268 -9.962178990605007e-13
7.4475 3.000000000000171 24.0 3.0000000000006137 23.999999999999254 -1.0497416850895364e-12
7.452500000000001 3.0000000000001794 24.0 3.0000000000006564 23.99999999999924 -1.1060547227580813e-12
7.4575 3.0000000000001896 24.0 3.000000000000699 23.999999999999226 -1.1652977201876508e-12
7.4625 3.0000000000001994 24.0 3.0000000000007416 23.999999999999197 -1.2276182389220713e-12
7.467499999999999 3.0000000000002105 24.0 3.0000000000007914 23.999999999999183 -1.2931710151075728e-12
7.4725 3.0000000000002207 24.0 3.000000000000848 23.999999999999172 -1.3621182950882131e-12
7.477500000000001 3.0000000000002323 24.0 3.0000000000009086 23.99999999999917 -1.4346301860312815e-12
7.4825 3.0000000000002447 24.0 3.0000000000009726 23.99999999999916 -1.510885022223763e-12
7.487500000000001 3.000000000000259 24.0 3.0000000000010374 23.999999999999154 -1.5910697477054735e-12
7.4925 3.0000000000002696 24.0 3.000000000001104 23.99999999999914 -1.6753803159313343e-12
7.4975000000000005 3.0000000000002847 24.0 3.000000000001175 23.999999999999126 -1.7640221071837443e-12
7.5024999999999995 3.0000000000003006 24.0 3.0000000000012497 23.99999999999912 -1.8572103644830703e-12
7.5075 3.0000000000003175 24.0 3.000000000001328 23.999999999999105 -1.9551706487759448e-12
7.5125 3.0000000000003326 24.0 3.000000000001413 23.999999999999098 -2.0581393142097944e-12
7.5175 3.0000000000003513 24.0 3.0000000000014984 23.999999999999083 -2.1663640043359462e-12
7.522500000000001 3.000000000000371 24.0 3.0000000000015934 23.999999999999076 -2.280104170115116e-12
7.5275 3.000000000000389 24.0 3.00000000000169 23.999999999999062 -2.399631610634324e-12
7.532500000000001 3.0000000000004077 24.0 3.0000000000017932 23.999999999999044 -2.5252310374798313e-12
7.5375 3.0000000000004303 24.0 3.0000000000019034 23.99999999999904 -2.657200663746494e-12
7.5425 3.000000000000453 24.0 3.0000000000020206 23.999999999999034 -2.7958528187037924e-12
7.547499999999999 3.0000000000004743 24.0 3.000000000002138 23.99999999999902 -2.9415145891762422e-12
7.5525 3.0000000000005005 24.0 3.0000000000022657 23.999999999999012 -3.0945284887389438e-12
7.5575 3.0000000000005285 24.0 3.0000000000024007 23.99999999999901 -3.255253155869184e-12
7.5625 3.0000000000005547 24.0 3.000000000002543 23.999999999999 -3.424064082240977e-12
7.567500000000001 3.000000000000583 24.0 3.000000000002692 23.99999999999899 -3.6013543723931115e-12
7.5725 3.000000000000612 24.0 3.0000000000028466 23.999999999998977 -3.787535536049063e-12
7.577500000000001 3.0000000000006435 24.0 3.000000000003012 23.99999999999897 -3.983038314416226e-12
7.5825 3.000000000000678 24.0 3.0000000000031823 23.99999999999896 -4.188313541840342e-12
7.5875 3.0000000000007123 24.0 3.0000000000033635 23.99999999999895 -4.403833044246174e-12
7.592499999999999 3.0000000000007474 24.0 3.0000000000035527 23.999999999998938 -4.630090575845237e-12
7.5975 3.0000000000007874 24.0 3.0000000000037503 23.999999999998934 -4.867602795651864e-12
7.602500000000001 3.000000000000827 24.0 3.0000000000039604 23.999999999998927 -5.116910285401274e-12
7.6075 3.0000000000008713 24.0 3.0000000000041833 23.999999999998927 -5.378578610527667e-12
7.612500000000001 3.000000000000915 24.0 3.000000000004415 23.99999999999892 -5.653199425919127e-12
7.6175 3.000000000000959 24.0 3.0000000000046585 23.999999999998916 -5.9413916282289025e-12
7.6225000000000005 3.0000000000010103 24.0 3.0000000000049143 23.999999999998906 -6.2438025565929505e-12
7.6274999999999995 3.00000000000106 24.0 3.000000000005186 23.999999999998913 -6.561109243664901e-12
7.6325 3.0000000000011156 24.0 3.0000000000054676 23.999999999998906 -6.89401971895707e-12
7.6375 3.000000000001171 24.0 3.0000000000057616 23.99999999999889 -7.243274366541262e-12
7.6425 3.0000000000012306 24.0 3.00000000000606 23.99999999999886 -7.609647339245586e-12
7.647500000000001 3.000000000001293 24.0 3.000000000006387 23.999999999998856 -7.993948031554159e-12
7.6525 3.0000000000013594 24.0 3.000000000006721 23.999999999998828 -8.397022613500371e-12
7.657500000000001 3.000000000001425 24.0 3.000000000007078 23.99999999999882 -8.81975562792728e-12
7.6625 3.000000000001497 24.0 3.0000000000074536 23.999999999998813 -9.263071653569137e-12
7.6675 3.0000000000015734 24.0 3.0000000000078457 23.999999999998806 -9.727937036503535e-12
7.672499999999999 3.000000000001652 24.0 3.0000000000082556 23.99999999999879 -1.0215361692605173e-11
7.6775 3.0000000000017346 24.0 3.000000000008689 23.999999999998778 -1.0726400983735886e-11
7.6825 3.000000000001821 24.0 3.0000000000091402 23.999999999998764 -1.1262157670491256e-11
7.6875 3.0000000000019114 24.0 3.0000000000096145 23.99999999999875 -1.182378394443425e-11
7.692500000000001 3.0000000000020086 24.0 3.0000000000101146 23.999999999998742 -1.2412483542840183e-11
7.6975 3.0000000000021063 24.0 3.000000000010637 23.999999999998735 -1.3029513949088122e-11
7.702500000000001 3.0000000000022116 24.0 3.0000000000111866 23.99999999999873 -1.3676188681943295e-11
7.7075 3.00000000000232 24.0 3.000000000011762 23.99999999999873 -1.435387967708087e-11
7.7125 3.0000000000024345 24.0 3.000000000012359 23.999999999998714 -1.5064019764329204e-11
7.717499999999999 3.0000000000025553 24.0 3.000000000012988 23.9999999999987 -1.580810524421504e-11
7.7225 3.0000000000026823 24.0 3.0000000000136486 23.999999999998693 -1.6587698567531552e-11
7.727500000000001 3.000000000002813 24.0 3.0000000000143414 23.999999999998685 -1.7404431121762396e-11
7.7325 3.0000000000029523 24.0 3.000000000015066 23.99999999999868 -1.826000612833668e-11
7.737500000000001 3.0000000000030966 24.0 3.000000000015823 23.999999999998657 -1.91562016548182e-11
7.7425 3.00000000000325 24.0 3.0000000000166116 23.99999999999863 -2.009487374626786e-11
7.7475000000000005 3.0000000000034057 24.0 3.000000000017443 23.999999999998614 -2.1077959680170624e-11
7.7524999999999995 3.0000000000035736 24.0 3.000000000018317 23.999999999998607 -2.2107481349449495e-11
7.7575 3.000000000003745 24.0 3.0000000000192335 23.9999999999986 -2.3185548778257398e-11
7.7625 3.0000000000039297 24.0 3.0000000000201927 23.999999999998593 -2.4314363775371634e-11
7.7675 3.0000000000041203 24.0 3.0000000000211946 23.99999999999858 -2.5496223730197146e-11
7.772500000000001 3.000000000004321 24.0 3.000000000022247 23.999999999998572 -2.6733525556528764e-11
7.7775 3.0000000000045275 24.0 3.0000000000233475 23.999999999998565 -2.8028769789401454e-11
7.782500000000001 3.0000000000047464 24.0 3.0000000000244986 23.999999999998558 -2.9384564840531745e-11
7.7875 3.000000000004975 24.0 3.000000000025703 23.999999999998543 -3.0803631418017366e-11
7.7925 3.0000000000052154 24.0 3.0000000000269607 23.99999999999853 -3.2288807116166875e-11
7.797499999999999 3.000000000005467 24.0 3.0000000000282823 23.999999999998515 -3.3843051181490444e-11
7.8025 3.0000000000057288 24.0 3.000000000029657 23.999999999998487 -3.546944946110502e-11
7.807500000000001 3.000000000006006 24.0 3.000000000031106 23.99999999999848 -3.717121953997428e-11
7.8125 3.0000000000062896 24.0 3.0000000000326192 23.999999999998472 -3.895171607363096e-11
7.817500000000001 3.0000000000065916 24.0 3.0000000000341975 23.999999999998458 -4.0814436323225724e-11
7.8225 3.000000000006905 24.0 3.0000000000358567 23.999999999998458 -4.2763025899949653e-11
7.827500000000001 3.000000000007235 24.0 3.000000000037587 23.999999999998444 -4.48012847261243e-11
7.8325 3.0000000000075784 24.0 3.0000000000393987 23.999999999998437 -4.693317322043751e-11
7.8375 3.0000000000079385 24.0 3.000000000041295 23.999999999998423 -4.916281871507737e-11
7.842499999999999 3.0000000000083142 24.0 3.0000000000432774 23.99999999999841 -5.149452211270269e-11
7.8475 3.000000000008707 24.0 3.0000000000453517 23.999999999998405 -5.393276479147973e-11
7.852500000000001 3.0000000000091185 24.0 3.000000000047522 23.9999999999984 -5.648221576661139e-11
7.8575 3.0000000000095506 24.0 3.0000000000497904 23.999999999998394 -5.914773911708127e-11
7.862500000000001 3.0000000000099987 24.0 3.0000000000521565 23.999999999998373 -6.193440168656448e-11
7.8675 3.0000000000104703 24.0 3.000000000054629 23.99999999999835 -6.484748106772362e-11
7.8725000000000005 3.0000000000109623 24.0 3.0000000000572182 23.999999999998337 -6.789247387940221e-11
7.8774999999999995 3.000000000011474 24.0 3.0000000000599254 23.99999999999833 -7.107510434646309e-11
7.8825 3.0000000000120113 24.0 3.000000000062755 23.999999999998323 -7.440133319235072e-11
7.8875 3.0000000000125717 24.0 3.000000000065711 23.99999999999831 -7.787736685468733e-11
7.8925 3.000000000013158 24.0 3.0000000000688023 23.9999999999983 -8.150966703457227e-11
7.897500000000001 3.00000000001377 24.0 3.0000000000720317 23.999999999998295 -8.530496059049113e-11
7.9025 3.0000000000144085 24.0 3.000000000075409 23.999999999998288 -8.927024978809027e-11
7.907500000000001 3.0000000000150755 24.0 3.0000000000789298 23.999999999998266 -9.341282291738263e-11
7.9125 3.0000000000157727 24.0 3.0000000000826113 23.99999999999826 -9.774026528922682e-11
7.9175 3.000000000016501 24.0 3.0000000000864615 23.999999999998256 -1.0226047062332564e-10
7.922499999999999 3.0000000000172644 24.0 3.0000000000904725 23.999999999998238 -1.0698165284022763e-10
7.9275 3.0000000000180593 24.0 3.0000000000946683 23.99999999999823 -1.1191235827024592e-10
7.932500000000001 3.00000000001889 24.0 3.0000000000990514 23.999999999998224 -1.1706147829246761e-10
7.9375 3.0000000000197575 24.0 3.0000000001036247 23.99999999999821 -1.224382624174479e-10
7.942500000000001 3.000000000020661 24.0 3.0000000001083995 23.999999999998195 -1.280523318275012e-10
7.9475 3.0000000000216063 24.0 3.0000000001133875 23.999999999998188 -1.3391369338884717e-10
7.952500000000001 3.0000000000225926 24.0 3.000000000118596 23.99999999999818 -1.4003275415031064e-10
7.9575 3.000000000023622 24.0 3.000000000124034 23.999999999998174 -1.4642033634353768e-10
7.9625 3.0000000000246994 24.0 3.000000000129708 23.99999999999816 -1.5308769290020031e-10
7.967499999999999 3.000000000025818 24.0 3.00000000013563 23.999999999998153 -1.6004652350190155e-10
7.9725 3.0000000000269904 24.0 3.000000000141812 23.99999999999814 -1.6730899117904307e-10
7.977500000000001 3.0000000000282108 24.0 3.000000000148261 23.999999999998124 -1.7488773947514955e-10
7.9825 3.000000000029485 24.0 3.000000000154992 23.999999999998114 -1.8279591019369094e-10
7.987500000000001 3.0000000000308145 24.0 3.000000000162018 23.99999999999811 -1.9104716174475952e-10
7.9925 3.0000000000322014 24.0 3.000000000169348 23.999999999998103 -1.996556881093677e-10
7.9975000000000005 3.0000000000336504 24.0 3.0000000001769926 23.999999999998096 -2.086362384396456e-10
8.002500000000001 3.000000000035158 24.0 3.0000000001849676 23.99999999999809 -2.1800413731348e-10
8.0075 3.000000000036734 24.0 3.000000000193281 23.999999999998067 -2.2777530566271783e-10
8.0125 3.000000000038377 24.0 3.000000000201956 23.999999999998053 -2.3796628239439146e-10
8.0175 3.0000000000400875 24.0 3.000000000211006 23.99999999999805 -2.4859424672484886e-10
8.0225 3.000000000041875 24.0 3.000000000220446 23.999999999998053 -2.596770412471583e-10
8.0275 3.0000000000437343 24.0 3.000000000230285 23.999999999998046 -2.712331957525793e-10
8.032499999999999 3.000000000045676 24.0 3.000000000240545 23.999999999998042 -2.832819518272967e-10
8.037500000000001 3.000000000047702 24.0 3.00000000025124 23.999999999998032 -2.9584328824608817e-10
8.0425 3.00000000004981 24.0 3.0000000002623883 23.99999999999802 -3.089379471849694e-10
8.0475 3.00000000005201 24.0 3.0000000002740057 23.999999999998003 -3.225874612755243e-10
8.0525 3.0000000000542992 24.0 3.0000000002861134 23.999999999997982 -3.368141815236856e-10
8.057500000000001 3.0000000000566907 24.0 3.000000000298737 23.999999999997968 -3.516413061165494e-10
8.0625 3.0000000000591776 24.0 3.0000000003118945 23.999999999997957 -3.6709291014105447e-10
8.067499999999999 3.000000000061769 24.0 3.0000000003256018 23.999999999997947 -3.8319397623883146e-10
8.0725 3.000000000064471 24.0 3.000000000339887 23.99999999999794 -3.999704262219613e-10
8.0775 3.000000000067289 24.0 3.000000000354771 23.999999999997932 -4.174491536748263e-10
8.0825 3.0000000000702185 24.0 3.000000000370277 23.999999999997932 -4.356580575677033e-10
8.0875 3.000000000073274 24.0 3.000000000386428 23.999999999997918 -4.546260769081381e-10
8.092500000000001 3.000000000076455 24.0 3.0000000004032508 23.999999999997904 -4.743832264564636e-10
8.0975 3.0000000000797695 24.0 3.0000000004207736 23.999999999997904 -4.949606335325046e-10
8.1025 3.00000000008322 24.0 3.000000000439023 23.9999999999979 -5.163905759406383e-10
8.1075 3.0000000000868114 24.0 3.0000000004580283 23.999999999997897 -5.387065210409124e-10
8.1125 3.000000000090553 24.0 3.0000000004778107 23.999999999997883 -5.619431659943075e-10
8.1175 3.0000000000944476 24.0 3.000000000498413 23.999999999997875 -5.861364792106104e-10
8.1225 3.000000000098502 24.0 3.000000000519857 23.99999999999786 -6.113237430277278e-10
8.127500000000001 3.000000000102722 24.0 3.000000000542185 23.999999999997854 -6.375435976515084e-10
8.1325 3.000000000107116 24.0 3.0000000005654206 23.999999999997833 -6.648360863857274e-10
8.1375 3.000000000111686 24.0 3.0000000005896093 23.99999999999782 -6.932427021819997e-10
8.1425 3.000000000116446 24.0 3.0000000006147842 23.999999999997815 -7.228064355397477e-10
8.1475 3.0000000001214 24.0 3.000000000640982 23.99999999999781 -7.535718237866195e-10
8.1525 3.0000000001265534 24.0 3.000000000668243 23.999999999997808 -7.855850017701686e-10
8.157499999999999 3.000000000131911 24.0 3.000000000696608 23.999999999997804 -8.188937539916343e-10
8.162500000000001 3.000000000137488 24.0 3.0000000007261134 23.99999999999779 -8.535475682129716e-10
8.1675 3.0000000001432876 24.0 3.000000000756812 23.999999999997783 -8.895976905683922e-10
8.1725 3.0000000001493246 24.0 3.0000000007887464 23.999999999997776 -9.270971822122753e-10
8.1775 3.0000000001556018 24.0 3.000000000821962 23.99999999999777 -9.661009775345936e-10
8.182500000000001 3.0000000001621285 24.0 3.000000000856505 23.999999999997755 -1.006665943975909e-09
8.1875 3.0000000001689155 24.0 3.0000000008924284 23.999999999997748 -1.04885094347367e-09
8.192499999999999 3.0000000001759712 24.0 3.000000000929783 23.99999999999774 -1.0927168955716983e-09
8.1975 3.0000000001833085 24.0 3.000000000968624 23.999999999997733 -1.138326842224505e-09
8.2025 3.0000000001909375 24.0 3.000000001009007 23.999999999997733 -1.1857460143283563e-09
8.2075 3.0000000001988676 24.0 3.0000000010509873 23.999999999997726 -1.2350419000107067e-09
8.2125 3.0000000002071108 24.0 3.000000001094624 23.99999999999772 -1.2862843147096084e-09
8.217500000000001 3.000000000215678 24.0 3.00000000113998 23.999999999997705 -1.339545473074084e-09
8.2225 3.000000000224582 24.0 3.0000000011871206 23.999999999997705 -1.3949000627169356e-09
8.2275 3.0000000002338334 24.0 3.0000000012361085 23.999999999997698 -1.4524253198504804e-09
8.2325 3.0000000002434493 24.0 3.000000001287016 23.999999999997698 -1.5122011068355999e-09
8.2375 3.000000000253437 24.0 3.0000000013399095 23.999999999997698 -1.5743099916739913e-09
8.2425 3.000000000263812 24.0 3.000000001394861 23.99999999999769 -1.6388373294732162e-09
8.2475 3.000000000274591 24.0 3.0000000014519435 23.999999999997677 -1.7058713459132313e-09
8.252500000000001 3.0000000002857883 24.0 3.000000001511242 23.999999999997677 -1.7755032227424334e-09
8.2575 3.0000000002974194 24.0 3.0000000015728334 23.99999999999767 -1.8478271853309324e-09
8.2625 3.0000000003094973 24.0 3.0000000016368 23.999999999997662 -1.9229405923075456e-09
8.2675 3.000000000322036 24.0 3.0000000017032256 23.999999999997648 -2.000944027306046e-09
8.2725 3.0000000003350604 24.0 3.0000000017722024 23.99999999999764 -2.08194139284537e-09
8.2775 3.0000000003485807 24.0 3.000000001843821 23.999999999997634 -2.1660400063676232e-09
8.282499999999999 3.0000000003626157 24.0 3.000000001918173 23.99999999999762 -2.253350698455875e-09
8.287500000000001 3.000000000377188 24.0 3.0000000019953594 23.999999999997613 -2.343987913252887e-09
8.2925 3.0000000003923097 24.0 3.0000000020754767 23.99999999999759 -2.43806981109998e-09
8.2975 3.000000000408008 24.0 3.000000002158634 23.999999999997584 -2.535718373415076e-09
8.3025 3.000000000424296 24.0 3.000000002244936 23.99999999999757 -2.637059509824731e-09
8.307500000000001 3.0000000004411964 24.0 3.000000002334494 23.999999999997563 -2.7422231675656128e-09
8.3125 3.0000000004587326 24.0 3.0000000024274223 23.99999999999756 -2.8513434431676317e-09
8.317499999999999 3.0000000004769283 24.0 3.0000000025238385 23.999999999997556 -2.9645586964291464e-09
8.3225 3.000000000495801 24.0 3.0000000026238665 23.999999999997556 -3.082011666691992e-09
8.3275 3.000000000515381 24.0 3.000000002727626 23.99999999999755 -3.203849591422242e-09
8.3325 3.000000000535687 24.0 3.0000000028352467 23.999999999997538 -3.3302243270997155e-09
8.3375 3.0000000005567484 24.0 3.000000002946864 23.99999999999753 -3.4612924724165178e-09
8.342500000000001 3.0000000005785847 24.0 3.000000003062615 23.999999999997517 -3.5972154937812763e-09
8.3475 3.00000000060123 24.0 3.000000003182645 23.99999999999751 -3.7381598531239235e-09
8.3525 3.000000000624708 24.0 3.0000000033071 23.99999999999751 -3.88429713799134e-09
8.3575 3.000000000649048 24.0 3.000000003436126 23.9999999999975 -4.035804193920797e-09
8.3625 3.000000000674274 24.0 3.0000000035698764 23.999999999997485 -4.1928632590745826e-09
8.3675 3.0000000007004273 24.0 3.000000003708519 23.999999999997478 -4.35566210111524e-09
8.3725 3.0000000007275305 24.0 3.000000003852216 23.999999999997478 -4.524394156296291e-09
8.377500000000001 3.000000000755615 24.0 3.0000000040011354 23.99999999999747 -4.699258670738348e-09
8.3825 3.0000000007847176 24.0 3.0000000041554484 23.999999999997456 -4.8804608438567945e-09
8.3875 3.0000000008148695 24.0 3.00000000431534 23.99999999999745 -5.068211973901572e-09
8.3925 3.000000000846109 24.0 3.000000004480997 23.999999999997446 -5.262729605563524e-09
8.3975 3.0000000008784666 24.0 3.0000000046526045 23.999999999997435 -5.464237679597247e-09
8.4025 3.000000000911984 24.0 3.00000000483036 23.99999999999742 -5.672966684403895e-09
8.407499999999999 3.0000000009466947 24.0 3.000000005014469 23.999999999997414 -5.889153809511428e-09
8.412500000000001 3.0000000009826433 24.0 3.000000005205139 23.9999999999974 -6.113043100881915e-09
8.4175 3.0000000010198673 24.0 3.0000000054025797 23.99999999999739 -6.344885617969572e-09
8.4225 3.000000001058407 24.0 3.000000005607015 23.999999999997385 -6.584939592447668e-09
8.4275 3.0000000010983046 24.0 3.0000000058186735 23.999999999997385 -6.833470588509472e-09
8.432500000000001 3.0000000011396026 24.0 3.0000000060377823 23.999999999997378 -7.090751664645808e-09
8.4375 3.000000001182351 24.0 3.000000006264581 23.99999999999737 -7.357063536790531e-09
8.442499999999999 3.0000000012265953 24.0 3.0000000064993184 23.99999999999737 -7.632694742716465e-09
8.4475 3.0000000012723786 24.0 3.0000000067422397 23.99999999999736 -7.91794180755501e-09
8.4525 3.0000000013197505 24.0 3.000000006993611 23.99999999999735 -8.213109410302858e-09
8.4575 3.0000000013687633 24.0 3.0000000072536976 23.99999999999734 -8.518510551169574e-09
8.4625 3.000000001419465 24.0 3.0000000075227744 23.999999999997335 -8.834466719608285e-09
8.467500000000001 3.0000000014719146 24.0 3.0000000078011233 23.99999999999733 -9.16130806285844e-09
8.4725 3.0000000015261596 24.0 3.0000000080890272 23.999999999997314 -9.49937355482281e-09
8.4775 3.00000000158226 24.0 3.0000000083867886 23.999999999997307 -9.849011165082799e-09
8.4825 3.0000000016402675 24.0 3.000000008694709 23.999999999997303 -1.0210578027846662e-08
8.4875 3.00000000170025 24.0 3.0000000090131023 23.9999999999973 -1.0584440610609571e-08
8.4925 3.0000000017622597 24.0 3.0000000093422856 23.999999999997293 -1.0970974882292584e-08
8.4975 3.0000000018263617 24.0 3.0000000096825854 23.999999999997275 -1.1370566480610761e-08
8.502500000000001 3.0000000018926154 24.0 3.0000000100343467 23.99999999999727 -1.178361087840383e-08
8.5075 3.0000000019610913 24.0 3.0000000103979074 23.999999999997257 -1.2210513548651455e-08
8.5125 3.0000000020318494 24.0 3.0000000107736255 23.99999999999725 -1.2651690127873112e-08
8.5175 3.0000000021049615 24.0 3.0000000111618617 23.999999999997236 -1.3107566577597017e-08
8.5225 3.0000000021804984 24.0 3.0000000115629866 23.999999999997222 -1.3578579343564127e-08
8.5275 3.000000002258531 24.0 3.000000011977388 23.999999999997222 -1.4065175512314868e-08
8.532499999999999 3.00000000233913 24.0 3.00000001240545 23.999999999997215 -1.4567812964784217e-08
8.537500000000001 3.0000000024223703 24.0 3.000000012847571 23.9999999999972 -1.5086960526510765e-08
8.5425 3.000000002508334 24.0 3.0000000133041604 23.999999999997193 -1.5623098114042834e-08
8.5475 3.00000000259709 24.0 3.000000013775642 23.999999999997186 -1.6176716877107367e-08
8.5525 3.0000000026887252 24.0 3.0000000142624357 23.999999999997172 -1.674831933607295e-08
8.557500000000001 3.000000002783322 24.0 3.000000014764984 23.999999999997165 -1.7338419514223876e-08
8.5625 3.000000002880964 24.0 3.000000015283733 23.999999999997158 -1.794754306433284e-08
8.567499999999999 3.0000000029817313 24.0 3.0000000158191416 23.999999999997158 -1.8576227388992847e-08
8.572500000000002 3.0000000030857166 24.0 3.000000016371674 23.999999999997144 -1.9225021754140523e-08
8.5775 3.0000000031930116 24.0 3.0000000169418106 23.99999999999713 -1.9894487395174985e-08
8.5825 3.0000000033036995 24.0 3.0000000175300428 23.999999999997126 -2.0585197615052863e-08
8.5875 3.0000000034178824 24.0 3.000000018136868 23.999999999997122 -2.1297737873694268e-08
8.592500000000001 3.0000000035356518 24.0 3.0000000187627895 23.999999999997108 -2.2032705868016923e-08
8.5975 3.000000003657102 24.0 3.000000019408332 23.9999999999971 -2.2790711601876012e-08
8.6025 3.0000000037823384 24.0 3.000000020074018 23.99999999999708 -2.3572377445152076e-08
8.6075 3.000000003911459 24.0 3.000000020760404 23.99999999999708 -2.4378338181193377e-08
8.6125 3.000000004044563 24.0 3.0000000214680282 23.999999999997073 -2.5209241041782595e-08
8.6175 3.000000004181763 24.0 3.0000000221974545 23.99999999999706 -2.6065745728761123e-08
8.6225 3.00000000432316 24.0 3.0000000229492585 23.99999999999705 -2.694852442139948e-08
8.627500000000001 3.000000004468865 24.0 3.0000000237240227 23.999999999997044 -2.785826176856065e-08
8.6325 3.000000004618988 24.0 3.0000000245223353 23.99999999999703 -2.8795654864666076e-08
8.6375 3.0000000047736473 24.0 3.0000000253448103 23.999999999997023 -2.976141320842326e-08
8.6425 3.000000004932951 24.0 3.0000000261920565 23.99999999999703 -3.0756258643226573e-08
8.6475 3.00000000509702 24.0 3.0000000270647 23.999999999997026 -3.1780925278099106e-08
8.6525 3.0000000052659717 24.0 3.0000000279633756 23.999999999997023 -3.283615938799273e-08
8.657499999999999 3.000000005439924 24.0 3.000000028888727 23.999999999997016 -3.392271929220892e-08
8.662500000000001 3.000000005619004 24.0 3.000000029841413 23.99999999999701 -3.5041375209650534e-08
8.6675 3.000000005803334 24.0 3.0000000308220978 23.999999999996998 -3.6192909089557355e-08
8.6725 3.0000000059930376 24.0 3.000000031831461 23.999999999996994 -3.7378114416333894e-08
8.6775 3.0000000061882486 24.0 3.000000032870182 23.99999999999698 -3.859779598699303e-08
8.682500000000001 3.000000006389089 24.0 3.000000033938959 23.999999999996966 -3.985276965970181e-08
8.6875 3.000000006595697 24.0 3.0000000350384957 23.99999999999695 -4.114386207184302e-08
8.692499999999999 3.000000006808202 24.0 3.0000000361695056 23.999999999996938 -4.247191032593809e-08
8.697500000000002 3.0000000070267347 24.0 3.0000000373327107 23.99999999999693 -4.3837761641711484e-08
8.7025 3.0000000072514403 24.0 3.0000000385288415 23.999999999996923 -4.5242272972503835e-08
8.7075 3.000000007482451 24.0 3.0000000397586346 23.999999999996913 -4.6686310584184514e-08
8.7125 3.0000000077199056 24.0 3.0000000410228314 23.9999999999969 -4.817074959460682e-08
8.717500000000001 3.000000007963942 24.0 3.000000042322191 23.999999999996888 -4.9696473471604737e-08
8.7225 3.0000000082147054 24.0 3.000000043657468 23.99999999999687 -5.126437348743397e-08
8.7275 3.000000008472335 24.0 3.000000045029431 23.99999999999686 -5.2875348127480146e-08
8.7325 3.0000000087369774 24.0 3.0000000464388483 23.99999999999685 -5.4530302450969e-08
8.7375 3.0000000090087746 24.0 3.0000000478864983 23.999999999996845 -5.623014740133098e-08
8.7425 3.0000000092878714 24.0 3.000000049373152 23.999999999996827 -5.797579906378231e-08
8.7475 3.0000000095744124 24.0 3.000000050899607 23.999999999996817 -5.976817786758703e-08
8.752500000000001 3.0000000098685478 24.0 3.000000052466641 23.999999999996803 -6.160820773036205e-08
8.7575 3.000000010170417 24.0 3.0000000540750458 23.999999999996795 -6.349681514170826e-08
8.7625 3.0000000104801723 24.0 3.000000055725617 23.999999999996795 -6.543492818332685e-08
8.7675 3.0000000107979594 24.0 3.000000057419137 23.99999999999679 -6.742347548268197e-08
8.7725 3.000000011123922 24.0 3.000000059156398 23.999999999996774 -6.946338509716447e-08
8.7775 3.000000011458207 24.0 3.000000060938186 23.99999999999676 -7.155558332559918e-08
8.782499999999999 3.0000000118009615 24.0 3.000000062765297 23.999999999996753 -7.370099344381876e-08
8.787500000000001 3.0000000121523285 24.0 3.0000000646385088 23.999999999996753 -7.59005343609066e-08
8.7925 3.0000000125124524 24.0 3.000000066558594 23.999999999996742 -7.815511919258948e-08
8.7975 3.000000012881475 24.0 3.0000000685263295 23.99999999999673 -8.046565374815384e-08
8.8025 3.0000000132595357 24.0 3.0000000705424794 23.999999999996724 -8.28330349270856e-08
8.807500000000001 3.000000013646776 24.0 3.0000000726077927 23.99999999999671 -8.525814902154089e-08
8.8125 3.000000014043329 24.0 3.00000007472302 23.999999999996696 -8.774186992060323e-08
8.817499999999999 3.0000000144493346 24.0 3.000000076888891 23.99999999999669 -9.02850572121356e-08
8.822500000000002 3.000000014864921 24.0 3.000000079106125 23.999999999996675 -9.288855417789123e-08
8.8275 3.0000000152902175 24.0 3.0000000813754237 23.99999999999666 -9.555318567739621e-08
8.8325 3.0000000157253477 24.0 3.000000083697477 23.999999999996668 -9.827975591599011e-08
8.8375 3.000000016170434 24.0 3.0000000860729408 23.999999999996657 -1.0106904609219183e-07
8.842500000000001 3.0000000166255907 24.0 3.000000088502463 23.999999999996646 -1.0392181191945312e-07
8.8475 3.000000017090938 24.0 3.0000000909866618 23.999999999996632 -1.0683878101717262e-07
8.8525 3.0000000175665744 24.0 3.000000093526135 23.999999999996625 -1.0982065016566318e-07
8.8575 3.0000000180526087 24.0 3.000000096121445 23.999999999996625 -1.1286808241959665e-07
8.8625 3.000000018549129 24.0 3.000000098773123 23.999999999996618 -1.1598170407426578e-07
8.8675 3.0000000190562335 24.0 3.0000001014816697 23.999999999996614 -1.1916210147882653e-07
8.8725 3.0000000195739975 24.0 3.0000001042475493 23.999999999996604 -1.224098176904781e-07
8.877500000000001 3.0000000201024974 24.0 3.000000107071182 23.999999999996597 -1.2572534896333583e-07
8.8825 3.0000000206417976 24.0 3.000000109952948 23.99999999999659 -1.2910914106558013e-07
8.8875 3.00000002119196 24.0 3.0000001128931815 23.999999999996582 -1.325615854182277e-07
8.8925 3.0000000217530283 24.0 3.000000115892166 23.999999999996575 -1.3608301504866352e-07
8.8975 3.0000000223250427 24.0 3.0000001189501297 23.99999999999656 -1.3967370035186273e-07
8.9025 3.000000022908027 24.0 3.000000122067248 23.999999999996554 -1.4333384465201186e-07
8.907499999999999 3.000000023501998 24.0 3.0000001252436297 23.999999999996536 -1.4706357955698963e-07
8.912500000000001 3.000000024106956 24.0 3.0000001284793267 23.999999999996533 -1.5086296009794732e-07
8.9175 3.000000024722893 24.0 3.0000001317743195 23.999999999996525 -1.547319596459713e-07
8.9225 3.0000000253497796 24.0 3.000000135128503 23.99999999999652 -1.586704645976124e-07
8.9275 3.0000000259875796 24.0 3.000000138541702 23.999999999996504 -1.6267826882072388e-07
8.932500000000001 3.0000000266362363 24.0 3.0000001420136635 23.999999999996497 -1.6675506785187474e-07
8.9375 3.0000000272956746 24.0 3.000000145544039 23.999999999996497 -1.7090045283630125e-07
8.942499999999999 3.0000000279658035 24.0 3.000000149132377 23.999999999996483 -1.751139042010891e-07
8.947500000000002 3.000000028646515 24.0 3.000000152778145 23.999999999996483 -1.793947850519965e-07
8.9525 3.000000029337678 24.0 3.0000001564806857 23.99999999999647 -1.8374233428404273e-07
8.9575 3.00000003003914 24.0 3.000000160239247 23.99999999999646 -1.8815565939573976e-07
8.9625 3.00000003075073 24.0 3.000000164052951 23.99999999999646 -1.9263372899644288e-07
8.967500000000001 3.0000000314722426 24.0 3.0000001679207875 23.999999999996454 -1.9717536499609782e-07
8.9725 3.000000032203464 24.0 3.0000001718416245 23.99999999999644 -2.0177923446628748e-07
8.9775 3.0000000329441376 24.0 3.0000001758141885 23.999999999996426 -2.0644384116118412e-07
8.9825 3.000000033693989 24.0 3.000000179837058 23.999999999996422 -2.1116751668666006e-07
8.9875 3.0000000344527114 24.0 3.000000183908659 23.99999999999641 -2.1594841130550255e-07
8.9925 3.0000000352199687 24.0 3.0000001880272533 23.9999999999964 -2.2078448436633472e-07
8.9975 3.0000000359953884 24.0 3.0000001921909325 23.999999999996398 -2.2567349434347422e-07
9.002500000000001 3.0000000367785704 24.0 3.0000001963976057 23.999999999996383 -2.3061298847460162e-07
9.0075 3.000000037569064 24.0 3.0000002006449966 23.999999999996376 -2.3560029198278593e-07
9.0125 3.000000038366402 24.0 3.0000002049306285 23.99999999999637 -2.4063249686899673e-07
9.0175 3.0000000391700636 24.0 3.0000002092518168 23.99999999999637 -2.4570645026086294e-07
9.0225 3.000000039979488 24.0 3.0000002136056514 23.999999999996355 -2.5081874230305686e-07
9.0275 3.000000040794075 24.0 3.0000002179890037 23.999999999996337 -2.5596569357429514e-07
9.032499999999999 3.000000041613177 24.0 3.0000002223985023 23.999999999996326 -2.611433420155113e-07
9.037500000000001 3.0000000424360915 24.0 3.000000226830521 23.999999999996323 -2.663474293533641e-07
9.0425 3.0000000432620815 24.0 3.0000002312811658 23.999999999996316 -2.7157338700280563e-07
9.0475 3.0000000440903434 24.0 3.0000002357462683 23.999999999996305 -2.768163214320586e-07
9.0525 3.0000000449200224 24.0 3.0000002402213743 23.999999999996298 -2.8207099897280755e-07
9.057500000000001 3.0000000457502125 24.0 3.0000002447017184 23.999999999996284 -2.873318300580591e-07
9.0625 3.000000046579939 24.0 3.0000002491822304 23.99999999999628 -2.9259285286963165e-07
9.067499999999999 3.000000047408168 24.0 3.000000253657499 23.999999999996273 -2.978477163767709e-07
9.072500000000002 3.0000000482338005 24.0 3.000000258121768 23.99999999999627 -3.0308966274689855e-07
9.0775 3.0000000490556684 24.0 3.000000262568922 23.999999999996263 -3.083115091090355e-07
9.0825 3.0000000498725345 24.0 3.000000266992464 23.999999999996263 -3.1350562864999374e-07
9.0875 3.000000050683082 24.0 3.0000002713855016 23.999999999996252 -3.186639310228116e-07
9.092500000000001 3.00000005148592 24.0 3.000000275740737 23.99999999999625 -3.2377784204651816e-07
9.0975 3.0000000522795722 24.0 3.0000002800504317 23.999999999996234 -3.288382826757395e-07
9.1025 3.0000000530624824 24.0 3.0000002843064086 23.999999999996213 -3.3383564721813413e-07
9.1075 3.0000000538330043 24.0 3.000000288500021 23.99999999999619 -3.3875978077710227e-07
9.1125 3.0000000545893983 24.0 3.0000002926221376 23.999999999996177 -3.4359995589668213e-07
9.1175 3.0000000553298265 24.0 3.0000002966631087 23.999999999996167 -3.4834484838500127e-07
9.1225 3.0000000560523588 24.0 3.000000300612764 23.999999999996163 -3.5298251229205064e-07
9.127500000000001 3.00000005675495 24.0 3.0000003044603742 23.999999999996156 -3.575003540169948e-07
9.1325 3.0000000574354555 24.0 3.0000003081946387 23.999999999996135 -3.6188510551966117e-07
9.1375 3.0000000580916133 24.0 3.000000311803667 23.999999999996124 -3.661227966102474e-07
9.1425 3.000000058721046 24.0 3.000000315274938 23.999999999996128 -3.7019872629066153e-07
9.1475 3.000000059321246 24.0 3.000000318595279 23.999999999996113 -3.740974331203371e-07
9.1525 3.00000005988959 24.0 3.000000321750854 23.99999999999612 -3.778026645787303e-07
9.157499999999999 3.0000000604233175 24.0 3.000000324727116 23.999999999996106 -3.8129734539606494e-07
9.162500000000001 3.0000000609195285 24.0 3.000000327508796 23.9999999999961 -3.845635448232645e-07
9.1675 3.00000006137518 24.0 3.0000003300798674 23.999999999996092 -3.875824428113487e-07
9.1725 3.000000061787084 24.0 3.0000003324235136 23.99999999999607 -3.9033429506995935e-07
9.1775 3.0000000621518943 24.0 3.0000003345221042 23.99999999999606 -3.927983969739357e-07
9.182500000000001 3.0000000624661083 24.0 3.0000003363571515 23.99999999999604 -3.9495304628625654e-07
9.1875 3.0000000627260497 24.0 3.0000003379092988 23.999999999996028 -3.9677550466495557e-07
9.192499999999999 3.0000000629278762 24.0 3.000000339158264 23.99999999999602 -3.9824195792090693e-07
9.197500000000002 3.0000000630675663 24.0 3.0000003400828126 23.999999999996014 -3.9932747499270383e-07
9.2025 3.000000063140906 24.0 3.000000340660722 23.999999999996 -4.000059656041228e-07
9.2075 3.0000000631434895 24.0 3.000000340868753 23.999999999995993 -4.00250136568967e-07
9.2125 3.000000063070719 24.0 3.000000340682596 23.999999999995975 -4.0003144670731907e-07
9.217500000000001 3.0000000629177737 24.0 3.0000003400768476 23.99999999999598 -3.9932006033654695e-07
9.2225 3.0000000626796357 24.0 3.0000003390249423 23.999999999995957 -3.9808479929961585e-07
9.2275 3.000000062351043 24.0 3.000000337499154 23.99999999999594 -3.962930934925364e-07
9.2325 3.000000061926521 24.0 3.0000003354705154 23.999999999995936 -3.939109298520046e-07
9.2375 3.000000061400341 24.0 3.000000332908786 23.99999999999593 -3.909027997635313e-07
9.2425 3.000000060766526 24.0 3.0000003297824027 23.99999999999592 -3.8723164484957234e-07
9.2475 3.000000060018857 24.0 3.0000003260584416 23.99999999999592 -3.82858801096389e-07
9.252500000000001 3.0000000591508282 24.0 3.0000003217025553 23.99999999999592 -3.7774394127759805e-07
9.2575 3.000000058155669 24.0 3.0000003166789337 23.99999999999592 -3.718450156315406e-07
9.2625 3.000000057026317 24.0 3.0000003109502402 23.99999999999591 -3.6511819074880834e-07
9.2675 3.000000055755412 24.0 3.00000030447758 23.9999999999959 -3.575177866254786e-07
9.2725 3.000000054335298 24.0 3.000000297220419 23.99999999999589 -3.48996211836765e-07
9.2775 3.0000000527579895 24.0 3.0000002891365454 23.99999999999588 -3.395038967849579e-07
9.282499999999999 3.000000051015175 24.0 3.0000002801819994 23.999999999995865 -3.2898922497472817e-07
9.287500000000001 3.00000004909821 24.0 3.0000002703110176 23.99999999999585 -3.173984622680347e-07
9.2925 3.0000000469980908 24.0 3.0000002594759776 23.999999999995847 -3.04675684070048e-07
9.2975 3.0000000447054496 24.0 3.0000002476273173 23.999999999995836 -2.907627003965192e-07
9.3025 3.000000042210554 24.0 3.0000002347134873 23.999999999995833 -2.755989787724612e-07
9.307500000000001 3.000000039503268 24.0 3.0000002206808722 23.999999999995822 -2.591215649108789e-07
9.3125 3.000000036573064 24.0 3.0000002054737274 23.999999999995815 -2.4126500111955035e-07
9.317499999999999 3.000000033408998 24.0 3.0000001890341044 23.99999999999581 -2.2196124238299644e-07
9.322500000000002 3.000000029999693 24.0 3.0000001713017754 23.999999999995808 -2.0113957006592636e-07
9.3275 3.0000000263333364 24.0 3.0000001522141613 23.999999999995804 -1.7872650318360263e-07
9.3325 3.0000000223976486 24.0 3.0000001317062512 23.999999999995794 -1.5464570718346412e-07
9.3375 3.0000000181798843 24.0 3.0000001097105287 23.99999999999578 -1.28817900181956e-07
9.342500000000001 3.000000013666809 24.0 3.000000086156883 23.99999999999577 -1.0116075659919272e-07
9.3475 3.0000000088446837 24.0 3.0000000609725266 23.99999999999577 -7.158880813339281e-08
9.3525 3.000000003699246 24.0 3.0000000340819066 23.999999999995758 -4.001334201616047e-08
9.3575 2.9999999982157037 24.0 3.0000000054066205 23.999999999995744 -6.342296488855986e-09
9.3625 2.999999992378706 24.0 2.9999999748653234 23.999999999995737 2.95198465606592e-08
9.3675 2.9999999861723303 24.0 2.9999999423736354 23.99999999999573 6.767217186250092e-08
9.3725 2.9999999795800703 24.0 2.9999999078440336 23.999999999995726 1.0821744399285425e-07
9.377500000000001 2.999999972584798 24.0 2.99999987118577 23.99999999999573 1.5126222362880161e-07
9.3825 2.9999999651687697 24.0 2.9999998323047574 23.999999999995723 1.9691698689426088e-07
9.3875 2.999999957313591 24.0 2.9999997911034706 23.999999999995715 2.452962478619007e-07
9.3925 2.999999949000202 24.0 2.999999747480844 23.99999999999571 2.9651868427680476e-07
9.3975 2.9999999402088586 24.0 2.999999701332152 23.99999999999571 3.507072665686143e-07
9.4025 2.999999930919096 24.0 2.999999652548893 23.999999999995687 4.0798939021975433e-07
9.407499999999999 2.9999999211097297 24.0 2.9999996010186987 23.999999999995687 4.684970115580191e-07
9.412500000000001 2.9999999107588176 24.0 2.9999995466251868 23.99999999999568 5.323667870426377e-07
9.4175 2.9999998998436435 24.0 2.99999948924785 23.999999999995673 5.997402161136923e-07
9.4225 2.999999888340697 24.0 2.999999428761936 23.999999999995666 6.707637876762752e-07
9.4275 2.9999998762256284 24.0 2.9999993650383123 23.999999999995662 7.455891302901115e-07
9.432500000000001 2.9999998634732603 24.0 2.9999992979433383 23.99999999999565 8.24373166137557e-07
9.4375 2.999999850057537 24.0 2.9999992273387353 23.999999999995644 9.072782688430747e-07
9.442499999999999 2.999999835951494 24.0 2.999999153081438 23.999999999995634 9.944724252180275e-07
9.447500000000002 2.999999821127248 24.0 2.9999990750234673 23.99999999999563 1.086129401005343e-06
9.4525 2.99999980555597 24.0 2.9999989930117716 23.99999999999563 1.1824289106992786e-06
9.4575 2.9999997892078407 24.0 2.999998906888088 23.99999999999563 1.283556791517246e-06
9.4625 2.9999997720520373 24.0 2.9999988164887865 23.999999999995634 1.3897051815992123e-06
9.467500000000001 2.9999997540567014 24.0 2.9999987216447144 23.99999999999563 1.5010727025129926e-06
9.4725 2.9999997351889043 24.0 2.9999986221810406 23.999999999995623 1.617864646143432e-06
9.4775 2.9999997154146216 24.0 2.9999985179170903 23.99999999999561 1.7402931660442472e-06
9.4825 2.999999694698689 24.0 2.9999984086661877 23.99999999999561 1.86857747333168e-06
9.4875 2.9999996730047993 24.0 2.99999829423546 23.999999999995612 2.0029440372001085e-06
9.4925 2.999999650295439 24.0 2.9999981744256834 23.999999999995612 2.1436267901404415e-06
9.4975 2.999999626531868 24.0 2.9999980490311042 23.99999999999561 2.2908673379422474e-06
9.502500000000001 2.999999601674084 24.0 2.9999979178392486 23.9999999999956 2.4449151745607878e-06
9.5075 2.999999575680799 24.0 2.9999977806307387 23.999999999995595 2.606027901931984e-06
9.5125 2.999999548509373 24.0 2.999997637179101 23.999999999995588 2.774471454817484e-06
9.5175 2.9999995201158134 24.0 2.9999974872505675 23.99999999999558 2.9505203307626996e-06
9.5225 2.99999949045471 24.0 2.999997330603886 23.99999999999558 3.134457825251456e-06
9.5275 2.999999459479212 24.0 2.9999971669900964 23.999999999995584 3.326576272141442e-06
9.532499999999999 2.9999994271409838 24.0 2.9999969961523405 23.999999999995595 3.5271772894643536e-06
9.537500000000001 2.9999993933901674 24.0 2.9999968178256373 23.9999999999956 3.736572030675125e-06
9.5425 2.9999993581753324 24.0 2.999996631736667 23.999999999995612 3.955081441434704e-06
9.5475 2.999999321443444 24.0 2.9999964376035404 23.99999999999562 4.183036522013233e-06
9.5525 2.999999283139826 24.0 2.999996235135593 23.99999999999563 4.420778595396208e-06
9.557500000000001 2.9999992432080886 24.0 2.999996024033125 23.999999999995623 4.668659581180621e-06
9.5625 2.9999992015901276 24.0 2.9999958039871775 23.99999999999561 4.927042275346514e-06
9.567499999999999 2.999999158226032 24.0 2.9999955746792932 23.9999999999956 5.1963006359894e-06
9.572500000000002 2.9999991130540806 24.0 2.9999953357812554 23.9999999999956 5.476820075098658e-06
9.5775 2.9999990660106595 24.0 2.9999950869548346 23.999999999995598 5.768997756467254e-06
9.5825 2.9999990170302335 24.0 2.9999948278515456 23.999999999995598 6.073242899820807e-06
9.5875 2.9999989660452897 24.0 2.9999945581123706 23.9999999999956 6.389977091247624e-06
9.592500000000001 2.999998912986294 24.0 2.999994277367486 23.999999999995595 6.719634600017341e-06
9.5975 2.9999988577816286 24.0 2.9999939852359976 23.99999999999558 7.062662701873008e-06
9.6025 2.9999988003575475 24.0 2.9999936813256554 23.99999999999558 7.419522008881057e-06
9.6075 2.999998740638117 24.0 2.9999933652325694 23.99999999999558 7.790686805923072e-06
9.6125 2.9999986785451767 24.0 2.9999930365409067 23.99999999999558 8.176645393913645e-06
9.6175 2.9999986139982515 24.0 2.999992694822612 23.999999999995588 8.577900439828756e-06
9.6225 2.9999985469145347 24.0 2.99999233963708 23.99999999999558 8.994969333627058e-06
9.627500000000001 2.9999984772087975 24.0 2.9999919705308695 23.999999999995573 9.42838455214545e-06
9.6325 2.9999984047933426 24.0 2.9999915870373766 23.999999999995573 9.878694030052857e-06
9.6375 2.999998329577954 24.0 2.9999911886765105 23.99999999999557 1.0346461537942637e-05
9.6425 2.9999982514698176 24.0 2.999990774954372 23.99999999999557 1.0832267067642804e-05
9.6475 2.999998170373466 24.0 2.9999903453629155 23.99999999999556 1.1336707224824584e-05
9.6525 2.9999980861907196 24.0 2.9999898993796057 23.999999999995556 1.186039562898847e-05
9.657499999999999 2.9999979988206174 24.0 2.9999894364670814 23.99999999999557 1.2403963320904768e-05
9.662500000000001 2.999997908159348 24.0 2.999988956072782 23.999999999995573 1.2968059177584796e-05
9.6675 2.999997814100185 24.0 2.9999884576286107 23.999999999995573 1.3553350334857021e-05
9.6725 2.9999977165334286 24.0 2.9999879405505574 23.999999999995566 1.4160522617627697e-05
9.6775 2.999997615346306 24.0 2.9999874042383268 23.99999999999556 1.4790280977891226e-05
9.682500000000001 2.999997510422948 24.0 2.9999868480749616 23.99999999999556 1.5443349940566515e-05
9.6875 2.999997401644264 24.0 2.999986271426451 23.999999999995556 1.6120474057228993e-05
9.692499999999999 2.9999972888879096 24.0 2.999985673641341 23.999999999995563 1.6822418367806035e-05
9.697500000000002 2.999997172028191 24.0 2.999985054050339 23.99999999999558 1.7549968870301998e-05
9.7025 2.9999970509359937 24.0 2.9999844119658947 23.99999999999558 1.8303932998616656e-05
9.7075 2.999996925478709 24.0 2.9999837466817985 23.99999999999558 1.9085140108527086e-05
9.7125 2.999996795520153 24.0 2.9999830574727633 23.99999999999558 1.989444197188443e-05
9.717500000000001 2.9999966609204756 24.0 2.9999823435939827 23.99999999999558 2.0732713279090825e-05
9.7225 2.9999965215361035 24.0 2.9999816042807086 23.99999999999558 2.1600852149913526e-05
9.7275 2.999996377219634 24.0 2.999980838747807 23.99999999999558 2.2499780652689904e-05
9.7325 2.9999962278197616 24.0 2.9999800461893047 23.999999999995573 2.3430445331974684e-05
9.7375 2.9999960731812 24.0 2.9999792257779454 23.999999999995573 2.4393817744680962e-05
9.7425 2.9999959131445757 24.0 2.9999783766647026 23.99999999999557 2.5390895004763294e-05
9.7475 2.9999957475463592 24.0 2.999977497978339 23.999999999995573 2.642270033648784e-05
9.752500000000001 2.999995576218769 24.0 2.999976588824906 23.999999999995573 2.749028363632724e-05
9.7575 2.9999953989896753 24.0 2.999975648287265 23.999999999995573 2.859472204352634e-05
9.7625 2.999995215682518 24.0 2.999974675424598 23.99999999999557 2.973712051937154e-05
9.7675 2.9999950261162005 24.0 2.9999736692719075 23.999999999995573 3.0918612435195735e-05
9.7725 2.9999948301050083 24.0 2.9999726288395063 23.999999999995573 3.214036016915016e-05
9.7775 2.9999946274585065 24.0 2.9999715531125 23.999999999995573 3.340355571177138e-05
9.782499999999999 2.9999944179814424 24.0 2.999970441050271 23.999999999995573 3.470942128036558e-05
9.787500000000001 2.999994201473643 24.0 2.999969291585946 23.99999999999556 3.605920994222771e-05
9.7925 2.9999939777299267 24.0 2.9999681036258585 23.999999999995552 3.745420624671021e-05
9.7975 2.999993746539982 24.0 2.999966876049011 23.99999999999557 3.889572686616489e-05
9.8025 2.999993507688283 24.0 2.9999656077065016 23.999999999995573 4.038512124574847e-05
9.807500000000001 2.999993260953972 24.0 2.9999642974209935 23.99999999999558 4.1923772262107e-05
9.8125 2.9999930061107705 24.0 2.999962943986116 23.999999999995573 4.351309689093828e-05
9.817499999999999 2.9999927429268443 24.0 2.9999615461659213 23.999999999995573 4.515454688342568e-05
9.822500000000002 2.9999924711647203 24.0 2.999960102694283 23.99999999999557 4.6849609451533224e-05
9.8275 2.999992190581162 24.0 2.99995861227431 23.999999999995566 4.859980796214508e-05
9.8325 2.9999919009270655 24.0 2.9999570735777503 23.99999999999556 5.040670264004711e-05
9.8375 2.999991601947345 24.0 2.9999554852443895 23.999999999995552 5.2271891279703905e-05
9.842500000000001 2.999991293380808 24.0 2.9999538458814348 23.999999999995545 5.4197009965817284e-05
9.8475 2.9999909749600624 24.0 2.999952154062893 23.999999999995545 5.6183733802631743e-05
9.8525 2.9999906464113737 24.0 2.9999504083289548 23.999999999995545 5.8233777651946096e-05
9.8575 2.9999903074545617 24.0 2.999948607185349 23.999999999995545 6.0348896879783114e-05
9.8625 2.9999899578028812 24.0 2.999946749102702 23.999999999995538 6.253088811167093e-05
9.8675 2.9999895971628936 24.0 2.999944832515907 23.999999999995534 6.478158999648221e-05
9.8725 2.999989225234354 24.0 2.9999428558234498 23.999999999995538 6.710288397876872e-05
9.877500000000001 2.9999888417100724 24.0 2.9999408173867437 23.99999999999553 6.949669507951399e-05
9.8825 2.999988446275802 24.0 2.9999387155294777 23.999999999995524 7.196499268524574e-05
9.8875 2.9999880386101094 24.0 2.9999365485369305 23.999999999995524 7.450979134541856e-05
9.8925 2.9999876183842424 24.0 2.9999343146552837 23.999999999995516 7.713315157797857e-05
9.8975 2.9999871852620137 24.0 2.9999320120909374 23.999999999995516 7.983718068301887e-05
9.9025 2.9999867388996533 24.0 2.999929639009815 23.999999999995516 8.262403356442901e-05
9.907499999999999 2.9999862789456855 24.0 2.999927193536653 23.999999999995516 8.549591355942927e-05
9.912500000000001 2.9999858050408026 24.0 2.999924673754298 23.999999999995516 8.84550732758701e-05
9.9175 2.9999853168177175 24.0 2.999922077702985 23.99999999999551 9.150381543717379e-05
9.9225 2.9999848139010488 24.0 2.999919403379627 23.999999999995506 9.464449373481319e-05
9.9275 2.999984295907157 24.0 2.9999166487370683 23.999999999995502 9.787951368815324e-05
9.932500000000001 2.9999837624440246 24.0 2.999913811683365 23.99999999999549 0.00010121133351153556
9.9375 2.99998321311113 24.0 2.9999108900810434 23.99999999999549 0.00010464246498845123
9.942499999999999 2.9999826474992775 24.0 2.9999078817463474 23.99999999999549 0.00010817547435263879
9.947500000000002 2.9999820651904816 24.0 2.9999047844484883 23.999999999995488 0.00011181298317593565
9.9525 2.9999814657578114 24.0 2.9999015959088977 23.999999999995485 0.00011555766926269938
9.9575 2.9999808487652615 24.0 2.999898313800454 23.999999999995488 0.00011941226755064885
9.9625 2.9999802137675893 24.0 2.9998949357467186 23.999999999995488 0.00012337957101788091
9.967500000000001 2.999979560310191 24.0 2.999891459321171 23.999999999995485 0.00012746243159589092
9.9725 2.9999788879289486 24.0 2.999887882046422 23.99999999999548 0.00013166376108838434
9.9775 2.9999781961500744 24.0 2.9998842013934386 23.999999999995463 0.00013598653209565307
9.9825 2.999977484489979 24.0 2.9998804147807543 23.999999999995424 0.00014043377894428023
9.9875 2.999976752455119 24.0 2.999876519573687 23.999999999995342 0.00014500859862194131
9.9925 2.999975999541838 24.0 2.999872513083548 23.99999999999524 0.00014971415171705627
9.9975 2.999975225236236 24.0 2.999868392566845 23.99999999999513 0.0001545536633630337
10.002500000000001 2.999974429014003 24.0 2.9998641552244747 23.99999999999501 0.0001595304241868177
10.0075 2.9999736103402803 24.0 2.999859798200915 23.999999999994877 0.00016464779126149174
10.0125 2.9999727686694992 24.0 2.999855318583432 23.999999999994714 0.00016990918906263362
10.0175 2.999971903445247 24.0 2.9998507134012717 23.999999999994554 0.00017531811042811722
10.0225 2.999971014100086 24.0 2.99984597962484 23.99999999999438 0.00018087811752106003
10.0275 2.9999701000554317 24.0 2.999841114164896 23.999999999994216 0.0001865928427956008
10.032499999999999 2.999969160721382 24.0 2.9998361138717358 23.999999999994053 0.00019246598996517652
10.037500000000001 2.9999681954965767 24.0 2.999830975534376 23.999999999993907 0.00019850133497294463
10.0425 2.9999672037680285 24.0 2.9998256958797436 23.999999999993772 0.00020470272696399778
10.0475 2.9999661849109778 24.0 2.999820271571838 23.999999999993637 0.0002110740892590555
10.0525 2.9999651382887498 24.0 2.9998146992109422 23.999999999993506 0.0002176194203291845
10.057500000000001 2.999964063252585 24.0 2.9998089753327863 23.99999999999337 0.00022434279477121034
10.0625 2.9999629591414867 24.0 2.9998030964077267 23.999999999993232 0.00023124836428342147
10.067499999999999 2.9999618252820754 24.0 2.9997970588399467 23.999999999993086 0.0002383403586411489
10.072500000000002 2.9999606609884406 24.0 2.9997908589666267 23.999999999992916 0.0002456230866717987
10.0775 2.9999594655619726 24.0 2.9997844930571307 23.99999999999274 0.00025310093722889115
10.0825 2.999958238291216 24.0 2.9997779573122036 23.999999999992543 0.0002607783801647348
10.0875 2.9999569784517197 24.0 2.9997712478631455 23.999999999992312 0.0002686599673011799
10.092500000000001 2.9999556853058826 24.0 2.999764360771019 23.999999999992063 0.0002767503333980471
10.0975 2.999954358102805 24.0 2.9997572920258384 23.999999999991793 0.0002850541971187504
10.1025 2.9999529960781355 24.0 2.9997500375457604 23.99999999999151 0.00029357636199261295
10.1075 2.9999515984539133 24.0 2.9997425931762995 23.99999999999123 0.00030232171737336024
10.1125 2.9999501644384403 24.0 2.9997349546895293 23.99999999999095 0.00031129523939328987
10.1175 2.999948693226101 24.0 2.999727117783294 23.999999999990685 0.00032050199191259953
10.1225 2.9999471839972482 24.0 2.9997190780804175 23.9999999999904 0.0003299471274633294
10.127500000000001 2.999945635918025 24.0 2.999710831127935 23.999999999990102 0.00033963588818732926
10.1325 2.999944048140244 24.0 2.999702372396322 23.999999999989768 0.00034957360676774954
10.1375 2.999942419801227 24.0 2.999693697278735 23.999999999989384 0.00035976570735344194
10.1425 2.999940750023674 24.0 2.9996848010902566 23.99999999998896 0.0003702177064756751
10.1475 2.9999390379155075 24.0 2.9996756790671486 23.999999999988496 0.0003809352139565719
10.1525 2.9999372825697526 24.0 2.9996663263661016 23.999999999988002 0.00039192393380867066
10.157499999999999 2.999935483064366 24.0 2.999656738063523 23.999999999987505 0.0004031896651249722
10.162500000000001 2.9999336384621307 24.0 2.999646909154792 23.999999999987004 0.00041473830295881515
10.1675 2.9999317478105088 24.0 2.9996368345535678 23.999999999986507 0.0004265758391929221
10.1725 2.999929810141502 24.0 2.9996265090910716 23.999999999986002 0.0004387083633970451
10.1775 2.999927824471536 24.0 2.9996159275154204 23.99999999998551 0.00045114206367338717
10.182500000000001 2.9999257898013076 24.0 2.999605084490933 23.999999999984997 0.0004638832274892067
10.1875 2.9999237051156777 24.0 2.9995939745974747 23.999999999984468 0.0004769382424958915
10.192499999999999 2.9999215693835453 24.0 2.999582592329813 23.999999999983928 0.0004903135973337794
10.197500000000002 2.9999193815577154 24.0 2.9995709320969706 23.999999999983356 0.0005040158824219836
10.2025 2.999917140574783 24.0 2.999558988221608 23.999999999982712 0.0005180517907324611
10.2075 2.999914845355021 24.0 2.999546754939428 23.99999999998202 0.000532428118547706
10.2125 2.9999124948022624 24.0 2.999534226398578 23.999999999981277 0.0005471517662011102
10.217500000000001 2.999910087803781 24.0 2.9995213966590746 23.99999999998047 0.0005622297387993402
10.2225 2.9999076232302087 24.0 2.9995082596922513 23.999999999979607 0.0005776691469259322
10.2275 2.9999050999353987 24.0 2.999494809380228 23.99999999997871 0.0005934772073252876
10.2325 2.9999025167563462 24.0 2.999481039515377 23.99999999997776 0.0006096612435662354
10.2375 2.9998998725130783 24.0 2.999466943799839 23.999999999976787 0.000626228686684365
10.2425 2.9998971660085743 24.0 2.999452515845025 23.999999999975778 0.0006431870758023093
10.2475 2.9998943960286537 24.0 2.9994377491711735 23.99999999997473 0.0006605440587271279
10.252500000000001 2.999891561341901 24.0 2.999422637206912 23.99999999997363 0.0006783073925238632
10.2575 2.9998886606995985 24.0 2.999407173288848 23.999999999972477 0.0006964849440645162
10.2625 2.9998856928356137 24.0 2.9993913506611753 23.999999999971255 0.0007150846905515005
10.2675 2.999882656466351 24.0 2.9993751624753124 23.999999999969972 0.0007341147200146679
10.2725 2.9998795502906765 24.0 2.9993586017895604 23.999999999968615 0.0007535832317810315
10.2775 2.9998763729898434 24.0 2.9993416615687822 23.999999999967194 0.0007734985369162929
10.282499999999999 2.9998731232274447 24.0 2.999324334684137 23.99999999996571 0.0007938690586372512
10.287500000000001 2.9998697996493444 24.0 2.999306613912791 23.99999999996416 0.0008147033326941148
10.2925 2.9998664008836373 24.0 2.9992884919377065 23.99999999996253 0.0008360100077217791
10.2975 2.9998629255405973 24.0 2.9992699613474256 23.999999999960814 0.0008577978455592812
10.3025 2.999859372212642 24.0 2.999251014635917 23.999999999959 0.0008800757215362189
10.307500000000001 2.9998557394742944 24.0 2.999231644202421 23.999999999957105 0.0009028526247253307
10.3125 2.9998520258821553 24.0 2.999211842351344 23.999999999955126 0.0009261376581602602
10.317499999999999 2.9998482299748748 24.0 2.9991916012921798 23.99999999995306 0.000949940039017481
10.322500000000002 2.999844350273148 24.0 2.999170913139465 23.999999999950912 0.0009742690987613911
10.3275 2.9998403852796827 24.0 2.999149769912777 23.999999999948677 0.000999134283251522
10.3325 2.9998363334792275 24.0 2.999128163536756 23.99999999994634 0.0010245451528110988
10.3375 2.999832193338533 24.0 2.999106085841165 23.999999999943874 0.0010505113822555994
10.342500000000001 2.999827963306391 24.0 2.999083528560998 23.999999999941277 0.001077042760880511
10.3475 2.999823641813639 24.0 2.9990604833366192 23.999999999938563 0.0011041491924072358
10.3525 2.999819227273181 24.0 2.99903694171393 23.99999999993571 0.0011318406948861042
10.3575 2.999814718080011 24.0 2.9990128951445945 23.99999999993274 0.001160127400555392
10.3625 2.9998101126112653 24.0 2.998988334986298 23.99999999992962 0.0011890195556553734
10.3675 2.9998054092262514 24.0 2.9989632525030383 23.999999999926338 0.0012185275201963789
10.3725 2.9998006062665015 24.0 2.9989376388654794 23.99999999992292 0.0012486617676798033
10.377500000000001 2.999795702055841 24.0 2.998911485151333 23.999999999919346 0.0012794328847708888
10.3825 2.9997906949004407 24.0 2.9988847823457814 23.9999999999156 0.0013108515709224376
10.3875 2.9997855830889106 24.0 2.998857521341967 23.999999999911672 0.001342928637948273
10.3925 2.9997803648923638 24.0 2.9988296929415044 23.99999999990756 0.0013756750095453728
10.3975 2.999775038564518 24.0 2.99880128785506 23.999999999903253 0.0014091017207636532
10.4025 2.999769602341802 24.0 2.9987722967029704 23.999999999898773 0.0014432199174223808
10.407499999999999 2.999764054443448 24.0 2.9987427100158963 23.99999999989409 0.0014780408554721266
10.412500000000001 2.9997583930716276 24.0 2.9987125182355427 23.999999999889187 0.0015135759003011373
10.4175 2.999752616411563 24.0 2.9986817117154394 23.999999999884047 0.0015498365259850604
10.4225 2.999746722631677 24.0 2.998650280721752 23.999999999878668 0.0015868343144792335
10.4275 2.9997407098837376 24.0 2.998618215434163 23.999999999873054 0.0016245809547520496
10.432500000000001 2.9997345763029974 24.0 2.9985855059467887 23.999999999867185 0.0016630882418586233
10.4375 2.9997283200083764 24.0 2.998552142269168 23.999999999861075 0.0017023680759536896
10.442499999999999 2.9997219391026313 24.0 2.998518114327296 23.9999999998547 0.0017424324612426466
10.447500000000002 2.9997154316725405 24.0 2.998483411964715 23.99999999984805 0.001783293504869665
10.4525 2.999708795789102 24.0 2.998448024943672 23.99999999984108 0.0018249634157417535
10.4575 2.9997020295077395 24.0 2.9984119429463285 23.9999999998338 0.0018674545032881485
10.4625 2.9996951308685107 24.0 2.9983751555760274 23.999999999826198 0.0019107791761534254
10.467500000000001 2.999688097896341 24.0 2.9983376523586096 23.999999999818236 0.001954949940823682
10.4725 2.99968092860127 24.0 2.9982994227438198 23.999999999809923 0.0019999794001847528
10.4775 2.999673620978686 24.0 2.9982604561067556 23.99999999980124 0.0020458802520114004
10.4825 2.9996661730095933 24.0 2.9982207417493685 23.999999999792163 0.0020926652873864207
10.4875 2.9996585826608846 24.0 2.998180268902059 23.99999999978268 0.0021403473890487666
10.4925 2.999650847885635 24.0 2.998139026725286 23.99999999977275 0.002188939529669745
10.4975 2.9996429666233557 24.0 2.998097004311317 23.99999999976239 0.002238454770056333
10.502500000000001 2.9996349368003705 24.0 2.998054190685961 23.999999999751573 0.0022889062572804472
10.5075 2.999626756330069 24.0 2.9980105748104275 23.999999999740297 0.0023403072227335636
10.5125 2.9996184231132696 24.0 2.997966145583212 23.999999999728516 0.0023926709801055973
10.5175 2.9996099350385634 24.0 2.9979208918420786 23.99999999971621 0.002446010923287079
10.5225 2.9996012899826603 24.0 2.9978748023661126 23.99999999970335 0.0025003405241938036
10.5275 2.9995924858107585 24.0 2.997827865877816 23.999999999689926 0.0025556733305131586
10.532499999999999 2.9995835203769317 24.0 2.9977800710452938 23.999999999675925 0.0026120229633712043
10.537500000000001 2.999574391524514 24.0 2.9977314064845 23.999999999661338 0.0026694031149196175
10.5425 2.9995650970865153 24.0 2.9976818607615616 23.99999999964613 0.0027278275458415845
10.5475 2.9995556348860366 24.0 2.9976314223951657 23.999999999630262 0.002787310082776394
10.5525 2.9995460027367002 24.0 2.9975800798590337 23.999999999613706 0.002847864615661148
10.557500000000001 2.9995361984431015 24.0 2.9975278215844576 23.99999999959642 0.0029095050949893573
10.5625 2.99952621980126 24.0 2.9974746359629187 23.999999999578385 0.0029722455289856228
10.567499999999999 2.999516064599106 24.0 2.997420511348765 23.99999999955957 0.003036099980695639
10.572500000000002 2.9995057306169506 24.0 2.997365436061971 23.999999999539927 0.0031010825649907528
10.5775 2.9994952156279973 24.0 2.997309398390978 23.999999999519446 0.0031672074454863605
10.5825 2.9994845173988542 24.0 2.997252386595607 23.999999999498087 0.0032344888313740484
10.5875 2.999473633690055 24.0 2.997194388910032 23.999999999475804 0.003302940974166054
10.592500000000001 2.9994625622566087 24.0 2.9971353935458556 23.99999999945258 0.0033725781643519754
10.5975 2.999451300848549 24.0 2.997075388695235 23.99999999942837 0.003443414727967151
10.6025 2.9994398472115167 24.0 2.997014362534107 23.99999999940315 0.0035154650230721134
10.6075 2.9994281990873217 24.0 2.996952303225466 23.99999999937686 0.003588743436142523
10.6125 2.999416354214558 24.0 2.9968891989227475 23.99999999934945 0.0036632643783692065
10.6175 2.999404310329226 24.0 2.996825037773267 23.999999999320874 0.0037390422818679827
10.6225 2.999392065165325 24.0 2.99675980792174 23.999999999291088 0.003816091595798831
10.627500000000001 2.9993796164555273 24.0 2.996693497513892 23.999999999260048 0.0038944267823937317
10.6325 2.999366961931819 24.0 2.996626094700132 23.999999999227732 0.003974062312893366
10.6375 2.999354099326176 24.0 2.996557587639298 23.99999999919407 0.004055012663392115
10.6425 2.9993410263712414 24.0 2.9964879645024984 23.999999999159 0.004137292310591009
10.6475 2.9993277408010357 24.0 2.9964172134770246 23.99999999912248 0.004220915727458545
10.6525 2.999314240351655 24.0 2.9963453227703347 23.999999999084455 0.004305897378799277
10.657499999999999 2.9993005227620184 24.0 2.996272280614105 23.999999999044825 0.004392251716729974
10.662500000000001 2.9992865857745974 24.0 2.996198075268407 23.99999999900355 0.004479993176063149
10.6675 2.999272427136172 24.0 2.9961226950258997 23.999999998960558 0.004569136169597771
10.6725 2.9992580445986206 24.0 2.996046128216135 23.9999999989158 0.004659695083317993
10.6775 2.9992434359196896 24.0 2.9959683632099114 23.999999998869193 0.004751684271498684
10.682500000000001 2.9992285988637866 24.0 2.995889388423751 23.99999999882067 0.004845118051718675
10.6875 2.999213531202831 24.0 2.9958091923243995 23.99999999877017 0.004940010699781705
10.692499999999999 2.999198230717038 24.0 2.99572776343343 23.999999998717623 0.0050363764445451875
10.697500000000002 2.9991826951958096 24.0 2.995645090331915 23.99999999866293 0.0051342294626568735
10.7025 2.999166922438553 24.0 2.9955611616651705 23.99999999860601 0.005233583873199602
10.7075 2.9991509102555733 24.0 2.9954759661475823 23.99999999854679 0.005334453732245264
10.7125 2.999134656468965 24.0 2.995389492567499 23.999999998485166 0.005436853027317106
10.717500000000001 2.999118158913503 24.0 2.9953017297921845 23.999999998421078 0.005540795671761575
10.7225 2.9991014154375586 24.0 2.9952126667728645 23.99999999835442 0.005646295499030098
10.7275 2.9990844239040424 24.0 2.9951222925498255 23.999999998285087 0.005753366256871228
10.7325 2.9990671821913226 24.0 2.995030596257587 23.99999999821297 0.005862021601433563
10.7375 2.9990496881941993 24.0 2.994937567130154 23.999999998137945 0.005972275091280169
10.7425 2.999031939824879 24.0 2.994843194506318 23.999999998059884 0.0060841401813153916
10.7475 2.999013935013945 24.0 2.9947474678350567 23.999999997978726 0.006197630216624654
10.752500000000001 2.9989956717113535 24.0 2.9946503766809514 23.99999999789437 0.006312758426227624
10.7575 2.998977147887463 24.0 2.994551910729702 23.999999997806682 0.006429537916746318
10.7625 2.998958361534035 24.0 2.9944520597936957 23.999999997715527 0.006547981665988633
10.7675 2.998939310665281 24.0 2.994350813817642 23.999999997620783 0.006668102516448183
10.7725 2.998919993318914 24.0 2.994248162884272 23.999999997522327 0.006789913168721543
10.7775 2.9989004075572034 24.0 2.9941440972200715 23.99999999742 0.006913426174844211
10.782499999999999 2.9988805514680505 24.0 2.994038607201106 23.999999997313665 0.007038653931546225
10.787500000000001 2.998860423166071 24.0 2.9939316833588796 23.999999997203172 0.007165608673428547
10.7925 2.998840020793698 24.0 2.99382331638626 23.99999999708838 0.007294302466061214
10.7975 2.9988193425222813 24.0 2.9937134971434434 23.999999996969137 0.007424747199005859
10.8025 2.9987983865532257 24.0 2.993602216663983 23.99999999684528 0.007556954578762129
10.807500000000001 2.9987771511190937 24.0 2.9934894661608618 23.99999999671664 0.007690936121640656
10.8125 2.998755634484784 24.0 2.9933752370326148 23.999999996583043 0.0078267031465639
10.817499999999999 2.9987338349486468 24.0 2.9932595208694925 23.999999996444288 0.007964266767796348
10.822500000000002 2.998711750843671 24.0 2.9931423094596825 23.999999996300204 0.008103637887605505
10.8275 2.9986893805386474 24.0 2.9930235947955572 23.99999999615062 0.008244827188855249
10.8325 2.99866672243936 24.0 2.9929033690799587 23.99999999599533 0.008387845127534514
10.8375 2.998643774989767 24.0 2.992781624732542 23.999999995834123 0.008532701925221287
10.842500000000001 2.9986205366732026 24.0 2.992658354396137 23.99999999566679 0.008679407561485008
10.8475 2.998597006013603 24.0 2.9925335509431568 23.99999999549313 0.0088279717662292
10.8525 2.9985731815767007 24.0 2.9924072074820245 23.99999999531292 0.008978404011976169
10.8575 2.998549061971266 24.0 2.9922793173636295 23.99999999512592 0.00913071350609572
10.8625 2.9985246458503427 24.0 2.992149874187825 23.9999999949319 0.009284909182980135
10.8675 2.9984999319124763 24.0 2.9920188718099365 23.999999994730615 0.009440999696167941
10.8725 2.9984749189029762 24.0 2.991886304347305 23.999999994521815 0.009598993410418538
10.877500000000001 2.998449605615158 24.0 2.9917521661858277 23.99999999430523 0.00975889839373949
10.8825 2.9984239908916104 24.0 2.991616451986536 23.99999999408061 0.009920722409369895
10.8875 2.9983980736254727 24.0 2.991479156692189 23.999999993847695 0.010084472907721746
10.8925 2.998371852761678 24.0 2.9913402755338554 23.999999993606174 0.010250157018281657
10.8975 2.9983453272982628 24.0 2.9911998040375267 23.999999993355765 0.010417781541475808
10.9025 2.998318496287622 24.0 2.991057738030729 23.999999993096147 0.010587352940500946
10.907499999999999 2.998291358837807 24.0 2.9909140736491375 23.99999999282702 0.010758877333124047
10.912500000000001 2.998263914113817 24.0 2.9907688073431933 23.999999992548062 0.010932360483453215
10.9175 2.998236161338876 24.0 2.9906219358847164 23.99999999225895 0.011107807793682424
10.9225 2.9982080997957383 24.0 2.990473456373516 23.999999991959356 0.011285224295814727
10.9275 2.99817972882799 24.0 2.9903233662439703 23.999999991648906 0.011464614643364438
10.932500000000001 2.998151047841327 24.0 2.9901716632716444 23.999999991327257 0.011645983103042967
10.9375 2.9981220563048767 24.0 2.990018345579845 23.99999999099404 0.011829333546431228
10.942499999999999 2.9980927537524718 24.0 2.9898634116461773 23.99999999064886 0.012014669441641613
10.947500000000002 2.998063139783976 24.0 2.9897068603090755 23.99999999029131 0.012201993844972588
10.9525 2.9980332140665618 24.0 2.989548690774333 23.999999989921 0.012391309392559018
10.9575 2.998002976336023 24.0 2.9893889026215676 23.999999989537546 0.01258261829202318
10.9625 2.9979724263980536 24.0 2.989227495810675 23.9999999891405 0.012775922314127507
10.967500000000001 2.9979415641295564 24.0 2.9890644706882483 23.99999998872943 0.012971222784434059
10.9725 2.9979103894799275 24.0 2.9888998279939685 23.99999998830389 0.013168520574974155
10.9775 2.9978789024723387 24.0 2.98873356886693 23.999999987863404 0.013367816095931535
10.9825 2.9978471032050384 24.0 2.988565694851949 23.999999987407485 0.013569109287342472
10.9875 2.9978149918526014 24.0 2.9883962079058204 23.999999986935656 0.01377239961081675
10.9925 2.9977825686672284 24.0 2.9882251104034987 23.999999986447424 0.013977686041283596
10.9975 2.997749833979997 24.0 2.988052405144252 23.99999998594225 0.014184967058766228
11.002500000000001 2.99771678820214 24.0 2.9878780953577566 23.99999998541962 0.014394240640188072
11.0075 2.997683431826271 24.0 2.987702184710117 23.99999998487899 0.014605504251215927
11.0125 2.9976497654276635 24.0 2.9875246773098167 23.999999984319786 0.014818754838143345
11.0175 2.997615789665467 24.0 2.9873455777136364 23.99999998374146 0.015033988819817996
11.0225 2.9975815052839327 24.0 2.987164890932455 23.99999998314341 0.015251202079617396
11.0275 2.9975469131136556 24.0 2.9869826224369964 23.99999998252502 0.015470389957477381
11.032499999999999 2.99751201407277 24.0 2.9867987781635135 23.999999981885658 0.015691547241977258
11.037500000000001 2.997476809168134 24.0 2.9866133645193704 23.99999998122473 0.01591466816248557
11.0425 2.997441299496529 24.0 2.9864263883885296 23.999999980541553 0.016139746381370442
11.0475 2.997405486245848 24.0 2.9862378571369748 23.999999979835493 0.01636677498628083
11.0525 2.9973693706962203 24.0 2.9860477786180253 23.999999979105837 0.01659574648249998
11.057500000000001 2.997332954221192 24.0 2.985856161177545 23.999999978351866 0.01682665278537743
11.0625 2.9972962382888406 24.0 2.985663013659095 23.999999977572898 0.017059485212843672
11.067499999999999 2.9972592244628977 24.0 2.985468345408922 23.99999997676818 0.01729423447801181
11.072500000000002 2.997221914403845 24.0 2.9852721662808808 23.99999997593695 0.01753089068187026
11.0775 2.9971843098700073 24.0 2.9850744866412384 23.999999975078442 0.01776944330607087
11.0825 2.9971464127186165 24.0 2.98487531737336 23.999999974191866 0.01800988120581896
11.0875 2.9971082249068592 24.0 2.984674669882264 23.999999973276417 0.018252192602866774
11.092500000000001 2.9970697484929074 24.0 2.9844725560990906 23.99999997233126 0.018496365078616916
11.0975 2.9970309856369393 24.0 2.9842689884854146 23.99999997135554 0.01874238556734013
11.1025 2.9969919386021155 24.0 2.9840639800374484 23.99999997034841 0.018990240349511862
11.1075 2.9969526097555628 24.0 2.983857544290101 23.99999996930896 0.019239915045271835
11.1125 2.996913001569313 24.0 2.983649695320908 23.999999968236278 0.019491394608011626
11.1175 2.996873116621241 24.0 2.9834404477538436 23.99999996712946 0.019744663318095296
11.1225 2.996832957595961 24.0 2.983229816762942 23.99999996598754 0.01999970477671749
11.127500000000001 2.9967925272857023 24.0 2.983017818075832 23.999999964809536 0.02025650189990277
11.1325 2.9967518285911856 24.0 2.982804467977093 23.999999963594462 0.020515036912652537
11.1375 2.9967108645224174 24.0 2.9825897833114583 23.999999962341327 0.020775291343243317
11.1425 2.996669638199542 24.0 2.9823737814868734 23.999999961049085 0.021037246017680842
11.1475 2.9966281528535723 24.0 2.9821564804774052 23.99999995971671 0.021300881054314977
11.1525 2.996586411827175 24.0 2.981937898825976 23.999999958343118 0.02156617585862063
11.157499999999999 2.996544418575378 24.0 2.981718055646936 23.999999956927194 0.021833109118148886
11.162500000000001 2.996502176666266 24.0 2.981496970628491 23.999999955467846 0.02210165879765288
11.1675 2.9964596897816547 24.0 2.981274664034935 23.999999953963922 0.022371802134392653
11.1725 2.996416961717708 24.0 2.981051156708728 23.999999952414264 0.022643515633626186
11.1775 2.996373996385564 24.0 2.9808264700723948 23.99999995081769 0.02291677506428758
11.182500000000001 2.9963307978118845 24.0 2.9806006261302485 23.99999994917299 0.023191555454859392
11.1875 2.996287370139416 24.0 2.980373647469933 23.999999947478948 0.023467831089443454
11.192499999999999 2.9962437176274825 24.0 2.980145557263785 23.99999994573431 0.02374557550403454
11.197500000000002 2.996199844652468 24.0 2.979916379270012 23.999999943937794 0.024024761483001103
11.2025 2.996155755708256 24.0 2.9796861378336867 23.99999994208812 0.024305361055777283
11.2075 2.9961114554066297 24.0 2.979454857887558 23.999999940183983 0.024587345493773276
11.2125 2.9960669484776443 24.0 2.9792225649526354 23.99999993822403 0.024870685307504685
11.217500000000001 2.9960222397699647 24.0 2.9789892851386295 23.9999999362069 0.02515535024394778
11.2225 2.995977334251152 24.0 2.978755045144175 23.999999934131232 0.025441309284124778
11.2275 2.995932237007933 24.0 2.978519872256846 23.99999993199561 0.02572853064092323
11.2325 2.995886953246423 24.0 2.978283794352985 23.999999929798626 0.02601698175715335
11.2375 2.9958414882922932 24.0 2.978046839897332 23.999999927538823 0.026306629303848028
11.2425 2.995795847590929 24.0 2.977809037942449 23.99999992521476 0.026597439178810044
11.2475 2.995750036707536 24.0 2.977570418127922 23.999999922824937 0.02688937650541046
11.252500000000001 2.995704061327191 24.0 2.9773310106793893 23.999999920367856 0.027182405631641093
11.2575 2.9956579272548653 24.0 2.977090846407335 23.999999917841993 0.027476490129427152
11.2625 2.9956116404154214 24.0 2.976849956705683 23.9999999152458 0.0277715927942028
11.2675 2.995565206853538 24.0 2.9766083735501843 23.999999912577735 0.02806767564475337
11.2725 2.9955186327336074 24.0 2.9763661294965895 23.999999909836227 0.028364699923328407
11.2775 2.9954719243395944 24.0 2.9761232576786005 23.999999907019664 0.028662626096029712
11.282499999999999 2.995425088074844 24.0 2.975879791805619 23.99999990412644 0.028961413853477804
11.287500000000001 2.995378130461848 24.0 2.97563576616027 23.99999990115495 0.02926102211175985
11.2925 2.9953310581419608 24.0 2.9753912155957263 23.999999898103532 0.029561409013662485
11.2975 2.9952838778750834 24.0 2.975146175532795 23.999999894970543 0.029862531930195568
11.3025 2.995236596539291 24.0 2.9749006819568025 23.999999891754314 0.030164347462406097
11.307500000000001 2.9951892211304187 24.0 2.9746547714142517 23.999999888453168 0.030466811443488395
11.3125 2.995141758761595 24.0 2.974408481009269 23.999999885065407 0.03076987894119322
11.317499999999999 2.9950942166627454 24.0 2.974161848399823 23.999999881589357 0.03107350426053877
11.322500000000002 2.995046602180025 24.0 2.9739149117937274 23.999999878023296 0.03137764094682601
11.3275 2.994998922775223 24.0 2.973667709944433 23.999999874365503 0.03168224178896119
11.3325 2.994951186025116 24.0 2.973420282146597 23.99999987061426 0.03198725882309064
11.3375 2.9949033996207617 24.0 2.9731726682314075 23.99999986676785 0.03229264333654681
11.342500000000001 2.9948555713667524 24.0 2.9729249085617377 23.999999862824577 0.03259834587211047
11.3475 2.994807709180434 24.0 2.9726770440270327 23.999999858782694 0.03290431623259147
11.3525 2.994759821091037 24.0 2.972429116038003 23.999999854640475 0.033210503485729875
11.3575 2.9947119152388098 24.0 2.972181166521094 23.99999985039618 0.03351685596941937
11.3625 2.994663999874054 24.0 2.9719332379127366 23.999999846048077 0.03382332129725535
11.3675 2.994616083356152 24.0 2.971685373153398 23.999999841594473 0.034129846364410334
11.3725 2.9945681741525068 24.0 2.9714376156813707 23.999999837033673 0.03443637735383787
11.377500000000001 2.994520280837454 24.0 2.9711900094263886 23.999999832363976 0.034742859742805866
11.3825 2.994472412091132 24.0 2.9709425988030134 23.99999982758373 0.03504923830976272
11.3875 2.9944245766982722 24.0 2.970695428703803 23.999999822691283 0.035355457141536734
11.3925 2.9943767835469686 24.0 2.970448544492259 23.99999981768496 0.03566145964086965
11.3975 2.994329041627373 24.0 2.970201991995591 23.99999981256318 0.03596718853428604
11.4025 2.9942813600303646 24.0 2.969955817497245 23.999999807324347 0.03627258588029998
11.407499999999999 2.9942337479461383 24.0 2.969710067729215 23.999999801966894 0.03657759307795946
11.412500000000001 2.994186214662779 24.0 2.9694647898641704 23.99999979648929 0.03688215087572896
11.4175 2.9941387695647417 24.0 2.9692200315073736 23.999999790890058 0.03718619938071044
11.4225 2.994091422131336 24.0 2.968975840688369 23.999999785167724 0.03748967806820596
11.4275 2.9940441819350925 24.0 2.9687322658524957 23.999999779320884 0.03779252579161803
11.432500000000001 2.9939970586401445 24.0 2.9684893558521854 23.999999773348186 0.038094680792690655
11.4375 2.9939500620005197 24.0 2.9682471599380604 23.99999976724831 0.03839608071209057
11.442499999999999 2.993903201858389 24.0 2.968005727749838 23.999999761019982 0.03869666260032831
11.447500000000002 2.9938564881422636 24.0 2.9677651093070367 23.99999975466204 0.038996362929018466
11.4525 2.993809930865168 24.0 2.9675253549994887 23.99999974817334 0.039295117602478204
11.4575 2.9937635401227167 24.0 2.967286515577671 23.99999974155285 0.03959286196966611
11.4625 2.9937173260911756 24.0 2.9670486421428164 23.999999734799584 0.03988953083645663
11.467500000000001 2.9936712990254737 24.0 2.9668117861368772 23.99999972791268 0.040185058478251476
11.4725 2.9936254692571476 24.0 2.966575999332271 23.999999720891342 0.04047937865292689
11.4775 2.993579847192244 24.0 2.9663413338214655 23.999999713734837 0.040772424614114816
11.4825 2.9935344433091817 24.0 2.9661078420063767 23.999999706442573 0.04106412912481622
11.4875 2.993489268156563 24.0 2.965875576587591 23.999999699014054 0.04135442447134536
11.4925 2.9934443323509266 24.0 2.96564459055341 23.999999691448895 0.041643242477603495
11.4975 2.993399646574463 24.0 2.965414937168731 23.99999968374684 0.04193051451967965
11.502500000000001 2.993355221572681 24.0 2.9651866699637455 23.999999675907738 0.04221617154077539
11.5075 2.9933110681520363 24.0 2.9649598427224886 23.999999667931593 0.04250014406645306
11.5125 2.9932671971774862 24.0 2.9647345094712207 23.999999659818556 0.042782362220203755
11.5175 2.9932236195700357 24.0 2.9645107244666384 23.999999651568945 0.043062755739332194
11.5225 2.9931803463042055 24.0 2.9642885421839393 23.999999643183244 0.04334125399115606
11.5275 2.9931373884054815 24.0 2.9640680173047356 23.99999963466211 0.04361778598951683
11.532499999999999 2.993094756947704 24.0 2.963849204704797 23.999999626006367 0.04389228041159886
11.537500000000001 2.993052463050413 24.0 2.9636321594416737 23.999999617217057 0.04416466561505264
11.5425 2.9930105178761677 24.0 2.963416936742164 23.99999960829541 0.0444348696554186
11.5475 2.992968932627801 24.0 2.963203591989626 23.99999959924288 0.04470282030384998
11.5525 2.992927718545647 24.0 2.9629921807111694 23.99999959006109 0.04496844506512709
11.557500000000001 2.992886886904724 24.0 2.9627827585647206 23.999999580751954 0.045231671195961415
11.5625 2.9928464490118767 24.0 2.962575381325949 23.99999957131766 0.04549242572358476
11.567499999999999 2.99280641620288 24.0 2.9623701048750535 23.999999561760635 0.04575063546461869
11.572500000000002 2.992766799839501 24.0 2.9621669851834396 23.999999552083594 0.0460062270442195
11.5775 2.99272761130653 24.0 2.9619660783002693 23.999999542289515 0.04625912691549335
11.5825 2.9926888620087615 24.0 2.9617674403388956 23.999999532381693 0.04650926137917894
11.5875 2.9926505633679534 24.0 2.9615711274631984 23.999999522363744 0.046756556603589086
11.592500000000001 2.99261272681974 24.0 2.961377195873796 23.99999951223964 0.04700093864480806
11.5975 2.992575363810517 24.0 2.9611857017941547 23.9999995020137 0.0472423334671389
11.6025 2.992538485794287 24.0 2.9609967014565997 23.999999491690595 0.04748066696379456
11.6075 2.9925021042294806 24.0 2.9608102510882146 23.999999481275403 0.04771586497782691
11.6125 2.992466230575723 24.0 2.9606264068966714 23.999999470773574 0.047947853323287604
11.6175 2.992430876290615 24.0 2.9604452250559454 23.99999946019097 0.048176557806615214
11.6225 2.9923960528264235 24.0 2.96026676169198 23.999999449533952 0.048401904248241645
11.627500000000001 2.9923617716268023 24.0 2.9600910728682264 23.99999943880934 0.04862381850441073
11.6325 2.9923280441234343 24.0 2.959918214571121 23.999999428024417 0.04884222648920351
11.6375 2.992294881732685 24.0 2.9597482426954924 23.999999417186956 0.049057054196762824
11.6425 2.992262295852205 24.0 2.9595812130299013 23.999999406305275 0.049268227723709486
11.6475 2.9922302978575166 24.0 2.9594171812418955 23.999999395388258 0.04947567329174353
11.6525 2.9921988990985824 24.0 2.959256202863224 23.99999938444533 0.04967931727042329
11.657499999999999 2.9921681108963476 24.0 2.9590983332749716 23.999999373486514 0.04987908620011451
11.662500000000001 2.992137944539243 24.0 2.9589436276926575 23.99999936252247 0.050074906815101655
11.6675 2.992108411279694 24.0 2.9587921411512674 23.99999935156451 0.050266706066853274
11.6725 2.9920795223306014 24.0 2.9586439284902575 23.999999340624665 0.05045441114743542
11.6775 2.992051288861793 24.0 2.958499044338474 23.999999329715607 0.05063794951306213
11.682500000000001 2.992023721996474 24.0 2.95835754309908 23.99999931885078 0.05081724890777663
11.6875 2.991996832807639 24.0 2.958219478934433 23.999999308044416 0.05099223738725463
11.692499999999999 2.9919706323145148 24.0 2.958084905750908 23.999999297311536 0.051162843342720914
11.697500000000002 2.9919451314789223 24.0 2.9579538771837206 23.99999928666799 0.05132899552497043
11.7025 2.991920341201688 24.0 2.957826446581715 23.999999276130506 0.05149062306848504
11.7075 2.9918962723190154 24.0 2.9577026669921294 23.999999265716696 0.051647655515638366
11.7125 2.991872935598844 24.0 2.9575825911453517 23.999999255445132 0.05180002284097746
11.717500000000001 2.9918503417372158 24.0 2.9574662714396687 23.99999924533536 0.051947655475573895
11.7225 2.9918285013546235 24.0 2.95735375992599 23.999999235407916 0.05209048433143445
11.7275 2.9918074249923503 24.0 2.9572451082925775 23.999999225684416 0.0522284408259621
11.7325 2.9917871231088218 24.0 2.9571403678497914 23.999999216187554 0.05236145690645769
11.7375 2.9917676060759373 24.0 2.9570395895148076 23.999999206941176 0.05248946507465265
11.7425 2.9917488841754025 24.0 2.9569428237963726 23.999999197970325 0.05261239841126369
11.7475 2.991730967595073 24.0 2.9568501207795586 23.999999189301295 0.0527301906005591
11.752500000000001 2.991713866425293 24.0 2.9567615301105263 23.999999180961648 0.05284277595492677
11.7575 2.9916975906552237 24.0 2.9566771009813118 23.999999172980264 0.05295008943943456
11.7625 2.9916821501691957 24.0 2.9565968821146473 23.99999916538741 0.053052066696372524
11.7675 2.991667554743058 24.0 2.956520921748799 23.99999915821479 0.05314864406976705
11.7725 2.9916538140405313 24.0 2.956449267622436 23.999999151495594 0.05323975862985662
11.7775 2.9916409376095654 24.0 2.9563819669595413 23.99999914526454 0.05332534819751922
11.782499999999999 2.991628934878727 24.0 2.956319066454358 23.99999913955795 0.053405351368641094
11.787500000000001 2.9916178151535675 24.0 2.95626061225638 23.99999913441382 0.05347970753841606
11.7925 2.9916075876130312 24.0 2.956206649955391 23.999999129871895 0.05354835692556528
11.7975 2.9915982613058607 24.0 2.9561572245665424 23.999999125973687 0.05361124059646754
11.8025 2.9915898451470104 24.0 2.9561123805154956 23.999999122762553 0.053668300489188484
11.807500000000001 2.991582347914121 24.0 2.95607216162362 23.999999120283793 0.053719479437399006
11.8125 2.9915757782439414 24.0 2.956036611093261 23.999999118584686 0.053764721194172214
11.817499999999999 2.991570144628836 24.0 2.95600577149305 23.999999117714566 0.0538039704556481
11.822500000000002 2.9915654554132702 24.0 2.9559796847433186 23.999999117724943 0.05383717288455548
11.8275 2.9915617187903383 24.0 2.9559583921015573 23.99999911866955 0.05386427513358036
11.8325 2.991558942798315 24.0 2.9559419341479627 23.9999991206044 0.05388522486857061
11.8375 2.9915571353172226 24.0 2.95593035077106 23.99999912358789 0.05389997079156556
11.842500000000001 2.991556304065428 24.0 2.9559236811534118 23.99999912768085 0.05390846266364053
11.8475 2.9915564565962827 24.0 2.95592196375743 23.999999132946726 0.053910651327555174
11.8525 2.991557600294759 24.0 2.955925236311254 23.999999139451578 0.05390648873019544
11.8575 2.9915597423741667 24.0 2.955933535794749 23.99999914726425 0.05389592794479808
11.8625 2.991562889872845 24.0 2.9559468984255655 23.999999156456386 0.05387892319294753
11.8675 2.991567049650942 24.0 2.9559653596453455 23.99999916710256 0.05385542986633423
11.8725 2.991572228387196 24.0 2.955988954106022 23.999999179280408 0.05382540454826423
11.877500000000001 2.9915784325757526 24.0 2.956017715656208 23.999999193070714 0.05378880503490922
11.8825 2.9915856685230553 24.0 2.9560516773277232 23.999999208557533 0.05374559035628682
11.8875 2.9915939423447284 24.0 2.956090871322221 23.999999225828258 0.05369572079696051
11.8925 2.99160325996254 24.0 2.9561353289979486 23.99999924497378 0.05363915791644906
11.8975 2.991613627101378 24.0 2.9561850808566392 23.99999926608861 0.05357586456933517
11.9025 2.991625049286302 24.0 2.956240156530505 23.99999928927101 0.05350580492506273
11.907499999999999 2.991637531839612 24.0 2.956300584769388 23.999999314623068 0.05342894448741316
11.912500000000001 2.991651079877968 24.0 2.9563663934280244 23.999999342250877 0.053345250113650246
11.9175 2.991665698309574 24.0 2.9564376094534803 23.999999372264675 0.053254690033324066
11.9225 2.9916813918314116 24.0 2.9565142588726996 23.99999940477896 0.053157233866723136
11.9275 2.9916981649264907 24.0 2.9565963667802064 23.999999439912628 0.05305285264296627
11.932500000000001 2.9917160218611913 24.0 2.956683957325959 23.99999947778913 0.0529415188177235
11.9375 2.991734966682654 24.0 2.956777053703369 23.999999518536683 0.05282320629055684
11.942499999999999 2.9917550032161873 24.0 2.956875678137468 23.99999956228834 0.05269789042187132
11.947500000000002 2.9917761350627914 24.0 2.9569798518732195 23.999999609182215 0.05256554804946696
11.9525 2.991798365596681 24.0 2.957089595164028 23.999999659361613 0.05242615750468308
11.9575 2.9918216979629144 24.0 2.9572049272603866 23.999999712975224 0.052279698628124184
11.9625 2.991846135075045 24.0 2.9573258663987163 23.99999977017729 0.052126152784960376
11.967500000000001 2.991871679612861 24.0 2.9574524297903695 23.999999831127813 0.05196550287979265
11.9725 2.991898334020168 24.0 2.957584633610811 23.99999989599269 0.05179773337107402
11.9775 2.9919261005026634 24.0 2.9577224929890003 23.999999964943953 0.05162283028507833
11.9825 2.9919549810258292 24.0 2.9578660219969413 24.00000003815997 0.05144078122940878
11.9875 2.9919849773129323 24.0 2.9580152336394283 24.000000115825664 0.05125157540603735
11.9925 2.992016090843094 24.0 2.958170139843986 24.000000198132668 0.05105520362386736
11.9975 2.992048322849379 24.0 2.958330751451008 24.00000028527959 0.05085165831081088
12.002500000000001 1.9920816743170047 24.0 2.958497078204104 24.00000037747227 0.050640933525374535
12.0075 1.9921161459816106 24.0 2.958669128740631 24.00000047492396 0.05042302496774457
12.0125 1.9921517383275706 24.0 2.958846910582443 24.00000057785556 0.05019792999036485
12.0175 1.9921884515864214 24.0 2.9590304301268704 24.000000686495888 0.04996564760800054
12.0225 1.992226285735325 24.0 2.9592196926378884 24.000000801081974 0.049726178507280824
12.0275 1.9922652404956263 24.0 2.959414702237524 24.000000921859233 0.04947952505571284
12.0325 1.9923053153314891 24.0 2.959615461897467 24.000001049081764 0.049225691310161336
12.037500000000001 1.992346509448594 24.0 2.959821973430942 24.00000118301267 0.04896468302478796
12.0425 1.9923888217929322 24.0 2.9600342374847712 24.000001323924284 0.04869650765844296
12.0475 1.9924322510496622 24.0 2.9602522535317064 24.00000147209852 0.048421174381504076
12.0525 1.9924767956420386 24.0 2.9604760198629814 24.00000162782714 0.0481386940821573
12.057500000000001 1.992522453730461 24.0 2.9607055335811046 24.000001791412046 0.04784907937211376
12.0625 1.9925692232115522 24.0 2.960940790592914 24.000001963165662 0.047552344591757154
12.067499999999999 1.9926171017173622 24.0 2.961181785602871 24.000002143411198 0.04724850581471703
12.072500000000002 1.9926660866146109 24.0 2.961428512106602 24.000002332482993 0.046937580851863704
12.0775 1.9927161750040596 24.0 2.9616809623847176 24.000002530726935 0.046619589254720525
12.0825 1.992767363719939 24.0 2.9619391274968856 24.000002738500744 0.046294552318286615
12.0875 1.992819649329457 24.0 2.9622029972761523 24.000002956174356 0.0459624930832703
12.092500000000001 1.9928730281324236 24.0 2.9624725603235538 24.000003184130296 0.045623436337726635
12.0975 1.9929274961609182 24.0 2.962747804003004 24.000003422764088 0.04527740861809602
12.1025 1.9929830491790848 24.0 2.9630287144364464 24.000003672484677 0.044924438209640885
12.1075 1.993039682682978 24.0 2.963315276499295 24.00000393371478 0.04456455514627813
12.1125 1.9930973919005341 24.0 2.963607473816153 24.000004206891298 0.04419779120980399
12.1175 1.9931561717915887 24.0 2.9639052887568305 24.00000449246583 0.04382417992850867
12.1225 1.9932160170480222 24.0 2.9642087024326598 24.000004790905056 0.04344375657517863
12.127500000000001 1.993276922093965 24.0 2.9645176946930833 24.000005102691212 0.043056558164486225
12.1325 1.993338881086111 24.0 2.9648322441225843 24.00000542832259 0.0426626234497626
12.1375 1.9934018879141056 24.0 2.965152328037885 24.000005768313983 0.04226199291915384
12.1425 1.9934659362010372 24.0 2.965477922485472 24.00000612319718 0.04185470879115988
12.1475 1.9935310193040157 24.0 2.9658090022394274 24.000006493521497 0.041440815009554634
12.1525 1.9935971303148348 24.0 2.966145540799589 24.00000687985426 0.04102035723768649
12.1575 1.9936642620607177 24.0 2.9664875103900314 24.000007282781436 0.04059338285215929
12.162500000000001 1.9937324071051965 24.0 2.9668348819578556 24.000007702908096 0.040159940935895276
12.1675 1.993801557749022 24.0 2.9671876251723273 24.00000814085905 0.039720082270577946
12.1725 1.9938717060312072 24.0 2.9675457084243315 24.000008597279333 0.03927385932847666
12.1775 1.9939428437301574 24.0 2.9679090988261922 24.0000090728349 0.03882132626365457
12.182500000000001 1.9940149623648646 24.0 2.9682777622118044 24.00000956821321 0.03836253890256048
12.1875 1.9940880531962304 24.0 2.968651663137126 24.00001008412386 0.03789755473400547
12.192499999999999 1.9941621072284499 24.0 2.969030764881019 24.000010621299197 0.03742643289852673
12.197500000000002 1.994237115210508 24.0 2.96941502944645 24.00001118049504 0.0369492341771411
12.2025 1.994313067637758 24.0 2.9698044175620275 24.00001176249131 0.036466020979491386
12.2075 1.994389954753585 24.0 2.9701988886839183 24.000012368092733 0.0359768573313838
12.2125 1.9944677665511734 24.0 2.970598400998136 24.00001299812963 0.03548180886172577
12.217500000000001 1.9945464927753553 24.0 2.9710029114231804 24.000013653458584 0.034980942788863385
12.2225 1.9946261229245492 24.0 2.9714123756130593 24.00001433496319 0.034474327906322315
12.2275 1.9947066462528034 24.0 2.9718267479606855 24.000015043554882 0.033962034567956455
12.2325 1.994788051771905 24.0 2.9722459816016653 24.000015780173683 0.03344413467250942
12.2375 1.9948703282535885 24.0 2.9726700284184426 24.000016545789045 0.032920701647592095
12.2425 1.9949534642318547 24.0 2.9730988390448623 24.000017341400657 0.032391810433080655
12.2475 1.9950374480053374 24.0 2.973532362871116 24.000018168039347 0.03185753746394011
12.252500000000001 1.995122267639795 24.0 2.9739705480490697 24.0000190267679 0.03131796065248069
12.2575 1.9952079109706593 24.0 2.9744133414980194 24.000019918682028 0.030773159370049197
12.2625 1.9952943656057038 24.0 2.974860688910807 24.00002084491122 0.030223214428162788
12.2675 1.9953816189277631 24.0 2.9753125347603904 24.00002180661973 0.02966820805909198
12.2725 1.9954696580975624 24.0 2.975768822306777 24.000022805007546 0.02910822389589834
12.2775 1.995558470056626 24.0 2.976229493604404 24.00002384131137 0.028543346951932703
12.2825 1.9956480415302653 24.0 2.9766944895099225 24.00002491680562 0.02797366359980124
12.287500000000001 1.9957383590306554 24.0 2.9771637496903933 24.00002603280354 0.02739926154980854
12.2925 1.9958294088599795 24.0 2.977637212631909 24.00002719065814 0.026820229827881473
12.2975 1.9959211771136918 24.0 2.978114815648655 24.000028391763426 0.02623665875298344
12.3025 1.996013649683817 24.0 2.978596494892372 24.000029637555414 0.025648639914027424
12.307500000000001 1.996106812262347 24.0 2.979082185362273 24.000030929513315 0.02505626614629526
12.3125 1.9962006503447263 24.0 2.9795718209153734 24.00003226916071 0.024459631507370596
12.317499999999999 1.9962951492334182 24.0 2.9800653342772767 24.00003365806676 0.02385883125259494
12.322500000000002 1.9963902940415148 24.0 2.9805626570533894 24.00003509784741 0.02325396181005631
12.3275 1.9964860696964468 24.0 2.9810637197405603 24.00003659016661 0.022645120755120218
12.3325 1.9965824609437903 24.0 2.9815684517391743 24.000038136737665 0.022032406784506915
12.3375 1.9966794523510938 24.0 2.982076781365712 24.000039739324475 0.02141591968993258
12.342500000000001 1.9967770283118154 24.0 2.9825886358657296 24.00004139974297 0.020795760331318813
12.3475 1.9968751730493317 24.0 2.9831039414272853 24.000043119862433 0.020172030609581136
12.3525 1.9969738706209883 24.0 2.983622623194828 24.00004490160689 0.01954483343900714
12.3575 1.9970731049222448 24.0 2.984144605283532 24.000046746956567 0.01891427271923571
12.3625 1.9971728596908842 24.0 2.9846698107940792 24.00004865794932 0.01828045330684697
12.3675 1.9972731185112629 24.0 2.98519816182791 24.000050636682182 0.017643480986572847
12.3725 1.9973738648186663 24.0 2.9857295795029066 24.000052685312873 0.01700346244213989
12.377500000000001 1.9974750819036915 24.0 2.9862639839695486 24.000054806061357 0.0163605052267577
12.3825 1.9975767529166968 24.0 2.9868012944275155 24.000057001211438 0.015714717733260383
12.3875 1.9976788608723293 24.0 2.987341429142744 24.000059273112434 0.015066209163914665
12.3925 1.9977813886541052 24.0 2.9878843054649487 24.000061624180788 0.014415089499907085
12.3975 1.9978843190190168 24.0 2.9884298398455895 24.000064056901838 0.01376146947052124
12.4025 1.9979876346022454 24.0 2.9889779478562977 24.000066573831457 0.013105460522016133
12.4075 1.9980913179218733 24.0 2.989528544207751 24.000069177597908 0.012447174786218417
12.412500000000001 1.998195351383698 24.0 2.990081542769022 24.000071870903604 0.011786725048843283
12.4175 1.998299717286049 24.0 2.9906368565873613 24.000074656527005 0.011124224717552103
12.4225 1.9984043978247013 24.0 2.9911943979084237 24.00007753732445 0.010459787789761862
12.4275 1.9985093750977796 24.0 2.9917540781969647 24.0000805162321 0.009793528820219671
12.432500000000001 1.9986146311107644 24.0 2.9923158081579837 24.000083596267892 0.009125562888354357
12.4375 1.9987201477814913 24.0 2.992879497758301 24.00008678053356 0.008456005565417002
12.442499999999999 1.9988259069452257 24.0 2.9934450562485804 24.00009007221663 0.00778497288142454
12.447500000000002 1.9989318903597528 24.0 2.994012392185807 24.000093474592532 0.007112581291920154
12.4525 1.999038079710527 24.0 2.9945814134561854 24.000096991026695 0.006438947644564515
12.4575 1.9991444566158294 24.0 2.9951520272984733 24.00010062497672 0.005764189145565192
12.4625 1.9992510026319898 24.0 2.9957241403277597 24.000104379994514 0.0050884233259666945
12.467500000000001 1.9993576992586006 24.0 2.99629765855967 24.000108259728606 0.004411768007808686
12.4725 1.999464527943803 24.0 2.9968724874349792 24.000112267926404 0.003734341270166618
12.4775 1.9995714700895635 24.0 2.9974485318446646 24.0001164084365 0.0030562614150890966
12.4825 1.9996785070570011 24.0 2.9980256961553406 24.00012068521098 0.002377646933446626
12.4875 1.9997856201717141 24.0 2.9986038842351355 24.000125102307905 0.0016986164707044591
12.4925 1.9998927907291575 24.0 2.9991829994799577 24.000129663893695 0.0010192887926323425
12.4975 1.9999999999999996 24.0 2.999762944840161 24.000134374245658 0.00033978275096564737
12.502500000000001 2.000107229235543 24.0 3.0003436228476024 24.000139237754503 -0.00033978275096588876
12.5075 2.000214459673104 24.0 3.000924935643087 24.00014425892688 -0.0010192887926323425
12.5125 2.00032167254146 24.0 3.0015067850041763 24.000149442388004 -0.0016986164707044591
12.5175 2.000428849066271 24.0 3.0020890723733835 24.000154792884302 -0.002377646933446626
12.5225 2.000535970475518 24.0 3.0026716988867395 24.000160315286152 -0.0030562614150890966
12.5275 2.000643018004941 24.0 3.003254565402694 24.000166014590583 -0.003734341270166618
12.5325 2.0007499729035048 24.0 3.003837572531376 24.00017189592409 -0.004411768007808928
12.537500000000001 2.0008568164388363 24.0 3.00442062066419 24.000177964545383 -0.005088423325966935
12.5425 2.0009635299026707 24.0 3.0050036100037314 24.000184225848344 -0.005764189145565192
12.5475 2.0010700946163067 24.0 3.005586440594058 24.000190685364913 -0.006438947644564515
12.5525 2.0011764919360386 24.0 3.006169012351219 24.000197348768 -0.007112581291920393
12.557500000000001 2.001282703258591 24.0 3.0067512250941366 24.000204221874544 -0.00778497288142454
12.5625 2.001388710026548 24.0 3.007332978575743 24.00021131064853 -0.008456005565417002
12.567499999999999 2.0014944937337455 24.0 3.0079141725144005 24.00021862120402 -0.009125562888354357
12.572500000000002 2.001600035930687 24.0 3.0084947066256125 24.000226159808363 -0.00979352882021991
12.5775 2.001705318229907 24.0 3.009074480653955 24.000233932885283 -0.010459787789761862
12.5825 2.0018103223113455 24.0 3.0096533944052872 24.000241947018147 -0.011124224717552103
12.5875 2.0019150299276802 24.0 3.010231347779181 24.00025020895319 -0.011786725048843516
12.592500000000001 2.0020194229096298 24.0 3.010808240801552 24.000258725602794 -0.012447174786218651
12.5975 2.0021234831712684 24.0 3.011383973657524 24.00026750404884 -0.013105460522016133
12.6025 2.002227192715273 24.0 3.0119584467244627 24.000276551546058 -0.01376146947052124
12.6075 2.0023305336381587 24.0 3.012531560605219 24.000285875525506 -0.014415089499907085
12.6125 2.0024334881354826 24.0 3.0131032161614995 24.000295483597913 -0.015066209163914665
12.6175 2.0025360385070092 24.0 3.013673314547412 24.000305383557247 -0.015714717733260383
12.6225 2.0026381671618303 24.0 3.0142417572431395 24.000315583384207 -0.01636050522675793
12.627500000000001 2.0027398566234678 24.0 3.014808446088739 24.000326091249846 -0.01700346244214012
12.6325 2.0028410895349267 24.0 3.015373283318035 24.0003369155191 -0.017643480986572847
12.6375 2.0029418486636836 24.0 3.0159361715926023 24.000348064754476 -0.01828045330684697
12.6425 2.0030421169066717 24.0 3.016497014035836 24.000359547719697 -0.01891427271923571
12.6475 2.003141877295185 24.0 3.017055714267067 24.000371373383455 -0.01954483343900714
12.6525 2.003241112999737 24.0 3.017612176435718 24.000383550923164 -0.020172030609581136
12.6575 2.0033398073348887 24.0 3.018166305255481 24.000396089728675 -0.02079576033131903
12.662500000000001 2.0034379437640064 24.0 3.0187180060384966 24.00040899940611 -0.021415919689932797
12.6675 2.0035355059039603 24.0 3.0192671847295283 24.00042228978173 -0.022032406784506915
12.6725 2.00363247752978 24.0 3.019813747940117 24.00043597090584 -0.022645120755120218
12.6775 2.003728842579251 24.0 3.020357602982654 24.000450053056596 -0.02325396181005653
12.682500000000001 2.0038245851574223 24.0 3.020898657904425 24.000464546743984 -0.02385883125259494
12.6875 2.003919689541093 24.0 3.0214368215215406 24.000479462713812 -0.024459631507370596
12.692499999999999 2.0040141401832017 24.0 3.021972003452777 24.000494811951654 -0.02505626614629526
12.697500000000002 2.0041079217171562 24.0 3.022504114153301 24.000510605686863 -0.025648639914027632
12.7025 2.004201018961121 24.0 3.0230330649482315 24.000526855396622 -0.02623665875298344
12.7075 2.0042934169221778 24.0 3.023558768066068 24.00054357280999 -0.026820229827881473
12.7125 2.0043851008004783 24.0 3.024081136671908 24.000560769911957 -0.027399261549808738
12.717500000000001 2.004476055993274 24.0 3.0246000849004977 24.000578458947587 -0.02797366359980144
12.7225 2.0045662680989005 24.0 3.0251155278890396 24.0005966524261 -0.028543346951932703
12.7275 2.004655722920662 24.0 3.0256273818097696 24.000615363125014 -0.02910822389589834
12.7325 2.004744406470671 24.0 3.0261355639022725 24.000634604094245 -0.02966820805909198
12.7375 2.00483230497355 24.0 3.0266399925055296 24.000654388660326 -0.030223214428162788
12.7425 2.00491940487012 24.0 3.0271405870896624 24.000674730430553 -0.030773159370049197
12.7475 2.005005692820967 24.0 3.027637268287356 24.00069564329714 -0.03131796065248089
12.752500000000001 2.005091155709901 24.0 3.0281299579249463 24.000717141441445 -0.0318575374639403
12.7575 2.005175780647394 24.0 3.0286185790531626 24.000739239338152 -0.032391810433080655
12.7625 2.005259554973878 24.0 3.029103055977468 24.000761951759486 -0.032920701647592095
12.7675 2.00534246626296 24.0 3.029583314288023 24.000785293779344 -0.03344413467250942
12.7725 2.005424502324579 24.0 3.0300592808892324 24.00080928077758 -0.033962034567956455
12.7775 2.005505651208022 24.0 3.030530884028863 24.00083392844418 -0.034474327906322315
12.7825 2.005585901204908 24.0 3.0309980533266856 24.000859252783478 -0.03498094278886357
12.787500000000001 2.0056652408520246 24.0 3.031460719802661 24.000885270118303 -0.03548180886172595
12.7925 2.005743658934088 24.0 3.03191881590463 24.000911997094203 -0.0359768573313838
12.7975 2.0058211444864256 24.0 3.032372275535491 24.00093945068363 -0.036466020979491386
12.8025 2.0058976867975318 24.0 3.032821034079842 24.000967648190034 -0.03694923417714126
12.807500000000001 2.0059732754115585 24.0 3.033265028430092 24.00099660725209 -0.03742643289852673
12.8125 2.0060479001306772 24.0 3.0337041970119953 24.001026345847844 -0.03789755473400547
12.817499999999999 2.0061215510173582 24.0 3.034138479809603 24.001056882298762 -0.03836253890256048
12.822500000000002 2.0061942183965416 24.0 3.0345678183896174 24.00108823527387 -0.03882132626365473
12.8275 2.0062658928577277 24.0 3.0349921559251256 24.001120423793857 -0.03927385932847666
12.8325 2.0063365652569383 24.0 3.0354114372187095 24.001153467235117 -0.039720082270577946
12.8375 2.006406226718579 24.0 3.035825608724881 24.001187385333715 -0.04015994093589542
12.842500000000001 2.0064748686372407 24.0 3.036234618571878 24.001222198189435 -0.04059338285215944
12.8475 2.006542482679333 24.0 3.036638416582758 24.001257926269734 -0.04102035723768649
12.8525 2.006609060784662 24.0 3.0370369542958087 24.00129459041364 -0.041440815009554634
12.8575 2.0066745951678833 24.0 3.0374301849842387 24.00133221183565 -0.04185470879115988
12.8625 2.00673907831987 24.0 3.0378180636751586 24.001370812129654 -0.04226199291915384
12.8675 2.0068025030089442 24.0 3.0382005471678015 24.001410413272673 -0.0426626234497626
12.8725 2.0068648622820344 24.0 3.0385775940509987 24.001451037628602 -0.043056558164486364
12.877500000000001 2.0069261494657153 24.0 3.0389491647198965 24.001492707951996 -0.043443756575178766
12.8825 2.0069863581671266 24.0 3.0393152213918966 24.001535447391724 -0.04382417992850867
12.8875 2.0070454822748367 24.0 3.0396757281217957 24.00157927949452 -0.04419779120980399
12.8925 2.0071035159595314 24.0 3.0400306508161297 24.001624228208595 -0.04456455514627813
12.8975 2.007160453674659 24.0 3.040379957246732 24.001670317887182 -0.044924438209640885
12.9025 2.007216290156926 24.0 3.040723617063435 24.001717573291877 -0.04527740861809602
12.9075 2.0072710204267183 24.0 3.041061601805958 24.001766019596076 -0.04562343633772676
12.912500000000001 2.0073246397884192 24.0 3.0413938849149895 24.001815682388298 -0.045962493083270425
12.9175 2.0073771438305714 24.0 3.0417204417423775 24.001866587675423 -0.046294552318286615
12.9225 2.0074285284260065 24.0 3.042041249560488 24.001918761885847 -0.046619589254720525
12.9275 2.0074787897318327 24.0 3.0423562875707058 24.00197223187257 -0.04693758085186382
12.932500000000001 2.007527924189309 24.0 3.0426655369110733 24.00202702491625 -0.04724850581471703
12.9375 2.0075759285236434 24.0 3.042968980663054 24.00208316872811 -0.047552344591757154
12.942499999999999 2.007622799743675 24.0 3.043266603857425 24.002140691452816 -0.04784907937211376
12.947500000000002 2.0076685351414523 24.0 3.043558393479305 24.00219962167126 -0.0481386940821574
12.9525 2.0077131322917103 24.0 3.0438443384722738 24.002259988403228 -0.048421174381504076
12.9575 2.0077565890512696 24.0 3.0441244297416414 24.00232182111004 -0.04869650765844296
12.9625 2.0077989035582813 24.0 3.0443986601568 24.002385149696977 -0.048964683024788055
12.967500000000001 2.007840074231434 24.0 3.0446670245527017 24.002450004515687 -0.049225691310161426
12.9725 2.00788009976904 24.0 3.0449295197304704 24.002516416366543 -0.04947952505571284
12.9775 2.007918979147998 24.0 3.045186144457106 24.002584416500802 -0.049726178507280824
12.9825 2.0079567116226924 24.0 3.0454368994643017 24.002654036622697 -0.04996564760800054
12.9875 2.007993296723788 24.0 3.0456817874463935 24.00272530889141 -0.05019792999036485
12.9925 2.0080287342569245 24.0 3.045920813057414 24.002798265922937 -0.05042302496774457
12.9975 2.0080630243013196 24.0 3.046153982907291 24.00287294079189 -0.0506409335253746
13.002500000000001 2.0080961672082807 24.0 3.0463813055571514 24.002949367033104 -0.05085165831081096
13.0075 2.008128163599626 24.0 3.0466027915137572 24.003027578643092 -0.05105520362386736
13.0125 2.008159014366014 24.0 3.0468184532230915 24.00310761008147 -0.05125157540603735
13.0175 2.0081887206651774 24.0 3.0470283050630735 24.003189496272228 -0.05144078122940878
13.0225 2.008217283920094 24.0 3.04723236333544 24.003273272604837 -0.05162283028507833
13.0275 2.008244705817031 24.0 3.0474306462567604 24.00335897493525 -0.05179773337107402
13.0325 2.008270988303532 24.0 3.0476231739486312 24.003446639586713 -0.05196550287979271
13.037500000000001 2.0082961335863243 24.0 3.0478099684270203 24.00353630335048 -0.052126152784960425
13.0425 2.0083201441291187 24.0 3.0479910535908292 24.003628003486412 -0.052279698628124184
13.0475 2.0083430226503576 24.0 3.0481664552096053 24.003721777723296 -0.05242615750468308
13.0525 2.0083647721208515 24.0 3.0483362009104753 24.00381766425916 -0.052565548049467004
13.057500000000001 2.008385395761374 24.0 3.048500320164285 24.00391570176134 -0.05269789042187132
13.0625 2.0084048970401467 24.0 3.048658844270964 24.004015929366364 -0.05282320629055684
13.067499999999999 2.008423279670253 24.0 3.0488118063441276 24.004118386679856 -0.0529415188177235
13.072500000000002 2.0084405476070257 24.0 3.0489592412948987 24.004223113775957 -0.05305285264296632
13.0775 2.0084567050452877 24.0 3.0491011858150205 24.004330151196847 -0.053157233866723136
13.0825 2.008471756416571 24.0 3.0492376783592197 24.004439539951917 -0.053254690033324066
13.0875 2.0084857063862733 24.0 3.04936875912686 24.004551321516907 -0.05334525011365027
13.092500000000001 2.0084985598507075 24.0 3.049494470042881 24.004665537832636 -0.05342894448741316
13.0975 2.0085103219341196 24.0 3.0496148547380773 24.004782231303768 -0.05350580492506273
13.1025 2.0085209979856407 24.0 3.0497299585286592 24.004901444797216 -0.05357586456933517
13.1075 2.0085305935761544 24.0 3.0498398283952093 24.005023221640453 -0.05363915791644906
13.1125 2.0085391144951275 24.0 3.049944512960953 24.005147605619555 -0.05369572079696051
13.1175 2.008546566747379 24.0 3.05004406246941 24.005274640976985 -0.05374559035628682
13.1225 2.0085529565497833 24.0 3.0501385287614484 24.005404372409302 -0.05378880503490924
13.127500000000001 2.008558290327922 24.0 3.05022796525172 24.005536845064448 -0.05382540454826424
13.1325 2.0085625747126823 24.0 3.050312426904524 24.005672104538945 -0.05385542986633423
13.1375 2.008565816536824 24.0 3.050391970209122 24.005810196874855 -0.05387892319294753
13.1425 2.008568022831468 24.0 3.0504666531544666 24.00595116855639 -0.05389592794479808
13.1475 2.008569200822554 24.0 3.050536535203433 24.006095066506333 -0.05390648873019544
13.1525 2.0085693579272434 24.0 3.0506016772665117 24.00624193808217 -0.053910651327555174
13.1575 2.0085685017502994 24.0 3.0506621416750273 24.00639183107205 -0.05390846266364052
13.162500000000001 2.008566640080405 24.0 3.050717992153835 24.00654479369031 -0.05389997079156557
13.1675 2.008563780886439 24.0 3.0507692937935857 24.006700874572847 -0.05388522486857061
13.1725 2.0085599323137546 24.0 3.050816113022539 24.006860122772153 -0.05386427513358036
13.1775 2.008555102680346 24.0 3.05085851757793 24.00702258775204 -0.053837172884555466
13.182500000000001 2.008549300473075 24.0 3.0508965764769096 24.007188319382088 -0.0538039704556481
13.1875 2.008542534343783 24.0 3.050930359987117 24.007357367931725 -0.053764721194172214
13.192499999999999 2.0085348131054284 24.0 3.05095993959684 24.007529784064005 -0.053719479437399006
13.197500000000002 2.008526145728172 24.0 3.0509853879848103 24.007705618829046 -0.05366830048918846
13.2025 2.008516541335432 24.0 3.051006778989668 24.00788492365717 -0.05361124059646754
13.2075 2.008506009199946 24.0 3.0510241875790616 24.00806775035158 -0.05354835692556528
13.2125 2.0084945587397542 24.0 3.0510376898184495 24.00825415108077 -0.05347970753841604
13.217500000000001 2.0084821995142343 24.0 3.0510473628395576 24.008444178370453 -0.053405351368641094
13.2225 2.0084689412200514 24.0 3.0510532848086056 24.008637885095215 -0.05332534819751922
13.2275 2.00845479368714 24.0 3.051055534894206 24.00883532446966 -0.05323975862985662
13.2325 2.008439766874648 24.0 3.0510541932350095 24.00903655003917 -0.05314864406976705
13.2375 2.0084238708668605 24.0 3.0510493409071207 24.009241615670263 -0.053052066696372524
13.2425 2.0084071158691454 24.0 3.051041059891258 24.009450575540487 -0.05295008943943456
13.2475 2.0083895122038564 24.0 3.0510294330396928 24.009663484127792 -0.052842775954926736
13.252500000000001 2.008371070306241 24.0 3.0510145440429888 24.009880396199502 -0.052730190600559064
13.2575 2.008351800720354 24.0 3.0509964773965272 24.010101366800786 -0.05261239841126369
13.2625 2.008331714094952 24.0 3.050975318366875 24.01032645124266 -0.05248946507465265
13.2675 2.0083108211793883 24.0 3.050951152957924 24.010555705089313 -0.05236145690645769
13.2725 2.0082891328195234 24.0 3.050924067876923 24.01078918414506 -0.0522284408259621
13.2775 2.0082666599536183 24.0 3.050894150500314 24.01102694444066 -0.05209048433143445
13.2825 2.0082434136082448 24.0 3.050861488839433 24.011269042219052 -0.05194765547557384
13.287500000000001 2.0082194048941857 24.0 3.050826171506082 24.011515533920523 -0.05180002284097741
13.2925 2.0081946450023627 24.0 3.0507882876779666 24.011766476167274 -0.051647655515638366
13.2975 2.008169145199758 24.0 3.050747927064009 24.01202192574727 -0.05149062306848504
13.3025 2.0081429168253635 24.0 3.0507051798695417 24.0122819395975 -0.05132899552497037
13.307500000000001 2.008115971286096 24.0 3.050660136761412 24.01254657478657 -0.051162843342720914
13.3125 2.008088320052806 24.0 3.0506128888329647 24.012815888496558 -0.05099223738725463
13.317499999999999 2.00805997465622 24.0 3.0505635275689316 24.01308993800415 -0.05081724890777663
13.322500000000002 2.0080309466829513 24.0 3.0505121448102352 24.013368780661025 -0.05063794951306206
13.3275 2.0080012477715097 24.0 3.050458832718691 24.013652473873492 -0.05045441114743542
13.3325 2.0079708896083446 24.0 3.0504036837416373 24.01394107508135 -0.050266706066853274
13.3375 2.007939883923874 24.0 3.0503467905764703 24.01423464173581 -0.05007490681510159
13.342500000000001 2.007908242488602 24.0 3.0502882461350884 24.014533231276673 -0.04987908620011451
13.3475 2.007875977109182 24.0 3.050228143508268 24.0148369011086 -0.04967931727042329
13.3525 2.007843099624569 24.0 3.0501665759299725 24.015145708576505 -0.04947567329174353
13.3575 2.0078096219021737 24.0 3.050103636741521 24.01545971093994 -0.049268227723709486
13.3625 2.0077755558340367 24.0 3.0500394193557447 24.01577896534659 -0.049057054196762824
13.3675 2.007740913333047 24.0 3.0499740172209995 24.016103528804706 -0.04884222648920351
13.3725 2.007705706329197 24.0 3.049907523785122 24.01643345815458 -0.048623818504410644
13.377500000000001 2.0076699467658417 24.0 3.049840032459273 24.01676881003894 -0.048401904248241576
13.3825 2.0076336465960245 24.0 3.049771636581697 24.017109640872192 -0.048176557806615214
13.3875 2.007596817778819 24.0 3.0497024293813606 24.0174560068086 -0.047947853323287604
13.3925 2.0075594722757173 24.0 3.0496325039415146 24.017807963709366 -0.04771586497782691
13.3975 2.007521622047035 24.0 3.0495619531630958 24.01816556710832 -0.04748066696379456
13.4025 2.007483279048382 24.0 3.0494908697280403 24.0185288721766 -0.0472423334671389
13.4075 2.007444455227175 24.0 3.0494193460624457 24.018897933685928 -0.04700093864480798
13.412500000000001 2.007405162519131 24.0 3.0493474742996103 24.01927280597065 -0.046756556603588996
13.4175 2.0073654128448872 24.0 3.049275346242915 24.01965354288845 -0.04650926137917894
13.4225 2.0073252181066183 24.0 3.0492030533285472 24.020040197779608 -0.04625912691549335
13.4275 2.007284590184683 24.0 3.0491306865880476 24.02043282342492 -0.04600622704421942
13.432500000000001 2.0072435409343474 24.0 3.0490583366106843 24.020831472002165 -0.04575063546461869
13.4375 2.007202082182544 24.0 3.048986093505631 24.02123619504104 -0.04549242572358476
13.442499999999999 2.007160225724664 24.0 3.0489140468639317 24.021647043376547 -0.045231671195961415
13.447500000000002 2.007117983321412 24.0 3.0488422857202755 24.022064067100928 -0.044968445065127
13.4525 2.0070753666956924 24.0 3.0487708985145128 24.022487315513914 -0.04470282030384998
13.4575 2.007032387529576 24.0 3.04869997305293 24.0229168370713 -0.0444348696554186
13.4625 2.006989057461266 24.0 3.0486295964692713 24.023352679331893 -0.044164665615052535
13.467500000000001 2.006945388082167 24.0 3.0485598551854873 24.023794888902685 -0.04389228041159886
13.4725 2.0069013909339573 24.0 3.048490834872196 24.024243511382373 -0.04361778598951683
13.4775 2.0068570775057566 24.0 3.0484226204088323 24.024698591302943 -0.04334125399115606
13.4825 2.0068124592312957 24.0 3.048355295843495 24.02516017206954 -0.043062755739332194
13.4875 2.00676754748621 24.0 3.0482889443524392 24.02562829589832 -0.042782362220203755
13.4925 2.0067223535852827 24.0 3.048223648199242 24.026103003752603 -0.04250014406645306
13.4975 2.0066768887798587 24.0 3.048159488693594 24.02658433527691 -0.04221617154077529
13.502500000000001 2.0066311642552153 24.0 3.0480965461497043 24.027072328729083 -0.041930514519679545
13.5075 2.006585191128043 24.0 3.048034899844329 24.027567020910418 -0.041643242477603495
13.5125 2.0065389804439615 24.0 3.047974627974381 24.02806844709375 -0.04135442447134536
13.5175 2.00649254317509 24.0 3.0479158076141255 24.02857664094951 -0.04106412912481622
13.5225 2.0064458902176816 24.0 3.0478585146719404 24.02909163446965 -0.040772424614114816
13.5275 2.0063990323898127 24.0 3.047802823846617 24.029613457889457 -0.04047937865292689
13.5325 2.0063519804290983 24.0 3.0477488085832167 24.03014213960728 -0.04018505847825138
13.537500000000001 2.006304744990526 24.0 3.047696541028454 24.030677706102082 -0.03988953083645652
13.5425 2.006257336644278 24.0 3.0476460919855937 24.031220181848887 -0.03959286196966611
13.5475 2.00620976587366 24.0 3.047597530868864 24.031769589231956 -0.039295117602478204
13.5525 2.0061620430730565 24.0 3.0475509256573723 24.032325948455885 -0.03899636292901836
13.557500000000001 2.006114178545957 24.0 3.0475063428485116 24.032889277454515 -0.03869666260032831
13.5625 2.006066182503045 24.0 3.047463847410885 24.033459591797623 -0.03839608071209057
13.567499999999999 2.00601806506032 24.0 3.0474235027366885 24.034036904595506 -0.038094680792690655
13.572500000000002 2.0059698362373046 24.0 3.0473853705936156 24.03462122640142 -0.03779252579161793
13.5775 2.0059215059552877 24.0 3.04734951107624 24.035212565111877 -0.03748967806820596
13.5825 2.0058730840356356 24.0 3.047315982556884 24.035810925864844 -0.03718619938071044
13.5875 2.0058245801981607 24.0 3.0472848416360234 24.036416310935884 -0.03688215087572884
13.592500000000001 2.005776004059541 24.0 3.0472561430921834 24.037028719632314 -0.03657759307795946
13.5975 2.0057273651317944 24.0 3.0472299398313742 24.03764814818538 -0.03627258588029998
13.6025 2.0056786728208182 24.0 3.0472062828360595 24.038274589640512 -0.03596718853428604
13.6075 2.005629936424987 24.0 3.047185221113712 24.038908033745777 -0.03566145964086965
13.6125 2.0055811651337945 24.0 3.0471668016449316 24.039548466838525 -0.035355457141536734
13.6175 2.0055323680265564 24.0 3.0471510693312043 24.040195871730454 -0.03504923830976272
13.6225 2.005483554071176 24.0 3.0471380669422903 24.040850227591044 -0.03474285974280576
13.627500000000001 2.005434732122964 24.0 3.0471278350633217 24.041511509829537 -0.03443637735383777
13.6325 2.0053859109234984 24.0 3.047120412041605 24.042179689975672 -0.034129846364410334
13.6375 2.0053370990995663 24.0 3.0471158339331987 24.042854735559104 -0.03382332129725535
13.6425 2.0052883051621286 24.0 3.047114134449342 24.043536609987875 -0.03351685596941937
13.6475 2.0052395375053726 24.0 3.0471153449027524 24.044225272426004 -0.033210503485729875
13.6525 2.0051908044057956 24.0 3.047119494153855 24.044920677670277 -0.03290431623259147
13.6575 2.005142114021347 24.0 3.0471266085570674 24.04562277602669 -0.032598345872110364
13.662500000000001 2.0050934743906192 24.0 3.0471367119071475 24.046331513186512 -0.0322926433365467
13.6675 2.005044893432129 24.0 3.0471498253857323 24.04704683010226 -0.03198725882309064
13.6725 2.004996378943575 24.0 3.047165967508138 24.047768662863877 -0.03168224178896119
13.6775 2.0049479386012314 24.0 3.0471851540705295 24.048496942575362 -0.0313776409468259
13.682500000000001 2.0048995799593317 24.0 3.047207398097557 24.04923159523209 -0.03107350426053877
13.6875 2.0048513104495376 24.0 3.047232709790548 24.049972541599082 -0.03076987894119322
13.692499999999999 2.0048031373804456 24.0 3.0472610964764257 24.050719697090642 -0.030466811443488395
13.697500000000002 2.0047550679371393 24.0 3.047292562557442 24.05147297165166 -0.03016434746240599
13.7025 2.00470710918081 24.0 3.047327109461848 24.052232269640793 -0.029862531930195568
13.7075 2.004659268048395 24.0 3.0473647355956732 24.052997489716105 -0.029561409013662485
13.7125 2.004611551352303 24.0 3.047405436295758 24.05376852472338 -0.02926102211175974
13.717500000000001 2.0045639657801573 24.0 3.047449203784184 24.05454526158759 -0.028961413853477804
13.7225 2.0045165178946007 24.0 3.0474960271242586 24.055327581207905 -0.028662626096029712
13.7275 2.0044692141331293 24.0 3.047545892178242 24.056115358356656 -0.028364699923328407
13.7325 2.004422060808011 24.0 3.047598781567 24.05690846158279 -0.02806767564475337
13.7375 2.004375064106201 24.0 3.04765467463175 24.05770675312016 -0.0277715927942028
13.7425 2.0043282300893335 24.0 3.047713547398102 24.058510088801242 -0.027476490129427152
13.7475 2.0042815646937573 24.0 3.047775372542584 24.059318317976697 -0.02718240563164099
13.752500000000001 2.0042350737305954 24.0 3.0478401193618705 24.060131283441308 -0.02688937650541036
13.7575 2.0041887628858657 24.0 3.0479077537449077 24.060948821366818 -0.026597439178810044
13.7625 2.004142637720627 24.0 3.0479782381481515 24.061770761242173 -0.026306629303848028
13.7675 2.0040967036711956 24.0 3.0480515315741505 24.062596925821758 -0.02601698175715335
13.7725 2.0040509660493666 24.0 3.0481275895536557 24.06342713108194 -0.02572853064092323
13.7775 2.0040054300426973 24.0 3.0482063641315285 24.064261186186858 -0.025441309284124778
13.7825 2.0039601007148256 24.0 3.048287803856632 24.0650988934637 -0.02515535024394768
13.787500000000001 2.0039149830058274 24.0 3.0483718537759343 24.065940048387972 -0.024870685307504588
13.7925 2.0038700817326034 24.0 3.0484584554330727 24.06678443957954 -0.024587345493773276
13.7975 2.003825401589316 24.0 3.0485475468715357 24.06763184880972 -0.024305361055777283
13.8025 2.0037809471478587 24.0 3.0486390626427635 24.06848205102014 -0.024024761483001002
13.807500000000001 2.003736722858356 24.0 3.0487329338193088 24.06933481435367 -0.02374557550403454
13.8125 2.0036927330496934 24.0 3.0488290880132687 24.070189900198017 -0.023467831089443454
13.817499999999999 2.0036489819301053 24.0 3.048927449400225 24.07104706324248 -0.023191555454859392
13.822500000000002 2.0036054735877626 24.0 3.049027938748824 24.071906051548154 -0.022916775064287482
13.8275 2.003562211991436 24.0 3.049130473456246 24.072766606632186 -0.022643515633626186
13.8325 2.003519200991122 24.0 3.0492349675896055 24.073628463566216 -0.022371802134392653
13.8375 2.0034764443187933 24.0 3.04934133193356 24.07449135108949 -0.022101658797652787
13.842500000000001 2.0034339455891 24.0 3.049449474044168 24.075354991737008 -0.021833109118148886
13.8475 2.0033917083001342 24.0 3.049559298309169 24.076219101982733 -0.02156617585862063
13.8525 2.0033497358342203 24.0 3.0496707060147124 24.077083392398162 -0.021300881054314977
13.8575 2.0033080314587375 24.0 3.049783595418671 24.077947567826577 -0.021037246017680842
13.8625 2.0032665983269573 24.0 3.049897861830553 24.078811327572687 -0.020775291343243317
13.8675 2.00322543947892 24.0 3.050013397698032 24.07967436560804 -0.020515036912652537
13.8725 2.00318455784232 24.0 3.0501300927001385 24.080536370792004 -0.02025650189990268
13.877500000000001 2.0031439562334463 24.0 3.050247833847029 24.08139702710824 -0.019999704776717402
13.8825 2.00310363735811 24.0 3.0503665055863025 24.082256013916467 -0.019744663318095296
13.8875 2.003063603812617 24.0 3.050485989915801 24.083113006219435 -0.019491394608011626
13.8925 2.0030238580847697 24.0 3.050606166502738 24.083967674944542 -0.019239915045271835
13.8975 2.00298440255486 24.0 3.050726912809006 24.08481968723985 -0.018990240349511862
13.9025 2.0029452394967295 24.0 3.050848104222543 24.08566870678412 -0.01874238556734013
13.9075 2.0029063710787964 24.0 3.0509696141944778 24.086514394110086 -0.018496365078616833
13.912500000000001 2.002867799365154 24.0 3.051091314381912 24.087356406940806 -0.01825219260286669
13.9175 2.002829526316648 24.0 3.0512130747959683 24.088194400537816 -0.01800988120581896
13.9225 2.002791553791986 24.0 3.0513347639548734 24.089028028060923 -0.01776944330607087
13.9275 2.0027538835488783 24.0 3.051456249041663 24.089856940938276 -0.01753089068187018
13.932500000000001 2.0027165172451773 24.0 3.0515773960661323 24.090680789245916 -0.01729423447801181
13.9375 2.002679456440025 24.0 3.0516980700306835 24.09149922209602 -0.017059485212843672
13.942499999999999 2.0026427025950477 24.0 3.051818135099732 24.092311888032853 -0.01682665278537743
13.947500000000002 2.002606257075534 24.0 3.0519374547723332 24.0931184354357 -0.016595746482499896
13.9525 2.0025701211516482 24.0 3.0520558920576097 24.093918512927726 -0.01636677498628083
13.9575 2.0025342959996313 24.0 3.052173309652362 24.094711769789313 -0.016139746381370442
13.9625 2.0024987827030456 24.0 3.052289570119961 24.09549785637361 -0.01591466816248549
13.967500000000001 2.002463582254005 24.0 3.052404536069724 24.096276424522422 -0.015691547241977258
13.9725 2.0024286955544293 24.0 3.0525180703362063 24.097047127981092 -0.015470389957477381
13.9775 2.002394123417304 24.0 3.052630036158627 24.097809622812868 -0.015251202079617396
13.9825 2.002359866567964 24.0 3.052740297361163 24.098563567814566 -0.015033988819817996
13.9875 2.002325925645339 24.0 3.052848718534648 24.09930862493495 -0.014818754838143345
13.9925 2.0022923012032847 24.0 3.052955165218725 24.10004445969336 -0.014605504251215927
13.9975 2.0022589937118487 24.0 3.0530595040810473 24.100770741590587 -0.014394240640187995
14.002500000000001 2.0022260035585844 24.0 3.0531616030883217 24.101487144499202 -0.014184967058766155
14.0075 2.0021933310498468 24.0 3.053261331665266 24.10219334702413 -0.013977686041283596
14.0125 2.002160976412124 24.0 3.0533585608430505 24.1028890328371 -0.01377239961081675
14.0175 2.002128939793348 24.0 3.053453163407123 24.103573891009095 -0.013569109287342472
14.0225 2.002097221264213 24.0 3.0535450140600817 24.10424761637868 -0.013367816095931535
14.0275 2.0020658208195075 24.0 3.053633989610961 24.10490990998391 -0.013168520574974155
14.0325 2.0020347383794372 24.0 3.053719969183648 24.10556047953998 -0.012971222784433993
14.037500000000001 2.002003973790981 24.0 3.0538028344091623 24.10619903987753 -0.012775922314127438
14.0425 2.0019735268291887 24.0 3.0538824695462212 24.106825313207096 -0.01258261829202318
14.0475 2.001943397198549 24.0 3.0539587614856742 24.107439029102334 -0.012391309392559018
14.0525 2.0019135845343046 24.0 3.054031599652245 24.1080399242346 -0.012201993844972524
14.057500000000001 2.0018840884038087 24.0 3.054100875909312 24.108627742114905 -0.012014669441641613
14.0625 2.001854908307841 24.0 3.0541664846496257 24.10920223328563 -0.011829333546431228
14.067499999999999 2.0018260436819646 24.0 3.0542283232424423 24.109763156374633 -0.011645983103042967
14.072500000000002 2.0017974938978416 24.0 3.0542862928483028 24.11031028003878 -0.01146461464336437
14.0775 2.0017692582645785 24.0 3.0543402993230204 24.11084338512348 -0.011285224295814727
14.0825 2.0017413360300598 24.0 3.0543902536407437 24.111362265658705 -0.011107807793682424
14.0875 2.001713726382258 24.0 3.0544360711936394 24.111866727137553 -0.010932360483453151
14.092500000000001 2.001686428450575 24.0 3.0544776696835787 24.11235658138827 -0.010758877333124047
14.0975 2.001659441307161 24.0 3.0545149661503124 24.112831639357115 -0.010587352940500946
14.1025 2.001632763968223 24.0 3.0545478747094506 24.113291705608095 -0.010417781541475808
14.1075 2.001606395395349 24.0 3.0545763072074905 24.11373657988004 -0.010250157018281657
14.1125 2.0015803344968 24.0 3.0546001785285597 24.114166069899344 -0.010084472907721746
14.1175 2.0015545801288233 24.0 3.0546194162910023 24.114580014817072 -0.009920722409369895
14.1225 2.0015291310969436 24.0 3.0546339714900435 24.114978310940806 -0.009758898393739432
14.127500000000001 2.001503986157255 24.0 3.054643823609548 24.115360924090034 -0.00959899341041848
14.1325 2.0014791440176927 24.0 3.0546489729077897 24.115727870918608 -0.009440999696167941
14.1375 2.0014546033393263 24.0 3.0546494159027944 24.116079159576252 -0.009284909182980135
14.1425 2.001430362737616 24.0 3.054645108044891 24.11641469934316 -0.00913071350609572
14.1475 2.0014064207836646 24.0 3.0546359281311437 24.11673421444859 -0.008978404011976169
14.1525 2.0013827760054954 24.0 3.054621667405679 24.117037217604384 -0.0088279717662292
14.1575 2.001359426889275 24.0 3.054602066264236 24.117323098752486 -0.008679407561484958
14.162500000000001 2.0013363718805346 24.0 3.054576908144699 24.11759135227884 -0.008532701925221235
14.1675 2.001313609385435 24.0 3.054546153446329 24.117841901240205 -0.008387845127534514
14.1725 2.001291137771946 24.0 3.054510063427222 24.118075397500043 -0.008244827188855249
14.1775 2.001268955371066 24.0 3.0544692393927 24.1182933169357 -0.008103637887605455
14.182500000000001 2.0012470604780175 24.0 3.0544245036582542 24.118497671564462 -0.007964266767796348
14.1875 2.0012254513534353 24.0 3.0543765889312953 24.11869025753099 -0.0078267031465639
14.192499999999999 2.0012041262245313 24.0 3.0543256819443814 24.11887154961645 -0.007690936121640656
14.197500000000002 2.0011830832862594 24.0 3.054270966033193 24.119039592492683 -0.007556954578762081
14.2025 2.0011623207024805 24.0 3.054210387634702 24.11918943369987 -0.007424747199005859
14.2075 2.0011418366070908 24.0 3.054140886182633 24.11931367884686 -0.007294302466061214
14.2125 2.0011216291051452 24.0 3.054059237806693 24.119404534217693 -0.0071656086734285
14.217500000000001 2.001101696273997 24.0 3.053963463110928 24.11945721765955 -0.007038653931546225
14.2225 2.001082036164372 24.0 3.0538544753411028 24.119473955206317 -0.006913426174844211
14.2275 2.001062646801492 24.0 3.053737379714234 24.119467136737565 -0.006789913168721543
14.2325 2.001043526186133 24.0 3.0536216890137036 24.11945984809701 -0.006668102516448183
14.2375 2.001024672295698 24.0 3.053519806091497 24.11948220000858 -0.006547981665988633
14.2425 2.0010060830852736 24.0 3.053443512043572 24.119562812598975 -0.006429537916746318
14.2475 2.0009877564886773 24.0 3.0533988727904458 24.11971645248194 -0.0063127584262275835
14.252500000000001 2.0009696904194625 24.0 3.0533807881705197 24.119930796747656 -0.006197630216624613
14.2575 2.0009518827719623 24.0 3.0533690739970694 24.120156919905845 -0.0060841401813153916
14.2625 2.0009343314222754 24.0 3.0533281576341436 24.12030855048074 -0.005972275091280169
14.2675 2.000917034229252 24.0 3.0532119731454737 24.12027392252726 -0.005862021601433563
14.2725 2.0008999890354686 24.0 3.0529745317060835 24.119941351317436 -0.005753366256871228
14.2775 2.0008831936681926 24.0 3.0525852347350253 24.119236297791034 -0.005646295499030098
14.2825 2.0008666459403273 24.0 3.052046589865487 24.118164366813076 -0.005540795671761538
14.287500000000001 2.0008503436513316 24.0 3.051410560548339 24.116851263857015 -0.005436853027317071
14.2925 2.00083428458816 24.0 3.050788063206147 24.11556642889402 -0.005334453732245264
14.2975 2.0008184665261344 24.0 3.0503443537331614 24.114712374818485 -0.005233583873199602
14.3025 2.0008028872298738 24.0 3.05027298899216 24.11476120647171 -0.0051342294626568405
14.307500000000001 2.000787544454125 24.0 3.050746006664978 24.1161320153932 -0.0050363764445451875
14.3125 2.000772435944654 24.0 3.051849986170115 24.119033324181483 -0.004940010699781705
14.317499999999999 2.000757559439075 24.0 3.053532550617423 24.123332534183696 -0.004845118051718675
14.322500000000002 2.0007429126676888 24.0 3.0555896658798813 24.128528008271324 -0.004751684271498649
14.3275 2.000728493354297 24.0 3.0577096707752003 24.13386104428033 -0.004659695083317993
14.3325 2.0007142992170013 24.0 3.0595595883972786 24.13852821547196 -0.004569136169597771
14.3375 2.000700327968993 24.0 3.060874603248 24.141896249228434 -0.004479993176063117
14.342500000000001 2.0006865773193248 24.0 3.061512419001745 24.143628461511753 -0.004392251716729974
14.3475 2.000673044973666 24.0 3.0614581338226414 24.143692320540843 -0.004305897378799277
14.3525 2.0006597286350507 24.0 3.0607916890042994 24.142279835300013 -0.004220915727458545
14.3575 2.0006466260045985 24.0 3.0596416893494105 24.139697652910066 -0.004137292310591009
14.3625 2.000633734782232 24.0 3.0581452580042816 24.13627237114075 -0.004055012663392115
14.3675 2.00062105266738 24.0 3.056422740112984 24.132290968690842 -0.003974062312893366
14.3725 2.0006085773596554 24.0 3.054567008030147 24.12797547774497 -0.003894426782393704
14.377500000000001 2.000596306559526 24.0 3.0526428674577915 24.12348137776787 -0.0038160915957988037
14.3825 2.000584237968971 24.0 3.0506916327854308 24.118908229487438 -0.0037390422818679827
14.3875 2.0005723692921236 24.0 3.0487372712288403 24.11431412168825 -0.0036632643783692065
14.3925 2.000560698235895 24.0 3.0467921114666527 24.10972918831684 -0.003588743436142523
14.3975 2.000549222510586 24.0 3.0448613155812785 24.105166260423438 -0.0035154650230721134
14.4025 2.00053793983048 24.0 3.042946013961419 24.100628374822534 -0.003443414727967151
14.4075 2.0005268479144482 24.0 3.041045318506023 24.096113622529888 -0.003372578164351951
14.412500000000001 2.000515944486482 24.0 3.039157514699263 24.091618036365514 -0.0033029409741660303
14.4175 2.00050522727628 24.0 3.0372807073751193 24.087137166012617 -0.0032344888313740484
14.4225 2.0004946940197765 24.0 3.0354131309457455 24.08266684216389 -0.0031672074454863605
14.4275 2.0004843424596683 24.0 3.033553269079345 24.078203477239356 -0.00310108256499073
14.432500000000001 2.0004741703459294 24.0 3.0316998755942706 24.07374412398935 -0.003036099980695639
14.4375 2.000464175436302 24.0 3.0298519504660244 24.069286422770812 -0.0029722455289856228
14.442499999999999 2.0004543554968057 24.0 3.0280087002123235 24.06482850900279 -0.0029095050949893573
14.447500000000002 2.0004447083021852 24.0 3.026169497058969 24.060368916310644 -0.0028478646156611252
14.4525 2.00043523163638 24.0 3.024333842951289 24.055906490542093 -0.002787310082776394
14.4575 2.000425923292967 24.0 3.0225013401684513 24.051440319255487 -0.0027278275458415845
14.4625 2.0004167810755957 24.0 3.0206716683104675 24.046969676344172 -0.0026694031149195967
14.467500000000001 2.000407802798405 24.0 3.018844566679805 24.042493979560703 -0.0026120229633712043
14.4725 2.0003989862864273 24.0 3.017019820935208 24.03801275829898 -0.0025556733305131586
14.4775 2.000390329375991 24.0 3.0151972530072575 24.033525629228397 -0.0025003405241938036
14.4825 2.0003818299150824 24.0 3.0133767134561875 24.029032277817436 -0.002446010923287079
14.4875 2.0003734857637396 24.0 3.0115580756434848 24.02453244423591 -0.0023926709801055973
14.4925 2.0003652947943817 24.0 3.0097412312497855 24.0200259125097 -0.0023403072227335636
14.4975 2.000357254892171 24.0 3.007926086796663 24.0155125021017 -0.0022889062572804294
14.502500000000001 2.000349363955333 24.0 3.0061125609227988 24.010992061316685 -0.0022384547700563156
14.5075 2.0003416198954844 24.0 3.0043005822324558 24.006464462090246 -0.002188939529669745
14.5125 2.0003340206379185 24.0 3.002490087582415 24.001929595838405 -0.0021403473890487666
14.5175 2.000326564121936 24.0 3.000681020708075 23.997387370128003 -0.0020926652873864207
14.5225 2.000319248301099 24.0 2.998873331114338 23.992837705988148 -0.0020458802520114004
14.5275 2.000312071143505 24.0 2.9970669731748414 23.988280535726407 -0.0019999794001847528
14.5325 2.000305030632072 24.0 2.9952619053963696 23.983715801145244 -0.0019549499408236647
14.537500000000001 2.000298124764751 24.0 2.9934580898149523 23.97914345207779 -0.0019107791761534087
14.5425 2.000291351554799 24.0 2.9916554914977107 23.974563445180266 -0.0018674545032881485
14.5475 2.0002847090309883 24.0 2.989854078129938 23.969975742931346 -0.0018249634157417535
14.5525 2.0002781952378177 24.0 2.988053819671287 23.965380312799308 -0.0017832935048696509
14.557500000000001 2.000271808235742 24.0 2.9862546880682306 23.960777126546063 -0.0017424324612426466
14.5625 2.0002655461013368 24.0 2.9844566570125157 23.95616615964301 -0.0017023680759536896
14.567499999999999 2.0002594069275226 24.0 2.982659701737423 23.951547390778885 -0.0016630882418586233
14.572500000000002 2.0002533888236944 24.0 2.9808637988451667 23.94692080144349 -0.0016245809547520364
14.5775 2.000247489915928 24.0 2.9790689261600836 23.942286375574138 -0.0015868343144792335
14.5825 2.0002417083471093 24.0 2.9772750626032476 23.937644099254392 -0.0015498365259850604
14.5875 2.0002360422771037 24.0 2.9754821880849587 23.93299396045641 -0.0015135759003011252
14.592500000000001 2.000230489882866 24.0 2.973690283412189 23.928335948819687 -0.0014780408554721266
14.5975 2.00022504935859 24.0 2.971899330208605 23.923670055460573 -0.0014432199174223808
14.6025 2.000219718915813 24.0 2.970109310845178 23.918996272807615 -0.0014091017207636532
14.6075 2.0002144967835367 24.0 2.9683202083797724 23.914314594458872 -0.0013756750095453728
14.6125 2.000209381208327 24.0 2.9665320065043295 23.909625015057713 -0.001342928637948273
14.6175 2.00020437045439 24.0 2.9647446894985316 23.904927530184516 -0.0013108515709224376
14.6225 2.0001994628036814 24.0 2.962958242189015 23.900222136261924 -0.0012794328847708784
14.627500000000001 2.000194656555958 24.0 2.961172649913327 23.895508830471726 -0.0012486617676797918
14.6325 2.0001899500288642 24.0 2.959387898487945 23.89078761068167 -0.0012185275201963789
14.6375 2.0001853415579807 24.0 2.95760397417983 23.88605847538092 -0.0011890195556553734
14.6425 2.0001808294968795 24.0 2.95582086368101 23.88132142362293 -0.001160127400555392
14.6475 2.0001764122171677 24.0 2.954038554085802 23.876576454974845 -0.0011318406948861042
14.6525 2.0001720881085228 24.0 2.952257032870328 23.87182356947244 -0.0011041491924072358
14.6575 2.0001678555787326 24.0 2.95047628787403 23.867062767580013 -0.001077042760880501
14.662500000000001 2.0001637130536984 24.0 2.9486963072829253 23.86229405015456 -0.0010505113822555899
14.6675 2.0001596589774673 24.0 2.9469170796143995 23.857517418413664 -0.0010245451528110988
14.6725 2.0001556918122416 24.0 2.945138593703324 23.85273287390669 -0.000999134283251522
14.6775 2.0001518100383593 24.0 2.943360838689385 23.847940418488903 -0.0009742690987613823
14.682500000000001 2.0001480121543245 24.0 2.941583804005439 23.843140054298132 -0.000949940039017481
14.6875 2.00014429667676 24.0 2.939807479366788 23.838331783733693 -0.0009261376581602602
14.692499999999999 2.0001406621404265 24.0 2.938031854761286 23.833515609437335 -0.0009028526247253307
14.697500000000002 2.000137107098161 24.0 2.93625692044017 23.828691534275965 -0.0008800757215362107
14.7025 2.00013363012089 24.0 2.934482666909538 23.823859561325957 -0.0008577978455592812
14.7075 2.000130229797563 24.0 2.932709084922392 23.819019693858817 -0.0008360100077217791
14.7125 2.0001269047351284 24.0 2.9309361654712225 23.81417193532824 -0.0008147033326941079
14.717500000000001 2.0001236535584823 24.0 2.9291638997810447 23.80931628935819 -0.0007938690586372512
14.7225 2.0001204749104278 24.0 2.927392279302837 23.804452759731987 -0.0007734985369162929
14.7275 2.0001173674516 24.0 2.925621295707382 23.799581350382418 -0.0007535832317810315
14.7325 2.000114329860437 24.0 2.923850940879424 23.794702065382484 -0.0007341147200146679
14.7375 2.0001113608330865 24.0 2.922081206912138 23.789814908937075 -0.0007150846905515005
14.7425 2.000108459083343 24.0 2.920312086101878 23.784919885375135 -0.0006964849440645162
14.7475 2.0001056233425842 24.0 2.918543570943177 23.780016999142607 -0.0006783073925238568
14.752500000000001 2.0001028523596935 24.0 2.916775654123966 23.775106254795745 -0.0006605440587271216
14.7575 2.0001001449009546 24.0 2.915008328521022 23.770187656995063 -0.0006431870758023093
14.7625 2.0000974997499887 24.0 2.913241587195581 23.765261210499617 -0.000626228686684365
14.7675 2.000094915707666 24.0 2.9114754233891267 23.760326920161766 -0.0006096612435662354
14.7725 2.0000923915919806 24.0 2.9097098305193754 23.755384790922296 -0.0005934772073252876
14.7775 2.000089926238 24.0 2.9079448021763588 23.75043482780587 -0.0005776691469259322
14.7825 2.0000875184977174 24.0 2.9061803321186823 23.745477035916785 -0.0005622297387993345
14.787500000000001 2.0000851672399764 24.0 2.904416414269871 23.74051142043495 -0.0005471517662011046
14.7925 2.000082871350358 24.0 2.9026530427148622 23.735537986612254 -0.000532428118547706
14.7975 2.0000806297310603 24.0 2.9008902116965984 23.73055673976907 -0.0005180517907324611
14.8025 2.00007844130079 24.0 2.8991279156127123 23.725567685291015 -0.0005040158824219787
14.807500000000001 2.0000763049946593 24.0 2.8973661490123086 23.720570828625892 -0.0004903135973337794
14.8125 2.000074219764033 24.0 2.895604906592826 23.715566175280806 -0.0004769382424958915
14.817499999999999 2.000072184576445 24.0 2.893844183197006 23.710553730819512 -0.0004638832274892067
14.822500000000002 2.0000701984154454 24.0 2.892083973809907 23.705533500859808 -0.0004511420636733829
14.8275 2.000068260280483 24.0 2.890324273555999 23.700505491071148 -0.0004387083633970451
14.8325 2.00006636918679 24.0 2.8885650776963554 23.695469707172464 -0.0004265758391929221
14.8375 2.000064524165219 24.0 2.8868063816258607 23.690426154929867 -0.00041473830295881114
14.842500000000001 2.000062724262139 24.0 2.8850481808705153 23.685374840154722 -0.0004031896651249722
14.8475 2.0000609685392883 24.0 2.8832904710847833 23.680315768701725 -0.00039192393380867066
14.8525 2.000059256073635 24.0 2.8815332480490086 23.67524894646704 -0.0003809352139565719
14.8575 2.000057585957241 24.0 2.8797765076668607 23.670174379386555 -0.0003702177064756751
14.8625 2.0000559572971213 24.0 2.878020245962846 23.665092073434245 -0.00035976570735344194
14.8675 2.000054369215107 24.0 2.8762644590798843 23.66000203462065 -0.00034957360676774954
14.8725 2.000052820847689 24.0 2.874509143276888 23.65490426899129 -0.0003396358881873259
14.877500000000001 2.0000513113458886 24.0 2.8727542949264286 23.649798782625304 -0.0003299471274633258
14.8825 2.000049839875097 24.0 2.870999910512424 23.644685581634082 -0.00032050199191259953
14.8875 2.0000484056149377 24.0 2.8692459866278766 23.639564672159942 -0.00031129523939328987
14.8925 2.0000470077591213 24.0 2.8674925199726324 23.634436060374888 -0.00030232171737336024
14.8975 2.000045645515282 24.0 2.8657395073512113 23.62929975247942 -0.00029357636199261295
14.9025 2.0000443181048384 24.0 2.8639869456706464 23.624155754701384 -0.0002850541971187504
14.9075 2.000043024762841 24.0 2.862234831938379 23.619004073294892 -0.0002767503333980441
14.912500000000001 2.0000417647378277 24.0 2.8604831632601737 23.61384471453926 -0.00026865996730117696
14.9175 2.000040537291648 24.0 2.8587319368380957 23.608677684738026 -0.0002607783801647348
14.9225 2.0000393416993387 24.0 2.8569811499684783 23.60350299021796 -0.00025310093722889115
14.9275 2.0000381772489533 24.0 2.8552308000399647 23.59832063732813 -0.000245623086671796
14.932500000000001 2.0000370432414196 24.0 2.8534808845315585 23.593130632438996 -0.0002383403586411489
14.9375 2.000035938990379 24.0 2.851731401010722 23.587932981941584 -0.00023124836428342147
14.942499999999999 2.000034863822016 24.0 2.8499823471314847 23.582727692246635 -0.00022434279477121034
14.947500000000002 2.0000338170749488 24.0 2.8482337206326056 23.577514769783797 -0.00021761942032918214
14.9525 2.0000327981000305 24.0 2.846485519335755 23.57229422100086 -0.0002110740892590555
14.9575 2.000031806260208 24.0 2.8447377411437236 23.56706605236302 -0.00020470272696399778
14.9625 2.000030840930384 24.0 2.842990384038657 23.561830270352118 -0.00019850133497294268
14.967500000000001 2.000029901497244 24.0 2.841243446080342 23.556586881466036 -0.00019246598996517652
14.9725 2.000028987359108 24.0 2.8394969254044917 23.551335892217956 -0.0001865928427956008
14.9775 2.0000280979257763 24.0 2.837750820221063 23.54607730913569 -0.00018087811752106003
14.9825 2.0000272326183786 24.0 2.8360051288126265 23.540811138761118 -0.00017531811042811722
14.9875 2.000026390869215 24.0 2.834259849532733 23.53553738764954 -0.00016990918906263362
14.9925 2.0000255721216083 24.0 2.83251498080433 23.53025606236914 -0.00016464779126149174
14.9975 2.0000247758297576 24.0 2.8307705211181853 23.524967169500343 -0.00015953042418681592
15.002500000000001 2.0000240014585633 24.0 2.8290264690313474 23.519670715635304 -0.00015455366336303194
15.0075 2.0000232484835005 24.0 2.8272828231656346 23.514366707377402 -0.00014971415171705627
15.0125 2.0000225163904566 24.0 2.825539582206133 23.50905515134069 -0.00014500859862194131
15.0175 2.000021804675586 24.0 2.8237967448997483 23.503736054149414 -0.00014043377894428023
15.0225 2.000021112845151 24.0 2.8220543100537374 23.49840942243748 -0.00013598653209565307
15.0275 2.0000204404153825 24.0 2.820312276534314 23.493075262848063 -0.00013166376108838434
15.0325 2.0000197869123344 24.0 2.8185706432652498 23.487733582033112 -0.00012746243159588938
15.037500000000001 2.000019151871719 24.0 2.816829409226508 23.48238438665295 -0.00012337957101787937
15.0425 2.000018534838784 24.0 2.8150885734528863 23.47702768337576 -0.00011941226755064885
15.0475 2.000017935368148 24.0 2.8133481350327054 23.471663478877247 -0.00011555766926269938
15.0525 2.0000173530236633 24.0 2.8116080931065026 23.466291779840198 -0.00011181298317593438
15.057500000000001 2.0000167873782755 24.0 2.809868446865747 23.460912592954074 -0.00010817547435263879
15.0625 2.0000162380138753 24.0 2.808129195551604 23.45552592491472 -0.00010464246498845123
15.067499999999999 2.0000157045211506 24.0 2.8063903384536903 23.450131782423895 -0.00010121133351153556
15.072500000000002 2.0000151864994686 24.0 2.804651874908865 23.44473017218898 -9.78795136881521e-05
15.0775 2.0000146835567074 24.0 2.8029138043000397 23.439321100922587 -9.464449373481319e-05
15.0825 2.0000141953091397 24.0 2.8011761260550103 23.433904575342268 -9.150381543717379e-05
15.0875 2.0000137213812796 24.0 2.7994388396453167 23.428480602170154 -8.845507327586906e-05
15.092500000000001 2.0000132614057615 24.0 2.797701944585105 23.42304918813266 -8.549591355942927e-05
15.0975 2.000012815023186 24.0 2.7959654404300354 23.417610339960184 -8.262403356442901e-05
15.1025 2.000012381882003 24.0 2.7942293267761897 23.41216406438676 -7.983718068301887e-05
15.1075 2.0000119616383727 24.0 2.792493603259003 23.40671036814982 -7.713315157797857e-05
15.1125 2.00001155395603 24.0 2.7907582695522333 23.40124925798993 -7.450979134541856e-05
15.1175 2.0000111585061613 24.0 2.789023325366921 23.395780740650444 -7.196499268524574e-05
15.1225 2.000010774967268 24.0 2.787288770450389 23.390304822877305 -6.949669507951317e-05
15.127500000000001 2.000010403025047 24.0 2.785554604585256 23.384821511418743 -6.710288397876785e-05
15.1325 2.0000100423722578 24.0 2.783820827588468 23.37933081302506 -6.478158999648221e-05
15.1375 2.0000096927085957 24.0 2.782087439310356 23.373832734448392 -6.253088811167093e-05
15.1425 2.0000093537405736 24.0 2.7803544396337 23.368327282442458 -6.0348896879783114e-05
15.1475 2.000009025181396 24.0 2.778621828472814 23.362814463762312 -5.8233777651946096e-05
15.1525 2.000008706750842 24.0 2.776889605772655 23.357294285164137 -5.6183733802631743e-05
15.1575 2.00000839817514 24.0 2.7751577715079416 23.351766753405062 -5.419700996581658e-05
15.162500000000001 2.000008099186855 24.0 2.773426325682313 23.346231875242935 -5.2271891279703214e-05
15.1675 2.0000078095247558 24.0 2.7716952683274614 23.340689657436116 -5.040670264004711e-05
15.1725 2.00000752893372 24.0 2.769964599502335 23.335140106743317 -4.859980796214508e-05
15.1775 2.0000072571646195 24.0 2.768234319292299 23.3295832299233 -4.684960945153261e-05
15.182500000000001 2.000006993974176 24.0 2.7665044278083646 23.324019033734835 -4.515454688342568e-05
15.1875 2.0000067391248963 24.0 2.764774925186417 23.318447524936435 -4.351309689093828e-05
15.192499999999999 2.0000064923849177 24.0 2.7630458115864487 23.312868710286246 -4.1923772262107e-05
15.197500000000002 2.0000062535279337 24.0 2.761317087191817 23.307282596541825 -4.0385121245747926e-05
15.2025 2.0000060223330594 24.0 2.759588752208517 23.301689190460017 -3.889572686616489e-05
15.2075 2.000005798584746 24.0 2.7578608068644725 23.29608849879677 -3.745420624671021e-05
15.2125 2.0000055820726694 24.0 2.7561332514088397 23.29048052830702 -3.6059209942227246e-05
15.217500000000001 2.000005372591623 24.0 2.754406086111325 23.284865285744512 -3.470942128036558e-05
15.2225 2.0000051699414096 24.0 2.7526793112615158 23.279242777861658 -3.340355571177138e-05
15.2275 2.0000049739267656 24.0 2.7509529271682336 23.273613011409452 -3.214036016915016e-05
15.2325 2.000004784357236 24.0 2.7492269341588917 23.267975993137263 -3.0918612435195735e-05
15.2375 2.000004601047089 24.0 2.7475013325788717 23.262331729792766 -2.973712051937154e-05
15.2425 2.0000044238152164 24.0 2.745776122790918 23.256680228121773 -2.859472204352634e-05
15.2475 2.000004252485046 24.0 2.744051305174536 23.251021494868134 -2.7490283636326858e-05
15.252500000000001 2.0000040868844313 24.0 2.7423268801254186 23.245355536773683 -2.6422700336487474e-05
15.2575 2.0000039268455807 24.0 2.7406028480548654 23.23968236057801 -2.5390895004763294e-05
15.2625 2.0000037722049497 24.0 2.738879209389234 23.234001973018433 -2.4393817744680962e-05
15.2675 2.0000036228031615 24.0 2.7371559645693995 23.228314380829897 -2.3430445331974684e-05
15.2725 2.000003478484911 24.0 2.735433114050214 23.222619590744834 -2.2499780652689904e-05
15.2775 2.00000333909889 24.0 2.7337106583000006 23.21691760949311 -2.1600852149913526e-05
15.2825 2.000003204497682 24.0 2.731988597800033 23.21120844380188 -2.0732713279090506e-05
15.287500000000001 2.0000030745377053 24.0 2.7302669330440468 23.205492100395542 -1.989444197188412e-05
15.2925 2.0000029490791102 24.0 2.7285456645377586 23.199768585995628 -1.9085140108527086e-05
15.2975 2.000002827985702 24.0 2.7268247927984066 23.19403790732077 -1.8303932998616656e-05
15.3025 2.0000027111248557 24.0 2.7251043183542727 23.188300071086534 -1.7549968870301737e-05
15.307500000000001 2.000002598367463 24.0 2.723384241744239 23.182555084005447 -1.6822418367806035e-05
15.3125 2.0000024895878163 24.0 2.7216645635173586 23.17680295278683 -1.6120474057228993e-05
15.317499999999999 2.0000023846635697 24.0 2.7199452842324208 23.171043684136784 -1.5443349940566515e-05
15.322500000000002 2.000002283475628 24.0 2.7182264044575373 23.16527728475813 -1.4790280977891e-05
15.3275 2.0000021859081114 24.0 2.716507924769743 23.159503761350294 -1.4160522617627697e-05
15.3325 2.000002091848251 24.0 2.7147898457545914 23.153723120609293 -1.3553350334857021e-05
15.3375 2.0000020011863375 24.0 2.7130721680057763 23.147935369227643 -1.2968059177584606e-05
15.342500000000001 2.0000019138156406 24.0 2.7113548921247537 23.142140513894333 -1.2403963320904768e-05
15.3475 2.0000018296323496 24.0 2.7096380187203777 23.13633856129475 -1.186039562898847e-05
15.3525 2.00000174853549 24.0 2.7079215484085424 23.13052951811064 -1.1336707224824584e-05
15.3575 2.0000016704268946 24.0 2.7062054818118364 23.12471339102005 -1.0832267067642804e-05
15.3625 2.0000015952110783 24.0 2.704489819559205 23.118890186697296 -1.0346461537942637e-05
15.3675 2.000001522795232 24.0 2.702774562285625 23.11305991181291 -9.878694030052857e-06
15.3725 2.0000014530891326 24.0 2.7010597106317746 23.107222573033557 -9.428384552145287e-06
15.377500000000001 2.0000013860050814 24.0 2.699345265243735 23.101378177022088 -8.99496933362692e-06
15.3825 2.000001321457857 24.0 2.6976312267726787 23.09552673043742 -8.577900439828756e-06
15.3875 2.0000012593646344 24.0 2.695917595874576 23.089668239934532 -8.176645393913645e-06
15.3925 2.0000011996449527 24.0 2.694204373209901 23.083802712164402 -7.790686805923072e-06
15.3975 2.0000011422206385 24.0 2.692491559443383 23.077930153774062 -7.419522008881057e-06
15.4025 2.0000010870157565 24.0 2.6907791552437033 23.07205057140648 -7.062662701873008e-06
15.4075 2.000001033956567 24.0 2.689067161283245 23.066163971700547 -6.719634600017219e-06
15.412500000000001 2.0000009829714465 24.0 2.687355578237831 23.06027036129107 -6.389977091247506e-06
15.4175 2.000000933990858 24.0 2.6856444067864818 23.054369746808753 -6.073242899820807e-06
15.4225 2.0000008869472836 24.0 2.6839336476111777 23.04846213488016 -5.768997756467254e-06
15.4275 2.0000008417751975 24.0 2.6822233013966117 23.04254753212767 -5.476820075098555e-06
15.432500000000001 2.00000079841098 24.0 2.6805133688299776 23.036625945169526 -5.1963006359894e-06
15.4375 2.0000007567929035 24.0 2.6788038506007403 23.030697380619745 -4.927042275346514e-06
15.442499999999999 2.0000007168610714 24.0 2.677094747400417 23.024761845088143 -4.668659581180621e-06
15.447500000000002 2.0000006785573534 24.0 2.675386059922386 23.01881934518032 -4.420778595396129e-06
15.4525 2.000000641825383 24.0 2.673677788861661 23.0128698874976 -4.183036522013233e-06
15.4575 2.000000606610474 24.0 2.6719699349147175 23.00691347863708 -3.955081441434704e-06
15.4625 2.000000572859585 24.0 2.6702624987792944 23.000950125191576 -3.7365720306750483e-06
15.467500000000001 2.0000005405212944 24.0 2.6685554811542085 22.99497983374964 -3.5271772894643536e-06
15.4725 2.0000005095457407 24.0 2.666848882739186 22.989002610895525 -3.326576272141442e-06
15.4775 2.000000479884588 24.0 2.6651427042346794 22.983018463209223 -3.134457825251456e-06
15.482500000000002 2.0000004514909793 24.0 2.6634369463417045 22.977027397266387 -2.9505203307626352e-06
15.4875 2.0000004243195137 24.0 2.66173160976168 22.971029419638384 -2.774471454817484e-06
15.4925 2.0000003983261894 24.0 2.660026695196274 22.96502453689227 -2.606027901931984e-06
15.4975 2.0000003734683762 24.0 2.6583222033472538 22.959012755590805 -2.444915174560732e-06
15.502500000000001 2.0000003497047754 24.0 2.6566181349163296 22.952994082292456 -2.290867337942194e-06
15.5075 2.0000003269953868 24.0 2.6549144906050275 22.946968523551345 -2.1436267901404415e-06
15.5125 2.0000003053014703 24.0 2.653211271114541 22.940936085917304 -2.0029440372001085e-06
15.5175 2.0000002845855223 24.0 2.6515084771456063 22.93489677593583 -1.86857747333168e-06
15.5225 2.0000002648112174 24.0 2.649806109398369 22.928850600148113 -1.7402931660442472e-06
15.5275 2.0000002459434034 24.0 2.6481041685722735 22.922797565091066 -1.617864646143432e-06
15.5325 2.000000227948052 24.0 2.6464026553659292 22.916737677297263 -1.5010727025129523e-06
15.537500000000001 2.00000021079224 24.0 2.6447015704770065 22.910670943295 -1.389705181599174e-06
15.5425 2.0000001944440977 24.0 2.6430009146021236 22.90459736960829 -1.283556791517246e-06
15.5475 2.000000178872809 24.0 2.6413006884367434 22.898516962756855 -1.1824289106992786e-06
15.5525 2.000000164048555 24.0 2.639600892675062 22.892429729256126 -1.0861294010053078e-06
15.557500000000001 2.000000149942505 24.0 2.6379015280099214 22.88633567561725 -9.944724252180275e-07
15.5625 2.000000136526771 24.0 2.6362025951327066 22.88023480834712 -9.072782688430747e-07
15.567499999999999 2.0000001237743996 24.0 2.6345040947332583 22.874127133948384 -8.24373166137557e-07
15.572500000000002 2.000000111659328 24.0 2.6328060274997807 22.868012658919426 -7.455891302900844e-07
15.5775 2.0000001001563725 24.0 2.631108394118767 22.86189138975441 -6.707637876762752e-07
15.5825 2.000000089241195 24.0 2.6294111952749084 22.85576333294325 -5.997402161136923e-07
15.5875 2.0000000788902814 24.0 2.627714431651022 22.84962849497167 -5.323667870426145e-07
15.592500000000001 2.0000000690809117 24.0 2.626018103927973 22.843486882321198 -4.684970115580191e-07
15.5975 2.0000000597911467 24.0 2.6243222127846044 22.837338501469162 -4.0798939021975433e-07
15.6025 2.0000000509998026 24.0 2.622626758897673 22.831183358888723 -3.507072665686143e-07
15.607500000000002 2.000000042686412 24.0 2.62093174294178 22.825021461048916 -2.9651868427678607e-07
15.6125 2.000000034831233 24.0 2.619237165589304 22.818852814414573 -2.452962478619007e-07
15.6175 2.000000027415207 24.0 2.617543027510348 22.812677425446424 -1.9691698689426088e-07
15.6225 2.000000020419934 24.0 2.6158493293726828 22.806495300601057 -1.5126222362878565e-07
15.627500000000001 2.000000013827669 24.0 2.6141560718416774 22.800306446330907 -1.0821744399283947e-07
15.6325 2.0000000076212943 24.0 2.6124632555802574 22.794110869084324 -6.767217186250092e-08
15.6375 2.000000001784295 24.0 2.61077088124886 22.787908575305593 -2.95198465606592e-08
15.6425 1.9999999963007526 24.0 2.609078949505382 22.78169957143493 6.342296488855986e-09
15.6475 1.9999999911553186 24.0 2.6073874610051373 22.77548386390851 4.001334201616047e-08
15.6525 1.9999999863331914 24.0 2.6056964164008067 22.769261459158457 7.158880813339281e-08
15.6575 1.999999981820117 24.0 2.604005816342404 22.763032363612922 1.0116075659920278e-07
15.662500000000001 1.9999999776023556 24.0 2.6023156614772462 22.756796583696083 1.2881790018196535e-07
15.6675 1.999999973666667 24.0 2.6006259524498976 22.750554125828135 1.5464570718346412e-07
15.6725 1.9999999700003082 24.0 2.5989366899021453 22.74430499642533 1.7872650318360263e-07
15.6775 1.999999966591005 24.0 2.597247874472971 22.738049201900015 2.0113957006593417e-07
15.682500000000001 1.9999999634269392 24.0 2.5955595067985175 22.731786748660625 2.2196124238299644e-07
15.6875 1.9999999604967353 24.0 2.5938715875120595 22.725517643111687 2.4126500111955035e-07
15.692499999999999 1.99999995778945 24.0 2.5921841172439732 22.719241891653866 2.591215649108789e-07
15.697500000000002 1.9999999552945524 24.0 2.5904970966217116 22.712959500683922 2.7559897877246695e-07
15.7025 1.9999999530019161 24.0 2.588810526269782 22.706670476594788 2.907627003965192e-07
15.7075 1.999999950901795 24.0 2.5871244068097217 22.700374825775555 3.04675684070048e-07
15.7125 1.9999999489848304 24.0 2.5854387388600815 22.69407255461146 3.173984622680393e-07
15.717500000000001 1.9999999472420154 24.0 2.5837535230363993 22.68776366948397 3.2898922497472817e-07
15.7225 1.9999999456647057 24.0 2.582068759951194 22.681448176770786 3.395038967849579e-07
15.7275 1.9999999442445933 24.0 2.580384450213947 22.67512608284585 3.48996211836765e-07
15.732500000000002 1.999999942973691 24.0 2.578700594431078 22.6687973940794 3.5751778662548174e-07
15.7375 1.9999999418443368 24.0 2.5770171932059425 22.66246211683795 3.6511819074880834e-07
15.7425 1.9999999408491793 24.0 2.575334247138814 22.65612025748438 3.718450156315406e-07
15.7475 1.9999999399811483 24.0 2.5736517568268784 22.64977182237788 3.7774394127760033e-07
15.752500000000001 1.99999993923348 24.0 2.571969722864223 22.643416817874044 3.8285880109639036e-07
15.7575 1.999999938599667 24.0 2.570288145841814 22.63705525032481 3.8723164484957234e-07
15.7625 1.9999999380734845 24.0 2.5686070263475145 22.63068712607855 3.909027997635313e-07
15.7675 1.9999999376489606 24.0 2.5669263649660605 22.624312451480048 3.939109298520046e-07
15.7725 1.9999999373203698 24.0 2.5652461622790623 22.617931232870564 3.962930934925364e-07
15.7775 1.9999999370822286 24.0 2.563566418864996 22.611543476587777 3.9808479929961585e-07
15.7825 1.9999999369292896 24.0 2.561887135299199 22.605149188965854 3.993200603365469e-07
15.787500000000001 1.9999999368565133 24.0 2.56020831215387 22.59874837633546 4.000314467073189e-07
15.7925 1.999999936859101 24.0 2.5585299499980687 22.592341045023776 4.00250136568967e-07
15.7975 1.9999999369324408 24.0 2.5568520493977154 22.585927201354554 4.000059656041228e-07
15.8025 1.9999999370721298 24.0 2.555174610915589 22.579506851648077 3.9932747499270325e-07
15.807500000000001 1.999999937273958 24.0 2.5534976351113268 22.573080002221214 3.9824195792090693e-07
15.8125 1.999999937533901 24.0 2.5518211225414333 22.56664665938749 3.9677550466495557e-07
15.817499999999999 1.9999999378481128 24.0 2.5501450737592775 22.560206829457012 3.9495304628625654e-07
15.822500000000002 1.999999938212922 24.0 2.5484694893150914 22.553760518736553 3.927983969739347e-07
15.8275 1.9999999386248237 24.0 2.5467943697559887 22.54730773352958 3.9033429506995935e-07
15.8325 1.9999999390804801 24.0 2.545119715625955 22.54084848013624 3.875824428113487e-07
15.8375 1.9999999395766876 24.0 2.5434455274658605 22.534382764853426 3.8456354482326376e-07
15.842500000000001 1.9999999401104167 24.0 2.5417718058134637 22.527910593974738 3.8129734539606494e-07
15.8475 1.9999999406787612 24.0 2.540098551203421 22.521431973790587 3.778026645787303e-07
15.8525 1.9999999412789629 24.0 2.5384257641672914 22.514946910588122 3.740974331203371e-07
15.857500000000002 1.999999941908393 24.0 2.536753445233529 22.508455410651273 3.7019872629066063e-07
15.8625 1.9999999425645498 24.0 2.5350815949275227 22.501957480260838 3.661227966102474e-07
15.8675 1.9999999432450561 24.0 2.533410213771578 22.495453125694425 3.6188510551966117e-07
15.8725 1.999999943947647 24.0 2.5317393022849375 22.488942353226527 3.5750035401699305e-07
15.877500000000001 1.9999999446701777 24.0 2.5300688609837954 22.482425169128554 3.529825122920495e-07
15.8825 1.9999999454106094 24.0 2.5283988903812924 22.475901579668758 3.4834484838500127e-07
15.8875 1.9999999461670028 24.0 2.5267293909875352 22.46937159111237 3.4359995589668213e-07
15.8925 1.999999946937523 24.0 2.525060363309612 22.462835209721554 3.3875978077710227e-07
15.8975 1.999999947720435 24.0 2.5233918078515916 22.45629244175544 3.3383564721813413e-07
15.9025 1.999999948514086 24.0 2.521723725114542 22.44974329347014 3.288382826757395e-07
15.9075 1.9999999493169267 24.0 2.520056115596546 22.4431877711188 3.237778420465162e-07
15.912500000000001 1.9999999501274728 24.0 2.5183889797927073 22.43662588095159 3.1866393102280974e-07
15.9175 1.9999999509443345 24.0 2.5167223181951544 22.43005762921569 3.1350562864999374e-07
15.9225 1.999999951766206 24.0 2.5150561312930773 22.42348302215543 3.083115091090355e-07
15.9275 1.9999999525918397 24.0 2.5133904195727195 22.416902066012184 3.030896627468966e-07
15.932500000000001 1.9999999534200652 24.0 2.5117251835173997 22.41031476702444 2.978477163767709e-07
15.9375 1.9999999542497922 24.0 2.5100604236075252 22.40372113142784 2.9259285286963165e-07
15.942499999999999 1.9999999550799794 24.0 2.5083961403206 22.397121165455182 2.873318300580591e-07
15.947500000000002 1.9999999559096604 24.0 2.506732334131245 22.390514875336404 2.820709989728062e-07
15.9525 1.99999995673792 24.0 2.5050690055112077 22.383902267298645 2.768163214320586e-07
15.9575 1.9999999575639094 24.0 2.5034061549293822 22.37728334756629 2.7157338700280563e-07
15.9625 1.9999999583868306 24.0 2.5017437828518236 22.370658122360943 2.663474293533622e-07
15.967500000000001 1.999999959205929 24.0 2.5000818897417543 22.364026597901457 2.611433420155113e-07
15.9725 1.9999999600205163 24.0 2.4984204760595845 22.35738878040394 2.5596569357429514e-07
15.9775 1.9999999608299388 24.0 2.4967595422629283 22.35074467608183 2.5081874230305686e-07
15.982500000000002 1.999999961633601 24.0 2.4950990888066213 22.34409429114588 2.457064502608611e-07
15.9875 1.9999999624309388 24.0 2.4934391161427287 22.337437631804153 2.4063249686899673e-07
15.9925 1.9999999632214365 24.0 2.4917796247205675 22.33077470426209 2.3560029198278593e-07
15.9975 1.9999999640046155 24.0 2.4901206149867123 22.324105514722447 2.3061298847459985e-07
16.002499999999998 1.9999999647800353 24.0 2.488462087385015 22.317430069385388 2.2567349434347597e-07
16.0075 1.99999996554729 24.0 2.4868040423566278 22.310748374448515 2.2078448436633472e-07
16.012500000000003 1.9999999663060122 24.0 2.4851464803400147 22.30406043610684 2.1594841130549914e-07
16.0175 1.9999999670558641 24.0 2.4834894017709663 22.297366260552828 2.1116751668666173e-07
16.0225 1.999999967796539 24.0 2.4818328070826174 22.290665853976417 2.0644384116118412e-07
16.0275 1.9999999685277592 24.0 2.4801766967054593 22.283959222565024 2.0177923446628748e-07
16.0325 1.9999999692492743 24.0 2.4785210710673575 22.277246372503562 1.9717536499609782e-07
16.0375 1.9999999699608626 24.0 2.476865930593569 22.27052730997447 1.9263372899644135e-07
16.0425 1.9999999706623253 24.0 2.4752112757067577 22.26380204115773 1.8815565939573976e-07
16.0475 1.999999971353488 24.0 2.4735571068270072 22.257070572230866 1.8374233428404273e-07
16.052500000000002 1.999999972034199 24.0 2.471903424371848 22.250332909369007 1.7939478505199317e-07
16.057499999999997 1.9999999727043276 24.0 2.4702502287562584 22.243589058744867 1.7511390420109207e-07
16.0625 1.9999999733637677 24.0 2.4685975203926986 22.236839026528784 1.7090045283630125e-07
16.067500000000003 1.9999999740124235 24.0 2.4669452996911074 22.230082818888693 1.6675506785187188e-07
16.072499999999998 1.999999974650222 24.0 2.4652935670589313 22.223320441990214 1.6267826882072528e-07
16.0775 1.99999997527711 24.0 2.463642322901138 22.216551901996624 1.586704645976124e-07
16.082500000000003 1.999999975893046 24.0 2.4619915676202275 22.20977720506888 1.5473195964596866e-07
16.0875 1.9999999764980025 24.0 2.460341301616258 22.20299635736564 1.5086296009794732e-07
16.0925 1.9999999770919754 24.0 2.4586915252868513 22.19620936504328 1.4706357955698963e-07
16.0975 1.9999999776749589 24.0 2.4570422390272184 22.189416234255912 1.4333384465201186e-07
16.1025 1.9999999782469722 24.0 2.4553934432301654 22.182616971155404 1.3967370035186273e-07
16.1075 1.9999999788080391 24.0 2.453745138286121 22.175811581891395 1.360830150486623e-07
16.1125 1.9999999793582022 24.0 2.4520973245831486 22.169000072611333 1.325615854182277e-07
16.1175 1.9999999798975048 24.0 2.4504500025069595 22.162182449460452 1.2910914106558013e-07
16.122500000000002 1.9999999804260038 24.0 2.44880317244093 22.15535871858183 1.2572534896333334e-07
16.127499999999998 1.9999999809437692 24.0 2.4471568347661137 22.14852888611633 1.224098176904792e-07
16.1325 1.999999981450869 24.0 2.445510989861268 22.14169295820274 1.1916210147882653e-07
16.137500000000003 1.9999999819473921 24.0 2.4438656381028636 22.134850940977717 1.1598170407426365e-07
16.1425 1.9999999824334274 24.0 2.4422207798650915 22.128002840575736 1.1286808241959791e-07
16.1475 1.9999999829090649 24.0 2.440576415519894 22.121148663129244 1.0982065016566318e-07
16.1525 1.999999983374409 24.0 2.438932545436978 22.11428841476861 1.0683878101717262e-07
16.1575 1.9999999838295683 24.0 2.4372891699838175 22.107422101622106 1.0392181191945312e-07
16.1625 1.9999999842746543 24.0 2.435646289525679 22.100549729815967 1.010690460921907e-07
16.1675 1.9999999847097842 24.0 2.4340039044256407 22.093671305474437 9.827975591599011e-08
16.1725 1.999999985135081 24.0 2.4323620150446006 22.08678683471971 9.555318567739621e-08
16.177500000000002 1.999999985550666 24.0 2.4307206217412958 22.079896323672013 9.288855417788932e-08
16.182499999999997 1.999999985956671 24.0 2.42907972487232 22.07299977844959 9.02850572121375e-08
16.1875 1.9999999863532234 24.0 2.4274393247921284 22.066097205168678 8.774186992060323e-08
16.192500000000003 1.9999999867404652 24.0 2.425799421853062 22.05918860994361 8.525814902153911e-08
16.197499999999998 1.9999999871185272 24.0 2.4241600164053647 22.05227399888679 8.283303492708638e-08
16.2025 1.9999999874875491 24.0 2.4225211087971887 22.045353378108672 8.046565374815384e-08
16.207500000000003 1.9999999878476737 24.0 2.4208826993746184 22.038426753717832 7.815511919258784e-08
16.2125 1.999999988199038 24.0 2.41924478848168 22.031494131820928 7.59005343609066e-08
16.2175 1.999999988541793 24.0 2.4176073764603574 22.024555518522778 7.370099344381876e-08
16.2225 1.9999999888760815 24.0 2.415970463650608 22.017610919926327 7.155558332559918e-08
16.2275 1.9999999892020426 24.0 2.414334050390375 22.010660342132688 6.946338509716447e-08
16.2325 1.9999999895198284 24.0 2.4126981370156084 22.003703791241165 6.742347548268131e-08
16.2375 1.9999999898295848 24.0 2.411062723860275 21.99674127334923 6.543492818332685e-08
16.2425 1.999999990131455 24.0 2.4094278112563687 21.989772794552557 6.349681514170826e-08
16.247500000000002 1.9999999904255894 24.0 2.4077933995339293 21.982798360945043 6.160820773036072e-08
16.252499999999998 1.9999999907121315 24.0 2.406159489021058 21.975817978618817 5.976817786758762e-08
16.2575 1.9999999909912254 24.0 2.404526080043926 21.968831653664257 5.797579906378231e-08
16.262500000000003 1.999999991263023 24.0 2.4028931729267984 21.961839392170035 5.623014740132975e-08
16.2675 1.9999999915276634 24.0 2.4012607679920395 21.954841200223047 5.453030245096964e-08
16.2725 1.9999999917852969 24.0 2.399628865560126 21.947837083908528 5.2875348127480146e-08
16.2775 1.9999999920360576 24.0 2.397997465949668 21.940827049309977 5.126437348743397e-08
16.2825 1.999999992280096 24.0 2.3963665694774137 21.933811102509257 4.9696473471604737e-08
16.2875 1.9999999925175482 24.0 2.39473617645827 21.926789249586523 4.817074959460625e-08
16.2925 1.9999999927485574 24.0 2.393106287205317 21.919761496620318 4.6686310584184514e-08
16.2975 1.999999992973263 24.0 2.391476902029811 21.912727849687506 4.5242272972503835e-08
16.302500000000002 1.9999999931918004 24.0 2.3898480212412103 21.905688314863365 4.383776164171043e-08
16.307499999999997 1.9999999934043027 24.0 2.388219645147186 21.898642898221546 4.2471910325939035e-08
16.3125 1.99999999361091 24.0 2.386591774053625 21.891591605834094 4.114386207184302e-08
16.317500000000003 1.999999993811753 24.0 2.384964408264654 21.8845344437715 3.9852769659700926e-08
16.322499999999998 1.9999999940069628 24.0 2.3833375480826526 21.877471418102683 3.859779598699342e-08
16.3275 1.9999999941966675 24.0 2.381711193808258 21.870402534894993 3.7378114416333894e-08
16.332500000000003 1.9999999943809967 24.0 2.3800853457403837 21.863327800214247 3.619290908955654e-08
16.3375 1.9999999945600775 24.0 2.3784600041762305 21.856247220124743 3.5041375209650534e-08
16.3425 1.9999999947340312 24.0 2.3768351694113043 21.84916080068928 3.392271929220892e-08
16.3475 1.9999999949029825 24.0 2.375210841739415 21.8420685479691 3.283615938799273e-08
16.3525 1.9999999950670482 24.0 2.3735870214526975 21.834970468023965 3.1780925278099106e-08
16.3575 1.999999995226353 24.0 2.37196370884163 21.82786656691221 3.075625864322625e-08
16.3625 1.9999999953810093 24.0 2.3703409041950403 21.820756850690696 2.976141320842326e-08
16.3675 1.9999999955311352 24.0 2.3687186078001172 21.813641325414842 2.8795654864666076e-08
16.372500000000002 1.9999999956768408 24.0 2.3670968199424207 21.8065199971386 2.7858261768559968e-08
16.377499999999998 1.9999999958182413 24.0 2.365475540905906 21.799392871914545 2.694852442139981e-08
16.3825 1.999999995955436 24.0 2.363854770972919 21.792259955793817 2.6065745728761123e-08
16.387500000000003 1.9999999960885422 24.0 2.3622345104242215 21.785121254826194 2.520924104178202e-08
16.3925 1.999999996217663 24.0 2.3606147595389873 21.777976775060036 2.4378338181193675e-08
16.3975 1.9999999963428974 24.0 2.358995518594833 21.77082652254234 2.3572377445152076e-08
16.4025 1.9999999964643496 24.0 2.3573767878678096 21.763670503318718 2.2790711601876012e-08
16.4075 1.9999999965821171 24.0 2.355758567632432 21.756508723433484 2.2032705868016923e-08
16.4125 1.9999999966962978 24.0 2.3541408581616885 21.74934118892964 2.1297737873693996e-08
16.4175 1.9999999968069897 24.0 2.352523659727038 21.74216790584883 2.0585197615052863e-08
16.4225 1.9999999969142832 24.0 2.350906972598432 21.734988880231384 1.9894487395174985e-08
16.427500000000002 1.9999999970182696 24.0 2.349290797044323 21.727804118116346 1.922502175414004e-08
16.432499999999997 1.999999997119039 24.0 2.347675133331677 21.720613625541493 1.857622738899331e-08
16.4375 1.999999997216676 24.0 2.346059981725987 21.713417408543343 1.794754306433284e-08
16.442500000000003 1.9999999973112748 24.0 2.3444453424912792 21.70621547315712 1.733841951422344e-08
16.447499999999998 1.9999999974029095 24.0 2.342831215890123 21.699007825416846 1.6748319336073158e-08
16.4525 1.9999999974916676 24.0 2.34121760218365 21.69179447135531 1.6176716877107367e-08
16.457500000000003 1.9999999975776286 24.0 2.33960450163155 21.684575417004012 1.5623098114042443e-08
16.4625 1.9999999976608713 24.0 2.337991914492096 21.677350668393323 1.5086960526510765e-08
16.4675 1.999999997741471 24.0 2.336379841022153 21.67012023155238 1.4567812964784217e-08
16.4725 1.9999999978195013 24.0 2.334768281477176 21.66288411250917 1.4065175512314868e-08
16.4775 1.999999997895037 24.0 2.333157236111236 21.65564231729045 1.3578579343564127e-08
16.4825 1.9999999979681515 24.0 2.3315467051770176 21.648394851921875 1.3107566577596849e-08
16.4875 1.9999999980389127 24.0 2.329936688925845 21.64114172242794 1.2651690127873112e-08
16.4925 1.9999999981073848 24.0 2.328327187607673 21.633882934832 1.2210513548651455e-08
16.497500000000002 1.9999999981736396 24.0 2.3267182014711127 21.626618495156272 1.178361087840353e-08
16.502499999999998 1.9999999982377425 24.0 2.325109730763425 21.61934840942186 1.1370566480610908e-08
16.5075 1.999999998299752 24.0 2.323501775730551 21.61207268364879 1.0970974882292584e-08
16.512500000000003 1.9999999983597319 24.0 2.321894336617112 21.604791323856013 1.0584440610609302e-08
16.5175 1.999999998417741 24.0 2.3202874136664136 21.59750433606137 1.021057802784679e-08
16.5225 1.999999998473842 24.0 2.318681007120462 21.59021172628165 9.849011165082799e-09
16.5275 1.999999998528088 24.0 2.317075117219976 21.582913500532605 9.49937355482281e-09
16.5325 1.9999999985805335 24.0 2.3154697442043877 21.575609664828907 9.16130806285844e-09
16.5375 1.9999999986312396 24.0 2.3138648883118584 21.568300225184238 8.834466719608172e-09
16.5425 1.99999999868025 24.0 2.312260549779292 21.560985187611237 8.518510551169574e-09
16.5475 1.9999999987276251 24.0 2.310656728842334 21.553664558121547 8.213109410302858e-09
16.552500000000002 1.999999998773405 24.0 2.309053425735388 21.54633834272581 7.917941807554907e-09
16.557499999999997 1.9999999988176467 24.0 2.307450640691623 21.53900654743368 7.63269474271666e-09
16.5625 1.999999998860397 24.0 2.3058483739429843 21.53166917825385 7.357063536790531e-09
16.567500000000003 1.9999999989016977 24.0 2.304246625720202 21.524326241194075 7.090751664645625e-09
16.572499999999998 1.999999998941594 24.0 2.302645396252794 21.516977742261105 6.8334705885095615e-09
16.5775 1.9999999989801331 24.0 2.3010446857690816 21.509623687460774 6.584939592447668e-09
16.582500000000003 1.9999999990173565 24.0 2.2994444944962016 21.502264082798007 6.3448856179694084e-09
16.5875 1.9999999990533064 24.0 2.297844822660103 21.494898934276797 6.113043100881915e-09
16.5925 1.9999999990880164 24.0 2.296245670485572 21.487528247900237 5.889153809511428e-09
16.5975 1.999999999121533 24.0 2.294647038196227 21.480152029670545 5.672966684403895e-09
16.6025 1.9999999991538926 24.0 2.293048926014536 21.472770285589046 5.464237679597247e-09
16.6075 1.999999999185131 24.0 2.291451334161815 21.465383021656162 5.262729605563455e-09
16.6125 1.9999999992152824 24.0 2.2898542628582494 21.457990243871507 5.068211973901572e-09
16.6175 1.9999999992443849 24.0 2.2882577123228938 21.450591958233808 4.8804608438567945e-09
16.622500000000002 1.9999999992724706 24.0 2.28666168277368 21.443188170740967 4.6992586707382254e-09
16.627499999999998 1.9999999992995747 24.0 2.2850661744274317 21.435778887390057 4.524394156296366e-09
16.6325 1.9999999993257238 24.0 2.2834711874998703 21.42836411417735 4.35566210111524e-09
16.637500000000003 1.9999999993509525 24.0 2.2818767222056215 21.420943857098315 4.192863259074473e-09
16.6425 1.999999999375293 24.0 2.2802827787582243 21.413518122147607 4.03580419392085e-09
16.6475 1.9999999993987705 24.0 2.2786893573701335 21.406086915319104 3.88429713799134e-09
16.6525 1.9999999994214146 24.0 2.277096458252739 21.398650242605903 3.7381598531239235e-09
16.6575 1.9999999994432525 24.0 2.2755040816163694 21.3912081100004 3.5972154937812763e-09
16.6625 1.9999999994643134 24.0 2.273912227670298 21.38376052349419 3.4612924724164735e-09
16.6675 1.9999999994846198 24.0 2.272320896622749 21.376307489078155 3.3302243270997155e-09
16.6725 1.999999999504196 24.0 2.2707300886809128 21.368849012742466 3.203849591422242e-09
16.677500000000002 1.999999999523072 24.0 2.2691398040509494 21.361385100476557 3.082011666691951e-09
16.682499999999997 1.9999999995412674 24.0 2.2675500429379887 21.353915758269153 2.964558696429225e-09
16.6875 1.999999999558803 24.0 2.265960805546152 21.3464409921083 2.8513434431676317e-09
16.692500000000003 1.9999999995757043 24.0 2.2643720920785486 21.33896080798132 2.7422231675655313e-09
16.697499999999998 1.9999999995919961 24.0 2.2627839027372865 21.33147521187488 2.6370595098247656e-09
16.7025 1.9999999996076891 24.0 2.2611962377234818 21.323984209774984 2.535718373415076e-09
16.707500000000003 1.9999999996228142 24.0 2.25960909723727 21.316487807666995 2.438069811099907e-09
16.7125 1.9999999996373836 24.0 2.2580224814778074 21.30898601153563 2.343987913252887e-09
16.7175 1.99999999965142 24.0 2.2564363906432776 21.301478827364967 2.253350698455875e-09
16.7225 1.9999999996649394 24.0 2.2548508249309 21.29396626113847 2.1660400063676232e-09
16.7275 1.9999999996779652 24.0 2.2532657845369437 21.286448318839014 2.08194139284537e-09
16.7325 1.999999999690503 24.0 2.2516812696567303 21.278925006448905 2.0009440273060124e-09
16.7375 1.999999999702582 24.0 2.2500972804846424 21.27139632994983 1.9229405923075456e-09
16.7425 1.9999999997142102 24.0 2.248513817214124 21.26386229532293 1.8478271853309324e-09
16.747500000000002 1.999999999725407 24.0 2.2469308800376986 21.256322908548775 1.7755032227423858e-09
16.752499999999998 1.9999999997361873 24.0 2.2453484691469625 21.248778175607395 1.7058713459132603e-09
16.7575 1.9999999997465638 24.0 2.24376658473261 21.241228102478274 1.6388373294732162e-09
16.762500000000003 1.9999999997565532 24.0 2.242185226984421 21.233672695140356 1.5743099916739494e-09
16.7675 1.999999999766168 24.0 2.2406043960912845 21.22611195957208 1.5122011068356201e-09
16.7725 1.999999999775419 24.0 2.2390240922411926 21.218545901751373 1.4524253198504804e-09
16.7775 1.999999999784323 24.0 2.237444315621259 21.210974527655665 1.3949000627169356e-09
16.7825 1.999999999792889 24.0 2.2358650664177113 21.20339784326186 1.339545473074084e-09
16.7875 1.9999999998011309 24.0 2.234286344815911 21.19581585454641 1.286284314709591e-09
16.7925 1.999999999809063 24.0 2.2327081510003572 21.188228567485318 1.2350419000107067e-09
16.7975 1.9999999998166906 24.0 2.2311304851546923 21.18063598805412 1.1857460143283563e-09
16.802500000000002 1.9999999998240274 24.0 2.229553347461705 21.17303812222792 1.1383268422244898e-09
16.807499999999997 1.999999999831085 24.0 2.2279767381033384 21.165434975981363 1.0927168955717276e-09
16.8125 1.999999999837875 24.0 2.226400657260702 21.15782655528872 1.04885094347367e-09
16.817500000000003 1.999999999844401 24.0 2.2248251051140735 21.150212866123844 1.0066659439758787e-09
16.822499999999998 1.9999999998506741 24.0 2.223250081842914 21.142593914460186 9.661009775346101e-10
16.8275 1.9999999998567086 24.0 2.2216755876258594 21.134969706270823 9.270971822122753e-10
16.832500000000003 1.9999999998625102 24.0 2.220101622640737 21.12734024752847 8.895976905683651e-10
16.8375 1.999999999868089 24.0 2.2185281870645723 21.119705544205488 8.535475682129716e-10
16.8425 1.99999999987345 24.0 2.2169552810735884 21.112065602273834 8.188937539916343e-10
16.8475 1.9999999998786024 24.0 2.2153829048432154 21.104420427705143 7.855850017701686e-10
16.8525 1.9999999998835525 24.0 2.2138110585480995 21.09677002647074 7.535718237866195e-10
16.8575 1.999999999888312 24.0 2.212239742362108 21.08911440454159 7.228064355397354e-10
16.8625 1.9999999998928841 24.0 2.2106689564583366 21.081453567888396 6.932427021819997e-10
16.8675 1.9999999998972788 24.0 2.209098701009113 21.073787522481535 6.648360863857274e-10
16.872500000000002 1.9999999999014986 24.0 2.2075289761860057 21.06611627429113 6.37543597651491e-10
16.877499999999998 1.9999999999055518 24.0 2.2059597821598307 21.058439829287018 6.113237430277382e-10
16.8825 1.9999999999094473 24.0 2.204391119100649 21.05075819343874 5.861364792106104e-10
16.887500000000003 1.999999999913189 24.0 2.2028229871777896 21.043071372715648 5.619431659942902e-10
16.8925 1.9999999999167812 24.0 2.2012553865598345 21.035379373086798 5.387065210409197e-10
16.8975 1.9999999999202316 24.0 2.1996883174146435 21.027682200521042 5.163905759406383e-10
16.9025 1.9999999999235447 24.0 2.19812177990935 21.019979860987032 4.949606335325046e-10
16.9075 1.9999999999267277 24.0 2.1965557742103687 21.012272360453196 4.743832264564636e-10
16.9125 1.9999999999297802 24.0 2.1949903004834006 21.004559704887747 4.546260769081303e-10
16.9175 1.999999999932715 24.0 2.1934253588934434 20.99684190025875 4.356580575677033e-10
16.9225 1.9999999999355282 24.0 2.1918609496047985 20.98911895253412 4.174491536748263e-10
16.927500000000002 1.999999999938231 24.0 2.190297072781067 20.981390867681583 3.999704262219557e-10
16.932499999999997 1.9999999999408233 24.0 2.188733728585166 20.97365765166873 3.831939762388433e-10
16.9375 1.999999999943312 24.0 2.187170917179326 20.965919310463015 3.6709291014105447e-10
16.942500000000003 1.9999999999456997 24.0 2.1856086387250993 20.95817585003175 3.5164130611653853e-10
16.947499999999998 1.9999999999479925 24.0 2.1840468933833717 20.95042727634216 3.368141815236902e-10
16.9525 1.9999999999501896 24.0 2.1824856813143656 20.9426735953614 3.225874612755243e-10
16.957500000000003 1.999999999952301 24.0 2.1809250026776392 20.934914813056476 3.0893794718495976e-10
16.9625 1.9999999999543223 24.0 2.1793648576321023 20.927150935394394 2.9584328824608817e-10
16.9675 1.999999999956264 24.0 2.1778052463360114 20.919381968342027 2.832819518272967e-10
16.9725 1.9999999999581262 24.0 2.176246168946977 20.911607917866224 2.712331957525793e-10
16.9775 1.9999999999599114 24.0 2.1746876256219823 20.903828789933822 2.596770412471583e-10
16.9825 1.999999999961625 24.0 2.1731296165173717 20.896044590511593 2.485942467248445e-10
16.9875 1.999999999963267 24.0 2.171572141788867 20.888255325566316 2.3796628239439146e-10
16.9925 1.9999999999648383 24.0 2.1700152015915695 20.880461001064774 2.2777530566271783e-10
16.997500000000002 1.9999999999663503 24.0 2.1684587960799666 20.872661622973744 2.1800413731347317e-10
17.002499999999998 1.999999999967797 24.0 2.1669029254079346 20.86485719726005 2.086362384396492e-10
17.0075 1.9999999999691846 24.0 2.1653475897287517 20.85704772989054 1.996556881093677e-10
17.012500000000003 1.9999999999705156 24.0 2.16379278919509 20.849233226832098 1.9104716174475352e-10
17.0175 1.9999999999717886 24.0 2.162238523959031 20.84141369405169 1.8279591019369345e-10
17.0225 1.9999999999730116 24.0 2.160684794172073 20.833589137516356 1.748877394751465e-10
17.0275 1.9999999999741809 24.0 2.1591315999851277 20.825759563193195 1.6730899117904307e-10
17.0325 1.9999999999753026 24.0 2.1575789415485387 20.81792497704947 1.6004652350190377e-10
17.0375 1.9999999999763796 24.0 2.1560268190120713 20.810085385052503 1.5308769290019817e-10
17.0425 1.9999999999774076 24.0 2.1544752325249297 20.802240793169773 1.4642033634353768e-10
17.0475 1.999999999978395 24.0 2.1529241822357528 20.794391207368868 1.4003275415031064e-10
17.052500000000002 1.999999999979338 24.0 2.151373668292626 20.786536633617565 1.3391369338884482e-10
17.057499999999997 1.9999999999802422 24.0 2.149823690843089 20.7786770778838 1.2805233182750298e-10
17.0625 1.9999999999811098 24.0 2.148274250034131 20.770812546135645 1.224382624174479e-10
17.067500000000003 1.999999999981941 24.0 2.146725346012203 20.7629430443414 1.1706147829246394e-10
17.072499999999998 1.9999999999827347 24.0 2.1451769789232316 20.755068578469587 1.1191235827024789e-10
17.0775 1.9999999999834963 24.0 2.1436291489126043 20.74718915448893 1.0698165284022763e-10
17.082500000000003 1.999999999984227 24.0 2.142081856125193 20.7393047783684 1.0226047062332242e-10
17.0875 1.9999999999849238 24.0 2.1405351007053457 20.7314154560772 9.774026528922818e-11
17.0925 1.9999999999855929 24.0 2.1389888827969017 20.7235211935848 9.341282291738098e-11
17.0975 1.99999999998623 24.0 2.1374432025431886 20.715621996860918 8.927024978809027e-11
17.1025 1.9999999999868445 24.0 2.1358980600870328 20.707717871875598 8.530496059049113e-11
17.1075 1.999999999987428 24.0 2.1343534555707726 20.699808824599224 8.150966703457084e-11
17.1125 1.9999999999879898 24.0 2.1328093891362423 20.69189486100242 7.787736685468677e-11
17.1175 1.999999999988527 24.0 2.131265860924791 20.683975987056165 7.440133319235072e-11
17.122500000000002 1.999999999989039 24.0 2.1297228710772904 20.676052208731804 7.10751043464621e-11
17.127499999999998 1.9999999999895308 24.0 2.1281804197341354 20.668123532001047 6.789247387940342e-11
17.1325 1.9999999999900009 24.0 2.1266385070352505 20.66018996283596 6.484748106772362e-11
17.137500000000003 1.9999999999904505 24.0 2.1250971331200876 20.652251507209 6.193440168656252e-11
17.1425 1.9999999999908797 24.0 2.1235562981276437 20.64430817109304 5.914773911708211e-11
17.1475 1.9999999999912896 24.0 2.1220160021964594 20.636359960461395 5.6482215766610584e-11
17.152500000000003 1.999999999991685 24.0 2.120476245464621 20.62840688128778 5.393276479147802e-11
17.1575 1.9999999999920635 24.0 2.118937028069774 20.620448939546378 5.149452211270342e-11
17.1625 1.9999999999924207 24.0 2.11739835014912 20.61248614121183 4.9162818715076514e-11
17.1675 1.9999999999927636 24.0 2.115860211839426 20.604518492259288 4.693317322043751e-11
17.1725 1.9999999999930946 24.0 2.114322613277032 20.596545998664382 4.48012847261243e-11
17.177500000000002 1.9999999999934077 24.0 2.1127855545978433 20.588568666403237 4.2763025899949046e-11
17.182499999999997 1.9999999999937084 24.0 2.1112490359373544 20.580586501452547 4.0814436323226454e-11
17.1875 1.9999999999939957 24.0 2.109713057430641 20.57259950978953 3.895171607363096e-11
17.192500000000003 1.9999999999942686 24.0 2.108177619212367 20.56460769739196 3.717121953997296e-11
17.197499999999998 1.9999999999945335 24.0 2.106642721416792 20.55661107023819 3.5469449461105654e-11
17.2025 1.9999999999947828 24.0 2.105108364177778 20.548609634307187 3.3843051181490444e-11
17.207500000000003 1.9999999999950226 24.0 2.1035745476287895 20.540603395578508 3.2288807116165725e-11
17.2125 1.999999999995252 24.0 2.1020412719029005 20.53259236003234 3.0803631418017915e-11
17.2175 1.9999999999954718 24.0 2.1005085371328036 20.52457653364952 2.9384564840531215e-11
17.2225 1.9999999999956823 24.0 2.0989763434508086 20.51655592241154 2.8028769789401454e-11
17.2275 1.9999999999958815 24.0 2.0974446909888522 20.50853053230059 2.6733525556528764e-11
17.2325 1.9999999999960718 24.0 2.095913579878504 20.500500369299555 2.549622373019669e-11
17.2375 1.999999999996255 24.0 2.094383010250965 20.492465439392014 2.4314363775371376e-11
17.2425 1.9999999999964295 24.0 2.092852982237079 20.484425748562316 2.3185548778257398e-11
17.247500000000002 1.9999999999965936 24.0 2.0913234959673375 20.476381302795524 2.210748134944918e-11
17.252499999999998 1.9999999999967524 24.0 2.08979455157188 20.468332108077483 2.1077959680171002e-11
17.2575 1.9999999999969047 24.0 2.0882661491805 20.460278170394805 2.009487374626786e-11
17.262500000000003 1.9999999999970475 24.0 2.0867382889226533 20.452219495734912 1.915620165481758e-11
17.2675 1.9999999999971882 24.0 2.0852109709274593 20.444156090086047 1.8260006128336943e-11
17.2725 1.9999999999973204 24.0 2.0836841953237166 20.436087959437316 1.7404431121762083e-11
17.277500000000003 1.9999999999974456 24.0 2.0821579622398922 20.428015109778677 1.658769856753102e-11
17.2825 1.999999999997567 24.0 2.0806322718041397 20.419937547100957 1.5808105244215266e-11
17.2875 1.9999999999976794 24.0 2.079107124144296 20.41185527739589 1.5064019764328988e-11
17.2925 1.9999999999977884 24.0 2.077582519387894 20.403768306656143 1.435387967708087e-11
17.2975 1.9999999999978946 24.0 2.0760584576621604 20.395676640875323 1.3676188681943295e-11
17.302500000000002 1.999999999997995 24.0 2.0745349390940175 20.387580286047918 1.3029513949087888e-11
17.307499999999997 1.999999999998089 24.0 2.0730119638101008 20.37947924816949 1.2412483542840364e-11
17.3125 1.9999999999981801 24.0 2.0714895319367623 20.37137353323655 1.182378394443425e-11
17.317500000000003 1.9999999999982672 24.0 2.069967643600061 20.363263147246617 1.1262157670490973e-11
17.322499999999998 1.999999999998349 24.0 2.0684462989257857 20.355148096198285 1.0726400983736076e-11
17.3275 1.9999999999984266 24.0 2.0669254980394585 20.347028386091225 1.0215361692605173e-11
17.332500000000003 1.9999999999985023 24.0 2.0654052410663244 20.338904022926144 9.727937036503188e-12
17.3375 1.9999999999985751 24.0 2.063885528131367 20.330775012704844 9.263071653569305e-12
17.3425 1.9999999999986426 24.0 2.0623663593593173 20.32264136143027 8.81975562792712e-12
17.3475 1.999999999998707 24.0 2.060847734874656 20.31450307510655 8.397022613500371e-12
17.3525 1.9999999999987692 24.0 2.0593296548016182 20.306360159738958 7.993948031554159e-12
17.3575 1.9999999999988298 24.0 2.057812119264196 20.298212621333946 7.609647339245447e-12
17.3625 1.9999999999988836 24.0 2.0562951283861493 20.29006046589917 7.2432743665411854e-12
17.3675 1.9999999999989384 24.0 2.0547786822909986 20.28190369944351 6.89401971895707e-12
17.372500000000002 1.9999999999989901 24.0 2.0532627811020476 20.273742327977153 6.561109243664807e-12
17.377499999999998 1.999999999999039 24.0 2.0517474249423877 20.265576357511588 6.243802556593064e-12
17.3825 1.9999999999990872 24.0 2.05023261393489 20.25740579405958 5.9413916282289025e-12
17.387500000000003 1.9999999999991307 24.0 2.0487183482022115 20.249230643635197 5.653199425918922e-12
17.3925 1.999999999999173 24.0 2.0472046278668143 20.241050912253897 5.378578610527765e-12
17.3975 1.9999999999992117 24.0 2.0456914530509605 20.232866605932493 5.116910285401182e-12
17.402500000000003 1.9999999999992528 24.0 2.0441788238767193 20.22467773068925 4.867602795651704e-12
17.4075 1.9999999999992886 24.0 2.042666740465977 20.216484292543818 4.630090575845321e-12
17.4125 1.9999999999993219 24.0 2.041155202940435 20.208286297517315 4.403833044246094e-12
17.4175 1.9999999999993554 24.0 2.0396442114216176 20.200083751632327 4.188313541840342e-12
17.4225 1.9999999999993883 24.0 2.038133766030887 20.191876660912985 3.983038314416226e-12
17.427500000000002 1.9999999999994171 24.0 2.0366238668894376 20.18366503138494 3.7875355360489944e-12
17.432499999999997 1.9999999999994458 24.0 2.0351145141183062 20.1754488690754 3.601354372393177e-12
17.4375 1.999999999999473 24.0 2.0336057078383725 20.16722818001314 3.424064082240977e-12
17.442500000000003 1.9999999999995002 24.0 2.0320974481703726 20.15900297022859 3.2552531558690897e-12
17.447499999999998 1.9999999999995242 24.0 2.030589735234906 20.150773245753797 3.0945284887390003e-12
17.4525 1.9999999999995504 24.0 2.029082569152428 20.142539012622485 2.9415145891762422e-12
17.457500000000003 1.9999999999995695 24.0 2.027575950043274 20.134300276870096 2.7958528187036907e-12
17.4625 1.9999999999995899 24.0 2.0260698780276485 20.126057044533773 2.6572006637465426e-12
17.4675 1.9999999999996103 24.0 2.024564353225638 20.11780932165243 2.5252310374797853e-12
17.4725 1.9999999999996296 24.0 2.0230593757572186 20.109557114266753 2.399631610634324e-12
17.4775 1.9999999999996498 24.0 2.0215549457422664 20.101300428419297 2.280104170115116e-12
17.4825 1.9999999999996656 24.0 2.0200510633005533 20.093039270154442 2.1663640043359066e-12
17.4875 1.9999999999996845 24.0 2.0185477285517575 20.084773645518425 2.0581393142097795e-12
17.4925 1.9999999999997 24.0 2.0170449416154668 20.076503560559388 1.9551706487759448e-12
17.497500000000002 1.9999999999997142 24.0 2.01554270261119 20.068229021327454 1.8572103644830364e-12
17.502499999999998 1.999999999999728 24.0 2.0140410116583607 20.059950033874692 1.7640221071837762e-12
17.5075 1.9999999999997433 24.0 2.012539868876342 20.051666604255175 1.6753803159313343e-12
17.512500000000003 1.9999999999997553 24.0 2.0110392743844345 20.043378738525043 1.5910697477054156e-12
17.5175 1.9999999999997682 24.0 2.0095392283018887 20.03508644274251 1.5108850222237904e-12
17.5225 1.9999999999997806 24.0 2.008039730747898 20.026789722967894 1.434630186031255e-12
17.527500000000003 1.9999999999997913 24.0 2.0065407818416165 20.01848858526366 1.3621182950881632e-12
17.5325 1.9999999999998035 24.0 2.0050423817021574 20.01018303569441 1.2931710151075968e-12
17.5375 1.9999999999998135 24.0 2.0035445304486035 20.001873080327 1.2276182389220486e-12
17.5425 1.9999999999998204 24.0 2.0020472282000172 19.993558725230546 1.1652977201876508e-12
17.5475 1.9999999999998297 24.0 2.0005504750754377 19.985239976476386 1.1060547227580813e-12
17.552500000000002 1.9999999999998384 24.0 1.9990542711938963 19.976916840138223 1.0497416850895168e-12
17.557499999999997 1.9999999999998468 24.0 1.9975586166744208 19.968589322292097 9.962178990605189e-13
17.5625 1.9999999999998563 24.0 1.996063511636042 19.960257429016476 9.453492026144965e-13
17.567500000000003 1.9999999999998619 24.0 1.9945689561978008 19.95192116639224 8.970076856576921e-13
17.572499999999998 1.9999999999998705 24.0 1.993074950478755 19.94358054050275 8.510714086645167e-13
17.5775 1.9999999999998757 24.0 1.9915814945979888 19.935235557433913 8.074241334658963e-13
17.582500000000003 1.999999999999883 24.0 1.9900885886746147 19.92688622327416 7.659550657166315e-13
17.5875 1.9999999999998883 24.0 1.988596232827781 19.91853254411452 7.265586085558718e-13
17.5925 1.9999999999998948 24.0 1.9871044271766878 19.910174526048674 6.891341269957405e-13
17.5975 1.9999999999998985 24.0 1.9856131718405838 19.901812175172985 6.535857225913627e-13
17.6025 1.9999999999999052 24.0 1.9841224669387771 19.89344549758651 6.198220179615804e-13
17.6075 1.9999999999999107 24.0 1.982632312590645 19.88507449939109 5.87755950748984e-13
17.6125 1.9999999999999134 24.0 1.9811427089156393 19.87669918669139 5.573045766227532e-13
17.6175 1.9999999999999194 24.0 1.9796536560332947 19.868319565594902 5.28388880943862e-13
17.622500000000002 1.9999999999999238 24.0 1.9781651540632355 19.859935642212022 5.009335987280818e-13
17.627499999999998 1.9999999999999258 24.0 1.9766772031251825 19.85154742265609 4.748670425561128e-13
17.6325 1.9999999999999303 24.0 1.9751898033389648 19.843154913043453 4.501209380942697e-13
17.637500000000003 1.999999999999934 24.0 1.9737029548245264 19.834758119493493 4.2663026690367166e-13
17.6425 1.9999999999999385 24.0 1.9722166577019342 19.8263570481287 4.043331162273969e-13
17.6475 1.999999999999941 24.0 1.9707309120913798 19.817951705074673 3.831705354587895e-13
17.652500000000003 1.9999999999999445 24.0 1.9692457181131962 19.8095420964602 3.6308639900603315e-13
17.6575 1.999999999999947 24.0 1.967761075887866 19.801128228417333 3.440272752788996e-13
17.6625 1.999999999999948 24.0 1.9662769855360258 19.792710107081405 3.259423015355969e-13
17.6675 1.9999999999999518 24.0 1.9647934471784705 19.78428773859107 3.0878306433827817e-13
17.6725 1.999999999999954 24.0 1.9633104609361731 19.775861129088387 2.9250348537531406e-13
17.677500000000002 1.9999999999999567 24.0 1.9618280269302861 19.767430284718877 2.7705971241940237e-13
17.682499999999997 1.9999999999999607 24.0 1.9603461452821511 19.75899521163156 2.624100151993891e-13
17.6875 1.999999999999961 24.0 1.9588648161133122 19.750555915979028 2.4851468597291215e-13
17.692500000000003 1.9999999999999645 24.0 1.9573840395455169 19.742112403917478 2.353359445963151e-13
17.697499999999998 1.9999999999999654 24.0 1.9559038157007298 19.73366468160676 2.2283784789587846e-13
17.7025 1.9999999999999651 24.0 1.954424144701143 19.7252127552105 2.109862031532009e-13
17.707500000000003 1.9999999999999696 24.0 1.9529450266691866 19.71675663089609 1.9974848552529545e-13
17.7125 1.999999999999971 24.0 1.951466461727533 19.708296314834755 1.890937592269996e-13
17.7175 1.9999999999999714 24.0 1.9499884499991116 19.699831813201673 1.7899260231097167e-13
17.7225 1.9999999999999747 24.0 1.9485109916071182 19.691363132175994 1.6941703488745319e-13
17.7275 1.999999999999977 24.0 1.9470340866750202 19.682890277940892 1.6034045063210607e-13
17.7325 1.9999999999999778 24.0 1.945557735326572 19.67441325668368 1.5173755143727795e-13
17.7375 1.9999999999999787 24.0 1.944081937685822 19.665932074595787 1.4358428506770248e-13
17.7425 1.999999999999981 24.0 1.9426066938771218 19.657446737872895 1.3585778568762728e-13
17.747500000000002 1.9999999999999798 24.0 1.9411320040251414 19.648957252715018 1.2853631713213541e-13
17.752499999999998 1.9999999999999816 24.0 1.9396578682548813 19.640463625326564 1.215992188006747e-13
17.7575 1.9999999999999825 24.0 1.9381842866916748 19.631965861916346 1.1502685405597978e-13
17.762500000000003 1.9999999999999842 24.0 1.936711259461207 19.623463968697717 1.0880056101682154e-13
17.7675 1.9999999999999836 24.0 1.9352387866895193 19.614957951888602 1.0290260563738462e-13
17.7725 1.999999999999985 24.0 1.9337668685030263 19.606447817711633 9.731613697098557e-14
17.777500000000003 1.9999999999999858 24.0 1.9322955050285249 19.59793357239414 9.202514452018927e-14
17.7825 1.9999999999999862 24.0 1.930824696393205 19.589415222168284 8.701441757939412e-14
17.7875 1.9999999999999878 24.0 1.9293544427246605 19.580892773271103 8.226950648023278e-14
17.7925 1.9999999999999873 24.0 1.9278847441509062 19.572366231944642 7.77766856539771e-14
17.7975 1.9999999999999882 24.0 1.9264156008003863 19.563835604435987 7.352291842866646e-14
17.802500000000002 1.9999999999999896 24.0 1.9249470128019905 19.555300896997398 6.949582348250804e-14
17.807499999999997 1.9999999999999891 24.0 1.92347898028506 19.54676211588633 6.568364287833865e-14
17.8125 1.999999999999991 24.0 1.9220115033794047 19.538219267365555 6.207521160722045e-14
17.817500000000003 1.999999999999991 24.0 1.9205445822153184 19.52967235770325 5.865992857253413e-14
17.822499999999998 1.9999999999999905 24.0 1.9190782169235843 19.52112139317306 5.54277289487123e-14
17.8275 1.9999999999999936 24.0 1.917612407635497 19.51256638005423 5.236905785181357e-14
17.832500000000003 1.9999999999999913 24.0 1.916147154482871 19.504007324631665 4.947484526188133e-14
17.8375 1.9999999999999936 24.0 1.9146824575980537 19.49544423319601 4.673648213955602e-14
17.8425 1.9999999999999931 24.0 1.9132183171139405 19.48687711204379 4.414579768207426e-14
17.8475 1.9999999999999951 24.0 1.9117547331639968 19.478305967477496 4.1695037666202216e-14
17.8525 1.9999999999999938 24.0 1.9102917058822606 19.46973080580566 3.937684382785967e-14
17.8575 1.9999999999999938 24.0 1.9088292354033662 19.461151633342993 3.718423423057854e-14
17.8625 1.9999999999999956 24.0 1.907367321862554 19.45256845641046 3.511058457695974e-14
17.8675 1.9999999999999956 24.0 1.9059059653956874 19.44398128133538 3.314961041935884e-14
17.872500000000002 1.9999999999999964 24.0 1.9044451661392703 19.43539011445155 3.1295350228023104e-14
17.877499999999998 1.9999999999999964 24.0 1.9029849242304602 19.426794962099358 2.9542149276730314e-14
17.8825 1.9999999999999956 24.0 1.9015252398070857 19.418195830625876 2.788464430776476e-14
17.887500000000003 1.9999999999999978 24.0 1.9000661130076655 19.40959272638501 2.6317748939849943e-14
17.8925 1.9999999999999964 24.0 1.898607543971418 19.400985655737582 2.4836639784191704e-14
17.8975 1.9999999999999956 24.0 1.897149532838288 19.392374625051435 2.343674323543636e-14
17.902500000000003 1.9999999999999956 24.0 1.8956920797489534 19.383759640701577 2.2113722905839437e-14
17.9075 1.9999999999999978 24.0 1.8942351848448524 19.37514070907033 2.0863467672323648e-14
17.9125 1.999999999999997 24.0 1.892778848268195 19.366517836547395 1.968208030753666e-14
17.9175 1.999999999999997 24.0 1.8913230701619854 19.357891029530027 1.8565866667326356e-14
17.9225 1.9999999999999996 24.0 1.8898678506700377 19.349260294423143 1.7511325408258718e-14
17.927500000000002 1.9999999999999987 24.0 1.8884131899369996 19.3406256376395 1.6515138210073735e-14
17.932499999999997 1.9999999999999987 24.0 1.8869590881083647 19.331987065599762 1.5574160479078417e-14
17.9375 1.9999999999999987 24.0 1.8855055453304994 19.32334458473267 1.4685412509578057e-14
17.942500000000003 1.999999999999997 24.0 1.884052561750658 19.314698201475196 1.384607108153409e-14
17.947499999999998 1.9999999999999978 24.0 1.882600137517006 19.30604792227266 1.3053461473585179e-14
17.9525 1.9999999999999978 24.0 1.8811482727786422 19.297393753578937 1.230504987157115e-14
17.957500000000003 1.9999999999999978 24.0 1.8796969676856161 19.288735701856538 1.1598436153612134e-14
17.9625 1.9999999999999978 24.0 1.8782462223889507 19.28007377357677 1.093134703364262e-14
17.9675 1.9999999999999982 24.0 1.8767960370406644 19.27140797521993 1.030162954616881e-14
17.9725 1.9999999999999982 24.0 1.8753464117938001 19.262738313275463 9.707244855816822e-15
17.9775 1.9999999999999991 24.0 1.8738973468024391 19.254064794242083 9.146262375972822e-15
17.9825 1.9999999999999991 24.0 1.8724488422217276 19.245387424627992 8.616854181588929e-15
17.9875 1.9999999999999991 24.0 1.8710008982079052 19.236706210951006 8.117289701896702e-15
17.9925 1.9999999999999991 24.0 1.869553514918323 19.228021159738745 7.645930679444714e-15
17.997500000000002 1.9999999999999991 24.0 1.8681066925114742 19.219332277528846 7.201226382521137e-15
18.002499999999998 2.000000000000001 24.0 1.8666604311470185 19.210639570869116 6.78170905861972e-15
18.0075 2.000000000000001 24.0 1.8652147309858045 19.201943046317698 6.385989617187698e-15
18.012500000000003 2.000000000000001 24.0 1.8637695921899007 19.193242710443304 6.012753530463734e-15
18.0175 1.9999999999999987 24.0 1.8623250149226194 19.18453856982537 5.660756941718392e-15
18.0225 1.9999999999999987 24.0 1.8608809993485453 19.17583063105426 5.328822970734215e-15
18.027500000000003 1.9999999999999987 24.0 1.8594375456335668 19.16711890073152 5.0158382068412915e-15
18.0325 1.9999999999999987 24.0 1.8579946539449068 19.15840338547003 4.720749380271826e-15
18.0375 1.9999999999999987 24.0 1.8565523244511426 19.14968409189423 4.4425602030500756e-15
18.0425 1.9999999999999987 24.0 1.855110557322241 19.140961026640305 4.1803283710504954e-15
18.0475 1.9999999999999987 24.0 1.8536693527295927 19.132234196356485 3.933162719245543e-15
18.052500000000002 1.9999999999999987 24.0 1.8522287108460427 19.123503607703228 3.700220522561111e-15
18.057499999999997 1.9999999999999987 24.0 1.8507886318459228 19.11476926735346 3.480704935111206e-15
18.0625 1.9999999999999987 24.0 1.8493491159050781 19.10603118199274 3.273862560930351e-15
18.067500000000003 2.000000000000001 24.0 1.8479101632009067 19.097289358319628 3.0789811496620137e-15
18.072499999999998 2.000000000000001 24.0 1.8464717739124006 19.08854380304588 2.8953874109634867e-15
18.0775 2.000000000000001 24.0 1.845033948220168 19.079794522896677 2.722444941698538e-15
18.082500000000003 2.000000000000001 24.0 1.8435966863064772 19.071041524610884 2.5595522602748134e-15
18.0875 2.000000000000001 24.0 1.8421599883552913 19.062284814941385 2.4061409427495075e-15
18.0925 1.9999999999999996 24.0 1.8407238545523108 19.05352440065531 2.261673855594885e-15
18.0975 1.9999999999999996 24.0 1.8392882850850043 19.04476028853427 2.125643480262785e-15
18.1025 1.9999999999999996 24.0 1.837853280142652 19.035992485374727 1.9975703249176194e-15
18.1075 1.9999999999999996 24.0 1.8364188399163899 19.02722099798824 1.877001418941863e-15
18.1125 1.9999999999999996 24.0 1.8349849645992455 19.01844583320177 1.7635088860270809e-15
18.1175 1.9999999999999996 24.0 1.833551654386182 19.00966699785799 1.656688591869508e-15
18.122500000000002 1.9999999999999996 24.0 1.8321189094741475 19.00088449881562 1.5561588626868252e-15
18.127499999999998 1.9999999999999996 24.0 1.830686730062109 18.992098342949696 1.4615592709560359e-15
18.1325 1.9999999999999996 24.0 1.8292551163511068 18.983308537151963 1.372549484949523e-15
18.137500000000003 1.9999999999999996 24.0 1.8278240685442986 18.97451508833117 1.2888081788186515e-15
18.1425 1.9999999999999996 24.0 1.8263935868470056 18.965718003413457 1.21003200012937e-15
18.1475 1.9999999999999996 24.0 1.8249636714667627 18.956917289342666 1.135934591911683e-15
18.152500000000003 1.9999999999999996 24.0 1.8235343226133711 18.948112953080713 1.0662456664299523e-15
18.1575 1.9999999999999996 24.0 1.8221055404989457 18.93930500160801 1.0007101280169177e-15
18.1625 1.9999999999999996 24.0 1.8206773253379738 18.93049344192381 9.390872424494482e-16
18.1675 1.9999999999999996 24.0 1.8192496773473648 18.92167828104663 8.811498504694486e-16
18.1725 1.9999999999999996 24.0 1.8178225967465085 18.912859526014604 8.266836231702492e-16
18.177500000000002 1.9999999999999996 24.0 1.8163960837573263 18.90403718388591 7.754863570864735e-16
18.182499999999997 1.9999999999999996 24.0 1.814970138604338 18.895211261739256 7.27367306931263e-16
18.1875 1.9999999999999996 24.0 1.8135447615147153 18.886381766674226 6.821465540280686e-16
18.192500000000003 1.9999999999999996 24.0 1.8121199527183458 18.87754870581178 6.396544085842099e-16
18.197499999999998 1.9999999999999996 24.0 1.8106957124478975 18.868712086294725 5.997308440439854e-16
18.2025 1.9999999999999996 24.0 1.8092720409388834 18.859871915288174 5.622249618500429e-16
18.207500000000003 1.9999999999999996 24.0 1.8078489384297238 18.851028199979993 5.2699448502596525e-16
18.2125 1.9999999999999996 24.0 1.8064264051618182 18.842180947581333 4.93905279071934e-16
18.2175 1.9999999999999996 24.0 1.8050044413796194 18.83333016532716 4.628308987433641e-16
18.2225 1.9999999999999996 24.0 1.803583047330696 18.82447586047674 4.3365215935479206e-16
18.2275 1.9999999999999996 24.0 1.8021622232658157 18.81561804031422 4.0625673131913603e-16
18.2325 1.9999999999999996 24.0 1.8007419694390117 18.806756712149088 3.805387566999712e-16
18.2375 1.9999999999999996 24.0 1.7993222861076688 18.797891883316844 3.5639848661564296e-16
18.2425 1.9999999999999996 24.0 1.7979031735326014 18.789023561179565 3.337419383936668e-16
18.247500000000002 1.9999999999999996 24.0 1.7964846319781347 18.780151753126464 3.1248057143079563e-16
18.252499999999998 1.9999999999999996 24.0 1.7950666617121889 18.771276466574545 2.9253098076719056e-16
18.2575 1.9999999999999996 24.0 1.7936492630063712 18.76239770896923 2.738146074341061e-16
18.262500000000003 1.9999999999999996 24.0 1.7922324361360618 18.753515487785016 2.562574646836989e-16
18.2675 1.9999999999999996 24.0 1.7908161813805008 18.744629810526117 2.397898792543991e-16
18.2725 1.9999999999999996 24.0 1.7894004990228924 18.73574068472718 2.243462468698939e-16
18.277500000000003 1.9999999999999996 24.0 1.7879853893504978 18.726848117953995 2.0986480121124333e-16
18.2825 1.9999999999999996 24.0 1.7865708526547355 18.717952117804252 1.9628739564043895e-16
18.2875 1.9999999999999996 24.0 1.7851568892312832 18.70905269190821 1.835592969918436e-16
18.2925 1.9999999999999996 24.0 1.783743499380182 18.700149847929524 1.7162899078350175e-16
18.2975 1.9999999999999996 24.0 1.7823306834059522 18.691243593566078 1.6044799723346216e-16
18.302500000000002 1.9999999999999996 24.0 1.7809184416177035 18.68233393655077 1.4997069749917194e-16
18.307499999999997 1.9999999999999996 24.0 1.7795067743292519 18.67342088465235 1.4015416958789695e-16
18.3125 1.9999999999999996 24.0 1.7780956818592342 18.664504445676315 1.3095803341512223e-16
18.317500000000003 1.9999999999999996 24.0 1.7766851645312314 18.655584627465746 1.2234430451568944e-16
18.322499999999998 1.9999999999999996 24.0 1.775275222673902 18.646661437902324 1.1427725593789742e-16
18.3275 1.9999999999999996 24.0 1.773865856621105 18.63773488490721 1.067232878759767e-16
18.332500000000003 1.9999999999999996 24.0 1.7724570667120423 18.628804976442076 9.965080461975505e-17
18.3375 1.9999999999999996 24.0 1.7710488532913875 18.619871720510076 9.303009842227782e-17
18.3425 1.9999999999999996 24.0 1.7696412167094415 18.610935125156928 8.683323990761679e-17
18.3475 1.9999999999999996 24.0 1.768234157322267 18.60199519847196 8.103397466108141e-17
18.3525 1.9999999999999996 24.0 1.766827675491849 18.59305194858925 7.560762566279464e-17
18.3575 1.9999999999999996 24.0 1.7654217715862484 18.584105383688733 7.053100124398575e-17
18.3625 1.9999999999999996 24.0 1.764016445979764 18.575155511997423 6.578230826221306e-17
18.3675 1.9999999999999996 24.0 1.7626116990531007 18.56620234179058 6.134107020799075e-17
18.372500000000002 1.9999999999999996 24.0 1.7612075311935422 18.55724588139303 5.718804997075156e-17
18.377499999999998 1.9999999999999996 24.0 1.7598039427951242 18.54828613918042 5.3305177006574896e-17
18.3825 1.9999999999999996 24.0 1.7584009342588265 18.539323123580587 4.967547866390718e-17
18.387500000000003 1.9999999999999996 24.0 1.7569985059927602 18.530356843074948 4.628301543676607e-17
18.3925 1.9999999999999996 24.0 1.7555966584123592 18.52138730619989 4.311281992709987e-17
18.3975 1.9999999999999996 24.0 1.7541953919405888 18.512414521548337 4.015083930993497e-17
18.402500000000003 1.9999999999999996 24.0 1.7527947070081566 18.50343849777121 3.738388110606424e-17
18.4075 1.9999999999999996 24.0 1.751394604053719 18.49445924357898 3.4799562077489795e-17
18.4125 1.9999999999999996 24.0 1.7499950835241123 18.485476767743368 3.2386260070974817e-17
18.4175 1.9999999999999996 24.0 1.7485961458745862 18.476491079099006 3.0133068644533184e-17
18.4225 1.9999999999999996 24.0 1.747197791569039 18.467502186545204 2.802975432056292e-17
18.427500000000002 1.9999999999999996 24.0 1.745800021080272 18.45851009904777 2.6066716317996914e-17
18.432499999999997 1.9999999999999996 24.0 1.7444028348902372 18.44951482564084 2.4234948623805447e-17
18.4375 1.9999999999999996 24.0 1.7430062334903103 18.440516375428842 2.2526004271834337e-17
18.442500000000003 1.9999999999999996 24.0 1.7416102173815617 18.431514757588502 2.0931961704266196e-17
18.447499999999998 1.9999999999999996 24.0 1.740214787075041 18.42250998137093 1.9445393097726294e-17
18.4525 1.9999999999999996 24.0 1.7388199430920759 18.413502056103766 1.8059334542626272e-17
18.457500000000003 1.9999999999999996 24.0 1.7374256859645731 18.404490991193384 1.6767257970464457e-17
18.4625 1.9999999999999996 24.0 1.7360320162353367 18.395476796127245 1.5563044729551618e-17
18.4675 1.9999999999999996 24.0 1.7346389344583997 18.386459480476287 1.444096071519666e-17
18.4725 1.9999999999999996 24.0 1.7332464411993622 18.377439053897376 1.339563296557488e-17
18.4775 1.9999999999999996 24.0 1.7318545370357386 18.368415526135895 1.2422027639381316e-17
18.4825 1.9999999999999996 24.0 1.7304632225573309 18.35938890702842 1.1515429296094931e-17
18.4875 1.9999999999999996 24.0 1.7290724983666086 18.35035920650551 1.0671421404044358e-17
18.4925 1.9999999999999996 24.0 1.7276823650791018 18.341326434594574 9.885868005642797e-18
18.497500000000002 1.9999999999999996 24.0 1.7262928233238064 18.332290601422816 9.154896473120956e-18
18.502499999999998 1.9999999999999996 24.0 1.7249038737436138 18.323251717220387 8.474881291799998e-18
18.5075 1.9999999999999996 24.0 1.7235155169957532 18.314209792323616 7.842428811472353e-18
18.512500000000003 1.9999999999999996 24.0 1.722127753752248 18.30516483717829 7.254362909821711e-18
18.5175 1.9999999999999996 24.0 1.7207405847003878 18.296116862343133 6.707711514926998e-18
18.5225 1.9999999999999996 24.0 1.7193540105432317 18.287065878493504 6.1996939369092815e-18
18.527500000000003 1.9999999999999996 24.0 1.717968032000124 18.278011896425117 5.7277089615953624e-18
18.5325 1.9999999999999996 24.0 1.7165826498072208 18.268954927057873 5.289323661716265e-18
18.5375 1.9999999999999996 24.0 1.7151978647180535 18.259894981439988 4.88226288369997e-18
18.5425 1.9999999999999996 24.0 1.7138136775041115 18.25083207075226 4.504399370495026e-18
18.5475 1.9999999999999996 24.0 1.7124300889554438 18.24176620631242 4.1537444830917074e-18
18.552500000000002 1.9999999999999996 24.0 1.7110470998812883 18.232697399579727 3.8284394855592906e-18
18.557499999999997 1.9999999999999996 24.0 1.7096647111107217 18.22362566215972 3.5267473604068995e-18
18.5625 1.9999999999999996 24.0 1.708282923493347 18.214551005809206 3.2470451229757577e-18
18.567500000000003 1.9999999999999996 24.0 1.7069017379000035 18.205473442441477 2.987816605371788e-18
18.572499999999998 1.9999999999999996 24.0 1.705521155223511 18.196392984131656 2.7476456821229425e-18
18.5775 1.9999999999999996 24.0 1.704141176379436 18.18730964312236 2.5252099113564493e-18
18.582500000000003 1.9999999999999996 24.0 1.7027618023068996 18.178223431829558 2.3192745667979148e-18
18.5875 1.9999999999999996 24.0 1.701383033969426 18.169134362848745 2.1286870373103886e-18
18.5925 1.9999999999999996 24.0 1.7000048723558197 18.160042448961324 1.9523715720450053e-18
18.5975 1.9999999999999996 24.0 1.6986273184810752 18.150947703141252 1.7893243505437943e-18
18.6025 1.9999999999999996 24.0 1.6972503733873376 18.141850138562056 1.6386088583244696e-18
18.6075 1.9999999999999996 24.0 1.6958740381449096 18.13274976860412 1.4993515496192538e-18
18.6125 1.9999999999999996 24.0 1.694498313853294 18.12364660686232 1.3707377799990477e-18
18.6175 1.9999999999999996 24.0 1.6931232016422841 18.114540667153932 1.2520079926225654e-18
18.622500000000002 1.9999999999999996 24.0 1.6917487026731164 18.105431963527053 1.1424541428023182e-18
18.627499999999998 1.9999999999999996 24.0 1.6903748181396596 18.09632051026926 1.0414163464724423e-18
18.6325 1.9999999999999996 24.0 1.6890015492696744 18.087206321916774 9.482797389885665e-19
18.637500000000003 1.9999999999999996 24.0 1.6876288973261169 18.078089413263946 8.624715314905819e-19
18.6425 1.9999999999999996 24.0 1.6862568636085231 18.068969799373352 7.834582528050266e-19
18.6475 1.9999999999999996 24.0 1.6848854494544452 18.05984749558623 7.107431655771579e-19
18.652500000000003 1.9999999999999996 24.0 1.6835146562409578 18.050722517533455 6.438638459903007e-19
18.6575 1.9999999999999996 24.0 1.6821444853862513 18.04159488114717 5.823899170570277e-19
18.6625 1.9999999999999996 24.0 1.6807749383512878 18.032464602672782 5.259209260639081e-19
18.6675 1.9999999999999996 24.0 1.6794060166415408 18.023331698681677 4.740843573105156e-19
18.6725 1.9999999999999996 24.0 1.6780377218088363 18.01419618608458 4.26533771808331e-19
18.677500000000002 1.9999999999999996 24.0 1.676670055453271 18.005058082145535 3.829470661057373e-19
18.682499999999997 1.9999999999999996 24.0 1.675303019225237 17.995917404496634 3.430248428710206e-19
18.6875 1.9999999999999996 24.0 1.6739366148275538 17.986774171153556 3.06488886306849e-19
18.692500000000003 1.9999999999999996 24.0 1.672570844017705 17.97762840053178 2.7308073588662823e-19
18.697499999999998 1.9999999999999996 24.0 1.6712057086101897 17.96848011146378 2.4256035229217393e-19
18.7025 1.9999999999999996 24.0 1.6698412104790088 17.959329323217027 2.14704869802523e-19
18.707500000000003 1.9999999999999996 24.0 1.6684773515602855 17.950176055513104 1.893074297304423e-19
18.7125 1.9999999999999996 24.0 1.6671141338550293 17.94102032854778 1.6617608982887026e-19
18.7175 1.9999999999999996 24.0 1.665751559432045 17.93186216301218 1.451328048983876e-19
18.7225 1.9999999999999996 24.0 1.6643896304310026 17.9227015801151 1.2601247411609931e-19
18.7275 1.9999999999999996 24.0 1.6630283490657003 17.913538601606724 1.0866205087797007e-19
18.7325 1.9999999999999996 24.0 1.6616677176275072 17.904373249803673 9.29397112043922e-20
18.7375 1.9999999999999996 24.0 1.6603077384889988 17.895205547615397 7.871407699921531e-20
18.7425 1.9999999999999996 24.0 1.658948414107818 17.88603551857226 6.586349067971357e-20
18.747500000000002 1.9999999999999996 24.0 1.6575897470307703 17.876863186855275 5.427533790884865e-20
18.752499999999998 1.9999999999999996 24.0 1.656231739898165 17.867688577327606 4.384541536177126e-20
18.7575 1.9999999999999996 24.0 1.654874395448427 17.858511715568106 3.447734064747373e-20
18.762500000000003 1.9999999999999996 24.0 1.6535177165230106 17.849332627906982 2.6082001684611825e-20
18.7675 1.9999999999999996 24.0 1.6521617060716165 17.840151341463635 1.8577042996960665e-20
18.7725 1.9999999999999996 24.0 1.6508063671577586 17.830967884187082 1.1886386551556178e-20
18.777500000000003 1.9999999999999996 24.0 1.649451702964704 17.82178228489904 5.939784910135591e-21
18.7825 1.9999999999999996 24.0 1.6480977168018023 17.812594573339823 6.724046030163517e-22
18.7875 1.9999999999999996 24.0 1.6467444121112573 17.803404780217445 -3.975562234699952e-21
18.7925 1.9999999999999996 24.0 1.6453917924753685 17.79421293726013 -8.059259802220545e-21
18.7975 1.9999999999999996 24.0 1.6440398616242786 17.785019077272445 -1.1629505870119443e-20
18.802500000000002 1.9999999999999996 24.0 1.6426886234442595 17.7758232341953 -1.4733105929552345e-20
18.807499999999997 1.9999999999999996 24.0 1.641338081986607 17.766625443170447 -1.7413145766415657e-20
18.8125 1.9999999999999996 24.0 1.6399882414771625 17.7574257406094 -1.970926387775956e-20
18.817500000000003 1.9999999999999996 24.0 1.6386391063265129 17.748224164267338 -2.165790505805466e-20
18.822499999999998 1.9999999999999996 24.0 1.6372906811409202 17.739020753322247 -2.3292556398931573e-20
18.8275 1.9999999999999996 24.0 1.6359429707340325 17.729815548459733 -2.4643966866886597e-20
18.832500000000003 1.9999999999999996 24.0 1.6345959801393877 17.720608591963604 -2.5740351549340736e-20
18.8375 1.9999999999999996 24.0 1.633249714623786 17.71139992781278 -2.6607581589896113e-20
18.8425 1.9999999999999996 24.0 1.6319041797015257 17.702189601784475 -2.726936076826485e-20
18.8475 1.9999999999999996 24.0 1.630559381149518 17.69297766156383 -2.774738961909743e-20
18.8525 1.9999999999999996 24.0 1.6292153250232897 17.683764156860075 -2.806151792648458e-20
18.8575 1.9999999999999996 24.0 1.6278720176738297 17.674549139528985 -2.822988637694002e-20
18.8625 1.9999999999999996 24.0 1.6265294657651914 17.66533266370098 -2.826905810313911e-20
18.8675 1.9999999999999996 24.0 1.6251876762927373 17.656114785914177 -2.8194140803258544e-20
18.872500000000002 1.9999999999999996 24.0 1.6238466566018173 17.64689556525093 -2.8018900076296314e-20
18.877499999999998 1.9999999999999996 24.0 1.6225064144065984 17.637675063476006 -2.7755864572082803e-20
18.8825 1.9999999999999996 24.0 1.6211669578086196 17.628453345173384 -2.74164235156174e-20
18.887500000000003 1.9999999999999996 24.0 1.6198282953144727 17.6192304778776 -2.7010917128765422e-20
18.8925 1.9999999999999996 24.0 1.6184904358518057 17.61000653219401 -2.6548720438027765e-20
18.8975 1.9999999999999996 24.0 1.617153388782508 17.60078158190011 -2.603832092496672e-20
18.902500000000003 1.9999999999999996 24.0 1.6158171639115735 17.591555704017374 -2.5487390445766706e-20
18.9075 1.9999999999999996 24.0 1.614481771489555 17.582328978839044 -2.4902851818191723e-20
18.9125 1.9999999999999996 24.0 1.613147222205822 17.57310148989442 -2.4290940447810776e-20
18.9175 1.9999999999999996 24.0 1.6118135271688792 17.563873323823373 -2.365726134064557e-20
18.9225 1.9999999999999996 24.0 1.6104806978687565 17.554644570126133 -2.3006841826218516e-20
18.927500000000002 1.9999999999999996 24.0 1.6091487461148732 17.54541532074195 -2.2344180293351915e-20
18.932499999999997 1.9999999999999996 24.0 1.607817683940811 17.536185669396467 -2.167329122077668e-20
18.9375 1.9999999999999996 24.0 1.60648752346501 17.526955710640358 -2.0997746765631944e-20
18.942500000000003 1.9999999999999996 24.0 1.6051582766937809 17.517725538483255 -2.03207151552249e-20
18.947499999999998 1.9999999999999996 24.0 1.603829955250463 17.50849524450857 -1.9644996110776748e-20
18.9525 1.9999999999999996 24.0 1.6025025700128679 17.499264915342472 -1.8973053516390185e-20
18.957500000000003 1.9999999999999996 24.0 1.6011761306419254 17.490034629354998 -1.830704553196173e-20
18.9625 1.9999999999999996 24.0 1.5998506449904557 17.480804452512288 -1.7648852335162104e-20
18.9675 1.9999999999999996 24.0 1.5985261183972697 17.471574433412293 -1.7000101664959254e-20
18.9725 1.9999999999999996 24.0 1.5972025529065463 17.462344597778372 -1.636219232730091e-20
18.9775 1.9999999999999996 24.0 1.5958799465188993 17.45311494315102 -1.573631581247634e-20
18.9825 1.9999999999999996 24.0 1.5945582926990909 17.443885435349713 -1.5123476163367386e-20
18.9875 1.9999999999999996 24.0 1.593237580566241 17.434656009690038 -1.452450822411455e-20
18.9925 1.9999999999999996 24.0 1.591917796518469 17.42542658223825 -1.394009438970567e-20
18.997500000000002 1.9999999999999996 24.0 1.5905989285528574 17.416197079977046 -1.3370779968583581e-20
19.002499999999998 1.9999999999999996 24.0 1.589280975306613 17.406967504163635 -1.2816987262495036e-20
19.0075 1.9999999999999996 24.0 1.5879639629501987 17.397738048984188 -1.2279028460465198e-20
19.012500000000003 1.9999999999999996 24.0 1.586647974590621 17.3885093084441 -1.175711743695664e-20
19.0175 1.9999999999999996 24.0 1.585333198847985 17.379282618687434 -1.125138053785429e-20
19.0225 1.9999999999999996 24.0 1.5840200067302561 17.370060600489015 -1.0761866431986392e-20
19.027500000000003 1.9999999999999996 24.0 1.5827090686777954 17.36084798632003 -1.0288555100337288e-20
19.0325 1.9999999999999996 24.0 1.581401526245699 17.35165283510099 -9.831366029910516e-21
19.0375 1.9999999999999996 24.0 1.580099234497904 17.34248824958918 -9.390165674396084e-21
19.0425 1.9999999999999996 24.0 1.5788050904032134 17.333374706367625 -8.964774239299528e-21
19.0475 1.9999999999999996 24.0 1.5775234572854422 17.324343071885952 -8.554971844979406e-21
19.052500000000002 1.9999999999999996 24.0 1.5762606830078882 17.315438290734555 -8.160504117169548e-21
19.057499999999997 1.9999999999999996 24.0 1.575025687157778 17.306723573298946 -7.781087250907186e-21
19.0625 1.9999999999999996 24.0 1.573830557859695 17.298284663116963 -7.416412590413098e-21
19.067500000000003 1.9999999999999996 24.0 1.5726910522769817 17.290233431069662 -7.066150764332224e-21
19.072499999999998 1.9999999999999996 24.0 1.5716268416269306 17.28270966101657 -6.729955412796895e-21
19.0775 1.9999999999999996 24.0 1.5706612946238148 17.2758795522932 -6.407466540065517e-21
19.082500000000003 1.9999999999999996 24.0 1.5698205748504415 17.26992932810791 -6.0983135239558966e-21
19.0875 1.9999999999999996 24.0 1.5691318667462135 17.265052615819705 -5.8021178109258e-21
19.0925 1.9999999999999996 24.0 1.5686206689524265 17.26143115365987 -5.5184953234756904e-21
19.0975 1.9999999999999996 24.0 1.5683073119528486 17.259209947064992 -5.247058604516868e-21
19.1025 1.9999999999999996 24.0 1.5682031411716486 17.25847004268226 -4.9874187214435496e-21
19.1075 1.9999999999999996 24.0 1.568307079829883 17.259204048643667 -4.7391869509126295e-21
19.1125 1.9999999999999996 24.0 1.5686034329925536 17.261300571877097 -4.50197626369326e-21
19.1175 1.9999999999999996 24.0 1.5690617050606939 17.264543073210092 -4.275402627440366e-21
19.122500000000002 1.9999999999999996 24.0 1.5696388343152576 17.268625962546782 -4.059086143847423e-21
19.127499999999998 1.9999999999999996 24.0 1.5702836723598308 17.273186615601777 -3.8526520353297835e-21
19.1325 1.9999999999999996 24.0 1.570942935867218 17.277847722070703 -3.655731495182913e-21
19.137500000000003 1.9999999999999996 24.0 1.5715674531533912 17.28226154892748 -3.467962414050628e-21
19.1425 1.9999999999999996 24.0 1.5721174713989978 17.286147380867178 -3.288989994491435e-21
19.1475 1.9999999999999996 24.0 1.5725660914276705 17.28931560492384 -3.1184672644814075e-21
19.152500000000003 1.9999999999999996 24.0 1.5729004240456477 17.291675666854108 -2.9560554998040198e-21
19.1575 1.9999999999999996 24.0 1.5731206154946786 17.293229023473664 -2.8014245644486486e-21
19.1625 1.9999999999999996 24.0 1.5732372977611297 17.294051054122626 -2.654253177387695e-21
19.1675 1.9999999999999996 24.0 1.5732682006766305 17.294267129268 -2.5142291133985484e-21
19.1725 1.9999999999999996 24.0 1.5732346315248582 17.29402778829861 -2.381049344940791e-21
19.177500000000002 1.9999999999999996 24.0 1.5731583588840559 17.29348678249989 -2.254420131508446e-21
19.182499999999997 1.9999999999999996 24.0 1.5730592182073915 17.292784202746848 -2.1340570623170228e-21
19.1875 1.9999999999999996 24.0 1.5729535540913753 17.292035496128115 -2.0196850576742936e-21
19.192500000000003 1.9999999999999996 24.0 1.5728534628875166 17.29132611824449 -1.9110383339167365e-21
19.197499999999998 1.9999999999999996 24.0 1.5727667063279027 17.290710915805853 -1.8078603363518485e-21
19.2025 1.9999999999999996 24.0 1.572697123297682 17.290217026104926 -1.709903644250888e-21
19.207500000000003 1.9999999999999996 24.0 1.5726453587494096 17.289849019421126 -1.6169298515670732e-21
19.2125 1.9999999999999996 24.0 1.572609743228718 17.289595109403198 -1.5287094267106477e-21
19.2175 1.9999999999999996 24.0 1.5725871842245558 17.28943345027639 -1.445021554403775e-21
19.2225 1.9999999999999996 24.0 1.5725739652396247 17.289337783872895 -1.3656539623501385e-21
19.2275 1.9999999999999996 24.0 1.572566385512427 17.289281961256535 -1.2904027351866471e-21
19.2325 1.9999999999999996 24.0 1.5725612089116445 17.28924311571761 -1.2190721179470343e-21
19.2375 1.9999999999999996 24.0 1.5725559213782558 17.28920348247886 -1.151474311041249e-21
19.2425 1.9999999999999996 24.0 1.5725488198802564 17.28915102747501 -1.087429258551161e-21
19.247500000000002 1.9999999999999996 24.0 1.5725389707824866 17.28907915322482 -1.0267644314576594e-21
19.252499999999998 1.9999999999999996 24.0 1.572526081780869 17.288985793911078 -9.69314607241488e-22
19.2575 1.9999999999999996 24.0 1.57251033030012 17.288872202859572 -9.149216471436915e-22
19.262500000000003 1.9999999999999996 24.0 1.572492184547108 17.288741688147454 -8.634342722307679e-22
19.2675 1.9999999999999996 24.0 1.5724722436259828 17.288598482896308 -8.147078392756778e-22
19.2725 1.9999999999999996 24.0 1.5724511124951865 17.288446861728232 -7.6860411734933e-22
19.277500000000003 1.9999999999999996 24.0 1.5724293178471296 17.288290546347206 -7.249910659086329e-22
19.2825 1.9999999999999996 24.0 1.572407263352689 17.28813238924982 -6.837426150665063e-22
19.2875 1.9999999999999996 24.0 1.5723852176344533 17.287974288692432 -6.447384486414953e-22
19.2925 1.9999999999999996 24.0 1.5723633257853 17.287817270039874 -6.078637905031894e-22
19.2975 1.9999999999999996 24.0 1.5723416348343533 17.287661665684187 -5.73009194653857e-22
19.302500000000002 1.9999999999999996 24.0 1.5723201246839555 17.28750733364005 -5.400703394224903e-22
19.307499999999997 1.9999999999999996 24.0 1.572298738053814 17.287353869139015 -5.089478260853571e-22
19.3125 1.9999999999999996 24.0 1.572277405290059 17.287200779947337 -4.795469821729646e-22
19.317500000000003 1.9999999999999996 24.0 1.5722560620790302 17.28704761155059 -4.517776696754326e-22
19.322499999999998 1.9999999999999996 24.0 1.5722346598604156 17.286894020749866 -4.2555409831238975e-22
19.3275 1.9999999999999996 24.0 1.5722131699311965 17.28673980467245 -4.0079464399546148e-22
19.332500000000003 1.9999999999999996 24.0 1.5721915828681783 17.286584896698255 -3.7742167257595046e-22
19.3375 1.9999999999999996 24.0 1.5721699050594036 17.286429341952548 -3.5536136893776576e-22
19.3425 1.9999999999999996 24.0 1.5721481539569842 17.286273263760478 -3.3454357146877167e-22
19.3475 1.9999999999999996 24.0 1.57212635329001 17.286116829817235 -3.149016119187299e-22
19.3525 1.9999999999999996 24.0 1.572104529033852 17.285960223702077 -2.963721606292097e-22
19.3575 1.9999999999999996 24.0 1.57208270651733 17.285803624432734 -2.7889507710276253e-22
19.3625 1.9999999999999996 24.0 1.57206090872046 17.285647194433597 -2.624132658610087e-22
19.3675 1.9999999999999996 24.0 1.5720391555970126 17.285491074746453 -2.4687253752674255e-22
19.372500000000002 1.9999999999999996 24.0 1.5720174641451967 17.285335385528903 -2.322214750527575e-22
19.377499999999998 1.9999999999999996 24.0 1.571995848926564 17.285180229720936 -2.1841130500893805e-22
19.3825 1.9999999999999996 24.0 1.5719743227698073 17.285025698018615 -2.0539577382981124e-22
19.387500000000003 1.9999999999999996 24.0 1.57195289746448 17.284871873776872 -1.931310289175579e-22
19.3925 1.9999999999999996 24.0 1.5719315843261765 17.28471883700408 -1.8157550448818165e-22
19.3975 1.9999999999999996 24.0 1.5719103945830555 17.284566667093987 -1.706898120439673e-22
19.402500000000003 1.9999999999999996 24.0 1.5718893395846978 17.28441544430199 -1.6043663535106856e-22
19.4075 1.9999999999999996 24.0 1.5718684308656719 17.28426525019446 -1.5078062979746224e-22
19.4125 1.9999999999999996 24.0 1.571847680109626 17.284116167394874 -1.4168832600461931e-22
19.4175 1.9999999999999996 24.0 1.571827099059611 17.28396827894997 -1.3312803756463564e-22
19.4225 1.9999999999999996 24.0 1.5718066994120188 17.283821667579883 -1.2506977277325665e-22
19.427500000000002 1.9999999999999996 24.0 1.5717864927195455 17.283676414992126 -1.1748515022953569e-22
19.432499999999997 1.9999999999999996 24.0 1.5717664903166737 17.283532601354665 -1.1034731817274278e-22
19.4375 1.9999999999999996 24.0 1.5717467032714871 17.2833903049551 -1.0363087742791856e-22
19.442500000000003 1.9999999999999996 24.0 1.571727142361091 17.28324960202675 -9.731180783290145e-23
19.447499999999998 1.9999999999999996 24.0 1.5717078180645703 17.283110566698657 -9.136739802072608e-23
19.4525 1.9999999999999996 24.0 1.571688740566521 17.282973271020378 -8.57761784334579e-23
19.457500000000003 1.9999999999999996 24.0 1.57166991976507 17.282837785018465 -8.051785744558451e-23
19.4625 1.9999999999999996 24.0 1.5716513652799486 17.282704176753338 -7.557326047716108e-23
19.4675 1.9999999999999996 24.0 1.5716330864580554 17.28257251235846 -7.092427197969295e-23
19.4725 1.9999999999999996 24.0 1.5716150923755412 17.282442856054857 -6.655378018034868e-23
19.4775 1.9999999999999996 24.0 1.5715973918365789 17.282315270142234 -6.244562447272041e-23
19.4825 1.9999999999999996 24.0 1.571579993369589 17.28218981497213 -5.858454534551289e-23
19.4875 1.9999999999999996 24.0 1.5715629052219409 17.282066548910244 -5.495613674335928e-23
19.4925 1.9999999999999996 24.0 1.5715461353540319 17.2819455282944 -5.154680075702872e-23
19.497500000000002 1.9999999999999996 24.0 1.5715296914334622 17.281826807393195 -4.834370454345215e-23
19.502499999999998 1.9999999999999996 24.0 1.5715135808297134 17.281710438368165 -4.533473937902744e-23
19.5075 1.9999999999999996 24.0 1.5714978106095092 17.28159647124084 -4.250848175277013e-23
19.512500000000003 1.9999999999999996 24.0 1.5714823875328803 17.281484953864712 -3.985415640911021e-23
19.5175 1.9999999999999996 24.0 1.5714673180498293 17.281375931901504 -3.736160125305119e-23
19.5225 1.9999999999999996 24.0 1.5714526082974685 17.281269448800728 -3.502123403361676e-23
19.527500000000003 1.9999999999999996 24.0 1.571438264097524 17.28116554578193 -3.282402072452917e-23
19.5325 1.9999999999999996 24.0 1.5714242909541047 17.28106426181868 -3.076144552395955e-23
19.5375 1.9999999999999996 24.0 1.5714106940516839 17.280965633624177 -2.882548239823525e-23
19.5425 1.9999999999999996 24.0 1.5713974782532723 17.280869695638195 -2.7008568097265507e-23
19.5475 1.9999999999999996 24.0 1.5713846480988067 17.280776480015504 -2.5303576572181187e-23
19.552500000000002 1.9999999999999996 24.0 1.5713722078037367 17.280686016615768 -2.3703794728575064e-23
19.557499999999997 1.9999999999999996 24.0 1.5713601612578803 17.28059833299531 -2.2202899451335944e-23
19.5625 1.9999999999999996 24.0 1.5713485120245203 17.28051345440056 -2.0794935839713404e-23
19.567500000000003 1.9999999999999996 24.0 1.5713372633397915 17.28043140376365 -1.947429659385224e-23
19.572499999999998 1.9999999999999996 24.0 1.5713264181123594 17.28035220169999 -1.8235702496436977e-23
19.5775 1.9999999999999996 24.0 1.5713159789234035 17.28027586650805 -1.7074183935557026e-23
19.582500000000003 1.9999999999999996 24.0 1.571305948026895 17.280202414171203 -1.598506341722778e-23
19.5875 1.9999999999999996 24.0 1.5712963273501923 17.28013185836189 -1.4963939018217797e-23
19.5925 1.9999999999999996 24.0 1.571287118494939 17.280064210447826 -1.4006668732057973e-23
19.5975 1.9999999999999996 24.0 1.5712783227382656 17.27999947950043 -1.3109355663217706e-23
19.6025 1.9999999999999996 24.0 1.5712699410343014 17.27993767230545 -1.2268334026416762e-23
19.6075 1.9999999999999996 24.0 1.5712619740159866 17.279878793375737 -1.148015591006533e-23
19.6125 1.9999999999999996 24.0 1.5712544219971845 17.279822844966073 -1.0741578764671479e-23
19.6175 1.9999999999999996 24.0 1.571247284975097 17.279769827090224 -1.0049553578880024e-23
19.622500000000002 1.9999999999999996 24.0 1.5712405626329833 17.279719737540137 -9.401213707568924e-24
19.627499999999998 1.9999999999999996 24.0 1.5712342543431632 17.279672571907142 -8.793864318092249e-24
19.6325 1.9999999999999996 24.0 1.5712283591703224 17.279628323605245 -8.224972422371393e-24
19.637500000000003 1.9999999999999996 24.0 1.5712228758750952 17.279586983896515 -7.692157464104953e-24
19.6425 1.9999999999999996 24.0 1.571217802917933 17.27954854191838 -7.193182431817287e-24
19.6475 1.9999999999999996 24.0 1.5712131384632564 17.27951298471301 -6.725945469914925e-24
19.652500000000003 1.9999999999999996 24.0 1.5712088803838749 17.279480297258537 -6.288471961279145e-24
19.6575 1.9999999999999996 24.0 1.5712050262656785 17.279450462502275 -5.878907056207389e-24
19.6625 1.9999999999999996 24.0 1.5712015734125855 17.279423461395698 -5.495508623785519e-24
19.6675 1.9999999999999996 24.0 1.5711985188517568 17.279399272931364 -5.1366406029619754e-24
19.6725 1.9999999999999996 24.0 1.5711958593390616 17.27937787418154 -4.8007667317181865e-24
19.677500000000002 1.9999999999999996 24.0 1.5711935913647792 17.27935924033861 -4.486444633843269e-24
19.682499999999997 1.9999999999999996 24.0 1.571191711159548 17.279343344757166 -4.192320243843963e-24
19.6875 1.9999999999999996 24.0 1.5711902147005425 17.27933015899775 -3.91712255151615e-24
19.692500000000003 1.9999999999999996 24.0 1.5711890977178626 17.27931965287204 -3.659658648661537e-24
19.697499999999998 1.9999999999999996 24.0 1.5711883557011486 17.279311794489693 -3.418809061319529e-24
19.7025 1.9999999999999996 24.0 1.5711879839064045 17.2793065503067 -3.193523351757823e-24
19.707500000000003 1.9999999999999996 24.0 1.5711879773630109 17.279303885175004 -2.982815975283861e-24
19.7125 1.9999999999999996 24.0 1.5711883308809234 17.279303762393468 -2.7857623777115908e-24
19.7175 1.9999999999999996 24.0 1.5711890390580496 17.279306143760127 -2.6014953200714073e-24
19.7225 1.9999999999999996 24.0 1.5711900962877903 17.27931098962559 -2.4292014178571168e-24
19.7275 1.9999999999999996 24.0 1.5711914967667457 17.27931825894758 -2.2681178827696525e-24
19.7325 1.9999999999999996 24.0 1.5711932345025583 17.27932790934653 -2.1175294555683e-24
19.7375 1.9999999999999996 24.0 1.571195303321884 17.279339897161975 -1.9767655192418878e-24
19.7425 1.9999999999999996 24.0 1.5711976968784964 17.279354177509976 -1.8451973822920415e-24
19.747500000000002 1.9999999999999996 24.0 1.5712004086615032 17.27937070434131 -1.7222357224735824e-24
19.752499999999998 1.9999999999999996 24.0 1.571203432003653 17.279389430500277 -1.6073281818561053e-24
19.7575 1.9999999999999996 24.0 1.5712067600897308 17.279410307784158 -1.4999571045662512e-24
19.762500000000003 1.9999999999999996 24.0 1.5712103859650366 17.27943328700326 -1.3996374090456672e-24
19.7675 1.9999999999999996 24.0 1.5712143025439302 17.279458318041435 -1.3059145870992394e-24
19.7725 1.9999999999999996 24.0 1.5712185026184136 17.279485349916825 -1.218362822437156e-24
19.777500000000003 1.9999999999999996 24.0 1.5712229788667673 17.27951433084305 -1.1365832218158391e-24
19.7825 1.9999999999999996 24.0 1.5712277238622203 17.2795452082906 -1.0602021522601282e-24
19.7875 1.9999999999999996 24.0 1.5712327300816251 17.279577929048244 -9.888696782140918e-25
19.7925 1.9999999999999996 24.0 1.5712379899141395 17.27961243928452 -9.222580928099292e-25
19.7975 1.9999999999999996 24.0 1.5712434956699035 17.279648684609153 -8.600605377652505e-25
19.802500000000002 1.9999999999999996 24.0 1.571249239588699 17.279686610134377 -8.01989706730794e-25
19.807499999999997 1.9999999999999996 24.0 1.5712552138485716 17.279726160535976 -7.477766271985913e-25
19.8125 1.9999999999999996 24.0 1.5712614105744112 17.279767280114044 -6.971695163562433e-25
19.817500000000003 1.9999999999999996 24.0 1.5712678218464773 17.27980991285333 -6.49932706535821e-25
19.822499999999998 1.9999999999999996 24.0 1.5712744397088596 17.27985400248312 -6.05845636149267e-25
19.8275 1.9999999999999996 24.0 1.5712812561778469 17.279899492536515 -5.647019022381491e-25
19.832500000000003 1.9999999999999996 24.0 1.5712882632502314 17.279946326409178 -5.263083709860387e-25
19.8375 1.9999999999999996 24.0 1.5712954529114835 17.279994447417245 -4.904843427488314e-25
19.8425 1.9999999999999996 24.0 1.5713028171438332 17.280043798854436 -4.570607683576022e-25
19.8475 1.9999999999999996 24.0 1.5713103479342245 17.280094324048452 -4.258795136348367e-25
19.8525 1.9999999999999996 24.0 1.5713180372821545 17.280145966416384 -3.967926692397841e-25
19.8575 1.9999999999999996 24.0 1.5713258772073524 17.280198669519102 -3.6966190312727875e-25
19.8625 1.9999999999999996 24.0 1.5713338597573214 17.28025237711457 -3.443578530603814e-25
19.8675 1.9999999999999996 24.0 1.5713419770147274 17.280307033210192 -3.2075955676619366e-25
19.872500000000002 1.9999999999999996 24.0 1.571350221104621 17.280362582113874 -2.9875391746495117e-25
19.877499999999998 1.9999999999999996 24.0 1.5713585842014857 17.280418968483893 -2.782352026345729e-25
19.8825 1.9999999999999996 24.0 1.5713670585361077 17.280476137377505 -2.5910457399789224e-25
19.887500000000003 1.9999999999999996 24.0 1.5713756364022595 17.280534034298235 -2.4126964683865733e-25
19.8925 1.9999999999999996 24.0 1.571384310163186 17.280592605241715 -2.2464407686256504e-25
19.8975 1.9999999999999996 24.0 1.5713930722578888 17.280651796740194 -2.091471729257012e-25
19.902500000000003 1.9999999999999996 24.0 1.5714019152072156 17.280711555905548 -1.947035340517159e-25
19.9075 1.9999999999999996 24.0 1.5714108316197268 17.280771830470798 -1.8124270925199253e-25
19.9125 1.9999999999999996 24.0 1.571419814197345 17.280832568830057 -1.686988787518952e-25
19.9175 1.9999999999999996 24.0 1.571428855740789 17.280893720076982 -1.570105553092213e-25
19.9225 1.9999999999999996 24.0 1.5714379491547792 17.280955234041535 -1.461203043887591e-25
19.927500000000002 1.9999999999999996 24.0 1.5714470874530084 17.28101706132513 -1.3597448203147548e-25
19.932499999999997 1.9999999999999996 24.0 1.5714562637628853 17.281079153334197 -1.2652298932593195e-25
19.9375 1.9999999999999996 24.0 1.5714654713300429 17.281141462312007 -1.177190424551076e-25
19.942500000000003 1.9999999999999996 24.0 1.571474703522607 17.281203941368865 -1.0951895735396142e-25
19.947499999999998 1.9999999999999996 24.0 1.571483953835226 17.28126654451054 -1.0188194807062402e-25
19.9525 1.9999999999999996 24.0 1.5714932158928558 17.281329226665044 -9.476993797934132e-26
19.957500000000003 1.9999999999999996 24.0 1.571502483454322 17.28139194370776 -8.81473830447977e-26
19.9625 1.9999999999999996 24.0 1.5715117504156142 17.281454652484705 -8.198110638568767e-26
19.9675 1.9999999999999996 24.0 1.5715210108129622 17.281517310834282 -7.624014343144515e-26
19.9725 1.9999999999999996 24.0 1.5715302588256703 17.281579877607264 -7.089559700896064e-26
19.9775 1.9999999999999996 24.0 1.571539488778713 17.28164231268515 -6.592050173635612e-26
19.9825 1.9999999999999996 24.0 1.5715486951450868 17.28170457699681 -6.128969713928896e-26
19.9875 1.9999999999999996 24.0 1.571557872547941 17.28176663253349 -5.697970894083752e-26
19.9925 1.9999999999999996 24.0 1.5715670157624733 17.281828442362247 -5.296863800975406e-26
19.997500000000002 1.9999999999999996 24.0 1.5715761197175981 17.281889970637714 -4.923605648362582e-26
20.002499999999998 1.9999999999999996 24.0 1.5715851794973805 17.2819511826122 -4.5762910613175824e-26
20.0075 1.9999999999999996 24.0 1.571594190342257 17.282012044644272 -4.2531429901938497e-26
20.012500000000003 1.9999999999999996 24.0 1.5716031476500263 17.282072524205706 -3.9525042141995724e-26
20.0175 1.9999999999999996 24.0 1.571612046976628 17.282132589886917 -3.6728293970995804e-26
20.0225 1.9999999999999996 24.0 1.5716208840367052 17.282192211400854 -3.412677659908941e-26
20.027500000000003 1.9999999999999996 24.0 1.5716296547039663 17.282251359585448 -3.1707056376240324e-26
20.0325 1.9999999999999996 24.0 1.5716383550113369 17.28231000640463 -2.945660989079002e-26
20.0375 1.9999999999999996 24.0 1.5716469811509248 17.282368124948 -2.736376330955043e-26
20.0425 1.9999999999999996 24.0 1.57165552947378 17.282425689429132 -2.5417635687795335e-26
20.0475 1.9999999999999996 24.0 1.5716639964894878 17.282482675182628 -2.360808599442835e-26
20.052500000000002 1.9999999999999996 24.0 1.5716723788655618 17.28253905865987 -2.1925663613716665e-26
20.057499999999997 1.9999999999999996 24.0 1.5716806734266786 17.282594817423664 -2.0361562099872055e-26
20.0625 1.9999999999999996 24.0 1.5716888771537274 17.282649930141453 -1.890757597486316e-26
20.067500000000003 1.9999999999999996 24.0 1.5716969871827013 17.28270437657757 -1.7556060373100664e-26
20.072499999999998 1.9999999999999996 24.0 1.571705000803425 17.28275813758422 -1.6299893348955613e-26
20.0775 1.9999999999999996 24.0 1.5717129154581295 17.2828111950914 -1.513244067477455e-26
20.082500000000003 1.9999999999999996 24.0 1.5717207287398753 17.28286353209569 -1.404752296796471e-26
20.0875 1.9999999999999996 24.0 1.5717284383908352 17.28291513264808 -1.303938499592376e-26
20.0925 1.9999999999999996 24.0 1.5717360423004445 17.28296598184081 -1.210266701724322e-26
20.0975 1.9999999999999996 24.0 1.5717435385034277 17.28301606579339 -1.1232378026627623e-26
20.1025 1.9999999999999996 24.0 1.571750925177699 17.283065371637612 -1.042387077937629e-26
20.1075 1.9999999999999996 24.0 1.571758200642152 17.283113887501905 -9.672818479264382e-27
20.1125 1.9999999999999996 24.0 1.5717653633543496 17.283161602494946 -8.975193021048755e-27
20.1175 1.9999999999999996 24.0 1.5717724119081073 17.28320850668857 -8.327244685803272e-27
20.122500000000002 1.9999999999999996 24.0 1.571779345030997 17.283254591100025 -7.725483193829973e-27
20.127499999999998 1.9999999999999996 24.0 1.571786161581748 17.283299847673685 -7.166660026002004e-27
20.1325 1.9999999999999996 24.0 1.5717928605475833 17.28334426926216 -6.64775193012921e-27
20.137500000000003 1.9999999999999996 24.0 1.5717994410414788 17.28338784960696 -6.1659455343352814e-27
20.1425 1.9999999999999996 24.0 1.5718059022993403 17.283430583318538 -5.718622994439857e-27
20.1475 1.9999999999999996 24.0 1.5718122436771256 17.283472465855894 -5.3033486070837974e-27
20.152500000000003 1.9999999999999996 24.0 1.571818464647907 17.283513493505858 -4.917856324753106e-27
20.1575 1.9999999999999996 24.0 1.5718245647988855 17.28355366336194 -4.560038112980373e-27
20.1625 1.9999999999999996 24.0 1.5718305438283582 17.28359297330285 -4.227933093899924e-27
20.1675 1.9999999999999996 24.0 1.5718364015426411 17.283631421970778 -3.919717423960374e-27
20.1725 1.9999999999999996 24.0 1.5718421378529626 17.283669008749364 -3.633694856983934e-27
20.177500000000002 1.9999999999999996 24.0 1.5718477527723262 17.28370573374154 -3.368287946965939e-27
20.182499999999997 1.9999999999999996 24.0 1.5718532464123547 17.283741597747174 -3.1220298479737995e-27
20.1875 1.9999999999999996 24.0 1.5718586189801123 17.283776602240593 -2.893556671295461e-27
20.192500000000003 1.9999999999999996 24.0 1.5718638707749164 17.28381074934807 -2.681600362607336e-27
20.197499999999998 1.9999999999999996 24.0 1.5718690021851438 17.28384404182521 -2.4849820643602632e-27
20.2025 1.9999999999999996 24.0 1.5718740136850298 17.283876483034312 -2.3026059308789834e-27
20.207500000000003 1.9999999999999996 24.0 1.5718789058314702 17.283908076921804 -2.133453365807826e-27
20.2125 1.9999999999999996 24.0 1.571883679260831 17.283938827995623 -1.9765776535290845e-27
20.2175 1.9999999999999996 24.0 1.5718883346857653 17.283968741302758 -1.8310989580601387e-27
20.2225 1.9999999999999996 24.0 1.5718928728920463 17.283997822406853 -1.6961996646843843e-27
20.2275 1.9999999999999996 24.0 1.571897294735424 17.284026077365976 -1.5711200412022378e-27
20.2325 1.9999999999999996 24.0 1.571901601138488 17.284053512710457 -1.45515419722807e-27
20.2375 1.9999999999999996 24.0 1.571905793087572 17.284080135420993 -1.3476463213843163e-27
20.2425 1.9999999999999996 24.0 1.571909871629678 17.2841059529069 -1.2479871775836307e-27
20.247500000000002 1.9999999999999996 24.0 1.5719138378694277 17.284130972984592 -1.1556108428432293e-27
20.252499999999998 1.9999999999999996 24.0 1.5719176929660699 17.284155203856383 -1.0699916702424413e-27
20.2575 1.9999999999999996 24.0 1.5719214381304991 17.28417865408946 -9.90641461727597e-28
20.262500000000003 1.9999999999999996 24.0 1.5719250746223323 17.28420133259518 -9.171068364931224e-28
20.2675 1.9999999999999996 24.0 1.5719286037470237 17.284223248608725 -8.489667816171257e-28
20.2725 1.9999999999999996 24.0 1.57193202685303 17.284244411669007 -7.858303725255122e-28
20.277500000000003 1.9999999999999996 24.0 1.571935345329016 17.284264831598986 -7.2733465169151005e-28
20.2825 1.9999999999999996 24.0 1.5719385606011103 17.284284518486224 -6.731426547532109e-28
20.2875 1.9999999999999996 24.0 1.5719416741302248 17.284303482663944 -6.229415739615592e-28
20.2925 1.9999999999999996 24.0 1.5719446874094087 17.284321734692373 -5.76441049550051e-28
20.2975 1.9999999999999996 24.0 1.5719476019612753 17.284339285340515 -5.3337158024912315e-28
20.302500000000002 1.9999999999999996 24.0 1.5719504193354799 17.284356145568342 -4.934830447636979e-28
20.307499999999997 1.9999999999999996 24.0 1.5719531411062526 17.284372326509377 -4.565433265830455e-28
20.3125 1.9999999999999996 24.0 1.571955768869993 17.284387839453657 -4.223370350087268e-28
20.317500000000003 1.9999999999999996 24.0 1.5719583042429242 17.28440269583122 -3.9066431576961334e-28
20.322499999999998 1.9999999999999996 24.0 1.5719607488588143 17.284416907195908 -3.6133974504062686e-28
20.3275 1.9999999999999996 24.0 1.5719631043667457 17.28443048520971 -3.341913011034374e-28
20.332500000000003 1.9999999999999996 24.0 1.5719653724289615 17.28444344162747 -3.090594082789266e-28
20.3375 1.9999999999999996 24.0 1.5719675547187737 17.284455788282138 -2.8579604812574676e-28
20.3425 1.9999999999999996 24.0 1.5719696529185283 17.28446753707039 -2.642639332417252e-28
20.3475 1.9999999999999996 24.0 1.5719716687176382 17.284478699938738 -2.443357393229416e-28
20.3525 1.9999999999999996 24.0 1.571973603810678 17.284489288870034 -2.25893391431341e-28
20.3575 1.9999999999999996 24.0 1.5719754598955522 17.284499315870544 -2.0882740070001083e-28
20.3625 1.9999999999999996 24.0 1.5719772386717128 17.284508792957393 -1.9303624796275626e-28
20.3675 1.9999999999999996 24.0 1.5719789418384555 17.284517732146487 -1.7842581103573258e-28
20.372500000000002 1.9999999999999996 24.0 1.5719805710932746 17.284526145440893 -1.6490883260386199e-28
20.377499999999998 1.9999999999999996 24.0 1.5719821281302802 17.28453404481967 -1.5240442587400207e-28
20.3825 1.9999999999999996 24.0 1.5719836146386765 17.284541442227088 -1.4083761535211725e-28
20.387500000000003 1.9999999999999996 24.0 1.5719850323013098 17.28454834956242 -1.3013891028434667e-28
20.3925 1.9999999999999996 24.0 1.5719863827932772 17.28455477867008 -1.2024390847086346e-28
20.3975 1.9999999999999996 24.0 1.5719876677805935 17.284560741330196 -1.1109292832028474e-28
20.402500000000003 1.9999999999999996 24.0 1.5719888889189262 17.28456624924973 -1.026306671597615e-28
20.4075 1.9999999999999996 24.0 1.5719900478523852 17.284571314053835 -9.480588395298991e-29
20.4125 1.9999999999999996 24.0 1.5719911462123664 17.284575947277776 -8.757110470686614e-29
20.4175 1.9999999999999996 24.0 1.5719921856164711 17.28458016035924 -8.088234896679662e-29
20.4225 1.9999999999999996 24.0 1.5719931676674705 17.284583964631068 -7.46988759115352e-29
20.427500000000002 1.9999999999999996 24.0 1.571994093952334 17.284587371314316 -6.898294866246571e-29
20.432499999999997 1.9999999999999996 24.0 1.5719949660413015 17.284590391511777 -6.369961551842724e-29
20.4375 1.9999999999999996 24.0 1.571995785487026 17.2845930362019 -5.881650691709571e-29
20.442500000000003 1.9999999999999996 24.0 1.5719965538237608 17.284595316233045 -5.430364700784479e-29
20.447499999999998 1.9999999999999996 24.0 1.5719972725666032 17.28459724231812 -5.013327879863207e-29
20.4525 1.9999999999999996 24.0 1.5719979432107902 17.284598825029644 -4.627970191229873e-29
20.457500000000003 1.9999999999999996 24.0 1.5719985672310388 17.28460007479507 -4.2719122055216315e-29
20.4625 1.9999999999999996 24.0 1.5719991460809428 17.28460100189252 -3.942951136397159e-29
20.4675 1.9999999999999996 24.0 1.5719996811924126 17.28460161644685 -3.639047885454293e-29
20.4725 1.9999999999999996 24.0 1.5720001739751694 17.284601928426035 -3.358315025289972e-29
20.4775 1.9999999999999996 24.0 1.5720006258162669 17.28460194763785 -3.099005653658577e-29
20.4825 1.9999999999999996 24.0 1.5720010380796854 17.28460168372695 -2.859503056425137e-29
20.4875 1.9999999999999996 24.0 1.5720014121059411 17.284601146172164 -2.638311121393388e-29
20.4925 1.9999999999999996 24.0 1.5720017492117542 17.28460034428408 -2.4340454491803944e-29
20.497500000000002 1.9999999999999996 24.0 1.5720020506897494 17.284599287202983 -2.2454251111191346e-29
20.502499999999998 1.9999999999999996 24.0 1.572002317808197 17.28459798389702 -2.071265007705915e-29
20.5075 1.9999999999999996 24.0 1.572002551810796 17.284596443160666 -1.9104687844023646e-29
20.512500000000003 1.9999999999999996 24.0 1.5720027539164931 17.28459467361345 -1.762022264672032e-29
20.5175 1.9999999999999996 24.0 1.5720029253193275 17.28459268369886 -1.6249873629703415e-29
20.5225 1.9999999999999996 24.0 1.5720030671883165 17.284590481683512 -1.498496443064617e-29
20.527500000000003 1.9999999999999996 24.0 1.5720031806673762 17.28458807565663 -1.381747089524135e-29
20.5325 1.9999999999999996 24.0 1.5720032668752708 17.28458547352966 -1.2739972625056867e-29
20.5375 1.9999999999999996 24.0 1.572003326905588 17.28458268303612 -1.1745608080973687e-29
20.5425 1.9999999999999996 24.0 1.5720033618267446 17.284579711731617 -1.0828032984616972e-29
20.5475 1.9999999999999996 24.0 1.572003372682027 17.284576566994147 -9.981381778572187e-30
20.552500000000002 1.9999999999999996 24.0 1.5720033604896484 17.28457325602448 -9.200231923345547e-30
20.557499999999997 1.9999999999999996 24.0 1.5720033262428295 17.28456978584678 -8.479570824898132e-30
20.5625 1.9999999999999996 24.0 1.572003270909923 17.284566163309467 -7.814765201370724e-30
20.567500000000003 1.9999999999999996 24.0 1.5720031954345322 17.284562395086027 -7.201532711384397e-30
20.572499999999998 1.9999999999999996 24.0 1.572003100735668 17.284558487676133 -6.635915679020996e-30
20.5775 1.9999999999999996 24.0 1.572002987707922 17.284554447406897 -6.1142567624867906e-30
20.582500000000003 1.9999999999999996 24.0 1.5720028572216638 17.284550280434246 -5.633176424475332e-30
20.5875 1.9999999999999996 24.0 1.572002710123247 17.284545992744363 -5.189552072461762e-30
20.5925 1.9999999999999996 24.0 1.5720025472352424 17.284541590155367 -4.780498746694241e-30
20.5975 1.9999999999999996 24.0 1.5720023693566794 17.284537078318998 -4.403351242475823e-30
20.6025 1.9999999999999996 24.0 1.572002177263301 17.28453246272243 -4.055647561515679e-30
20.6075 1.9999999999999996 24.0 1.5720019717078433 17.284527748690255 -3.735113594771083e-30
20.6125 1.9999999999999996 24.0 1.5720017534203141 17.284522941386438 -3.439648946257551e-30
20.6175 1.9999999999999996 24.0 1.5720015231082938 17.28451804581644 -3.167313813877544e-30
20.622500000000002 1.9999999999999996 24.0 1.572001281457248 17.28451306682945 -2.916316849418935e-30
20.627499999999998 1.9999999999999996 24.0 1.572001029130839 17.28450800912057 -2.6850039255315015e-30
20.6325 1.9999999999999996 24.0 1.5720007667712608 17.28450287723318 -2.4718477427421807e-30
20.637500000000003 1.9999999999999996 24.0 1.5720004949995698 17.284497675561298 -2.2754382144569016e-30
20.6425 1.9999999999999996 24.0 1.5720002144160348 17.284492408352037 -2.094473572409502e-30
20.6475 1.9999999999999996 24.0 1.5719999256004842 17.284487079708054 -1.927752139229971e-30
20.652500000000003 1.9999999999999996 24.0 1.5719996291126626 17.284481693590074 -1.774164718700315e-30
20.6575 1.9999999999999996 24.0 1.571999325492596 17.284476253819477 -1.6326875578776894e-30
20.6625 1.9999999999999996 24.0 1.5719990152609558 17.284470764080865 -1.5023758386263303e-30
20.6675 1.9999999999999996 24.0 1.5719986989194303 17.284465227924663 -1.3823576592131695e-30
20.6725 1.9999999999999996 24.0 1.571998376951098 17.284459648769776 -1.2718284695034696e-30
20.677500000000002 1.9999999999999996 24.0 1.5719980498208028 17.28445402990623 -1.1700459259796393e-30
20.682499999999997 1.9999999999999996 24.0 1.57199771797554 17.284448374497924 -1.0763251352859975e-30
20.6875 1.9999999999999996 24.0 1.5719973818448398 17.284442685585315 -9.90034257306422e-31
20.692500000000003 1.9999999999999996 24.0 1.5719970418411386 17.28443696608808 -9.105904409226613e-31
20.697499999999998 1.9999999999999996 24.0 1.571996698360175 17.284431218807914 -8.374560675761761e-31
20.7025 1.9999999999999996 24.0 1.5719963517813658 17.28442544643118 -7.701352795982191e-31
20.707500000000003 1.9999999999999996 24.0 1.5719960024681894 17.284419651531643 -7.0817077197495e-31
20.7125 1.9999999999999996 24.0 1.5719956507685695 17.284413836573194 -6.511408277905541e-31
20.7175 1.9999999999999996 24.0 1.5719952970152566 17.28440800391256 -5.986565790576041e-31
20.7225 1.9999999999999996 24.0 1.5719949415262053 17.284402155801935 -5.5035947600006185e-31
20.7275 1.9999999999999996 24.0 1.571994584604947 17.284396294391644 -5.05918949108776e-31
20.7325 1.9999999999999996 24.0 1.5719942265409648 17.284390421732752 -4.650302494578173e-31
20.7375 1.9999999999999996 24.0 1.5719938676100556 17.284384539779637 -4.274124538469331e-31
20.7425 1.9999999999999996 24.0 1.5719935080747018 17.284378650392583 -3.9280662233637315e-31
20.747500000000002 1.9999999999999996 24.0 1.5719931481844343 17.284372755340343 -3.609740966676285e-31
20.752499999999998 1.9999999999999996 24.0 1.5719927881761813 17.28436685630259 -3.3169492892110546e-31
20.7575 1.9999999999999996 24.0 1.5719924282746354 17.284360954872476 -3.0476643055727105e-31
20.762500000000003 1.9999999999999996 24.0 1.5719920686925986 17.284355052559103 -2.8000183272521737e-31
20.7675 1.9999999999999996 24.0 1.5719917096313307 17.284349150789996 -2.5722904940322417e-31
20.7725 1.9999999999999996 24.0 1.5719913512808974 17.28434325091354 -2.3628953556898785e-31
20.777500000000003 1.9999999999999996 24.0 1.571990993820502 17.284337354201348 -2.1703723318199753e-31
20.7825 1.9999999999999996 24.0 1.5719906374188253 17.284331461850694 -1.9933759830145536e-31
20.7875 1.9999999999999996 24.0 1.5719902822343537 17.28432557498682 -1.8306670316566573e-31
20.7925 1.9999999999999996 24.0 1.5719899284157008 17.28431969466522 -1.6811040752286936e-31
20.7975 1.9999999999999996 24.0 1.5719895761019327 17.28431382187397 -1.5436359393282016e-31
20.802500000000002 1.9999999999999996 24.0 1.5719892254228736 17.28430795753588 -1.4172946215713442e-31
20.807499999999997 1.9999999999999996 24.0 1.5719888764994114 17.284302102510644 -1.301188781241069e-31
20.8125 1.9999999999999996 24.0 1.5719885294437994 17.28429625759696 -1.1944977329459876e-31
20.817500000000003 1.9999999999999996 24.0 1.5719881843599535 17.28429042353466 -1.0964659057142438e-31
20.822499999999998 1.9999999999999996 24.0 1.571987841343733 17.28428460100666 -1.0063977318585505e-31
20.8275 1.9999999999999996 24.0 1.5719875004832322 17.284278790641046 -9.236529326542577e-32
20.832500000000003 1.9999999999999996 24.0 1.5719871618590506 17.28427299301291 -8.476421703700693e-32
20.8375 1.9999999999999996 24.0 1.5719868255445602 17.28426720864627 -7.778230384987023e-32
20.8425 1.9999999999999996 24.0 1.5719864916061734 17.284261438016014 -7.136963641770486e-32
20.8475 1.9999999999999996 24.0 1.571986160103609 17.284255681549702 -6.548027987617744e-32
20.8525 1.9999999999999996 24.0 1.5719858310901391 17.284249939629376 -6.007196743529833e-32
20.8575 1.9999999999999996 24.0 1.5719855046128397 17.284244212593265 -5.510581057537729e-32
20.8625 1.9999999999999996 24.0 1.5719851807128271 17.284238500737526 -5.05460318915081e-32
20.8675 1.9999999999999996 24.0 1.571984859425501 17.28423280431793 -4.6359718836213585e-32
20.872500000000002 1.9999999999999996 24.0 1.571984540780773 17.284227123551474 -4.2516596743701956e-32
20.877499999999998 1.9999999999999996 24.0 1.5719842248032898 17.284221458618 -3.898881964269042e-32
20.8825 1.9999999999999996 24.0 1.571983911512655 17.284215809661728 -3.575077747907442e-32
20.887500000000003 1.9999999999999996 24.0 1.5719836009236339 17.2842101767927 -3.2778918475460915e-32
20.8925 1.9999999999999996 24.0 1.5719832930463675 17.284204560088323 -3.005158545204321e-32
20.8975 1.9999999999999996 24.0 1.5719829878865754 17.284198959594764 -2.7548865023677956e-32
20.902500000000003 1.9999999999999996 24.0 1.5719826854457446 17.284193375328307 -2.5252448671416167e-32
20.9075 1.9999999999999996 24.0 1.5719823857213233 17.28418780727673 -2.3145504763676135e-32
20.9125 1.9999999999999996 24.0 1.5719820887069078 17.284182255400623 -2.1212560673576938e-32
20.9175 1.9999999999999996 24.0 1.5719817943924221 17.284176719634594 -1.9439394204709194e-32
20.9225 1.9999999999999996 24.0 1.5719815027642876 17.28417119988856 -1.7812933598301942e-32
20.927500000000002 1.9999999999999996 24.0 1.5719812138055975 17.28416569604896 -1.6321165451012026e-32
20.932499999999997 1.9999999999999996 24.0 1.571980927496282 17.284160207979863 -1.4953049924323677e-32
20.9375 1.9999999999999996 24.0 1.5719806438132613 17.28415473552412 -1.3698442674456298e-32
20.942500000000003 1.9999999999999996 24.0 1.5719803627306121 17.28414927850449 -1.254802297595295e-32
20.947499999999998 1.9999999999999996 24.0 1.571980084219703 17.284143836724624 -1.1493227552887434e-32
20.9525 1.9999999999999996 24.0 1.5719798082493492 17.284138409970176 -1.0526189669401779e-32
20.957500000000003 1.9999999999999996 24.0 1.5719795347859538 17.28413299800975 -9.639683066098393e-33
20.9625 1.9999999999999996 24.0 1.5719792637936354 17.284127600595845 -8.827070360915981e-33
20.9675 1.9999999999999996 24.0 1.571978995234364 17.284122217465793 -8.082255562843162e-33
20.9725 1.9999999999999996 24.0 1.5719787290680929 17.28411684834272 -7.399640374203386e-33
20.9775 1.9999999999999996 24.0 1.571978465252877 17.28411149293634 -6.774083982499077e-33
20.9825 1.9999999999999996 24.0 1.5719782037449885 17.284106150943803 -6.200866066183483e-33
20.9875 1.9999999999999996 24.0 1.5719779444990367 17.284100822050533 -5.675652760230583e-33
20.9925 1.9999999999999996 24.0 1.5719776874680826 17.284095505931035 -5.1944653472508695e-33
20.997500000000002 1.9999999999999996 24.0 1.5719774326037375 17.284090202249615 -4.753651458246751e-33
21.002499999999998 1.9999999999999996 24.0 1.5719771798562696 17.284084910661093 -4.349858584006089e-33
21.0075 1.9999999999999996 24.0 1.5719769291747048 17.28407963081156 -3.980009713735774e-33
21.012500000000003 1.9999999999999996 24.0 1.571976680506923 17.284074362339 -3.641280931950978e-33
21.0175 1.9999999999999996 24.0 1.5719764337997488 17.28406910487399 -3.331080817888703e-33
21.0225 1.9999999999999996 24.0 1.571976188999042 17.28406385804031 -3.0470315039794306e-33
21.027500000000003 1.9999999999999996 24.0 1.5719759460497822 17.28405862145555 -2.78695126120409e-33
21.0325 1.9999999999999996 24.0 1.5719757048961522 17.284053394731686 -2.548838489565188e-33
21.0375 1.9999999999999996 24.0 1.5719754654816165 17.284048177475654 -2.3308570015194667e-33
21.0425 1.9999999999999996 24.0 1.5719752277490038 17.284042969289946 -2.131322495070423e-33
21.0475 1.9999999999999996 24.0 1.571974991640575 17.284037769773033 -1.9486901213748167e-33
21.052500000000002 1.9999999999999996 24.0 1.5719747570980904 17.284032578519906 -1.78154305925418e-33
21.057499999999997 1.9999999999999996 24.0 1.571974524062886 17.284027395122557 -1.6285820159322124e-33
21.0625 1.9999999999999996 24.0 1.5719742924759317 17.284022219170453 -1.4886155797128192e-33
21.067500000000003 1.9999999999999996 24.0 1.5719740622779008 17.284017050250966 -1.3605513562123257e-33
21.072499999999998 1.9999999999999996 24.0 1.571973833409225 17.28401188794979 -1.2433878251810842e-33
21.0775 1.9999999999999996 24.0 1.571973605810151 17.284006731851374 -1.1362068599605353e-33
21.082500000000003 1.9999999999999996 24.0 1.5719733794208 17.28400158153925 -1.0381668562316356e-33
21.0875 1.9999999999999996 24.0 1.5719731541812167 17.283996436596492 -9.484964209541178e-34
21.0925 1.9999999999999996 24.0 1.5719729300314231 17.283991296606025 -8.664885763145484e-34
21.0975 1.9999999999999996 24.0 1.5719727069114668 17.283986161150974 -7.914954371051052e-34
21.1025 1.9999999999999996 24.0 1.5719724847614662 17.283981029815013 -7.229233232720816e-34
21.1075 1.9999999999999996 24.0 1.5719722635216549 17.28397590218264 -6.6022827243633925e-34
21.1125 1.9999999999999996 24.0 1.5719720431324238 17.283970777839507 -6.029119200010419e-34
21.1175 1.9999999999999996 24.0 1.5719718235343598 17.283965656372672 -5.505177170564546e-34
21.122500000000002 1.9999999999999996 24.0 1.5719716046682923 17.28396053737096 -5.0262745868068055e-34
21.127499999999998 1.9999999999999996 24.0 1.571971386475321 17.28395542042509 -4.5885809743304415e-34
21.1325 1.9999999999999996 24.0 1.5719711688968516 17.283950305128023 -4.188588188608518e-34
21.137500000000003 1.9999999999999996 24.0 1.5719709518746339 17.283945191075148 -3.8230835770575067e-34
21.1425 1.9999999999999996 24.0 1.571970735350791 17.283940077864532 -3.4891253520836427e-34
21.1475 1.9999999999999996 24.0 1.5719705192678515 17.283934965097135 -3.1840199949102497e-34
21.152500000000003 1.9999999999999996 24.0 1.5719703035687735 17.283929852377007 -2.9053015245079557e-34
21.1575 1.9999999999999996 24.0 1.5719700881969803 17.283924739311473 -2.6507124793119165e-34
21.1625 1.9999999999999996 24.0 1.5719698730963774 17.28391962551133 -2.4181864717260915e-34
21.1675 1.9999999999999996 24.0 1.571969658211383 17.28391451059101 -2.205832186734157e-34
21.1725 1.9999999999999996 24.0 1.5719694434869436 17.28390939416873 -2.011918706341254e-34
21.177500000000002 1.9999999999999996 24.0 1.5719692288685683 17.283904275866682 -1.8348620511679337e-34
21.182499999999997 1.9999999999999996 24.0 1.571969014302336 17.283899155311147 -1.673212839320187e-34
21.1875 1.9999999999999996 24.0 1.5719687997349259 17.28389403213267 -1.5256449707696942e-34
21.192500000000003 1.9999999999999996 24.0 1.5719685851136271 17.283888905966137 -1.3909452529386456e-34
21.197499999999998 1.9999999999999996 24.0 1.5719683703863616 17.283883776450914 -1.2680038900320364e-34
21.2025 1.9999999999999996 24.0 1.5719681555016973 17.283878643230995 -1.1558057649723699e-34
21.207500000000003 1.9999999999999996 24.0 1.5719679404088667 17.283873505955096 -1.0534224485882664e-34
21.2125 1.9999999999999996 24.0 1.5719677250577782 17.283868364276724 -9.600048760340942e-35
21.2175 1.9999999999999996 24.0 1.5719675093990282 17.283863217854297 -8.747766353231299e-35
21.2225 1.9999999999999996 24.0 1.5719672933839177 17.283858066351232 -7.970278173602389e-35
21.2275 1.9999999999999996 24.0 1.5719670769644618 17.283852909436032 -7.261093809965952e-35
21.2325 1.9999999999999996 24.0 1.5719668600933936 17.283847746782296 -6.61427990439843e-35
21.2375 1.9999999999999996 24.0 1.5719666427241836 17.283842578068878 -6.024412858462897e-35
21.2425 1.9999999999999996 24.0 1.571966424811046 17.2838374029799 -5.48653551136489e-35
21.247500000000002 1.9999999999999996 24.0 1.571966206308944 17.283832221204833 -4.996117460292442e-35
21.252499999999998 1.9999999999999996 24.0 1.5719659871735996 17.283827032438534 -4.549018720010456e-35
21.2575 1.9999999999999996 24.0 1.571965767361498 17.28382183638128 -4.141456443700726e-35
21.262500000000003 1.9999999999999996 24.0 1.5719655468298974 17.28381663273883 -3.7699744499543813e-35
21.2675 1.9999999999999996 24.0 1.5719653255368313 17.283811421222488 -3.431415321825003e-35
21.2725 1.9999999999999996 24.0 1.5719651034411148 17.283806201549098 -3.1228948631897063e-35
21.277500000000003 1.9999999999999996 24.0 1.571964880502346 17.28380097344107 -2.8417787153978945e-35
21.2825 1.9999999999999996 24.0 1.5719646566809127 17.283795736626413 -2.58566095346762e-35
21.2875 1.9999999999999996 24.0 1.571964431937992 17.283790490838747 -2.3523444960591057e-35
21.2925 1.9999999999999996 24.0 1.5719642062355543 17.283785235817355 -2.139823177185513e-35
21.2975 1.9999999999999996 24.0 1.5719639795363687 17.28377997130717 -1.9462653402193387e-35
21.302500000000002 1.9999999999999996 24.0 1.5719637518039977 17.283774697058778 -1.7699988263400218e-35
21.307499999999997 1.9999999999999996 24.0 1.571963523002803 17.283769412828455 -1.6094972401820085e-35
21.3125 1.9999999999999996 24.0 1.5719632930979448 17.283764118378137 -1.4633673851942304e-35
21.317500000000003 1.9999999999999996 24.0 1.5719630620553793 17.283758813475416 -1.3303377701762192e-35
21.322499999999998 1.9999999999999996 24.0 1.5719628298418606 17.283753497893567 -1.2092480966576875e-35
21.3275 1.9999999999999996 24.0 1.5719625964249415 17.28374817141154 -1.0990396443305471e-35
21.332500000000003 1.9999999999999996 24.0 1.5719623617729708 17.28374283381396 -9.987464786535793e-36
21.3375 1.9999999999999996 24.0 1.5719621258550875 17.283737484891024 -9.074874110881638e-36
21.3425 1.9999999999999996 24.0 1.5719618886412188 17.283732124438565 -8.244586482454252e-36
21.3475 1.9999999999999996 24.0 1.5719616501020834 17.283726752258033 -7.489270715610836e-36
21.3525 1.9999999999999996 24.0 1.57196141020919 17.283721368156513 -6.802240940042523e-36
21.3575 1.9999999999999996 24.0 1.5719611689348265 17.283715971946595 -6.177400448206735e-36
21.3625 1.9999999999999996 24.0 1.5719609262520606 17.28371056344646 -5.609190374227446e-36
21.3675 1.9999999999999996 24.0 1.5719606821347345 17.283705142479747 -5.092542793136124e-36
21.372500000000002 1.9999999999999996 24.0 1.5719604365574609 17.283699708875602 -4.622837863940259e-36
21.377499999999998 1.9999999999999996 24.0 1.571960189495619 17.28369426246859 -4.1958646717099246e-36
21.3825 1.9999999999999996 24.0 1.5719599409253526 17.283688803098748 -3.8077854529553054e-36
21.387500000000003 1.9999999999999996 24.0 1.5719596908235638 17.283683330611503 -3.455102915233955e-36
21.3925 1.9999999999999996 24.0 1.5719594391679053 17.28367784485761 -3.134630386329002e-36
21.3975 1.9999999999999996 24.0 1.5719591859367759 17.28367234569314 -2.8434645507451223e-36
21.402500000000003 1.9999999999999996 24.0 1.5719589311093154 17.283666832979428 -2.5789605517788814e-36
21.4075 1.9999999999999996 24.0 1.5719586746654026 17.28366130658305 -2.3387092562018817e-36
21.4125 1.9999999999999996 24.0 1.571958416585643 17.283655766375773 -2.12051649583008e-36
21.4175 1.9999999999999996 24.0 1.5719581568513699 17.283650212234534 -1.922384116022674e-36
21.4225 1.9999999999999996 24.0 1.5719578954446294 17.283644644041352 -1.7424926755950818e-36
21.427500000000002 1.9999999999999996 24.0 1.571957632348178 17.28363906168328 -1.5791856558781206e-36
21.432499999999997 1.9999999999999996 24.0 1.5719573675454797 17.283633465052418 -1.4309550487675426e-36
21.4375 1.9999999999999996 24.0 1.5719571010206883 17.283627854045776 -1.2964282047082334e-36
21.442500000000003 1.9999999999999996 24.0 1.5719568327586528 17.28362222856528 -1.1743558317269305e-36
21.447499999999998 1.9999999999999996 24.0 1.5719565627449017 17.283616588517763 -1.0636010459236758e-36
21.4525 1.9999999999999996 24.0 1.5719562909656428 17.283610933814824 -9.631293823582182e-37
21.457500000000003 1.9999999999999996 24.0 1.571956017407745 17.283605264372802 -8.719996830644768e-37
21.4625 1.9999999999999996 24.0 1.5719557420587391 17.283599580112735 -7.893557860607428e-37
21.4675 1.9999999999999996 24.0 1.5719554649068102 17.283593880960343 -7.1441894576021875e-37
21.4725 1.9999999999999996 24.0 1.5719551859407934 17.28358816684596 -6.464809211644787e-37
21.4775 1.9999999999999996 24.0 1.571954905150153 17.283582437704375 -5.848976736897976e-37
21.4825 1.9999999999999996 24.0 1.5719546225249772 17.283576693474846 -5.290836214866254e-37
21.4875 1.9999999999999996 24.0 1.5719543380559822 17.283570934101128 -4.7850640168858564e-37
21.4925 1.9999999999999996 24.0 1.5719540517344959 17.283565159531307 -4.326820962176601e-37
21.497500000000002 1.9999999999999996 24.0 1.5719537635524468 17.283559369717743 -3.911708806049307e-37
21.502499999999998 1.9999999999999996 24.0 1.5719534735023593 17.28355356461706 -3.5357305879005338e-37
21.5075 1.9999999999999996 24.0 1.5719531815773462 17.283547744190052 -3.195254500678692e-37
21.512500000000003 1.9999999999999996 24.0 1.5719528877710967 17.283541908401656 -2.8869809728293567e-37
21.5175 1.9999999999999996 24.0 1.5719525920778732 17.283536057220857 -2.60791268050501e-37
21.5225 1.9999999999999996 24.0 1.571952294492495 17.28353019062064 -2.355327232343674e-37
21.527500000000003 1.9999999999999996 24.0 1.5719519950103389 17.283524308577952 -2.1267522915167092e-37
21.5325 1.9999999999999996 24.0 1.5719516936273241 17.28351841107362 -1.9199429202089323e-37
21.5375 1.9999999999999996 24.0 1.5719513903399052 17.283512498092282 -1.7328609504206728e-37
21.5425 1.9999999999999996 24.0 1.5719510851450642 17.283506569622368 -1.5636562020786409e-37
21.5475 1.9999999999999996 24.0 1.5719507780402995 17.283500625655936 -1.4106493850637928e-37
21.552500000000002 1.9999999999999996 24.0 1.5719504690236155 17.283494666188687 -1.2723165360541479e-37
21.557499999999997 1.9999999999999996 24.0 1.5719501580935176 17.283488691219908 -1.147274854118146e-37
21.5625 1.9999999999999996 24.0 1.5719498452490046 17.283482700752373 -1.0342698109135129e-37
21.567500000000003 1.9999999999999996 24.0 1.5719495304895554 17.283476694792345 -9.32163422236748e-38
21.572499999999998 1.9999999999999996 24.0 1.5719492138151294 17.283470673349477 -8.399235776030729e-38
21.5775 1.9999999999999996 24.0 1.571948895226147 17.28346463643672 -7.566143336229905e-38
21.582500000000003 1.9999999999999996 24.0 1.571948574723481 17.283458584070267 -6.813870852314883e-38
21.5875 1.9999999999999996 24.0 1.5719482523084563 17.283452516269556 -6.134725363930074e-38
21.5925 1.9999999999999996 24.0 1.5719479279828366 17.283446433057122 -5.521733988206877e-38
21.5975 1.9999999999999996 24.0 1.5719476017488123 17.28344033445859 -4.968577535567025e-38
21.6025 1.9999999999999996 24.0 1.571947273608994 17.283434220502574 -4.469530160167011e-38
21.6075 1.9999999999999996 24.0 1.5719469435664033 17.283428091220642 -4.0194045036115506e-38
21.6125 1.9999999999999996 24.0 1.5719466116244696 17.283421946647252 -3.6135018384988445e-38
21.6175 1.9999999999999996 24.0 1.571946277787016 17.283415786819734 -3.247566762136347e-38
21.622500000000002 1.9999999999999996 24.0 1.571945942058251 17.283409611778126 -2.9177460306998167e-38
21.627499999999998 1.9999999999999996 24.0 1.571945604442757 17.28340342156519 -2.620551160529687e-38
21.6325 1.9999999999999996 24.0 1.5719452649454917 17.283397216226334 -2.3528244564869384e-38
21.637500000000003 1.9999999999999996 24.0 1.5719449235717682 17.28339099580957 -2.1117081576085596e-38
21.6425 1.9999999999999996 24.0 1.5719445803272523 17.283384760365376 -1.89461641792457e-38
21.6475 1.9999999999999996 24.0 1.5719442352179538 17.283378509946736 -1.6992098655161695e-38
21.652500000000003 1.9999999999999996 24.0 1.5719438882502197 17.28337224460905 -1.5233725058712726e-38
21.6575 1.9999999999999996 24.0 1.5719435394307237 17.28336596441006 -1.365190756536998e-38
21.6625 1.9999999999999996 24.0 1.5719431887664523 17.283359669409766 -1.222934419173841e-38
21.6675 1.9999999999999996 24.0 1.5719428362647045 17.283353359670418 -1.0950394125221556e-38
21.6725 1.9999999999999996 24.0 1.5719424819330832 17.283347035256433 -9.800921056483188e-39
21.677500000000002 1.9999999999999996 24.0 1.5719421257794859 17.283340696234372 -8.768151053029813e-39
21.682499999999997 1.9999999999999996 24.0 1.5719417678120906 17.283334342672802 -7.840543643891489e-39
21.6875 1.9999999999999996 24.0 1.571941408039358 17.283327974642308 -7.007674905386313e-39
21.692500000000003 1.9999999999999996 24.0 1.5719410464700163 17.283321592215437 -6.260131447299066e-39
21.697499999999998 1.9999999999999996 24.0 1.5719406831130571 17.283315195466628 -5.5894142983099066e-39
21.7025 1.9999999999999996 24.0 1.5719403179777247 17.283308784472144 -4.987851780230542e-39
21.707500000000003 1.9999999999999996 24.0 1.5719399510735121 17.283302359310017 -4.448520543163742e-39
21.7125 1.9999999999999996 24.0 1.5719395824101472 17.283295920060024 -3.9651740088585087e-39
21.7175 1.9999999999999996 24.0 1.5719392119975906 17.283289466803602 -3.532177538002876e-39
21.7225 1.9999999999999996 24.0 1.5719388398460266 17.28328299962381 -3.144449699494115e-39
21.7275 1.9999999999999996 24.0 1.5719384659658588 17.283276518605284 -2.797409076411002e-39
21.7325 1.9999999999999996 24.0 1.5719380903676965 17.28327002383417 -2.486926095046324e-39
21.7375 1.9999999999999996 24.0 1.5719377130623529 17.28326351539811 -2.2092794102958995e-39
21.7425 1.9999999999999996 24.0 1.5719373340608398 17.28325699338615 -1.9611164234287273e-39
21.747500000000002 1.9999999999999996 24.0 1.571936953374348 17.283250457888677 -1.7394175471341465e-39
21.752499999999998 1.9999999999999996 24.0 1.571936571014256 17.283243908997427 -1.5414638680873542e-39
21.7575 1.9999999999999996 24.0 1.5719361869921102 17.28323734680535 -1.3648078894278453e-39
21.762500000000003 1.9999999999999996 24.0 1.5719358013196272 17.283230771406664 -1.2072470647901068e-39
21.7675 1.9999999999999996 24.0 1.5719354140086832 17.283224182896745 -1.066799862098764e-39
21.7725 1.9999999999999996 24.0 1.571935025071311 17.283217581372128 -9.416841195180137e-40
21.777500000000003 1.9999999999999996 24.0 1.5719346345196867 17.283210966930348 -8.30297477912083e-40
21.7825 1.9999999999999996 24.0 1.571934242366125 17.28320433967002 -7.311996941357904e-40
21.7875 1.9999999999999996 24.0 1.571933848623078 17.283197699690746 -6.430966576253814e-40
21.7925 1.9999999999999996 24.0 1.5719334533031257 17.283191047093087 -5.648259492451483e-40
21.7975 1.9999999999999996 24.0 1.5719330564189713 17.283184381978504 -4.953437963209725e-40
21.802500000000002 1.9999999999999996 24.0 1.571932657983432 17.283177704449304 -4.337132914030108e-40
21.807499999999997 1.9999999999999996 24.0 1.5719322580094344 17.28317101460862 -3.7909375465427126e-40
21.8125 1.9999999999999996 24.0 1.5719318565100089 17.28316431256036 -3.3073113098458767e-40
21.817500000000003 1.9999999999999996 24.0 1.571931453498284 17.28315759840913 -2.879493232414371e-40
21.822499999999998 1.9999999999999996 24.0 1.5719310489874831 17.283150872260286 -2.5014237201656555e-40
21.8275 1.9999999999999996 24.0 1.5719306429909146 17.283144134219828 -2.167674010271968e-40
21.832500000000003 1.9999999999999996 24.0 1.5719302355219666 17.28313738439432 -1.873382546512462e-40
21.8375 1.9999999999999996 24.0 1.5719298265940993 17.283130622890923 -1.6141976111043539e-40
21.8425 1.9999999999999996 24.0 1.5719294162208512 17.283123849817386 -1.3862256107174824e-40
21.8475 1.9999999999999996 24.0 1.5719290044158238 17.283117065281917 -1.1859844712951798e-40
21.8525 1.9999999999999996 24.0 1.571928591192677 17.283110269393212 -1.0103616479274605e-40
21.8575 1.9999999999999996 24.0 1.5719281765651272 17.28310346226039 -8.56576302860535e-41
21.8625 1.9999999999999996 24.0 1.5719277605469415 17.283096643992987 -7.221452471750234e-41
21.8675 1.9999999999999996 24.0 1.57192734315193 17.283089814700865 -6.048522801596841e-41
21.872500000000002 1.9999999999999996 24.0 1.5719269243939453 17.283082974494242 -5.027205953018314e-41
21.877499999999998 1.9999999999999996 24.0 1.571926504286878 17.283076123483653 -4.1398795343447797e-41
21.8825 1.9999999999999996 24.0 1.5719260828446473 17.283069261779858 -3.3708435223553514e-41
21.887500000000003 1.9999999999999996 24.0 1.5719256600811977 17.283062389493853 -2.7061194723863665e-41
21.8925 1.9999999999999996 24.0 1.571925236010501 17.28305550673686 -2.1332700302675332e-41
21.8975 1.9999999999999996 24.0 1.5719248106465429 17.28304861362027 -1.6412367458280085e-41
21.902500000000003 1.9999999999999996 24.0 1.571924384003328 17.283041710255617 -1.2201943805725353e-41
21.9075 1.9999999999999996 24.0 1.5719239560948626 17.283034796754514 -8.614200767226069e-42
21.9125 1.9999999999999996 24.0 1.571923526935168 17.2830278732287 -5.571759129059577e-42
21.9175 1.9999999999999996 24.0 1.5719230965382625 17.28302093978996 -3.0060351482261805e-42
21.9225 1.9999999999999996 24.0 1.5719226649181643 17.28301399655011 -8.562951864692607e-43
21.927500000000002 1.9999999999999996 24.0 1.571922232088888 17.283007043620998 9.31191979472142e-43
21.932499999999997 1.9999999999999996 24.0 1.571921798064437 17.283000081114423 2.4039149633825182e-42
21.9375 1.9999999999999996 24.0 1.5719213628588056 17.282993109142154 3.603800524878784e-42
21.942500000000003 1.9999999999999996 24.0 1.571920926485963 17.282986127815853 4.567823242331037e-42
21.947499999999998 1.9999999999999996 24.0 1.5719204889598681 17.282979137247143 5.328551288321615e-42
21.9525 1.9999999999999996 24.0 1.5719200502944564 17.282972137547517 5.914634784827187e-42
21.957500000000003 1.9999999999999996 24.0 1.5719196105036373 17.282965128828355 6.351242575878885e-42
21.9625 1.9999999999999996 24.0 1.5719191696012929 17.282958111200866 6.660452677773885e-42
21.9675 1.9999999999999996 24.0 1.5719187276012696 17.282951084776055 6.861601145085141e-42
21.9725 1.9999999999999996 24.0 1.5719182845173798 17.28294404966472 6.971593619530009e-42
21.9775 1.9999999999999996 24.0 1.5719178403633973 17.28293700597746 7.005183403353713e-42
21.9825 1.9999999999999996 24.0 1.5719173951530578 17.282929953824635 6.975219514881468e-42
21.9875 1.9999999999999996 24.0 1.5719169489000535 17.28292289331636 6.89286783738512e-42
21.9925 1.9999999999999996 24.0 1.5719165016180328 17.282915824562448 6.767808159777292e-42
21.997500000000002 1.9999999999999996 24.0 1.5719160533205931 17.282908747672437 6.608409625658188e-42
22.002499999999998 1.9999999999999996 24.0 1.5719156040212836 17.28290166275555 6.421886852958748e-42
22.0075 1.9999999999999996 24.0 1.5719151537336002 17.282894569920675 6.214438757164441e-42
22.012500000000003 1.9999999999999996 24.0 1.5719147024709859 17.282887469276385 5.991371904493452e-42
22.0175 1.9999999999999996 24.0 1.5719142502468206 17.28288036093085 5.757210035206155e-42
22.0225 1.9999999999999996 24.0 1.5719137970744286 17.282873244991904 5.5157912295084084e-42
22.027500000000003 1.9999999999999996 24.0 1.5719133429670749 17.282866121567004 5.270354037470149e-42
22.0325 1.9999999999999996 24.0 1.5719128879379585 17.28285899076318 5.0236137583737526e-42
22.0375 1.9999999999999996 24.0 1.5719124320002125 17.282851852687042 4.7778299325151e-42
22.0425 1.9999999999999996 24.0 1.5719119751669057 17.282844707444806 4.534865998337242e-42
22.0475 1.9999999999999996 24.0 1.571911517451038 17.282837555142237 4.2962419686918166e-42
22.052500000000002 1.9999999999999996 24.0 1.571911058865536 17.282830395884634 4.0631808909377146e-42
22.057499999999997 1.9999999999999996 24.0 1.5719105994232527 17.282823229776817 3.8366497754830595e-42
22.0625 1.9999999999999996 24.0 1.5719101391369723 17.282816056923174 3.6173956053941074e-42
22.067500000000003 1.9999999999999996 24.0 1.571909678019404 17.282808877427613 3.4059769750336325e-42
22.072499999999998 1.9999999999999996 24.0 1.5719092160831787 17.28280169139354 3.202791847601714e-42
22.0775 1.9999999999999996 24.0 1.5719087533408522 17.28279449892387 3.0081018693195784e-42
22.082500000000003 1.9999999999999996 24.0 1.5719082898048995 17.282787300121 2.8220536312033375e-42
22.0875 1.9999999999999996 24.0 1.5719078254877132 17.282780095086807 2.644697227386317e-42
22.0925 1.9999999999999996 24.0 1.5719073604016065 17.282772883922632 2.476002421311136e-42
22.0975 1.9999999999999996 24.0 1.5719068945588117 17.28276566672931 2.3158726973647096e-42
22.1025 1.9999999999999996 24.0 1.5719064279714738 17.282758443607086 2.164157445283223e-42
22.1075 1.9999999999999996 24.0 1.5719059606516539 17.282751214655686 2.020662497578962e-42
22.1125 1.9999999999999996 24.0 1.5719054926113316 17.2827439799743 1.8851592159867795e-42
22.1175 1.9999999999999996 24.0 1.5719050238623968 17.28273673966153 1.757392301228405e-42
22.122500000000002 1.9999999999999996 24.0 1.571904554416653 17.28272949381543 1.6370864809864465e-42
22.127499999999998 1.9999999999999996 24.0 1.5719040842858214 17.28272224253353 1.5239522136235587e-42
22.1325 1.9999999999999996 24.0 1.5719036134815332 17.28271498591276 1.4176905296753581e-42
22.137500000000003 1.9999999999999996 24.0 1.5719031420153253 17.282707724049423 1.3179971193006952e-42
22.1425 1.9999999999999996 24.0 1.5719026698986465 17.282700457039258 1.2245657615028279e-42
22.1475 1.9999999999999996 24.0 1.5719021971428568 17.282693184977433 1.1370911799114691e-42
22.152500000000003 1.9999999999999996 24.0 1.571901723759228 17.282685907958523 1.0552714000797103e-42
22.1575 1.9999999999999996 24.0 1.571901249758936 17.282678626076503 9.788096744839266e-43
22.1625 1.9999999999999996 24.0 1.571900775153069 17.282671339424784 9.074160336139307e-43
22.1675 1.9999999999999996 24.0 1.5719002999526233 17.28266404809617 8.408085145954053e-43
22.1725 1.9999999999999996 24.0 1.5718998241685052 17.282656752182866 7.787141126068085e-43
22.177500000000002 1.9999999999999996 24.0 1.5718993478115206 17.28264945177642 7.208694948686658e-43
22.182499999999997 1.9999999999999996 24.0 1.5718988708923898 17.282642146967852 6.670215121058331e-43
22.1875 1.9999999999999996 24.0 1.5718983934217414 17.282634837847578 6.16927538059152e-43
22.192500000000003 1.9999999999999996 24.0 1.5718979154101091 17.282627524505358 5.70355663790442e-43
22.197499999999998 1.9999999999999996 24.0 1.5718974368679306 17.282620207030384 5.270847701258105e-43
22.2025 1.9999999999999996 24.0 1.5718969578055566 17.28261288551126 4.8690449857912895e-43
22.207500000000003 1.9999999999999996 24.0 1.571896478233245 17.282605560035975 4.496151384403972e-43
22.2125 1.9999999999999996 24.0 1.5718959981611595 17.28259823069192 4.150274453656458e-43
22.2175 1.9999999999999996 24.0 1.571895517599371 17.28259089756588 3.8296240473697035e-43
22.2225 1.9999999999999996 24.0 1.5718950365578581 17.28258356074405 3.5325095123723877e-43
22.2275 1.9999999999999996 24.0 1.5718945550465069 17.282576220312027 3.257336544776351e-43
22.2325 1.9999999999999996 24.0 1.5718940730751072 17.282568876354762 3.0026037910797603e-43
22.2375 1.9999999999999996 24.0 1.5718935906533618 17.28256152895665 2.7668992660047867e-43
22.2425 1.9999999999999996 24.0 1.5718931077908773 17.282554178201462 2.5488966481388035e-43
22.247500000000002 1.9999999999999996 24.0 1.5718926244971747 17.282546824172428 2.3473515049658024e-43
22.252499999999998 1.9999999999999996 24.0 1.5718921407816802 17.282539466952166 2.1610974905898072e-43
22.2575 1.9999999999999996 24.0 1.5718916566537304 17.2825321066227 1.9890425522359987e-43
22.262500000000003 1.9999999999999996 24.0 1.571891172122568 17.28252474326546 1.8301651753490236e-43
22.2675 1.9999999999999996 24.0 1.5718906871973535 17.282517376961334 1.6835106916543818e-43
22.2725 1.9999999999999996 24.0 1.5718902018871517 17.2825100077906 1.5481876698504554e-43
22.277500000000003 1.9999999999999996 24.0 1.5718897162009409 17.282502635832973 1.4233644045345907e-43
22.2825 1.9999999999999996 24.0 1.5718892301476073 17.28249526116759 1.308265515470219e-43
22.2875 1.9999999999999996 24.0 1.5718887437359486 17.282487883873003 1.2021686663148814e-43
22.2925 1.9999999999999996 24.0 1.5718882569746804 17.282480504027255 1.1044014093747189e-43
22.2975 1.9999999999999996 24.0 1.5718877698724276 17.282473121707792 1.0143381607779438e-43
22.302500000000002 1.9999999999999996 24.0 1.5718872824377275 17.282465736991508 9.313973086332864e-44
22.307499999999997 1.9999999999999996 24.0 1.5718867946790303 17.282458349954712 8.550384551967929e-44
22.3125 1.9999999999999996 24.0 1.5718863066047017 17.28245096067321 7.847597927876126e-44
22.317500000000003 1.9999999999999996 24.0 1.571885818223023 17.282443569222245 7.200956121365801e-44
22.322499999999998 1.9999999999999996 24.0 1.5718853295421966 17.282436175676562 6.606139409794598e-44
22.3275 1.9999999999999996 24.0 1.5718848405703336 17.282428780110333 6.059143100103167e-44
22.332500000000003 1.9999999999999996 24.0 1.5718843513154643 17.282421382597192 5.55625642753863e-44
22.3375 1.9999999999999996 24.0 1.5718838617855364 17.28241398321028 5.094042654818183e-44
22.3425 1.9999999999999996 24.0 1.5718833719884182 17.28240658202221 4.66932032974672e-44
22.3475 1.9999999999999996 24.0 1.5718828819318975 17.282399179105102 4.279145656951016e-44
22.3525 1.9999999999999996 24.0 1.57188239162368 17.282391774530552 3.9207959377907097e-44
22.3575 1.9999999999999996 24.0 1.5718819010713916 17.282384368369637 3.59175403160589e-44
22.3625 1.9999999999999996 24.0 1.5718814102825815 17.28237696069298 3.2896937910595615e-44
22.3675 1.9999999999999996 24.0 1.5718809192647227 17.28236955157068 3.01246642440922e-44
22.372500000000002 1.9999999999999996 24.0 1.5718804280252026 17.282362141072337 2.758087738000282e-44
22.377499999999998 1.9999999999999996 24.0 1.5718799365713414 17.282354729267116 2.524726213024017e-44
22.3825 1.9999999999999996 24.0 1.57187944491038 17.28234731622367 2.3106918715918083e-44
22.387500000000003 1.9999999999999996 24.0 1.5718789530494843 17.282339902010214 2.1144258883922478e-44
22.3925 1.9999999999999996 24.0 1.5718784609957495 17.282332486694507 1.9344909055436034e-44
22.3975 1.9999999999999996 24.0 1.5718779687561968 17.282325070343852 1.7695620097416967e-44
22.402500000000003 1.9999999999999996 24.0 1.5718774763377732 17.282317653025082 1.6184183323623425e-44
22.4075 1.9999999999999996 24.0 1.5718769837473527 17.282310234804577 1.4799352347873342e-44
22.4125 1.9999999999999996 24.0 1.5718764909917418 17.282302815748295 1.3530770428827658e-44
22.4175 1.9999999999999996 24.0 1.571875998077676 17.28229539592177 1.2368902962212665e-44
22.4225 1.9999999999999996 24.0 1.5718755050118223 17.282287975390105 1.1304974792980647e-44
22.427500000000002 1.9999999999999996 24.0 1.5718750118007803 17.28228055421799 1.0330912036464868e-44
22.432499999999997 1.9999999999999996 24.0 1.5718745184510814 17.282273132469708 9.439288113746149e-45
22.4375 1.9999999999999996 24.0 1.5718740249691912 17.282265710209124 8.623273722320799e-45
22.442500000000003 1.9999999999999996 24.0 1.5718735313615115 17.28225828749973 7.876590478632927e-45
22.447499999999998 1.9999999999999996 24.0 1.57187303763438 17.282250864404613 7.193467983945704e-45
22.4525 1.9999999999999996 24.0 1.5718725437940677 17.282243440986456 6.568604079511208e-45
22.457500000000003 1.9999999999999996 24.0 1.5718720498467842 17.282236017307575 5.997128070885211e-45
22.4625 1.9999999999999996 24.0 1.5718715557986775 17.28222859342995 5.474566714537383e-45
22.4675 1.9999999999999996 24.0 1.5718710616558358 17.282221169415145 4.996812772674958e-45
22.4725 1.9999999999999996 24.0 1.5718705674242848 17.282213745324384 4.5600959543512485e-45
22.4775 1.9999999999999996 24.0 1.571870073109992 17.282206321218553 4.1609560724779417e-45
22.4825 1.9999999999999996 24.0 1.5718695787188681 17.28219889715816 3.796218257379441e-45
22.4875 1.9999999999999996 24.0 1.5718690842567633 17.2821914732034 3.462970077919892e-45
22.4925 1.9999999999999996 24.0 1.571868589729477 17.28218404941415 3.158540431097998e-45
22.497500000000002 1.9999999999999996 24.0 1.5718680951427468 17.282176625849928 2.8804800703177e-45
22.502499999999998 1.9999999999999996 24.0 1.5718676005022576 17.28216920256995 2.626543651321011e-45
22.5075 1.9999999999999996 24.0 1.5718671058136426 17.282161779633096 2.3946731830392877e-45
22.512500000000003 1.9999999999999996 24.0 1.5718666110824784 17.282154357097966 2.1829827784115165e-45
22.5175 1.9999999999999996 24.0 1.5718661163142933 17.282146935022855 1.989744607513265e-45
22.5225 1.9999999999999996 24.0 1.5718656215145652 17.282139513465786 1.8133759622125013e-45
22.527500000000003 1.9999999999999996 24.0 1.5718651266887185 17.28213209248447 1.6524273479977675e-45
22.5325 1.9999999999999996 24.0 1.5718646318421294 17.282124672136327 1.5055715246384718e-45
22.5375 1.9999999999999996 24.0 1.5718641369801185 17.282117252478486 1.3715934229803924e-45
22.5425 1.9999999999999996 24.0 1.5718636421079677 17.28210983356785 1.2493808704421868e-45
22.5475 1.9999999999999996 24.0 1.5718631472309128 17.282102415461075 1.137916062691835e-45
22.552500000000002 1.9999999999999996 24.0 1.5718626523541406 17.282094998214546 1.0362677235776708e-45
22.557499999999997 1.9999999999999996 24.0 1.5718621574827907 17.28208758188437 9.435838996614853e-46
22.5625 1.9999999999999996 24.0 1.5718616626219608 17.282080166526438 8.590853396874958e-46
22.567500000000003 1.9999999999999996 24.0 1.5718611677767065 17.282072752196434 7.820594130352508e-46
22.572499999999998 1.9999999999999996 24.0 1.57186067295204 17.282065338949767 7.118545246507176e-46
22.5775 1.9999999999999996 24.0 1.5718601781529313 17.282057926841645 6.478749871642837e-46
22.582500000000003 1.9999999999999996 24.0 1.5718596833843108 17.28205051592707 5.895763138857111e-46
22.5875 1.9999999999999996 24.0 1.5718591886510695 17.28204310626085 5.364608991329522e-46
22.5925 1.9999999999999996 24.0 1.5718586939580543 17.28203569789752 4.880740549249642e-46
22.5975 1.9999999999999996 24.0 1.5718581993100749 17.282028290891446 4.440003754521098e-46
22.6025 1.9999999999999996 24.0 1.5718577047119062 17.282020885296827 4.038604029458916e-46
22.6075 1.9999999999999996 24.0 1.5718572101682884 17.28201348116768 3.673075706207544e-46
22.6125 1.9999999999999996 24.0 1.571856715683924 17.28200607855785 3.3402540025532064e-46
22.6175 1.9999999999999996 24.0 1.5718562212634808 17.281998677520992 3.037249337368942e-46
22.622500000000002 1.9999999999999996 24.0 1.571855726911588 17.28199127811058 2.7614237951808668e-46
22.627499999999998 1.9999999999999996 24.0 1.5718552326328448 17.28198388037995 2.51036956436557e-46
22.6325 1.9999999999999996 24.0 1.5718547384318189 17.281976484382277 2.2818891873777348e-46
22.637500000000003 1.9999999999999996 24.0 1.5718542443130432 17.281969090170577 2.073977474254371e-46
22.6425 1.9999999999999996 24.0 1.5718537502810226 17.281961697797747 1.8848049424844044e-46
22.6475 1.9999999999999996 24.0 1.571853256340228 17.28195430731651 1.7127026572931873e-46
22.652500000000003 1.9999999999999996 24.0 1.571852762495102 17.28194691877947 1.5561483564949087e-46
22.6575 1.9999999999999996 24.0 1.5718522687500587 17.281939532239136 1.4137537533844386e-46
22.6625 1.9999999999999996 24.0 1.571851775109485 17.28193214774788 1.284252919747105e-46
22.6675 1.9999999999999996 24.0 1.5718512815777392 17.28192476535795 1.1664916589943688e-46
22.6725 1.9999999999999996 24.0 1.5718507881591512 17.281917385121474 1.0594177867359742e-46
22.677500000000002 1.9999999999999996 24.0 1.5718502948580277 17.281910007090502 9.620722428417915e-47
22.682499999999997 1.9999999999999996 24.0 1.5718498016786504 17.28190263131701 8.735809652448777e-47
22.6875 1.9999999999999996 24.0 1.571849308625275 17.281895257852852 7.931474614496866e-47
22.692500000000003 1.9999999999999996 24.0 1.5718488157021349 17.281887886749793 7.200460189715495e-47
22.697499999999998 1.9999999999999996 24.0 1.5718483229134388 17.28188051805952 6.536155007669056e-47
22.7025 1.9999999999999996 24.0 1.571847830263375 17.281873151833647 5.932536761703947e-47
22.707500000000003 1.9999999999999996 24.0 1.5718473377561062 17.281865788123714 5.384120419487179e-47
22.7125 1.9999999999999996 24.0 1.5718468453957781 17.281858426981216 4.885910918439786e-47
22.7175 1.9999999999999996 24.0 1.5718463531865168 17.28185106845758 4.433359964429045e-47
22.7225 1.9999999999999996 24.0 1.571845861132426 17.28184371260418 4.022326583887634e-47
22.7275 1.9999999999999996 24.0 1.571845369237586 17.281836359472283 3.6490411087290403e-47
22.7325 1.9999999999999996 24.0 1.5718448775060618 17.28182900911317 3.3100723003015635e-47
22.7375 1.9999999999999996 24.0 1.5718443859419078 17.281821661578107 3.0022973432510753e-47
22.7425 1.9999999999999996 24.0 1.571843894549154 17.28181431691828 2.7228744627997664e-47
22.747500000000002 1.9999999999999996 24.0 1.5718434033318154 17.28180697518486 2.4692179397246645e-47
22.752499999999998 1.9999999999999996 24.0 1.5718429122938908 17.281799636428985 2.2389753163727497e-47
22.7575 1.9999999999999996 24.0 1.5718424214393631 17.281792300701774 2.0300066045389933e-47
22.762500000000003 1.9999999999999996 24.0 1.5718419307722016 17.28178496805434 1.840365322080263e-47
22.7675 1.9999999999999996 24.0 1.5718414402963643 17.281777638537825 1.6682811998344882e-47
22.7725 1.9999999999999996 24.0 1.571840950015794 17.281770312203335 1.5121444139105805e-47
22.777500000000003 1.9999999999999996 24.0 1.5718404599344182 17.281762989101953 1.3704912107738825e-47
22.7825 1.9999999999999996 24.0 1.5718399700561543 17.281755669284806 1.241990803874464e-47
22.7875 1.9999999999999996 24.0 1.5718394803849076 17.281748352803 1.1254334309525963e-47
22.7925 1.9999999999999996 24.0 1.5718389909245698 17.28174103970765 1.0197194706620675e-47
22.7975 1.9999999999999996 24.0 1.5718385016790237 17.281733730049904 9.238495258568574e-48
22.802500000000002 1.9999999999999996 24.0 1.571838012652143 17.281726423880933 8.369153888675342e-48
22.807499999999997 1.9999999999999996 24.0 1.5718375238477893 17.28171912125193 7.580918113903003e-48
22.8125 1.9999999999999996 24.0 1.5718370352698203 17.28171182221415 6.866290082952759e-48
22.817500000000003 1.9999999999999996 24.0 1.5718365469220825 17.281704526818864 6.218458307796027e-48
22.822499999999998 1.9999999999999996 24.0 1.5718360588084153 17.28169723511739 5.631235498827512e-48
22.8275 1.9999999999999996 24.0 1.5718355709326504 17.281689947161077 5.09900196504856e-48
22.832500000000003 1.9999999999999996 24.0 1.571835083298611 17.281682663001334 4.616654087513729e-48
22.8375 1.9999999999999996 24.0 1.5718345959101176 17.281675382689652 4.1795574170778786e-48
22.8425 1.9999999999999996 24.0 1.5718341087709826 17.28166810627753 3.783503986667972e-48
22.8475 1.9999999999999996 24.0 1.5718336218850084 17.28166083381651 3.4246734640958124e-48
22.8525 1.9999999999999996 24.0 1.5718331352559969 17.28165356535827 3.099597804136223e-48
22.8575 1.9999999999999996 24.0 1.5718326488877503 17.28164630095455 2.805129088523945e-48
22.8625 1.9999999999999996 24.0 1.571832162784064 17.28163904065715 2.5384102698320256e-48
22.8675 1.9999999999999996 24.0 1.5718316769487273 17.281631784517963 2.2968485601633824e-48
22.872500000000002 1.9999999999999996 24.0 1.5718311913855287 17.28162453258893 2.0780912283969038e-48
22.877499999999998 1.9999999999999996 24.0 1.5718307060982504 17.28161728492208 1.880003590549502e-48
22.8825 1.9999999999999996 24.0 1.5718302210906772 17.28161004156957 1.7006489968362183e-48
22.887500000000003 1.9999999999999996 24.0 1.5718297363665896 17.28160280258362 1.538270636380565e-48
22.8925 1.9999999999999996 24.0 1.5718292519297683 17.281595568016556 1.3912749963684182e-48
22.8975 1.9999999999999996 24.0 1.5718287677839982 17.28158833792086 1.25821682691543e-48
22.902500000000003 1.9999999999999996 24.0 1.5718282839330606 17.281581112349098 1.1377854761212147e-48
22.9075 1.9999999999999996 24.0 1.5718278003807356 17.281573891353915 1.0287924718252613e-48
22.9125 1.9999999999999996 24.0 1.571827317130801 17.281566674988078 9.301602375783109e-49
22.9175 1.9999999999999996 24.0 1.5718268341870407 17.281559463304482 8.409118403682303e-49
22.9225 1.9999999999999996 24.0 1.5718263515532394 17.28155225635615 7.601616767800493e-49
22.927500000000002 1.9999999999999996 24.0 1.5718258692331841 17.281545054196226 6.871070126162246e-49
22.932499999999997 1.9999999999999996 24.0 1.571825387230664 17.281537856878 6.210202986028213e-49
22.9375 1.9999999999999996 24.0 1.5718249055494695 17.281530664454873 5.612421917410396e-49
22.942500000000003 1.9999999999999996 24.0 1.5718244241933952 17.281523476980404 5.0717521818529276e-49
22.947499999999998 1.9999999999999996 24.0 1.5718239431662377 17.281516294508272 4.582780192851169e-49
22.9525 1.9999999999999996 24.0 1.5718234624718013 17.281509117092327 4.140601276801994e-49
22.957500000000003 1.9999999999999996 24.0 1.5718229821138907 17.28150194478653 3.740772251201357e-49
22.9625 1.9999999999999996 24.0 1.5718225020963132 17.281494777645 3.3792683803609955e-49
22.9675 1.9999999999999996 24.0 1.5718220224228885 17.281487615722067 3.0524443086322642e-49
22.9725 1.9999999999999996 24.0 1.5718215430974407 17.281480459072185 2.7569986072729236e-49
22.9775 1.9999999999999996 24.0 1.5718210641237975 17.281473307749977 2.4899416040056e-49
22.9825 1.9999999999999996 24.0 1.5718205855057912 17.281466161810215 2.2485661943188366e-49
22.9875 1.9999999999999996 24.0 1.5718201072472637 17.28145902130787 2.030421360844878e-49
22.9925 1.9999999999999996 24.0 1.5718196293520612 17.281451886298075 1.8332881520021585e-49
22.997500000000002 1.9999999999999996 24.0 1.5718191518240385 17.281444756836123 1.6551578937149976e-49
23.002499999999998 1.9999999999999996 24.0 1.5718186746670573 17.281437632977497 1.4942124286054769e-49
23.0075 1.9999999999999996 24.0 1.5718181978849886 17.281430514777874 1.3488061957865739e-49
23.012500000000003 1.9999999999999996 24.0 1.5718177214817097 17.281423402293107 1.2174499814394924e-49
23.0175 1.9999999999999996 24.0 1.571817245461113 17.281416295579294 1.0987961858571387e-49
23.0225 1.9999999999999996 24.0 1.5718167698270964 17.28140919469269 9.916254667515524e-50
23.027500000000003 1.9999999999999996 24.0 1.571816294583565 17.28140209968972 8.94834631455027e-50
23.0325 1.9999999999999996 24.0 1.5718158197344356 17.281395010627065 8.074256623104783e-50
23.0375 1.9999999999999996 24.0 1.5718153452836348 17.281387927561596 7.284957701652367e-50
23.0425 1.9999999999999996 24.0 1.5718148712350994 17.28138085055037 6.572283805308412e-50
23.0475 1.9999999999999996 24.0 1.5718143975927763 17.281373779650664 5.928849657417682e-50
23.052500000000002 1.9999999999999996 24.0 1.5718139243606233 17.281366714919987 5.347976444254613e-50
23.057499999999997 1.9999999999999996 24.0 1.5718134515426119 17.28135965641605 4.823624768422659e-50
23.0625 1.9999999999999996 24.0 1.5718129791427242 17.281352604196815 4.350333912421186e-50
23.067500000000003 1.9999999999999996 24.0 1.571812507164954 17.281345558320425 3.9231668237367196e-50
23.072499999999998 1.9999999999999996 24.0 1.5718120356133054 17.28133851884526 3.5376602871827196e-50
23.0775 1.9999999999999996 24.0 1.5718115644917987 17.281331485829984 3.1897797996573804e-50
23.082500000000003 1.9999999999999996 24.0 1.5718110938044663 17.281324459333455 2.875878707380986e-50
23.0875 1.9999999999999996 24.0 1.5718106235553515 17.28131743941475 2.5926612064400386e-50
23.0925 1.9999999999999996 24.0 1.5718101537485114 17.281310426133224 2.3371488445192916e-50
23.0975 1.9999999999999996 24.0 1.5718096843880194 17.28130341954848 2.1066501953335872e-50
23.1025 1.9999999999999996 24.0 1.5718092154779657 17.28129641972039 1.8987334078016654e-50
23.1075 1.9999999999999996 24.0 1.5718087470224538 17.281289426709087 1.711201359748705e-50
23.1125 1.9999999999999996 24.0 1.5718082790255967 17.281282440574888 1.5420691710867659e-50
23.1175 1.9999999999999996 24.0 1.571807811491526 17.281275461378407 1.3895438542755944e-50
23.122500000000002 1.9999999999999996 24.0 1.571807344424386 17.281268489180526 1.2520059006088742e-50
23.127499999999998 1.9999999999999996 24.0 1.5718068778283396 17.281261524042392 1.1279926196902433e-50
23.1325 1.9999999999999996 24.0 1.5718064117075663 17.281254566025428 1.0161830665429556e-50
23.137500000000003 1.9999999999999996 24.0 1.5718059460662588 17.281247615191297 9.153844063002682e-51
23.1425 1.9999999999999996 24.0 1.5718054809086255 17.281240671601957 8.245195804759135e-51
23.1475 1.9999999999999996 24.0 1.5718050162388986 17.281233735319677 7.426161515756004e-51
23.152500000000003 1.9999999999999996 24.0 1.5718045520613182 17.281226806406963 6.687962143782966e-51
23.1575 1.9999999999999996 24.0 1.5718040883801505 17.28121988492665 6.022672727068435e-51
23.1625 1.9999999999999996 24.0 1.5718036251996714 17.281212970941823 5.423139900270076e-51
23.1675 1.9999999999999996 24.0 1.571803162524179 17.28120606451587 4.8829073084275276e-51
23.1725 1.9999999999999996 24.0 1.571802700357987 17.281199165712472 4.396148176768217e-51
23.177500000000002 1.9999999999999996 24.0 1.5718022387054287 17.281192274595625 3.9576043552306526e-51
23.182499999999997 1.9999999999999996 24.0 1.5718017775708581 17.281185391229606 3.5625312208426486e-51
23.1875 1.9999999999999996 24.0 1.5718013169586476 17.28117851567903 3.206647879385634e-51
23.192500000000003 1.9999999999999996 24.0 1.5718008568731863 17.281171648008772 2.886092160612603e-51
23.197499999999998 1.9999999999999996 24.0 1.5718003973188819 17.281164788284038 2.5973799491397765e-51
23.2025 1.9999999999999996 24.0 1.5717999383001637 17.28115793657036 2.3373684365296025e-51
23.207500000000003 1.9999999999999996 24.0 1.571799479821483 17.281151092933584 2.1032229193854784e-51
23.2125 1.9999999999999996 24.0 1.5717990218873088 17.281144257439884 1.8923868038779534e-51
23.2175 1.9999999999999996 24.0 1.5717985645021324 17.281137430155756 1.7025545093931404e-51
23.2225 1.9999999999999996 24.0 1.5717981076704628 17.281130611147983 1.5316469932114e-51
23.2275 1.9999999999999996 24.0 1.5717976513968308 17.281123800483698 1.3777896445809034e-51
23.2325 1.9999999999999996 24.0 1.5717971956857844 17.281116998230367 1.2392923205304186e-51
23.2375 1.9999999999999996 24.0 1.5717967405419002 17.281110204455786 1.1146313174602364e-51
23.2425 1.9999999999999996 24.0 1.5717962859697732 17.28110341922814 1.0024330922041782e-51
23.247500000000002 1.9999999999999996 24.0 1.571795831974025 17.281096642615918 9.014595640491711e-52
23.252499999999998 1.9999999999999996 24.0 1.5717953785592897 17.28108987468793 8.105948453032122e-52
23.2575 1.9999999999999996 24.0 1.5717949257302286 17.281083115513336 7.288332625816879e-52
23.262500000000003 1.9999999999999996 24.0 1.5717944734915257 17.281076365161667 6.55268544182168e-52
23.2675 1.9999999999999996 24.0 1.571794021847889 17.281069623702827 5.8908406085481135e-52
23.2725 1.9999999999999996 24.0 1.5717935708040507 17.28106289120706 5.295440180878982e-52
23.277500000000003 1.9999999999999996 24.0 1.5717931203647626 17.28105616774495 4.759855078060202e-52
23.2825 1.9999999999999996 24.0 1.571792670534798 17.28104945338743 4.2781133622470784e-52
23.2875 1.9999999999999996 24.0 1.5717922213189555 17.281042748205802 3.844835526125051e-52
23.2925 1.9999999999999996 24.0 1.5717917727220618 17.281036052271787 3.455176109521521e-52
23.2975 1.9999999999999996 24.0 1.571791324748963 17.281029365657403 3.104771030406126e-52
23.302500000000002 1.9999999999999996 24.0 1.5717908774045275 17.28102268843506 2.7896900749419213e-52
23.307499999999997 1.9999999999999996 24.0 1.571790430693651 17.281016020677544 2.5063940448052014e-52
23.3125 1.9999999999999996 24.0 1.5717899846212555 17.281009362458054 2.2516961084400117e-52
23.317500000000003 1.9999999999999996 24.0 1.5717895391922863 17.28100271385011 2.0227269467279472e-52
23.322499999999998 1.9999999999999996 24.0 1.5717890944117063 17.280996074927593 1.816903323140243e-52
23.3275 1.9999999999999996 24.0 1.5717886502845113 17.280989445764824 1.631899744255613e-52
23.332500000000003 1.9999999999999996 24.0 1.5717882068157263 17.280982826436535 1.4656229088882292e-52
23.3375 1.9999999999999996 24.0 1.5717877640103934 17.280976217017773 1.3161886733165599e-52
23.3425 1.9999999999999996 24.0 1.5717873218735847 17.28096961758401 1.1819012865495716e-52
23.3475 1.9999999999999996 24.0 1.5717868804103952 17.280963028211104 1.0612346734583123e-52
23.3525 1.9999999999999996 24.0 1.5717864396259447 17.280956448975274 9.528155651839487e-53
23.3575 1.9999999999999996 24.0 1.5717859995253798 17.280949879953134 8.554082957500725e-53
23.3625 1.9999999999999996 24.0 1.5717855601138702 17.280943321221702 7.679011014248401e-53
23.3675 1.9999999999999996 24.0 1.571785121396616 17.280936772858393 6.892937753016119e-53
23.372500000000002 1.9999999999999996 24.0 1.5717846833788465 17.280930234941067 6.186865439507406e-53
23.377499999999998 1.9999999999999996 24.0 1.5717842460658158 17.280923707547956 5.552700459827344e-53
23.3825 1.9999999999999996 24.0 1.5717838094628007 17.28091719075766 4.983163040958636e-53
23.387500000000003 1.9999999999999996 24.0 1.5717833735751063 17.280910684649218 4.471705927782074e-53
23.3925 1.9999999999999996 24.0 1.5717829384080642 17.280904189302042 4.012441133975487e-53
23.3975 1.9999999999999996 24.0 1.5717825039670288 17.28089770479594 3.60007397053801e-53
23.402500000000003 1.9999999999999996 24.0 1.5717820702573866 17.28089123121115 3.229843633670214e-53
23.4075 1.9999999999999996 24.0 1.5717816372845488 17.28088476862831 2.897469704127495e-53
23.4125 1.9999999999999996 24.0 1.5717812050539552 17.280878317128476 2.599103973739118e-53
23.4175 1.9999999999999996 24.0 1.5717807735710725 17.28087187679309 2.331287072141755e-53
23.4225 1.9999999999999996 24.0 1.571780342841393 17.280865447704002 2.090909418536273e-53
23.427500000000002 1.9999999999999996 24.0 1.5717799128704324 17.280859029943436 1.87517607001534e-53
23.432499999999997 1.9999999999999996 24.0 1.5717794836637378 17.280852623594072 1.681575080156703e-53
23.4375 1.9999999999999996 24.0 1.5717790552268815 17.28084622873897 1.5078490196182649e-53
23.442500000000003 1.9999999999999996 24.0 1.5717786275654628 17.28083984546159 1.3519693447991893e-53
23.447499999999998 1.9999999999999996 24.0 1.571778200685105 17.280833473845775 1.2121133315809983e-53
23.4525 1.9999999999999996 24.0 1.5717777745914614 17.28082711397581 1.086643319101017e-53
23.457500000000003 1.9999999999999996 24.0 1.571777349290215 17.280820765936387 9.740880337001675e-54
23.4625 1.9999999999999996 24.0 1.571776924787069 17.280814429812555 8.731257859033785e-54
23.4675 1.9999999999999996 24.0 1.5717765010877578 17.28080810568979 7.82569353786168e-54
23.4725 1.9999999999999996 24.0 1.571776078198042 17.280801793653993 7.0135238455716e-54
23.4775 1.9999999999999996 24.0 1.5717756561237055 17.2807954937914 6.285171628426679e-54
23.4825 1.9999999999999996 24.0 1.5717752348705583 17.28078920618866 5.632036091863888e-54
23.4875 1.9999999999999996 24.0 1.571774814444441 17.280782930932837 5.0463938581506594e-54
23.4925 1.9999999999999996 24.0 1.5717743948512162 17.28077666811135 4.5213099892962975e-54
23.497500000000002 1.9999999999999996 24.0 1.5717739760967708 17.280770417812015 4.050557977857016e-54
23.502499999999998 1.9999999999999996 24.0 1.5717735581870182 17.280764180123015 3.628547807436629e-54
23.5075 1.9999999999999996 24.0 1.5717731411278995 17.28075795513294 3.2502612740645744e-54
23.512500000000003 1.9999999999999996 24.0 1.5717727249253786 17.280751742930736 2.911193840192981e-54
23.5175 1.9999999999999996 24.0 1.5717723095854432 17.280745543605708 2.6073023656063484e-54
23.5225 1.9999999999999996 24.0 1.5717718951141078 17.280739357247555 2.3349581249494153e-54
23.527500000000003 1.9999999999999996 24.0 1.5717714815174104 17.28073318394631 2.0909045804886864e-54
23.5325 1.9999999999999996 24.0 1.5717710688014095 17.28072702379235 1.87221943178377e-54
23.5375 1.9999999999999996 24.0 1.5717706569721894 17.280720876876437 1.6762805117658277e-54
23.5425 1.9999999999999996 24.0 1.57177024603586 17.280714743289675 1.5007351417753708e-54
23.5475 1.9999999999999996 24.0 1.571769835998549 17.28070862312348 1.3434725968860156e-54
23.552500000000002 1.9999999999999996 24.0 1.5717694268664064 17.280702516469596 1.2025993677766661e-54
23.557499999999997 1.9999999999999996 24.0 1.5717690186456075 17.280696423420125 1.0764169368551993e-54
23.5625 1.9999999999999996 24.0 1.5717686113423506 17.28069034406751 9.634018146557815e-55
23.567500000000003 1.9999999999999996 24.0 1.5717682049628494 17.280684278504435 8.621876080311742e-55
23.572499999999998 1.9999999999999996 24.0 1.5717677995133377 17.280678226823888 7.715489146057453e-55
23.5775 1.9999999999999996 24.0 1.5717673950000726 17.28067218911921 6.903868586226871e-55
23.582500000000003 1.9999999999999996 24.0 1.5717669914293282 17.280666165484 6.1771610191505334e-55
23.5875 1.9999999999999996 24.0 1.5717665888073962 17.280660156012093 5.526531804656786e-55
23.5925 1.9999999999999996 24.0 1.5717661871405864 17.280654160797614 4.9440603208921545e-55
23.5975 1.9999999999999996 24.0 1.5717657864352241 17.280648179934943 4.422645943249276e-55
23.6025 1.9999999999999996 24.0 1.5717653866976549 17.280642213518714 3.9559236382471894e-55
23.6075 1.9999999999999996 24.0 1.5717649879342364 17.280636261643778 3.538188195000576e-55
23.6125 1.9999999999999996 24.0 1.5717645901513408 17.280630324405195 3.1643262156309425e-55
23.6175 1.9999999999999996 24.0 1.571764193355355 17.280624401898237 2.8297550748132744e-55
23.622500000000002 1.9999999999999996 24.0 1.5717637975526793 17.280618494218395 2.530368138561255e-55
23.627499999999998 1.9999999999999996 24.0 1.5717634027497234 17.280612601461304 2.2624856042206033e-55
23.6325 1.9999999999999996 24.0 1.5717630089529109 17.280606723722773 2.0228103882814273e-55
23.637500000000003 1.9999999999999996 24.0 1.5717626161686749 17.280600861098783 1.808388546763507e-55
23.6425 1.9999999999999996 24.0 1.5717622244034566 17.280595013685424 1.6165737651887658e-55
23.6475 1.9999999999999996 24.0 1.571761833663707 17.280589181578918 1.4449955021730514e-55
23.652500000000003 1.9999999999999996 24.0 1.5717614439558794 17.280583364875547 1.2915304129287417e-55
23.6575 1.9999999999999996 24.0 1.5717610552864345 17.280577563671706 1.1542767169587808e-55
23.6625 1.9999999999999996 24.0 1.5717606676618403 17.280571778063862 1.0315312083855682e-55
23.6675 1.9999999999999996 24.0 1.5717602810885674 17.280566008148543 9.217686380595925e-56
23.6725 1.9999999999999996 24.0 1.5717598955730807 17.280560254022237 8.236232241822964e-56
23.677500000000002 1.9999999999999996 24.0 1.5717595111218514 17.28055451578147 7.358720729868481e-56
23.682499999999997 1.9999999999999996 24.0 1.5717591277413523 17.28054879352279 6.574203133033349e-56
23.6875 1.9999999999999996 24.0 1.5717587454380477 17.28054308734266 5.872877688638674e-56
23.692500000000003 1.9999999999999996 24.0 1.5717583642183999 17.280537397337486 5.2459701020178475e-56
23.697499999999998 1.9999999999999996 24.0 1.5717579840888636 17.280531723603552 4.685626441626211e-56
23.7025 1.9999999999999996 24.0 1.5717576050558866 17.280526066237066 4.184817135739202e-56
23.707500000000003 1.9999999999999996 24.0 1.5717572271259064 17.280520425334082 3.7372509266839566e-56
23.7125 1.9999999999999996 24.0 1.571756850305353 17.28051480099051 3.337297755735881e-56
23.7175 1.9999999999999996 24.0 1.5717564746006445 17.280509193302077 2.979919657104756e-56
23.7225 1.9999999999999996 24.0 1.5717561000181748 17.2805036023642 2.6606088339744514e-56
23.7275 1.9999999999999996 24.0 1.5717557265643265 17.280498028272113 2.375332174445785e-56
23.7325 1.9999999999999996 24.0 1.5717553542454654 17.28049247112077 2.1204815414942454e-56
23.7375 1.9999999999999996 24.0 1.5717549830679358 17.280486931004813 1.8928292394916361e-56
23.7425 1.9999999999999996 24.0 1.5717546130380564 17.2804814080185 1.6894881213034011e-56
23.747500000000002 1.9999999999999996 24.0 1.5717542441621173 17.280475902255706 1.507875855151742e-56
23.752499999999998 1.9999999999999996 24.0 1.5717538764463854 17.280470413809912 1.3456829199571817e-56
23.7575 1.9999999999999996 24.0 1.5717535098970947 17.28046494277413 1.2008439423286847e-56
23.762500000000003 1.9999999999999996 24.0 1.5717531445204473 17.280459489240886 1.071512028279174e-56
23.7675 1.9999999999999996 24.0 1.5717527803226063 17.28045405330215 9.560357785436231e-57
23.7725 1.9999999999999996 24.0 1.5717524173097015 17.28044863504934 8.529387085197284e-57
23.777500000000003 1.9999999999999996 24.0 1.5717520554878197 17.28044323457327 7.609008226849708e-57
23.7825 1.9999999999999996 24.0 1.571751694863004 17.28043785196408 6.787421192126017e-57
23.7875 1.9999999999999996 24.0 1.5717513354412462 17.2804324873112 6.054078237262413e-57
23.7925 1.9999999999999996 24.0 1.571750977228492 17.28042714070331 5.399551719551593e-57
23.7975 1.9999999999999996 24.0 1.571750620230636 17.280421812228347 4.815415797296146e-57
23.802500000000002 1.9999999999999996 24.0 1.5717502644535104 17.280416501973335 4.2941405551470154e-57
23.807499999999997 1.9999999999999996 24.0 1.5717499099028895 17.28041121002442 3.8289972570604314e-57
23.8125 1.9999999999999996 24.0 1.5717495565844861 17.280405936466817 3.4139735638802406e-57
23.817500000000003 1.9999999999999996 24.0 1.5717492045039478 17.280400681384776 3.0436976734277e-57
23.822499999999998 1.9999999999999996 24.0 1.5717488536668467 17.280395444861448 2.713370449322099e-57
23.8275 1.9999999999999996 24.0 1.5717485040786834 17.280390226978895 2.4187047019450658e-57
23.832500000000003 1.9999999999999996 24.0 1.5717481557448787 17.28038502781797 2.1558708720672204e-57
23.8375 1.9999999999999996 24.0 1.571747808670771 17.28037984745835 1.9214484457435455e-57
23.8425 1.9999999999999996 24.0 1.5717474628616181 17.280374685978437 1.7123824990973137e-57
23.8475 1.9999999999999996 24.0 1.571747118322585 17.280369543455276 1.525944834360069e-57
23.8525 1.9999999999999996 24.0 1.5717467750587397 17.280364419964492 1.3596992247610127e-57
23.8575 1.9999999999999996 24.0 1.57174643307505 17.280359315580167 1.2114703362743814e-57
23.8625 1.9999999999999996 24.0 1.5717460923763802 17.28035423037489 1.0793159393872074e-57
23.8675 1.9999999999999996 24.0 1.571745752967488 17.280349164419643 9.615020645219129e-58
23.872500000000002 1.9999999999999996 24.0 1.5717454148530163 17.280344117783674 8.564807910107166e-58
23.877499999999998 1.9999999999999996 24.0 1.5717450780374855 17.28033909053445 7.628703920013256e-58
23.8825 1.9999999999999996 24.0 1.5717447425252988 17.28033408273764 6.794375867753622e-58
23.887500000000003 1.9999999999999996 24.0 1.5717444083207253 17.28032909445694 6.0508167803307906e-58
23.8925 1.9999999999999996 24.0 1.5717440754279037 17.28032412575409 5.388203750421463e-58
23.8975 1.9999999999999996 24.0 1.5717437438508322 17.28031917668872 4.797771244650292e-58
23.902500000000003 1.9999999999999996 24.0 1.571743413593364 17.280314247318337 4.2716978940749586e-58
23.9075 1.9999999999999996 24.0 1.5717430846592007 17.280309337698117 3.803005339989378e-58
23.9125 1.9999999999999996 24.0 1.571742757051886 17.28030444788094 3.385467858359967e-58
23.9175 1.9999999999999996 24.0 1.5717424307748016 17.28029957791723 3.0135316206505536e-58
23.9225 1.9999999999999996 24.0 1.571742105831154 17.280294727854837 2.6822425691562848e-58
23.927500000000002 1.9999999999999996 24.0 1.5717417822239828 17.28028989773907 2.3871819927514875e-58
23.9325 1.9999999999999996 24.0 1.5717414599561343 17.280285087612405 2.1244089853985317e-58
23.9375 1.9999999999999996 24.0 1.571741139030269 17.280280297514544 1.8904090561110707e-58
23.942500000000003 1.9999999999999996 24.0 1.5717408194488534 17.280275527482242 1.6820482363409387e-58
23.947499999999998 1.9999999999999996 24.0 1.5717405012141463 17.280270777549195 1.496532099907702e-58
23.9525 1.9999999999999996 24.0 1.5717401843281946 17.28026604774596 1.3313691724728044e-58
23.957500000000003 1.9999999999999996 24.0 1.5717398687928281 17.28026133809981 1.184338262938488e-58
23.9625 1.9999999999999996 24.0 1.5717395546096498 17.280256648634648 1.0534592986849894e-58
23.9675 1.9999999999999996 24.0 1.5717392417800315 17.280251979370924 9.369672908889613e-59
23.9725 1.9999999999999996 24.0 1.571738930305101 17.280247330325423 8.33289095816411e-59
23.9775 1.9999999999999996 24.0 1.5717386201857344 17.28024270151122 7.410226734441692e-59
23.9825 1.9999999999999996 24.0 1.571738311422546 17.280238092937466 6.589185764958345e-59
23.9875 1.9999999999999996 24.0 1.5717380040158844 17.28023350460935 5.858634313440563e-59
23.9925 1.9999999999999996 24.0 1.5717376979658222 17.280228936527934 5.2086519760617765e-59
23.997500000000002 1.9999999999999996 24.0 1.5717373932721448 17.280224388689994 4.630400159505059e-59
24.002499999999998 1.9999999999999996 24.0 1.5717370899343401 17.280219861087904 4.1160047391640115e-59
24.0075 1.9999999999999996 24.0 1.571736787951596 17.280215353709515 3.65845137690486e-59
24.012500000000003 1.9999999999999996 24.0 1.571736487322785 17.280210866537978 3.2514921399971935e-59
24.0175 1.9999999999999996 24.0 1.5717361880464535 17.280206399551588 2.889562207752413e-59
24.0225 1.9999999999999996 24.0 1.571735890120815 17.280201952723687 2.5677055820174174e-59
24.027500000000003 1.9999999999999996 24.0 1.5717355935437425 17.280197526022476 2.2815088334810272e-59
24.0325 1.9999999999999996 24.0 1.571735298312744 17.280193119410765 2.02704201925453e-59
24.0375 1.9999999999999996 24.0 1.5717350044249643 17.280188732845954 1.8008059997020144e-59
24.0425 1.9999999999999996 24.0 1.571734711877172 17.2801843662798 1.5996854651561406e-59
24.0475 1.9999999999999996 24.0 1.5717344206657469 17.28018001965827 1.4209070570032978e-59
24.052500000000002 1.9999999999999996 24.0 1.5717341307866655 17.280175692921315 1.2620020336258775e-59
24.0575 1.9999999999999996 24.0 1.571733842235492 17.280171386002745 1.1207729906319103e-59
24.0625 1.9999999999999996 24.0 1.5717335550073674 17.280167098830034 9.952641974695324e-60
24.067500000000003 1.9999999999999996 24.0 1.5717332690969967 17.280162831324162 8.837351595659518e-60
24.072499999999998 1.9999999999999996 24.0 1.571732984498634 17.280158583399373 7.846370571437361e-60
24.0775 1.9999999999999996 24.0 1.5717327012060736 17.280154354963038 6.965917493901825e-60
24.082500000000003 1.9999999999999996 24.0 1.5717324192126296 17.2801501459154 6.183730661697115e-60
24.0875 1.9999999999999996 24.0 1.5717321385111303 17.280145956149404 5.488901393851256e-60
24.0925 1.9999999999999996 24.0 1.5717318590939025 17.280141785550544 4.871725528156904e-60
24.0975 1.9999999999999996 24.0 1.5717315809527534 17.28013763399656 4.323571131127765e-60
24.1025 1.9999999999999996 24.0 1.5717313040789602 17.280133501357277 3.836760659254613e-60
24.1075 1.9999999999999996 24.0 1.571731028463253 17.28012938749435 3.4044660014233084e-60
24.1125 1.9999999999999996 24.0 1.571730754095801 17.28012529226109 3.020615002001045e-60
24.1175 1.9999999999999996 24.0 1.5717304809662005 17.28012121550224 2.679808215549553e-60
24.122500000000002 1.9999999999999996 24.0 1.5717302090634548 17.28011715705371 2.3772447792816384e-60
24.127499999999998 1.9999999999999996 24.0 1.5717299383759609 17.280113116742314 2.1086564099805252e-60
24.1325 1.9999999999999996 24.0 1.5717296688914884 17.280109094385583 1.870248639722246e-60
24.137500000000003 1.9999999999999996 24.0 1.5717294005971723 17.280105089791533 1.6586485007755038e-60
24.1425 1.9999999999999996 24.0 1.57172913347949 17.280101102758387 1.4708579557079824e-60
24.1475 1.9999999999999996 24.0 1.5717288675242473 17.2800971330743 1.3042124451656008e-60
24.152500000000003 1.9999999999999996 24.0 1.5717286027165573 17.280093180517127 1.1563439939636162e-60
24.1575 1.9999999999999996 24.0 1.5717283390408265 17.28008924485419 1.0251483769283949e-60
24.1625 1.9999999999999996 24.0 1.571728076480734 17.280085325841927 9.087559001715546e-61
24.1675 1.9999999999999996 24.0 1.5717278150192147 17.280081423225695 8.055054018408806e-61
24.1725 1.9999999999999996 24.0 1.571727554638438 17.280077536739416 7.139211195188363e-61
24.177500000000002 1.9999999999999996 24.0 1.5717272953197936 17.280073666105395 6.326921099026009e-61
24.1825 1.9999999999999996 24.0 1.5717270370438696 17.280069811033947 5.6065394068438064e-61
24.1875 1.9999999999999996 24.0 1.5717267797904302 17.28006597122312 4.9677240512015786e-61
24.192500000000003 1.9999999999999996 24.0 1.5717265235383993 17.280062146358425 4.4012903702709296e-61
24.197499999999998 1.9999999999999996 24.0 1.5717262682658397 17.280058336112496 3.899082282391217e-61
24.2025 1.9999999999999996 24.0 1.5717260139499296 17.280054540144814 3.453857722003329e-61
24.207500000000003 1.9999999999999996 24.0 1.5717257605669477 17.280050758101346 3.0591867667355067e-61
24.2125 1.9999999999999996 24.0 1.5717255080922392 17.28004698961427 2.7093610573365217e-61
24.2175 1.9999999999999996 24.0 1.571725256500209 17.280043234301615 2.3993132654027726e-61
24.2225 1.9999999999999996 24.0 1.5717250057642882 17.280039491766956 2.124545500366879e-61
24.2275 1.9999999999999996 24.0 1.5717247558569176 17.28003576159905 1.8810656688413255e-61
24.2325 1.9999999999999996 24.0 1.5717245067495234 17.280032043371506 1.665330907789046e-61
24.2375 1.9999999999999996 24.0 1.5717242584124917 17.280028336642427 1.4741973095134e-61
24.2425 1.9999999999999996 24.0 1.5717240108151467 17.28002464095409 1.3048752424401321e-61
24.247500000000002 1.9999999999999996 24.0 1.5717237639257275 17.28002095583253 1.1548896482482538e-61
24.252499999999998 1.9999999999999996 24.0 1.5717235177113595 17.280017280787206 1.0220447641012433e-61
24.2575 1.9999999999999996 24.0 1.5717232721380294 17.28001361531061 9.043927794610435e-62
24.262500000000003 1.9999999999999996 24.0 1.571723027170566 17.280009958877912 8.002059910504756e-62
24.2675 1.9999999999999996 24.0 1.5717227827726077 17.280006310946543 7.0795206766884125e-62
24.2725 1.9999999999999996 24.0 1.57172253890658 17.280002670955813 6.262720794371051e-62
24.277500000000003 1.9999999999999996 24.0 1.5717222955336665 17.279999038326526 5.539609842069156e-62
24.2825 1.9999999999999996 24.0 1.5717220526137825 17.27999541246057 4.899502978303739e-62
24.2875 1.9999999999999996 24.0 1.5717218101055528 17.279991792740546 4.332927052240639e-62
24.2925 1.9999999999999996 24.0 1.571721567966277 17.279988178529294 3.8314839606580805e-62
24.2975 1.9999999999999996 24.0 1.5717213261519043 17.27998456916949 3.3877293290426664e-62
24.302500000000002 1.9999999999999996 24.0 1.5717210846170038 17.279980963983242 2.9950648077153947e-62
24.3075 1.9999999999999996 24.0 1.5717208433147354 17.279977362271616 2.6476424634392667e-62
24.3125 1.9999999999999996 24.0 1.5717206021968209 17.27997376331422 2.340279915629186e-62
24.317500000000003 1.9999999999999996 24.0 1.571720361213513 17.279970166368756 2.0683850163347436e-62
24.322499999999998 1.9999999999999996 24.0 1.571720120313566 17.279966570670545 1.8278890066302754e-62
24.3275 1.9999999999999996 24.0 1.5717198794442058 17.279962975432092 1.615187200761512e-62
24.332500000000003 1.9999999999999996 24.0 1.5717196385510936 17.27995937984258 1.4270863549938528e-62
24.3375 1.9999999999999996 24.0 1.571719397578296 17.279955783067415 1.2607579719893022e-62
24.3425 1.9999999999999996 24.0 1.5717191564682573 17.2799521842478 1.1136968750481546e-62
24.3475 1.9999999999999996 24.0 1.5717189151617679 17.279948582500204 9.8368446079123e-63
24.3525 1.9999999999999996 24.0 1.5717186735979212 17.279944976915825 8.687561048597598e-63
24.3575 1.9999999999999996 24.0 1.5717184317140913 17.279941366560163 7.671722539004175e-63
24.3625 1.9999999999999996 24.0 1.5717181894458885 17.279937750472456 6.77392789259667e-63
24.3675 1.9999999999999996 24.0 1.571717946727134 17.279934127665218 5.980542941796658e-63
24.372500000000002 1.9999999999999996 24.0 1.571717703489821 17.27993049712367 5.279498974982245e-63
24.377499999999998 1.9999999999999996 24.0 1.5717174596640757 17.279926857805233 4.6601140347516355e-63
24.3825 1.9999999999999996 24.0 1.5717172151781298 17.279923208639 4.112934499122416e-63
24.387500000000003 1.9999999999999996 24.0 1.5717169699582805 17.27991954852522 3.629594656515174e-63
24.3925 1.9999999999999996 24.0 1.5717167239288556 17.279915876334726 3.202692242255401e-63
24.3975 1.9999999999999996 24.0 1.571716477012169 17.279912190908348 2.825678132594467e-63
24.402500000000003 1.9999999999999996 24.0 1.5717162291284907 17.2799084910564 2.4927585949944917e-63
24.4075 1.9999999999999996 24.0 1.5717159801960072 17.27990477555809 2.1988086734994823e-63
24.4125 1.9999999999999996 24.0 1.5717157301307818 17.27990104316096 1.9392954479780804e-63
24.4175 1.9999999999999996 24.0 1.571715478846712 17.279897292580266 1.7102100480687628e-63
24.4225 1.9999999999999996 24.0 1.5717152262554999 17.27989352249849 1.5080074287854763e-63
24.427500000000002 1.9999999999999996 24.0 1.5717149722666102 17.279889731564662 1.3295530267583973e-63
24.4325 1.9999999999999996 24.0 1.5717147167872194 17.27988591839375 1.1720755155141955e-63
24.4375 1.9999999999999996 24.0 1.5717144597221824 17.27988208156607 1.0331249664820779e-63
24.442500000000003 1.9999999999999996 24.0 1.5717142009739953 17.27987821962671 9.105358007789499e-64
24.447499999999998 1.9999999999999996 24.0 1.5717139404427467 17.27987433108486 8.023939863812261e-64
24.4525 1.9999999999999996 24.0 1.5717136780260788 17.27987041441321 7.07007997023945e-64
24.457500000000003 1.9999999999999996 24.0 1.5717134136191468 17.279866468047317 6.228831039582553e-64
24.4625 1.9999999999999996 24.0 1.5717131471145718 17.279862490384964 5.4869862030631776e-64
24.4675 1.9999999999999996 24.0 1.5717128784024017 17.279858479785503 4.832877608934329e-64
24.4725 1.9999999999999996 24.0 1.5717126073700638 17.2798544345692 4.256198187061687e-64
24.4775 1.9999999999999996 24.0 1.5717123339023256 17.2798503530166 3.7478439307291665e-64
24.4825 1.9999999999999996 24.0 1.571712057881241 17.27984623336782 3.299774347829258e-64
24.4875 1.9999999999999996 24.0 1.5717117791861144 17.279842073821904 2.9048890006825248e-64
24.4925 1.9999999999999996 24.0 1.571711497693448 17.279837872536124 2.5569182906401962e-64
24.497500000000002 1.9999999999999996 24.0 1.5717112132769038 17.27983362762535 2.250326853709413e-64
24.502499999999998 1.9999999999999996 24.0 1.5717109258072544 17.27982933716131 1.9802281197182805e-64
24.5075 1.9999999999999996 24.0 1.571710635152331 17.27982499917189 1.7423087527021033e-64
24.512500000000003 1.9999999999999996 24.0 1.5717103411769815 17.279820611640435 1.5327618366326702e-64
24.5175 1.9999999999999996 24.0 1.5717100437430231 17.279816172505072 1.3482278003996695e-64
24.5225 1.9999999999999996 24.0 1.571709742709189 17.279811679657936 1.1857421910234172e-64
24.527500000000003 1.9999999999999996 24.0 1.5717094379310872 17.279807130944516 1.0426895060515206e-64
24.5325 1.9999999999999996 24.0 1.571709129261149 17.279802524162875 9.167623864574985e-65
24.5375 1.9999999999999996 24.0 1.5717088165485793 17.279797857062974 8.059255514508196e-65
24.5425 1.9999999999999996 24.0 1.5717084996393071 17.279793127345854 7.083839275621506e-65
24.5475 1.9999999999999996 24.0 1.571708178375935 17.279788332662967 6.225544872296053e-65
24.552500000000002 1.9999999999999996 24.0 1.5717078525976922 17.279783470615403 5.4704136781011294e-65
24.5575 1.9999999999999996 24.0 1.5717075221403813 17.279778538753114 4.806138912666133e-65
24.5625 1.9999999999999996 24.0 1.5717071868363282 17.27977353457419 4.221871484767452e-65
24.567500000000003 1.9999999999999996 24.0 1.571706846514328 17.279768455524053 3.708048508058998e-65
24.572499999999998 1.9999999999999996 24.0 1.5717065009995963 17.27976329899471 3.25624185852732e-65
24.5775 1.9999999999999996 24.0 1.5717061501137195 17.279758062324003 2.8590244461693085e-65
24.582500000000003 1.9999999999999996 24.0 1.571705793674602 17.279752742794834 2.50985214204392e-65
24.5875 1.9999999999999996 24.0 1.5717054314964085 17.279747337634305 2.202959539634584e-65
24.5925 1.9999999999999996 24.0 1.5717050633895133 17.27974184401299 1.93326793999539e-65
24.5975 1.9999999999999996 24.0 1.5717046891604514 17.27973625904416 1.696304136471897e-65
24.6025 1.9999999999999996 24.0 1.5717043086118625 17.279730579782935 1.4881287396750002e-65
24.6075 1.9999999999999996 24.0 1.5717039215424347 17.279724803225523 1.305272929327864e-65
24.6125 1.9999999999999996 24.0 1.571703527746855 17.279718926308412 1.1446826487103051e-65
24.6175 1.9999999999999996 24.0 1.5717031270157555 17.27971294590759 1.0036693716650759e-65
24.622500000000002 1.9999999999999996 24.0 1.571702719135656 17.279706858837642 8.798666731934832e-66
24.627499999999998 1.9999999999999996 24.0 1.571702303888909 17.27970066185103 7.711919240562152e-66
24.6325 1.9999999999999996 24.0 1.5717018810536478 17.279694351637254 6.758125088627962e-66
24.637500000000003 1.9999999999999996 24.0 1.571701450403732 17.279687924822003 5.921160370614773e-66
24.6425 1.9999999999999996 24.0 1.5717010117086856 17.279681377966334 5.186840780678151e-66
24.6475 1.9999999999999996 24.0 1.57170056473365 17.279674707565878 4.5426900644890787e-66
24.652500000000003 1.9999999999999996 24.0 1.5717001092393243 17.27966791005001 3.9777359141512577e-66
24.6575 1.9999999999999996 24.0 1.571699644981911 17.279660981780964 3.4823300759856365e-66
24.6625 1.9999999999999996 24.0 1.5716991717130577 17.279653919053068 3.047989818703854e-66
24.6675 1.9999999999999996 24.0 1.571698689179805 17.279646718091875 2.6672582432960435e-66
24.6725 1.9999999999999996 24.0 1.5716981971245287 17.27963937505336 2.3335812109450782e-66
24.677500000000002 1.9999999999999996 24.0 1.5716976952848851 17.27963188602305 2.041198925977284e-66
24.6825 1.9999999999999996 24.0 1.5716971833937523 17.279624247015185 1.7850504411532915e-66
24.6875 1.9999999999999996 24.0 1.5716966611791725 17.279616453971883 1.5606895560755955e-66
24.692500000000003 1.9999999999999996 24.0 1.5716961283643027 17.279608502762343 1.3642107592245517e-66
24.697499999999998 1.9999999999999996 24.0 1.5716955846673522 17.279600389181955 1.192184022874217e-66
24.7025 1.9999999999999996 24.0 1.571695029801531 17.279592108951498 1.0415974003353164e-66
24.707500000000003 1.9999999999999996 24.0 1.571694463474989 17.279583657716255 9.098064987788913e-67
24.7125 1.9999999999999996 24.0 1.5716938853907598 17.27957503104522 7.944900101905045e-67
24.7175 1.9999999999999996 24.0 1.5716932952467102 17.279566224430248 6.936105795160521e-67
24.7225 1.9999999999999996 24.0 1.5716926927354824 17.279557233285217 6.053803742442027e-67
24.7275 1.9999999999999996 24.0 1.5716920775444305 17.279548052945167 5.2823079485558313e-67
24.7325 1.9999999999999996 24.0 1.571691449355575 17.279538678665524 4.607858319328354e-67
24.7375 1.9999999999999996 24.0 1.5716908078455405 17.2795291056212 4.018386342776648e-67
24.7425 1.9999999999999996 24.0 1.5716901526855036 17.27951932890582 3.5033090404848925e-67
24.747500000000002 1.9999999999999996 24.0 1.5716894835411357 17.27950934353087 3.053347805147907e-67
24.752499999999998 1.9999999999999996 24.0 1.5716888000725464 17.27949914442486 2.6603691423184143e-67
24.7575 1.9999999999999996 24.0 1.57168810193423 17.279488726432533 2.3172446890408157e-67
24.762500000000003 1.9999999999999996 24.0 1.5716873887750091 17.279478084314015 2.017728194839461e-67
24.7675 1.9999999999999996 24.0 1.5716866602379838 17.27946721274402 1.7563474263051696e-67
24.7725 1.9999999999999996 24.0 1.5716859159604746 17.279456106311045 1.528309199714675e-67
24.777500000000003 1.9999999999999996 24.0 1.5716851555739715 17.27944475951658 1.3294159604918647e-67
24.7825 1.9999999999999996 24.0 1.5716843787040724 17.279433166774233 1.155992517278806e-67
24.7875 1.9999999999999996 24.0 1.5716835849704407 17.279421322409053 1.0048217049465878e-67
24.7925 1.9999999999999996 24.0 1.5716827739867454 17.279409220656646 8.73087897647848e-68
24.7975 1.9999999999999996 24.0 1.571681945360607 17.279396855662412 7.583274223329352e-68
24.802500000000002 1.9999999999999996 24.0 1.5716810986935512 17.279384221480782 6.583850371058475e-68
24.8075 1.9999999999999996 24.0 1.5716802335809534 17.279371312074456 5.713757391604371e-68
24.8125 1.9999999999999996 24.0 1.5716793496119945 17.279358121313678 4.956512554488603e-68
24.817500000000003 1.9999999999999996 24.0 1.5716784463696034 17.27934464297539 4.297706470952182e-68
24.822499999999998 1.9999999999999996 24.0 1.5716775234304046 17.27933087074254 3.724745271257504e-68
24.8275 1.9999999999999996 24.0 1.571676580364674 17.279316798203325 3.226624514508567e-68
24.832500000000003 1.9999999999999996 24.0 1.5716756167362895 17.279302418850484 2.7937309617634333e-68
24.8375 1.9999999999999996 24.0 1.5716746321026762 17.279287726080568 2.4176688109134774e-68
24.8425 1.9999999999999996 24.0 1.5716736260147837 17.27927271319321 2.0911074034826646e-68
24.8475 1.9999999999999996 24.0 1.571672598016961 17.279257373390433 1.8076477757254241e-68
24.8525 1.9999999999999996 24.0 1.5716715476471252 17.279241699776016 1.5617057450920286e-68
24.8575 1.9999999999999996 24.0 1.5716704744361567 17.279225685354746 1.3484095035221596e-68
24.8625 1.9999999999999996 24.0 1.5716693779093303 17.27920932303175 1.1635099356149476e-68
24.8675 1.9999999999999996 24.0 1.5716682575823104 17.279192605611904 1.0033020966093977e-68
24.872500000000002 1.9999999999999996 24.0 1.5716671129717645 17.27917552579914 8.645564758164559e-69
24.877499999999998 1.9999999999999996 24.0 1.5716659435666798 17.279158076195777 7.444588388083002e-69
24.8825 1.9999999999999996 24.0 1.5716647489052553 17.279140249302056 6.405575890593817e-69
24.887500000000003 1.9999999999999996 24.0 1.5716635283682203 17.279122037515222 5.507177192831984e-69
24.8925 1.9999999999999996 24.0 1.5716622817338473 17.2791034331297 4.730805365428605e-69
24.8975 1.9999999999999996 24.0 1.5716610076869941 17.279084428334624 4.0602844524737043e-69
24.902500000000003 1.9999999999999996 24.0 1.5716597078238315 17.279065015218066 3.4815416001905264e-69
24.9075 1.9999999999999996 24.0 1.5716583758945792 17.279045185754452 2.982337976023287e-69
24.9125 1.9999999999999996 24.0 1.5716570266985275 17.279024931834172 2.5520336477556886e-69
24.9175 1.9999999999999996 24.0 1.5716556184687593 17.279004245187647 2.1813821875023e-69
24.9225 1.9999999999999996 24.0 1.5716542613551616 17.278983117573368 1.8623512879828529e-69
24.927500000000002 1.9999999999999996 24.0 1.571652657415901 17.27896154030758 1.587966137231659e-69
24.9325 1.9999999999999996 24.0 1.5716516048627127 17.278939505431108 1.3521727004675114e-69
24.9375 1.9999999999999996 24.0 1.571648957489063 17.278917002818996 1.1497184111213586e-69
24.942500000000003 1.9999999999999996 24.0 1.571650478106852 17.278894027306947 9.760480829592469e-70
24.947499999999998 1.9999999999999996 24.0 1.5716406849924054 17.27887056119352 8.272131271002192e-70
24.9525 1.9999999999999996 24.0 1.5716611618226373 17.278846616978758 6.997923961638603e-70
24.957500000000003 1.9999999999999996 24.0 1.5716002090381012 17.27882213358867 5.908231868616796e-70
24.9625 1.9999999999999996 24.0 1.5717578716880762 17.278797226603466 4.977411156309192e-70
24.9675 1.9999999999999996 24.0 1.57132825718488 17.27877158987551 4.183277425804029e-70
24.9725 1.9999999999999996 24.0 1.572476564595388 17.278745912203036 3.5066495981456865e-70
24.9775 1.9999999999999996 24.0 1.5693902448255348 17.278718564767136 2.930952835662774e-70
24.9825 1.9999999999999996 24.0 1.5777075292338516 17.278693227174156 2.4418729764569198e-70
24.9875 1.9999999999999996 24.0 1.5555984983822255 17.278661694692268 2.0270559036300675e-70
24.9925 1.9999999999999996 24.0 1.6167823520410498 17.278641614057904 1.6758460996899557e-70
24.997500000000002 1.9999999999999996 24.0 1.4640780602654972 17.278597319537724 1.3790593622232983e-70
