2.500000000000000052e-04 9.997235480364599081e-01 9.397233635491732961e-01 9.997235480365004312e-01 9.397233635490818138e-01
7.500000000000000156e-04 9.991713786843876566e-01 9.397233635491287762e-01 9.991713786844073075e-01 9.397233635490818138e-01
1.250000000000000026e-03 9.986202653213995806e-01 9.397233635491546444e-01 9.986202653214314440e-01 9.397233635490818138e-01
1.750000000000000036e-03 9.980702992424033138e-01 9.397233635491394343e-01 9.980702992424274056e-01 9.397233635490818138e-01
2.250000000000000264e-03 9.975215710704941063e-01 9.397233635491477610e-01 9.975215710705221950e-01 9.397233635490818138e-01
2.749999999999999840e-03 9.969741707378472206e-01 9.397233635491430981e-01 9.969741707378730888e-01 9.397233635490818138e-01
3.250000000000000284e-03 9.964281874669067562e-01 9.397233635491464288e-01 9.964281874669352890e-01 9.397233635490818138e-01
3.749999999999999861e-03 9.958837097521565651e-01 9.397233635491452075e-01 9.958837097521876514e-01 9.397233635490818138e-01
4.250000000000000305e-03 9.953408253423673413e-01 9.397233635491453185e-01 9.953408253423976504e-01 9.397233635490818138e-01
4.750000000000000749e-03 9.947996212233539692e-01 9.397233635491446524e-01 9.947996212233817248e-01 9.397233635490818138e-01
5.249999999999999459e-03 9.942601836012037175e-01 9.397233635491447634e-01 9.942601836012349148e-01 9.397233635490818138e-01
5.749999999999999903e-03 9.937225978860519948e-01 9.397233635491450965e-01 9.937225978860835252e-01 9.397233635490818138e-01
6.250000000000000347e-03 9.931869486763327259e-01 9.397233635491458736e-01 9.931869486763619248e-01 9.397233635490818138e-01
6.750000000000000791e-03 9.926533197434983524e-01 9.397233635491452075e-01 9.926533197435254419e-01 9.397233635490818138e-01
7.249999999999999500e-03 9.921217940173108207e-01 9.397233635491453185e-01 9.921217940173381322e-01 9.397233635490818138e-01
7.749999999999999944e-03 9.915924535715583410e-01 9.397233635491453185e-01 9.915924535715862076e-01 9.397233635490818138e-01
8.250000000000000389e-03 9.910653796103160440e-01 9.397233635491440973e-01 9.910653796103412461e-01 9.397233635490818138e-01
8.750000000000000833e-03 9.905406524546704894e-01 9.397233635491446524e-01 9.905406524546935820e-01 9.397233635490818138e-01
9.250000000000001277e-03 9.900183515299478820e-01 9.397233635491456516e-01 9.900183515299736392e-01 9.397233635490818138e-01
9.749999999999999986e-03 9.894985553534382250e-01 9.397233635491464288e-01 9.894985553534627609e-01 9.397233635490818138e-01
1.025000000000000043e-02 9.889813415226040849e-01 9.397233635491468728e-01 9.889813415226287319e-01 9.397233635490818138e-01
1.074999999999999914e-02 9.884667867037334466e-01 9.397233635491470949e-01 9.884667867037604250e-01 9.397233635490818138e-01
1.124999999999999958e-02 9.879549666211557835e-01 9.397233635491473169e-01 9.879549666211820957e-01 9.397233635490818138e-01
1.175000000000000003e-02 9.874459560468348274e-01 9.397233635491473169e-01 9.874459560468608066e-01 9.397233635490818138e-01
1.225000000000000047e-02 9.869398287905155609e-01 9.397233635491468728e-01 9.869398287905404299e-01 9.397233635490818138e-01
1.275000000000000092e-02 9.864366576902865447e-01 9.397233635491470949e-01 9.864366576903121908e-01 9.397233635490818138e-01
1.325000000000000136e-02 9.859365146036427330e-01 9.397233635491470949e-01 9.859365146036691563e-01 9.397233635490818138e-01
1.375000000000000007e-02 9.854394703989729498e-01 9.397233635491464288e-01 9.854394703989983739e-01 9.397233635490818138e-01
1.425000000000000051e-02 9.849455949475249827e-01 9.397233635491459847e-01 9.849455949475495187e-01 9.397233635490818138e-01
1.474999999999999922e-02 9.844549571158132117e-01 9.397233635491453185e-01 9.844549571158398571e-01 9.397233635490818138e-01
1.524999999999999967e-02 9.839676247584911994e-01 9.397233635491439863e-01 9.839676247585175117e-01 9.397233635490818138e-01
1.575000000000000011e-02 9.834836647116053099e-01 9.397233635491444304e-01 9.834836647116310671e-01 9.397233635490818138e-01
1.625000000000000056e-02 9.830031427863591409e-01 9.397233635491439863e-01 9.830031427863816784e-01 9.397233635490818138e-01
1.675000000000000100e-02 9.825261237632333389e-01 9.397233635491438752e-01 9.825261237632573197e-01 9.397233635490818138e-01
1.725000000000000144e-02 9.820526713865920243e-01 9.397233635491433201e-01 9.820526713866167823e-01 9.397233635490818138e-01
1.775000000000000189e-02 9.815828483596654719e-01 9.397233635491424319e-01 9.815828483596907850e-01 9.397233635490818138e-01
1.825000000000000233e-02 9.811167163399407976e-01 9.397233635491433201e-01 9.811167163399664437e-01 9.397233635490818138e-01
1.874999999999999931e-02 9.806543359349886302e-01 9.397233635491433201e-01 9.806543359350126110e-01 9.397233635490818138e-01
1.924999999999999975e-02 9.801957666986671480e-01 9.397233635491428760e-01 9.801957666986907958e-01 9.397233635490818138e-01
1.975000000000000019e-02 9.797410671276993721e-01 9.397233635491410997e-01 9.797410671277227978e-01 9.397233635490818138e-01
2.025000000000000064e-02 9.792902946586947710e-01 9.397233635491401005e-01 9.792902946587154211e-01 9.397233635490818138e-01
2.075000000000000108e-02 9.788435056654765098e-01 9.397233635491406556e-01 9.788435056654966049e-01 9.397233635490818138e-01
2.125000000000000153e-02 9.784007554568329157e-01 9.397233635491413217e-01 9.784007554568538989e-01 9.397233635490818138e-01
2.174999999999999850e-02 9.779620982746317637e-01 9.397233635491401005e-01 9.779620982746511926e-01 9.397233635490818138e-01
2.224999999999999895e-02 9.775275872922528642e-01 9.397233635491383241e-01 9.775275872922731812e-01 9.397233635490818138e-01
2.274999999999999939e-02 9.770972746134358733e-01 9.397233635491377690e-01 9.770972746134561904e-01 9.397233635490818138e-01
2.324999999999999983e-02 9.766712112714129868e-01 9.397233635491376580e-01 9.766712112714321936e-01 9.397233635490818138e-01
2.375000000000000028e-02 9.762494472284285463e-01 9.397233635491374359e-01 9.762494472284460878e-01 9.397233635490818138e-01
2.425000000000000072e-02 9.758320313755493025e-01 9.397233635491375470e-01 9.758320313755673991e-01 9.397233635490818138e-01
2.475000000000000117e-02 9.754190115328380539e-01 9.397233635491369919e-01 9.754190115328570387e-01 9.397233635490818138e-01
2.525000000000000161e-02 9.750104344498433662e-01 9.397233635491364367e-01 9.750104344498621289e-01 9.397233635490818138e-01
2.575000000000000205e-02 9.746063458063558560e-01 9.397233635491366588e-01 9.746063458063752849e-01 9.397233635490818138e-01
2.625000000000000250e-02 9.742067902135180812e-01 9.397233635491362147e-01 9.742067902135373991e-01 9.397233635490818138e-01
2.674999999999999947e-02 9.738118112152305272e-01 9.397233635491359927e-01 9.738118112152480688e-01 9.397233635490818138e-01
2.724999999999999992e-02 9.734214512898075045e-01 9.397233635491356596e-01 9.734214512898261562e-01 9.397233635490818138e-01
2.775000000000000036e-02 9.730357518519719973e-01 9.397233635491349935e-01 9.730357518519908711e-01 9.397233635490818138e-01
2.825000000000000080e-02 9.726547532550955388e-01 9.397233635491338832e-01 9.726547532551126363e-01 9.397233635490818138e-01
2.875000000000000125e-02 9.722784947936974342e-01 9.397233635491335502e-01 9.722784947937129774e-01 9.397233635490818138e-01
2.925000000000000169e-02 9.719070147062544018e-01 9.397233635491329951e-01 9.719070147062706111e-01 9.397233635490818138e-01
2.974999999999999867e-02 9.715403501782329254e-01 9.397233635491326620e-01 9.715403501782471363e-01 9.397233635490818138e-01
3.024999999999999911e-02 9.711785373453660775e-01 9.397233635491314407e-01 9.711785373453816206e-01 9.397233635490818138e-01
3.074999999999999956e-02 9.708216112972314349e-01 9.397233635491304415e-01 9.708216112972457568e-01 9.397233635490818138e-01
3.125000000000000000e-02 9.704696060809711033e-01 9.397233635491299975e-01 9.704696060809826497e-01 9.397233635490818138e-01
3.175000000000000044e-02 9.701225547053448084e-01 9.397233635491296644e-01 9.701225547053561327e-01 9.397233635490818138e-01
3.225000000000000089e-02 9.697804891449411935e-01 9.397233635491295534e-01 9.697804891449535170e-01 9.397233635490818138e-01
3.275000000000000133e-02 9.694434403446402504e-01 9.397233635491302195e-01 9.694434403446516857e-01 9.397233635490818138e-01
3.325000000000000178e-02 9.691114382242724812e-01 9.397233635491297754e-01 9.691114382242833614e-01 9.397233635490818138e-01
3.375000000000000222e-02 9.687845116834821191e-01 9.397233635491281101e-01 9.687845116834931103e-01 9.397233635490818138e-01
3.425000000000000266e-02 9.684626886068241625e-01 9.397233635491279991e-01 9.684626886068343765e-01 9.397233635490818138e-01
3.475000000000000311e-02 9.681459958690064038e-01 9.397233635491279991e-01 9.681459958690181722e-01 9.397233635490818138e-01
3.525000000000000355e-02 9.678344593403501728e-01 9.397233635491281101e-01 9.678344593403624962e-01 9.397233635490818138e-01
3.575000000000000400e-02 9.675281038924479216e-01 9.397233635491273329e-01 9.675281038924593568e-01 9.397233635490818138e-01
3.625000000000000444e-02 9.672269534039391603e-01 9.397233635491273329e-01 9.672269534039503736e-01 9.397233635490818138e-01
3.674999999999999795e-02 9.669310307665327509e-01 9.397233635491273329e-01 9.669310307665417437e-01 9.397233635490818138e-01
3.724999999999999839e-02 9.666403578911261230e-01 9.397233635491271109e-01 9.666403578911356709e-01 9.397233635490818138e-01
3.774999999999999883e-02 9.663549557141458690e-01 9.397233635491264447e-01 9.663549557141565272e-01 9.397233635490818138e-01
3.824999999999999928e-02 9.660748442039859274e-01 9.397233635491260006e-01 9.660748442039983619e-01 9.397233635490818138e-01
3.874999999999999972e-02 9.658000423676286195e-01 9.397233635491260006e-01 9.658000423676403878e-01 9.397233635490818138e-01
3.925000000000000017e-02 9.655305682574022441e-01 9.397233635491264447e-01 9.655305682574143455e-01 9.397233635490818138e-01
3.975000000000000061e-02 9.652664389778738974e-01 9.397233635491262227e-01 9.652664389778862208e-01 9.397233635490818138e-01
4.025000000000000105e-02 9.650076706928760739e-01 9.397233635491260006e-01 9.650076706928877313e-01 9.397233635490818138e-01
4.075000000000000150e-02 9.647542786326565034e-01 9.397233635491252235e-01 9.647542786326677167e-01 9.397233635490818138e-01
4.125000000000000194e-02 9.645062771011574387e-01 9.397233635491246684e-01 9.645062771011692071e-01 9.397233635490818138e-01
4.175000000000000239e-02 9.642636794834158476e-01 9.397233635491241133e-01 9.642636794834278380e-01 9.397233635490818138e-01
4.225000000000000283e-02 9.640264982530668547e-01 9.397233635491233361e-01 9.640264982530781790e-01 9.397233635490818138e-01
4.275000000000000328e-02 9.637947449799556532e-01 9.397233635491234471e-01 9.637947449799670885e-01 9.397233635490818138e-01
4.325000000000000372e-02 9.635684303378679871e-01 9.397233635491226700e-01 9.635684303378792004e-01 9.397233635490818138e-01
4.374999999999999722e-02 9.633475641123427913e-01 9.397233635491226700e-01 9.633475641123515620e-01 9.397233635490818138e-01
4.424999999999999767e-02 9.631321552085796434e-01 9.397233635491221149e-01 9.631321552085879700e-01 9.397233635490818138e-01
4.474999999999999811e-02 9.629222116594562397e-01 9.397233635491220038e-01 9.629222116594651215e-01 9.397233635490818138e-01
4.524999999999999856e-02 9.627177406336183685e-01 9.397233635491220038e-01 9.627177406336288046e-01 9.397233635490818138e-01
4.574999999999999900e-02 9.625187484436503738e-01 9.397233635491207826e-01 9.625187484436596996e-01 9.397233635490818138e-01
4.624999999999999944e-02 9.623252405543092358e-01 9.397233635491201165e-01 9.623252405543186727e-01 9.397233635490818138e-01
4.674999999999999989e-02 9.621372215908803316e-01 9.397233635491197834e-01 9.621372215908893244e-01 9.397233635490818138e-01
4.725000000000000033e-02 9.619546953475434092e-01 9.397233635491197834e-01 9.619546953475521800e-01 9.397233635490818138e-01
4.775000000000000078e-02 9.617776647958484748e-01 9.397233635491191173e-01 9.617776647958568015e-01 9.397233635490818138e-01
4.825000000000000122e-02 9.616061320932407508e-01 9.397233635491186732e-01 9.616061320932495216e-01 9.397233635490818138e-01
4.875000000000000167e-02 9.614400985916371489e-01 9.397233635491173409e-01 9.614400985916474740e-01 9.397233635490818138e-01
4.925000000000000211e-02 9.612795648460683573e-01 9.397233635491175630e-01 9.612795648460801257e-01 9.397233635490818138e-01
4.975000000000000255e-02 9.611245306233533459e-01 9.397233635491177850e-01 9.611245306233668906e-01 9.397233635490818138e-01
5.025000000000000300e-02 9.609749949108584710e-01 9.397233635491177850e-01 9.609749949108723488e-01 9.397233635490818138e-01
5.075000000000000344e-02 9.608309559252801169e-01 9.397233635491172299e-01 9.608309559252943277e-01 9.397233635490818138e-01
5.125000000000000389e-02 9.606924111214355522e-01 9.397233635491166748e-01 9.606924111214499851e-01 9.397233635490818138e-01
5.175000000000000433e-02 9.605593572011786874e-01 9.397233635491167858e-01 9.605593572011931203e-01 9.397233635490818138e-01
5.225000000000000477e-02 9.604317901222571008e-01 9.397233635491160086e-01 9.604317901222705345e-01 9.397233635490818138e-01
5.274999999999999828e-02 9.603097051072636559e-01 9.397233635491157866e-01 9.603097051072753132e-01 9.397233635490818138e-01
5.324999999999999872e-02 9.601930966525887845e-01 9.397233635491154535e-01 9.601930966525995537e-01 9.397233635490818138e-01
5.374999999999999917e-02 9.600819585374216203e-01 9.397233635491146764e-01 9.600819585374334997e-01 9.397233635490818138e-01
5.424999999999999961e-02 9.599762838327527970e-01 9.397233635491138992e-01 9.599762838327658976e-01 9.397233635490818138e-01
5.475000000000000006e-02 9.598760649104252085e-01 9.397233635491134551e-01 9.598760649104368659e-01 9.397233635490818138e-01
5.525000000000000050e-02 9.597812934521543493e-01 9.397233635491126780e-01 9.597812934521668948e-01 9.397233635490818138e-01
5.575000000000000094e-02 9.596919604586293673e-01 9.397233635491113457e-01 9.596919604586413577e-01 9.397233635490818138e-01
5.625000000000000139e-02 9.596080562585920237e-01 9.397233635491113457e-01 9.596080562586047913e-01 9.397233635490818138e-01
5.675000000000000183e-02 9.595295705179134327e-01 9.397233635491111237e-01 9.595295705179252010e-01 9.397233635490818138e-01
5.725000000000000228e-02 9.594564922487167635e-01 9.397233635491100134e-01 9.594564922487284209e-01 9.397233635490818138e-01
5.775000000000000272e-02 9.593888098184888413e-01 9.397233635491104575e-01 9.593888098185008317e-01 9.397233635490818138e-01
5.825000000000000316e-02 9.593265109591710971e-01 9.397233635491102355e-01 9.593265109591835316e-01 9.397233635490818138e-01
5.875000000000000361e-02 9.592695827763213501e-01 9.397233635491097914e-01 9.592695827763344507e-01 9.397233635490818138e-01
5.925000000000000405e-02 9.592180117581796672e-01 9.397233635491092363e-01 9.592180117581935450e-01 9.397233635490818138e-01
5.974999999999999756e-02 9.591717837848381389e-01 9.397233635491086812e-01 9.591717837848510175e-01 9.397233635490818138e-01
6.024999999999999800e-02 9.591308841373011873e-01 9.397233635491084591e-01 9.591308841373140659e-01 9.397233635490818138e-01
6.074999999999999845e-02 9.590952975066415753e-01 9.397233635491077930e-01 9.590952975066544539e-01 9.397233635490818138e-01
6.124999999999999889e-02 9.590650080030636015e-01 9.397233635491077930e-01 9.590650080030775904e-01 9.397233635490818138e-01
6.174999999999999933e-02 9.590399991650148115e-01 9.397233635491066828e-01 9.590399991650282452e-01 9.397233635490818138e-01
6.224999999999999978e-02 9.590202539682561866e-01 9.397233635491060166e-01 9.590202539682705085e-01 9.397233635490818138e-01
6.275000000000000022e-02 9.590057548349258942e-01 9.397233635491057946e-01 9.590057548349405492e-01 9.397233635490818138e-01
6.325000000000000067e-02 9.589964836426030370e-01 9.397233635491051285e-01 9.589964836426168038e-01 9.397233635490818138e-01
6.375000000000000111e-02 9.589924217333327672e-01 9.397233635491037962e-01 9.589924217333466450e-01 9.397233635490818138e-01
6.425000000000000155e-02 9.589935499226469595e-01 9.397233635491033521e-01 9.589935499226610593e-01 9.397233635490818138e-01
6.475000000000000200e-02 9.589998485085629021e-01 9.397233635491033521e-01 9.589998485085773350e-01 9.397233635490818138e-01
6.525000000000000244e-02 9.590112972805703295e-01 9.397233635491033521e-01 9.590112972805855396e-01 9.397233635490818138e-01
6.575000000000000289e-02 9.590278755285612799e-01 9.397233635491031301e-01 9.590278755285772672e-01 9.397233635490818138e-01
6.625000000000000333e-02 9.590495620518032505e-01 9.397233635491026860e-01 9.590495620518196818e-01 9.397233635490818138e-01
6.675000000000000377e-02 9.590763351678027737e-01 9.397233635491024639e-01 9.590763351678202042e-01 9.397233635490818138e-01
6.725000000000000422e-02 9.591081727212217301e-01 9.397233635491026860e-01 9.591081727212390495e-01 9.397233635490818138e-01
6.775000000000000466e-02 9.591450520927009560e-01 9.397233635491021309e-01 9.591450520927184975e-01 9.397233635490818138e-01
6.825000000000000511e-02 9.591869502077090548e-01 9.397233635491004655e-01 9.591869502077264853e-01 9.397233635490818138e-01
6.875000000000000555e-02 9.592338435453174883e-01 9.397233635491011317e-01 9.592338435453360290e-01 9.397233635490818138e-01
6.925000000000000600e-02 9.592857081469892133e-01 9.397233635491006876e-01 9.592857081470074210e-01 9.397233635490818138e-01
6.975000000000000644e-02 9.593425196252699516e-01 9.397233635490997994e-01 9.593425196252884923e-01 9.397233635490818138e-01
7.025000000000000688e-02 9.594042531725240908e-01 9.397233635490997994e-01 9.594042531725419654e-01 9.397233635490818138e-01
7.075000000000000733e-02 9.594708835695745508e-01 9.397233635490994663e-01 9.594708835695920923e-01 9.397233635490818138e-01
7.125000000000000777e-02 9.595423851943218896e-01 9.397233635490993553e-01 9.595423851943409854e-01 9.397233635490818138e-01
7.175000000000000822e-02 9.596187320303654067e-01 9.397233635490986892e-01 9.596187320303865009e-01 9.397233635490818138e-01
7.225000000000000866e-02 9.596998976755316546e-01 9.397233635490978010e-01 9.596998976755519717e-01 9.397233635490818138e-01
7.274999999999999523e-02 9.597858553503776369e-01 9.397233635490971349e-01 9.597858553503963996e-01 9.397233635490818138e-01
7.324999999999999567e-02 9.598765779066862347e-01 9.397233635490961356e-01 9.598765779067049975e-01 9.397233635490818138e-01
7.374999999999999611e-02 9.599720378358866935e-01 9.397233635490952475e-01 9.599720378359065664e-01 9.397233635490818138e-01
7.424999999999999656e-02 9.600722072774557914e-01 9.397233635490953585e-01 9.600722072774768856e-01 9.397233635490818138e-01
7.474999999999999700e-02 9.601770580272436240e-01 9.397233635490946924e-01 9.601770580272648292e-01 9.397233635490818138e-01
7.524999999999999745e-02 9.602865615458073822e-01 9.397233635490940262e-01 9.602865615458283655e-01 9.397233635490818138e-01
7.574999999999999789e-02 9.604006889666388824e-01 9.397233635490938042e-01 9.604006889666604208e-01 9.397233635490818138e-01
7.624999999999999833e-02 9.605194111044139671e-01 9.397233635490934711e-01 9.605194111044358385e-01 9.397233635490818138e-01
7.674999999999999878e-02 9.606426984631349919e-01 9.397233635490931380e-01 9.606426984631570853e-01 9.397233635490818138e-01
7.724999999999999922e-02 9.607705212442693155e-01 9.397233635490926940e-01 9.607705212442925191e-01 9.397233635490818138e-01
7.774999999999999967e-02 9.609028493548155136e-01 9.397233635490921388e-01 9.609028493548388283e-01 9.397233635490818138e-01
7.825000000000000011e-02 9.610396524153361764e-01 9.397233635490921388e-01 9.610396524153596021e-01 9.397233635490818138e-01
7.875000000000000056e-02 9.611808997679289757e-01 9.397233635490920278e-01 9.611808997679528455e-01 9.397233635490818138e-01
7.925000000000000100e-02 9.613265604841597645e-01 9.397233635490909176e-01 9.613265604841827461e-01 9.397233635490818138e-01
7.975000000000000144e-02 9.614766033729458261e-01 9.397233635490908066e-01 9.614766033729685857e-01 9.397233635490818138e-01
8.025000000000000189e-02 9.616309969883708453e-01 9.397233635490898074e-01 9.616309969883933828e-01 9.397233635490818138e-01
8.075000000000000233e-02 9.617897096374615762e-01 9.397233635490891412e-01 9.617897096374833366e-01 9.397233635490818138e-01
8.125000000000000278e-02 9.619527093879163271e-01 9.397233635490886972e-01 9.619527093879390867e-01 9.397233635490818138e-01
8.175000000000000322e-02 9.621199640757813754e-01 9.397233635490881420e-01 9.621199640758031357e-01 9.397233635490818138e-01
8.225000000000000366e-02 9.622914413130428946e-01 9.397233635490871428e-01 9.622914413130644329e-01 9.397233635490818138e-01
8.275000000000000411e-02 9.624671084952047817e-01 9.397233635490860326e-01 9.624671084952263200e-01 9.397233635490818138e-01
8.325000000000000455e-02 9.626469328088020916e-01 9.397233635490854775e-01 9.626469328088252952e-01 9.397233635490818138e-01
8.375000000000000500e-02 9.628308812388368665e-01 9.397233635490848114e-01 9.628308812388584048e-01 9.397233635490818138e-01
8.425000000000000544e-02 9.630189205761672255e-01 9.397233635490854775e-01 9.630189205761885418e-01 9.397233635490818138e-01
8.475000000000000588e-02 9.632110174248710299e-01 9.397233635490848114e-01 9.632110174248924572e-01 9.397233635490818138e-01
8.525000000000000633e-02 9.634071382094975267e-01 9.397233635490844783e-01 9.634071382095188429e-01 9.397233635490818138e-01
8.575000000000000677e-02 9.636072491823122199e-01 9.397233635490844783e-01 9.636072491823338693e-01 9.397233635490818138e-01
8.625000000000000722e-02 9.638113164304418223e-01 9.397233635490844783e-01 9.638113164304652480e-01 9.397233635490818138e-01
8.675000000000000766e-02 9.640193058830046624e-01 9.397233635490844783e-01 9.640193058830273110e-01 9.397233635490818138e-01
8.725000000000000810e-02 9.642311833181270719e-01 9.397233635490844783e-01 9.642311833181496095e-01 9.397233635490818138e-01
8.774999999999999467e-02 9.644469143699461178e-01 9.397233635490840342e-01 9.644469143699658797e-01 9.397233635490818138e-01
8.824999999999999512e-02 9.646664645355302881e-01 9.397233635490847004e-01 9.646664645355512713e-01 9.397233635490818138e-01
8.874999999999999556e-02 9.648897991817512176e-01 9.397233635490847004e-01 9.648897991817720898e-01 9.397233635490818138e-01
8.924999999999999600e-02 9.651168835520704814e-01 9.397233635490852555e-01 9.651168835520940181e-01 9.397233635490818138e-01
8.974999999999999645e-02 9.653476827733067367e-01 9.397233635490859216e-01 9.653476827733284971e-01 9.397233635490818138e-01
9.024999999999999689e-02 9.655821618622726366e-01 9.397233635490864767e-01 9.655821618622942859e-01 9.397233635490818138e-01
9.074999999999999734e-02 9.658202857324343915e-01 9.397233635490871428e-01 9.658202857324575952e-01 9.397233635490818138e-01
9.124999999999999778e-02 9.660620192004344409e-01 9.397233635490873649e-01 9.660620192004588658e-01 9.397233635490818138e-01
9.174999999999999822e-02 9.663073269925998021e-01 9.397233635490883641e-01 9.663073269926237829e-01 9.397233635490818138e-01
9.224999999999999867e-02 9.665561737513403973e-01 9.397233635490862547e-01 9.665561737513646001e-01 9.397233635490818138e-01
9.274999999999999911e-02 9.668085240415361659e-01 9.397233635490823689e-01 9.668085240415595916e-01 9.397233635490818138e-01
9.324999999999999956e-02 9.670643423568240360e-01 9.397233635490784831e-01 9.670643423568450192e-01 9.397233635490818138e-01
9.375000000000000000e-02 9.673235931258036269e-01 9.397233635490744863e-01 9.673235931258221676e-01 9.397233635490818138e-01
9.425000000000000044e-02 9.675862407182262981e-01 9.397233635490728210e-01 9.675862407182451719e-01 9.397233635490818138e-01
9.475000000000000089e-02 9.678522494511010432e-01 9.397233635490714887e-01 9.678522494511196950e-01 9.397233635490818138e-01
9.525000000000000133e-02 9.681215835946870296e-01 9.397233635490694903e-01 9.681215835947047932e-01 9.397233635490818138e-01
9.575000000000000178e-02 9.683942073784933546e-01 9.397233635490667147e-01 9.683942073785118954e-01 9.397233635490818138e-01
9.625000000000000222e-02 9.686700849971526806e-01 9.397233635490630510e-01 9.686700849971698890e-01 9.397233635490818138e-01
9.675000000000000266e-02 9.689491806162568999e-01 9.397233635490603865e-01 9.689491806162724430e-01 9.397233635490818138e-01
9.725000000000000311e-02 9.692314583781278525e-01 9.397233635490581660e-01 9.692314583781422854e-01 9.397233635490818138e-01
9.775000000000000355e-02 9.695168824074831271e-01 9.397233635490566117e-01 9.695168824074981151e-01 9.397233635490818138e-01
9.825000000000000400e-02 9.698054168170893163e-01 9.397233635490558346e-01 9.698054168171045264e-01 9.397233635490818138e-01
9.875000000000000444e-02 9.700970257132970342e-01 9.397233635490541692e-01 9.700970257133119112e-01 9.397233635490818138e-01
9.925000000000000488e-02 9.703916732015318569e-01 9.397233635490520598e-01 9.703916732015449575e-01 9.397233635490818138e-01
9.975000000000000533e-02 9.706893233917082142e-01 9.397233635490482850e-01 9.706893233917189834e-01 9.397233635490818138e-01
1.002500000000000058e-01 9.709899404035872150e-01 9.397233635490438441e-01 9.709899404035963189e-01 9.397233635490818138e-01
1.007500000000000062e-01 9.712934883720182322e-01 9.397233635490404025e-01 9.712934883720263368e-01 9.397233635490818138e-01
1.012500000000000067e-01 9.715999314521877039e-01 9.397233635490392922e-01 9.715999314521948094e-01 9.397233635490818138e-01
1.017500000000000071e-01 9.719092338247289353e-01 9.397233635490382930e-01 9.719092338247353746e-01 9.397233635490818138e-01
1.022500000000000075e-01 9.722213597007798302e-01 9.397233635490364057e-01 9.722213597007854924e-01 9.397233635490818138e-01
1.027500000000000080e-01 9.725362733270013216e-01 9.397233635490329640e-01 9.725362733270064286e-01 9.397233635490818138e-01
1.032500000000000084e-01 9.728539389904617973e-01 9.397233635490305215e-01 9.728539389904670154e-01 9.397233635490818138e-01
1.037500000000000089e-01 9.731743210235304087e-01 9.397233635490283010e-01 9.731743210235336283e-01 9.397233635490818138e-01
1.042500000000000093e-01 9.734973838086160569e-01 9.397233635490261916e-01 9.734973838086187214e-01 9.397233635490818138e-01
1.047499999999999959e-01 9.738230917828930577e-01 9.397233635490251924e-01 9.738230917828922806e-01 9.397233635490818138e-01
1.052499999999999963e-01 9.741514094429247761e-01 9.397233635490238601e-01 9.741514094429245540e-01 9.397233635490818138e-01
1.057499999999999968e-01 9.744823013492431851e-01 9.397233635490214176e-01 9.744823013492417418e-01 9.397233635490818138e-01
1.062499999999999972e-01 9.748157321308245082e-01 9.397233635490186421e-01 9.748157321308216217e-01 9.397233635490818138e-01
1.067499999999999977e-01 9.751516664895010233e-01 9.397233635490154224e-01 9.751516664894963604e-01 9.397233635490818138e-01
1.072499999999999981e-01 9.754900692043124710e-01 9.397233635490120918e-01 9.754900692043079191e-01 9.397233635490818138e-01
1.077499999999999986e-01 9.758309051357809683e-01 9.397233635490094272e-01 9.758309051357756392e-01 9.397233635490818138e-01
1.082499999999999990e-01 9.761741392301034326e-01 9.397233635490065407e-01 9.761741392300958831e-01 9.397233635490818138e-01
1.087499999999999994e-01 9.765197365232751725e-01 9.397233635490036541e-01 9.765197365232669569e-01 9.397233635490818138e-01
1.092499999999999999e-01 9.768676621451489739e-01 9.397233635490003234e-01 9.768676621451403141e-01 9.397233635490818138e-01
1.097500000000000003e-01 9.772178813234008166e-01 9.397233635489978809e-01 9.772178813233904915e-01 9.397233635490818138e-01
1.102500000000000008e-01 9.775703593874591757e-01 9.397233635489969927e-01 9.775703593874478514e-01 9.397233635490818138e-01
1.107500000000000012e-01 9.779250617723131977e-01 9.397233635489961046e-01 9.779250617723019845e-01 9.397233635490818138e-01
1.112500000000000017e-01 9.782819540222924548e-01 9.397233635489943282e-01 9.782819540222789101e-01 9.397233635490818138e-01
1.117500000000000021e-01 9.786410017947267947e-01 9.397233635489914416e-01 9.786410017947121398e-01 9.397233635490818138e-01
1.122500000000000026e-01 9.790021708635910924e-01 9.397233635489885550e-01 9.790021708635758824e-01 9.397233635490818138e-01
1.127500000000000030e-01 9.793654271230154418e-01 9.397233635489866677e-01 9.793654271230000097e-01 9.397233635490818138e-01
1.132500000000000034e-01 9.797307365907768073e-01 9.397233635489856685e-01 9.797307365907604870e-01 9.397233635490818138e-01
1.137500000000000039e-01 9.800980654116782098e-01 9.397233635489837811e-01 9.800980654116627777e-01 9.397233635490818138e-01
1.142500000000000043e-01 9.804673798608679602e-01 9.397233635489814496e-01 9.804673798608516400e-01 9.397233635490818138e-01
1.147500000000000048e-01 9.808386463470869510e-01 9.397233635489787851e-01 9.808386463470685213e-01 9.397233635490818138e-01
1.152500000000000052e-01 9.812118314158514432e-01 9.397233635489763426e-01 9.812118314158323473e-01 9.397233635490818138e-01
1.157500000000000057e-01 9.815869017525399309e-01 9.397233635489733450e-01 9.815869017525189477e-01 9.397233635490818138e-01
1.162500000000000061e-01 9.819638241854357075e-01 9.397233635489701253e-01 9.819638241854136140e-01 9.397233635490818138e-01
1.167500000000000066e-01 9.823425656886659585e-01 9.397233635489686820e-01 9.823425656886445312e-01 9.397233635490818138e-01
1.172500000000000070e-01 9.827230933851047734e-01 9.397233635489679049e-01 9.827230933850830130e-01 9.397233635490818138e-01
1.177500000000000074e-01 9.831053745491746820e-01 9.397233635489652404e-01 9.831053745491504792e-01 9.397233635490818138e-01
1.182500000000000079e-01 9.834893766095632595e-01 9.397233635489621317e-01 9.834893766095368361e-01 9.397233635490818138e-01
1.187500000000000083e-01 9.838750671519297386e-01 9.397233635489583570e-01 9.838750671519032043e-01 9.397233635490818138e-01
1.192500000000000088e-01 9.842624139214658507e-01 9.397233635489554704e-01 9.842624139214382062e-01 9.397233635490818138e-01
1.197499999999999953e-01 9.846513848254330181e-01 9.397233635489529169e-01 9.846513848254030421e-01 9.397233635490818138e-01
1.202499999999999958e-01 9.850419479356105068e-01 9.397233635489508075e-01 9.850419479355803087e-01 9.397233635490818138e-01
1.207499999999999962e-01 9.854340714906748566e-01 9.397233635489488091e-01 9.854340714906437704e-01 9.397233635490818138e-01
1.212499999999999967e-01 9.858277238985151403e-01 9.397233635489460335e-01 9.858277238984833879e-01 9.397233635490818138e-01
1.217499999999999971e-01 9.862228737384488575e-01 9.397233635489428138e-01 9.862228737384165500e-01 9.397233635490818138e-01
1.222499999999999976e-01 9.866194897634226191e-01 9.397233635489397052e-01 9.866194897633898675e-01 9.397233635490818138e-01
1.227499999999999980e-01 9.870175409020772728e-01 9.397233635489365966e-01 9.870175409020450763e-01 9.397233635490818138e-01
1.232499999999999984e-01 9.874169962607994844e-01 9.397233635489340431e-01 9.874169962607665108e-01 9.397233635490818138e-01
1.237499999999999989e-01 9.878178251256526377e-01 9.397233635489323778e-01 9.878178251256201081e-01 9.397233635490818138e-01
1.242499999999999993e-01 9.882199969642976312e-01 9.397233635489306014e-01 9.882199969642646575e-01 9.397233635490818138e-01
1.247499999999999998e-01 9.886234814277894412e-01 9.397233635489289361e-01 9.886234814277566896e-01 9.397233635490818138e-01
1.252500000000000002e-01 9.890282483523262780e-01 9.397233635489271597e-01 9.890282483522925272e-01 9.397233635490818138e-01
1.257500000000000007e-01 9.894342677609488934e-01 9.397233635489239401e-01 9.894342677609152537e-01 9.397233635490818138e-01
1.262500000000000011e-01 9.898415098651367483e-01 9.397233635489213865e-01 9.898415098651042188e-01 9.397233635490818138e-01
1.267500000000000016e-01 9.902499450663744263e-01 9.397233635489186110e-01 9.902499450663406755e-01 9.397233635490818138e-01
1.272500000000000020e-01 9.906595439576025841e-01 9.397233635489160575e-01 9.906595439575669459e-01 9.397233635490818138e-01
1.277500000000000024e-01 9.910702773246551356e-01 9.397233635489146142e-01 9.910702773246194974e-01 9.397233635490818138e-01
1.282500000000000029e-01 9.914821161476028433e-01 9.397233635489141701e-01 9.914821161475660949e-01 9.397233635490818138e-01
1.287500000000000033e-01 9.918950316020255231e-01 9.397233635489118386e-01 9.918950316019892188e-01 9.397233635490818138e-01
1.292500000000000038e-01 9.923089950602291820e-01 9.397233635489086190e-01 9.923089950601914344e-01 9.397233635490818138e-01
1.297500000000000042e-01 9.927239780924045354e-01 9.397233635489055104e-01 9.927239780923665657e-01 9.397233635490818138e-01
1.302500000000000047e-01 9.931399524677010371e-01 9.397233635489017356e-01 9.931399524676608470e-01 9.397233635490818138e-01
1.307500000000000051e-01 9.935568901552536136e-01 9.397233635488984049e-01 9.935568901552125354e-01 9.397233635490818138e-01
1.312500000000000056e-01 9.939747633251384551e-01 9.397233635488959624e-01 9.939747633250964887e-01 9.397233635490818138e-01
1.317500000000000060e-01 9.943935443492796233e-01 9.397233635488938530e-01 9.943935443492356585e-01 9.397233635490818138e-01
1.322500000000000064e-01 9.948132058022580715e-01 9.397233635488921877e-01 9.948132058022134405e-01 9.397233635490818138e-01
1.327500000000000069e-01 9.952337204621041211e-01 9.397233635488897452e-01 9.952337204620601563e-01 9.397233635490818138e-01
1.332500000000000073e-01 9.956550613110014547e-01 9.397233635488870807e-01 9.956550613109573789e-01 9.397233635490818138e-01
1.337500000000000078e-01 9.960772015359264930e-01 9.397233635488861925e-01 9.960772015358825282e-01 9.397233635490818138e-01
1.342500000000000082e-01 9.965001145292384788e-01 9.397233635488859704e-01 9.965001145291956242e-01 9.397233635490818138e-01
1.347500000000000087e-01 9.969237738892133827e-01 9.397233635488845271e-01 9.969237738891701950e-01 9.397233635490818138e-01
1.352500000000000091e-01 9.973481534205098642e-01 9.397233635488830839e-01 9.973481534204653443e-01 9.397233635490818138e-01
1.357500000000000095e-01 9.977732271345688408e-01 9.397233635488804193e-01 9.977732271345237658e-01 9.397233635490818138e-01
1.362500000000000100e-01 9.981989692499735334e-01 9.397233635488771997e-01 9.981989692499269040e-01 9.397233635490818138e-01
1.367500000000000104e-01 9.986253541927481159e-01 9.397233635488749792e-01 9.986253541927007094e-01 9.397233635490818138e-01
1.372500000000000109e-01 9.990523565965926389e-01 9.397233635488728698e-01 9.990523565965420127e-01 9.397233635490818138e-01
1.377500000000000113e-01 9.994799513030326876e-01 9.397233635488696502e-01 9.994799513029812843e-01 9.397233635490818138e-01
1.382500000000000118e-01 9.999081133616094519e-01 9.397233635488658754e-01 9.999081133615559391e-01 9.397233635490818138e-01
1.387500000000000122e-01 1.000336818029872621e+00 9.397233635488628778e-01 1.000336818029818220e+00 9.397233635490818138e-01
1.392500000000000127e-01 1.000766040773450438e+00 9.397233635488601022e-01 1.000766040773396259e+00 9.397233635490818138e-01
1.397500000000000131e-01 1.001195757266001074e+00 9.397233635488559944e-01 1.001195757265944897e+00 9.397233635490818138e-01
1.402500000000000135e-01 1.001625943389091944e+00 9.397233635488522197e-01 1.001625943389035767e+00 9.397233635490818138e-01
1.407500000000000140e-01 1.002056575232084690e+00 9.397233635488502212e-01 1.002056575232026292e+00 9.397233635490818138e-01
1.412500000000000144e-01 1.002487629091931343e+00 9.397233635488480008e-01 1.002487629091872279e+00 9.397233635490818138e-01
1.417500000000000149e-01 1.002919081472916751e+00 9.397233635488446701e-01 1.002919081472856133e+00 9.397233635490818138e-01
1.422500000000000153e-01 1.003350909086373477e+00 9.397233635488415615e-01 1.003350909086310416e+00 9.397233635490818138e-01
1.427500000000000158e-01 1.003783088850311422e+00 9.397233635488382308e-01 1.003783088850247474e+00 9.397233635490818138e-01
1.432500000000000162e-01 1.004215597889049238e+00 9.397233635488351222e-01 1.004215597888984179e+00 9.397233635490818138e-01
1.437500000000000167e-01 1.004648413532746698e+00 9.397233635488337899e-01 1.004648413532681195e+00 9.397233635490818138e-01
1.442499999999999893e-01 1.005081513316916419e+00 9.397233635488324577e-01 1.005081513316850694e+00 9.397233635490818138e-01
1.447499999999999898e-01 1.005514874981884077e+00 9.397233635488293491e-01 1.005514874981816353e+00 9.397233635490818138e-01
1.452499999999999902e-01 1.005948476472187991e+00 9.397233635488266845e-01 1.005948476472118713e+00 9.397233635490818138e-01
1.457499999999999907e-01 1.006382295935976057e+00 9.397233635488231318e-01 1.006382295935902116e+00 9.397233635490818138e-01
1.462499999999999911e-01 1.006816311724272328e+00 9.397233635488200232e-01 1.006816311724198387e+00 9.397233635490818138e-01
1.467499999999999916e-01 1.007250502390315994e+00 9.397233635488173586e-01 1.007250502390240499e+00 9.397233635490818138e-01
1.472499999999999920e-01 1.007684846688740921e+00 9.397233635488135839e-01 1.007684846688662761e+00 9.397233635490818138e-01
1.477499999999999925e-01 1.008119323574805382e+00 9.397233635488098091e-01 1.008119323574725668e+00 9.397233635490818138e-01
1.482499999999999929e-01 1.008553912203505210e+00 9.397233635488062564e-01 1.008553912203424385e+00 9.397233635490818138e-01
1.487499999999999933e-01 1.008988591928698053e+00 9.397233635488020376e-01 1.008988591928615897e+00 9.397233635490818138e-01
1.492499999999999938e-01 1.009423342302169013e+00 9.397233635487973746e-01 1.009423342302085747e+00 9.397233635490818138e-01
1.497499999999999942e-01 1.009858143072647430e+00 9.397233635487932668e-01 1.009858143072562164e+00 9.397233635490818138e-01
1.502499999999999947e-01 1.010292974184782366e+00 9.397233635487901582e-01 1.010292974184695325e+00 9.397233635490818138e-01
1.507499999999999951e-01 1.010727815778108551e+00 9.397233635487869385e-01 1.010727815778020178e+00 9.397233635490818138e-01
1.512499999999999956e-01 1.011162648185940149e+00 9.397233635487824976e-01 1.011162648185850221e+00 9.397233635490818138e-01
1.517499999999999960e-01 1.011597451934241221e+00 9.397233635487780568e-01 1.011597451934149960e+00 9.397233635490818138e-01
1.522499999999999964e-01 1.012032207740465317e+00 9.397233635487747261e-01 1.012032207740372725e+00 9.397233635490818138e-01
1.527499999999999969e-01 1.012466896512338010e+00 9.397233635487716175e-01 1.012466896512242975e+00 9.397233635490818138e-01
1.532499999999999973e-01 1.012901499346634981e+00 9.397233635487689529e-01 1.012901499346539280e+00 9.397233635490818138e-01
1.537499999999999978e-01 1.013335997527900822e+00 9.397233635487652892e-01 1.013335997527805565e+00 9.397233635490818138e-01
1.542499999999999982e-01 1.013770372527146080e+00 9.397233635487602932e-01 1.013770372527050156e+00 9.397233635490818138e-01
1.547499999999999987e-01 1.014204606000496334e+00 9.397233635487558523e-01 1.014204606000399078e+00 9.397233635490818138e-01
1.552499999999999991e-01 1.014638679787826181e+00 9.397233635487528547e-01 1.014638679787728925e+00 9.397233635490818138e-01
1.557499999999999996e-01 1.015072575911365682e+00 9.397233635487504122e-01 1.015072575911268649e+00 9.397233635490818138e-01
1.562500000000000000e-01 1.015506276574238864e+00 9.397233635487481918e-01 1.015506276574139832e+00 9.397233635490818138e-01
1.567500000000000004e-01 1.015939764159020875e+00 9.397233635487447501e-01 1.015939764158919623e+00 9.397233635490818138e-01
1.572500000000000009e-01 1.016373021226222750e+00 9.397233635487405312e-01 1.016373021226119722e+00 9.397233635490818138e-01
1.577500000000000013e-01 1.016806030512781067e+00 9.397233635487374226e-01 1.016806030512675596e+00 9.397233635490818138e-01
1.582500000000000018e-01 1.017238774930497858e+00 9.397233635487343140e-01 1.017238774930391942e+00 9.397233635490818138e-01
1.587500000000000022e-01 1.017671237564459652e+00 9.397233635487316494e-01 1.017671237564353071e+00 9.397233635490818138e-01
1.592500000000000027e-01 1.018103401671420105e+00 9.397233635487283188e-01 1.018103401671311747e+00 9.397233635490818138e-01
1.597500000000000031e-01 1.018535250678177295e+00 9.397233635487237668e-01 1.018535250678068271e+00 9.397233635490818138e-01
1.602500000000000036e-01 1.018966768179898175e+00 9.397233635487203252e-01 1.018966768179788041e+00 9.397233635490818138e-01
1.607500000000000040e-01 1.019397937938457011e+00 9.397233635487164394e-01 1.019397937938346210e+00 9.397233635490818138e-01
1.612500000000000044e-01 1.019828743880694777e+00 9.397233635487132197e-01 1.019828743880582200e+00 9.397233635490818138e-01
1.617500000000000049e-01 1.020259170096692536e+00 9.397233635487103331e-01 1.020259170096579737e+00 9.397233635490818138e-01
1.622500000000000053e-01 1.020689200838036381e+00 9.397233635487067804e-01 1.020689200837921140e+00 9.397233635490818138e-01
1.627500000000000058e-01 1.021118820515996450e+00 9.397233635487021175e-01 1.021118820515880321e+00 9.397233635490818138e-01
1.632500000000000062e-01 1.021548013699764779e+00 9.397233635486982317e-01 1.021548013699648205e+00 9.397233635490818138e-01
1.637500000000000067e-01 1.021976765114596564e+00 9.397233635486945680e-01 1.021976765114480212e+00 9.397233635490818138e-01
1.642500000000000071e-01 1.022405059639997837e+00 9.397233635486912373e-01 1.022405059639881042e+00 9.397233635490818138e-01
1.647500000000000075e-01 1.022832882307823876e+00 9.397233635486866854e-01 1.022832882307705304e+00 9.397233635490818138e-01
1.652500000000000080e-01 1.023260218300435120e+00 9.397233635486830217e-01 1.023260218300315216e+00 9.397233635490818138e-01
1.657500000000000084e-01 1.023687052948754950e+00 9.397233635486801351e-01 1.023687052948634824e+00 9.397233635490818138e-01
1.662500000000000089e-01 1.024113371730384303e+00 9.397233635486768044e-01 1.024113371730262845e+00 9.397233635490818138e-01
1.667500000000000093e-01 1.024539160267623927e+00 9.397233635486723635e-01 1.024539160267500471e+00 9.397233635490818138e-01
1.672500000000000098e-01 1.024964404325553247e+00 9.397233635486685888e-01 1.024964404325430234e+00 9.397233635490818138e-01
1.677500000000000102e-01 1.025389089810039511e+00 9.397233635486654801e-01 1.025389089809915388e+00 9.397233635490818138e-01
1.682500000000000107e-01 1.025813202765748500e+00 9.397233635486614833e-01 1.025813202765622600e+00 9.397233635490818138e-01
1.687500000000000111e-01 1.026236729374135237e+00 9.397233635486577086e-01 1.026236729374008894e+00 9.397233635490818138e-01
1.692500000000000115e-01 1.026659655951442041e+00 9.397233635486528236e-01 1.026659655951314587e+00 9.397233635490818138e-01
1.697500000000000120e-01 1.027081968946653934e+00 9.397233635486484937e-01 1.027081968946524704e+00 9.397233635490818138e-01
1.702500000000000124e-01 1.027503654939438515e+00 9.397233635486451631e-01 1.027503654939306177e+00 9.397233635490818138e-01
1.707500000000000129e-01 1.027924700638098265e+00 9.397233635486419434e-01 1.027924700637964595e+00 9.397233635490818138e-01
1.712500000000000133e-01 1.028345092877507305e+00 9.397233635486392789e-01 1.028345092877373634e+00 9.397233635490818138e-01
1.717500000000000138e-01 1.028764818617002863e+00 9.397233635486353931e-01 1.028764818616866750e+00 9.397233635490818138e-01
1.722500000000000142e-01 1.029183864938289616e+00 9.397233635486303971e-01 1.029183864938152837e+00 9.397233635490818138e-01
1.727500000000000147e-01 1.029602219043352918e+00 9.397233635486265113e-01 1.029602219043215028e+00 9.397233635490818138e-01
1.732500000000000151e-01 1.030019868252301185e+00 9.397233635486231806e-01 1.030019868252161297e+00 9.397233635490818138e-01
1.737500000000000155e-01 1.030436800001277575e+00 9.397233635486195169e-01 1.030436800001136133e+00 9.397233635490818138e-01
1.742500000000000160e-01 1.030853001840281280e+00 9.397233635486160752e-01 1.030853001840138949e+00 9.397233635490818138e-01
1.747500000000000164e-01 1.031268461431042116e+00 9.397233635486126335e-01 1.031268461430898675e+00 9.397233635490818138e-01
1.752500000000000169e-01 1.031683166544850483e+00 9.397233635486095249e-01 1.031683166544705266e+00 9.397233635490818138e-01
1.757500000000000173e-01 1.032097105060395759e+00 9.397233635486065273e-01 1.032097105060250763e+00 9.397233635490818138e-01
1.762499999999999900e-01 1.032510264961588042e+00 9.397233635486026415e-01 1.032510264961441271e+00 9.397233635490818138e-01
1.767499999999999905e-01 1.032922634335373235e+00 9.397233635485984227e-01 1.032922634335222689e+00 9.397233635490818138e-01
1.772499999999999909e-01 1.033334201369541017e+00 9.397233635485942038e-01 1.033334201369387584e+00 9.397233635490818138e-01
1.777499999999999913e-01 1.033744954350539036e+00 9.397233635485904291e-01 1.033744954350381162e+00 9.397233635490818138e-01
1.782499999999999918e-01 1.034154881661244030e+00 9.397233635485873204e-01 1.034154881661087266e+00 9.397233635490818138e-01
1.787499999999999922e-01 1.034563971778800884e+00 9.397233635485835457e-01 1.034563971778641012e+00 9.397233635490818138e-01
1.792499999999999927e-01 1.034972213272350228e+00 9.397233635485791048e-01 1.034972213272189023e+00 9.397233635490818138e-01
1.797499999999999931e-01 1.035379594800840408e+00 9.397233635485748859e-01 1.035379594800677872e+00 9.397233635490818138e-01
1.802499999999999936e-01 1.035786105110793720e+00 9.397233635485705561e-01 1.035786105110630517e+00 9.397233635490818138e-01
1.807499999999999940e-01 1.036191733034091733e+00 9.397233635485665593e-01 1.036191733033926754e+00 9.397233635490818138e-01
1.812499999999999944e-01 1.036596467485711770e+00 9.397233635485632286e-01 1.036596467485544126e+00 9.397233635490818138e-01
1.817499999999999949e-01 1.037000297461520448e+00 9.397233635485588987e-01 1.037000297461351694e+00 9.397233635490818138e-01
1.822499999999999953e-01 1.037403212036005939e+00 9.397233635485545689e-01 1.037403212035836741e+00 9.397233635490818138e-01
1.827499999999999958e-01 1.037805200360060631e+00 9.397233635485499059e-01 1.037805200359890767e+00 9.397233635490818138e-01
1.832499999999999962e-01 1.038206251658706503e+00 9.397233635485445769e-01 1.038206251658534640e+00 9.397233635490818138e-01
1.837499999999999967e-01 1.038606355228869127e+00 9.397233635485402470e-01 1.038606355228696154e+00 9.397233635490818138e-01
1.842499999999999971e-01 1.039005500437113927e+00 9.397233635485365832e-01 1.039005500436940288e+00 9.397233635490818138e-01
1.847499999999999976e-01 1.039403676717397751e+00 9.397233635485319203e-01 1.039403676717221892e+00 9.397233635490818138e-01
1.852499999999999980e-01 1.039800873568804684e+00 9.397233635485265912e-01 1.039800873568627271e+00 9.397233635490818138e-01
1.857499999999999984e-01 1.040197080553304065e+00 9.397233635485214842e-01 1.040197080553125319e+00 9.397233635490818138e-01
1.862499999999999989e-01 1.040592287293478968e+00 9.397233635485165992e-01 1.040592287293298668e+00 9.397233635490818138e-01
1.867499999999999993e-01 1.040986483470291546e+00 9.397233635485121583e-01 1.040986483470110802e+00 9.397233635490818138e-01
1.872499999999999998e-01 1.041379658820793530e+00 9.397233635485081615e-01 1.041379658820614118e+00 9.397233635490818138e-01
1.877500000000000002e-01 1.041771803135896235e+00 9.397233635485046088e-01 1.041771803135715491e+00 9.397233635490818138e-01
1.882500000000000007e-01 1.042162906258081723e+00 9.397233635485016112e-01 1.042162906257898758e+00 9.397233635490818138e-01
1.887500000000000011e-01 1.042552958079189462e+00 9.397233635484993908e-01 1.042552958079004721e+00 9.397233635490818138e-01
1.892500000000000016e-01 1.042941948538103514e+00 9.397233635484970593e-01 1.042941948537916774e+00 9.397233635490818138e-01
1.897500000000000020e-01 1.043329867618540518e+00 9.397233635484942837e-01 1.043329867618352669e+00 9.397233635490818138e-01
1.902500000000000024e-01 1.043716705346776852e+00 9.397233635484905090e-01 1.043716705346587448e+00 9.397233635490818138e-01
1.907500000000000029e-01 1.044102451789389541e+00 9.397233635484870673e-01 1.044102451789199248e+00 9.397233635490818138e-01
1.912500000000000033e-01 1.044487097051017610e+00 9.397233635484841807e-01 1.044487097050826874e+00 9.397233635490818138e-01
1.917500000000000038e-01 1.044870631272089234e+00 9.397233635484807390e-01 1.044870631271898720e+00 9.397233635490818138e-01
1.922500000000000042e-01 1.045253044626594630e+00 9.397233635484770753e-01 1.045253044626401007e+00 9.397233635490818138e-01
1.927500000000000047e-01 1.045634327319820756e+00 9.397233635484728564e-01 1.045634327319626466e+00 9.397233635490818138e-01
1.932500000000000051e-01 1.046014469586122431e+00 9.397233635484688596e-01 1.046014469585927031e+00 9.397233635490818138e-01
1.937500000000000056e-01 1.046393461686653481e+00 9.397233635484657510e-01 1.046393461686456527e+00 9.397233635490818138e-01
1.942500000000000060e-01 1.046771293907156952e+00 9.397233635484614211e-01 1.046771293906958666e+00 9.397233635490818138e-01
1.947500000000000064e-01 1.047147956555704917e+00 9.397233635484556480e-01 1.047147956555503967e+00 9.397233635490818138e-01
1.952500000000000069e-01 1.047523439960471370e+00 9.397233635484472103e-01 1.047523439960268199e+00 9.397233635490818138e-01
1.957500000000000073e-01 1.047897734467492681e+00 9.397233635484458780e-01 1.047897734467289510e+00 9.397233635490818138e-01
1.962500000000000078e-01 1.048270830438448264e+00 9.397233635484703029e-01 1.048270830438254864e+00 9.397233635490818138e-01
1.967500000000000082e-01 1.048642718248428363e+00 9.397233635485227055e-01 1.048642718248259165e+00 9.397233635490818138e-01
1.972500000000000087e-01 1.049013388283734471e+00 9.397233635485651160e-01 1.049013388283584813e+00 9.397233635490818138e-01
1.977500000000000091e-01 1.049382830939659339e+00 9.397233635485232606e-01 1.049382830939492806e+00 9.397233635490818138e-01
1.982500000000000095e-01 1.049751036618240985e+00 9.397233635483449588e-01 1.049751036617996736e+00 9.397233635490818138e-01
1.987500000000000100e-01 1.050117995726004727e+00 9.397233635480941594e-01 1.050117995725652120e+00 9.397233635490818138e-01
1.992500000000000104e-01 1.050483698671739852e+00 9.397233635480157776e-01 1.050483698671353050e+00 9.397233635490818138e-01
1.997500000000000109e-01 1.050848135864340449e+00 9.397233635484353309e-01 1.050848135864134836e+00 9.397233635490818138e-01
2.002500000000000113e-01 1.051211297710732628e+00 9.397233635494355308e-01 1.051211297710958670e+00 9.397233635490818138e-01
2.007500000000000118e-01 1.051573174613860573e+00 9.397233635504569360e-01 1.051573174614527595e+00 9.397233635490818138e-01
2.012500000000000122e-01 1.051933756970509393e+00 9.397233635502301174e-01 1.051933756971079603e+00 9.397233635490818138e-01
2.017500000000000127e-01 1.052293035168837765e+00 9.397233635475032987e-01 1.052293035168234470e+00 9.397233635490818138e-01
2.022500000000000131e-01 1.052650999585493352e+00 9.397233635425714660e-01 1.052650999582766644e+00 9.397233635490818138e-01
2.027500000000000135e-01 1.053007640582859006e+00 9.397233635387087780e-01 1.053007640578468296e+00 9.397233635490818138e-01
2.032500000000000140e-01 1.053362948507032826e+00 9.397233635417393538e-01 1.053362948503947960e+00 9.397233635490818138e-01
2.037500000000000144e-01 1.053716913687319678e+00 9.397233635562262100e-01 1.053716913690470713e+00 9.397233635490818138e-01
2.042500000000000149e-01 1.054069526436880899e+00 9.397233635789614681e-01 1.054069526449813887e+00 9.397233635490818138e-01
2.047500000000000153e-01 1.054420777052645253e+00 9.397233635940407392e-01 1.054420777072059945e+00 9.397233635490818138e-01
2.052500000000000158e-01 1.054770655811673397e+00 9.397233635763988513e-01 1.054770655823501269e+00 9.397233635490818138e-01
2.057500000000000162e-01 1.055119152961757845e+00 9.397233635085976422e-01 1.055119152944444361e+00 9.397233635490818138e-01
2.062500000000000167e-01 1.055466258708134264e+00 9.397233634067940766e-01 1.055466258647087097e+00 9.397233635490818138e-01
2.067500000000000171e-01 1.055811963203553638e+00 9.397233633389625584e-01 1.055811963113385099e+00 9.397233635490818138e-01
2.072500000000000175e-01 1.056156256552305051e+00 9.397233634105802702e-01 1.056156256492900791e+00 9.397233635490818138e-01
2.077500000000000180e-01 1.056499128835173495e+00 9.397233637016271235e-01 1.056499128900691531e+00 9.397233635490818138e-01
2.082499999999999907e-01 1.056840570148862568e+00 9.397233641696385309e-01 1.056840570415163771e+00 9.397233635490818138e-01
2.087499999999999911e-01 1.057180570635019023e+00 9.397233645769883514e-01 1.057180571075981401e+00 9.397233635490818138e-01
2.092499999999999916e-01 1.057519120462016682e+00 9.397233645281494185e-01 1.057519120881944108e+00 9.397233635490818138e-01
2.097499999999999920e-01 1.057856209731081965e+00 9.397233636833650650e-01 1.057856209788860413e+00 9.397233635490818138e-01
2.102499999999999925e-01 1.058191828313722826e+00 9.397233621341041232e-01 1.058191827707472443e+00 9.397233635490818138e-01
2.107499999999999929e-01 1.058525965679967706e+00 9.397233608011521522e-01 1.058525964501360495e+00 9.397233635490818138e-01
2.112499999999999933e-01 1.058858610776949094e+00 9.397233617116185211e-01 1.058858609984816068e+00 9.397233635490818138e-01
2.117499999999999938e-01 1.059189751886232544e+00 9.397233683008492378e-01 1.059189753920796839e+00 9.397233635490818138e-01
2.122499999999999942e-01 1.059519376247582079e+00 9.397233863463373416e-01 1.059519386018830556e+00 9.397233635490818138e-01
2.127499999999999947e-01 1.059847469204173054e+00 9.397234259855972160e-01 1.059847495932938033e+00 9.397233635490818138e-01
2.132499999999999951e-01 1.060174012416437384e+00 9.397235057934878455e-01 1.060174073259573024e+00 9.397233635490818138e-01
2.137499999999999956e-01 1.060498980490702792e+00 9.397236607129431096e-01 1.060499107535547436e+00 9.397233635490818138e-01
2.142499999999999960e-01 1.060822334575542092e+00 9.397239570878658244e-01 1.060822588235983632e+00 9.397233635490818138e-01
2.147499999999999964e-01 1.061144008804493222e+00 9.397245244390874941e-01 1.061144504772263630e+00 9.397233635490818138e-01
2.152499999999999969e-01 1.061463877607955908e+00 9.397256320907650951e-01 1.061464846489980074e+00 9.397233635490818138e-01
2.157499999999999973e-01 1.061781733219251844e+00 9.397277420723912922e-01 1.061783602666895643e+00 9.397233635490818138e-01
2.162499999999999978e-01 1.062097465483170078e+00 9.397310879928544303e-01 1.062100762510912011e+00 9.397233635490818138e-01
2.167499999999999982e-01 1.062411177939170948e+00 9.397354026434842078e-01 1.062416315158043245e+00 9.397233635490818138e-01
2.172499999999999987e-01 1.062723084066818702e+00 9.397401605850328465e-01 1.062730249670388982e+00 9.397233635490818138e-01
2.177499999999999991e-01 1.063033431754830227e+00 9.397447549047907023e-01 1.063042555034134917e+00 9.397233635490818138e-01
2.182499999999999996e-01 1.063342456960404414e+00 9.397486058434683098e-01 1.063353220157506884e+00 9.397233635490818138e-01
2.187500000000000000e-01 1.063650320101594549e+00 9.397513101123304846e-01 1.063662233868806206e+00 9.397233635490818138e-01
2.192500000000000004e-01 1.063956995065455491e+00 9.397529016874172081e-01 1.063969584914405075e+00 9.397233635490818138e-01
2.197500000000000009e-01 1.064262290263390476e+00 9.397538030246783691e-01 1.064275261956734164e+00 9.397233635490818138e-01
2.202500000000000013e-01 1.064566046857338133e+00 9.397543598474231707e-01 1.064579253572309980e+00 9.397233635490818138e-01
2.207500000000000018e-01 1.064868179420262795e+00 9.397547455610835154e-01 1.064881548249765775e+00 9.397233635490818138e-01
2.212500000000000022e-01 1.065168644108308360e+00 9.397550358255040148e-01 1.065182134387874680e+00 9.397233635490818138e-01
2.217500000000000027e-01 1.065467418550230416e+00 9.397552556775434773e-01 1.065481000293560854e+00 9.397233635490818138e-01
2.222500000000000031e-01 1.065764488266542465e+00 9.397554113929793562e-01 1.065778134179991010e+00 9.397233635490818138e-01
2.227500000000000036e-01 1.066059837626774698e+00 9.397555117363715071e-01 1.066073524164566466e+00 9.397233635490818138e-01
2.232500000000000040e-01 1.066353448041568841e+00 9.397555722345198870e-01 1.066367158267009119e+00 9.397233635490818138e-01
2.237500000000000044e-01 1.066645301526372602e+00 9.397556067545393965e-01 1.066659024407423217e+00 9.397233635490818138e-01
2.242500000000000049e-01 1.066935382618067640e+00 9.397556229866451671e-01 1.066949110404340706e+00 9.397233635490818138e-01
2.247500000000000053e-01 1.067223677624266065e+00 9.397556242330769027e-01 1.067237403972827403e+00 9.397233635490818138e-01
2.252500000000000058e-01 1.067510173462993039e+00 9.397556121253161088e-01 1.067523892722528789e+00 9.397233635490818138e-01
2.257500000000000062e-01 1.067794856910216916e+00 9.397555883626456108e-01 1.067808564155790840e+00 9.397233635490818138e-01
2.262500000000000067e-01 1.068077714290467384e+00 9.397555554535971245e-01 1.068091405665740456e+00 9.397233635490818138e-01
2.267500000000000071e-01 1.068358731508048720e+00 9.397555166400906046e-01 1.068372404534384756e+00 9.397233635490818138e-01
2.272500000000000075e-01 1.068637894282549183e+00 9.397554753369059544e-01 1.068651547930721701e+00 9.397233635490818138e-01
2.277500000000000080e-01 1.068915188455613841e+00 9.397554344032912343e-01 1.068928822908875809e+00 9.397233635490818138e-01
2.282500000000000084e-01 1.069190600254067647e+00 9.397553955166956241e-01 1.069204216406200114e+00 9.397233635490818138e-01
2.287500000000000089e-01 1.069464116391836139e+00 9.397553589259569629e-01 1.069477715241420990e+00 9.397233635490818138e-01
2.292500000000000093e-01 1.069735723933000981e+00 9.397553237684375116e-01 1.069749306112778742e+00 9.397233635490818138e-01
2.297500000000000098e-01 1.070005409978810551e+00 9.397552888041584840e-01 1.070018975596179311e+00 9.397233635490818138e-01
2.302500000000000102e-01 1.070273161366089187e+00 9.397552531236434969e-01 1.070286710143327324e+00 9.397233635490818138e-01
2.307500000000000107e-01 1.070538964533738868e+00 9.397552164591390644e-01 1.070552496079935301e+00 9.397233635490818138e-01
2.312500000000000111e-01 1.070802805572069971e+00 9.397551790641499592e-01 1.070816319603850930e+00 9.397233635490818138e-01
2.317500000000000115e-01 1.071064670358206072e+00 9.397551413899167816e-01 1.071078166783270058e+00 9.397233635490818138e-01
2.322500000000000120e-01 1.071324544673950552e+00 9.397551038026661363e-01 1.071338023554914365e+00 9.397233635490818138e-01
2.327500000000000124e-01 1.071582414256527116e+00 9.397550664591324265e-01 1.071595875722227476e+00 9.397233635490818138e-01
2.332500000000000129e-01 1.071838264785299755e+00 9.397550293335351634e-01 1.071851708953601934e+00 9.397233635490818138e-01
2.337500000000000133e-01 1.072092081837148658e+00 9.397549923187169529e-01 1.072105508780573091e+00 9.397233635490818138e-01
2.342500000000000138e-01 1.072343850846284363e+00 9.397549553170202463e-01 1.072357260596062067e+00 9.397233635490818138e-01
2.347500000000000142e-01 1.072593557086868543e+00 9.397549182772555465e-01 1.072606949652598285e+00 9.397233635490818138e-01
2.352500000000000147e-01 1.072841185675617925e+00 9.397548811844730343e-01 1.072854561060584855e+00 9.397233635490818138e-01
2.357500000000000151e-01 1.073086721580696512e+00 9.397548440347431864e-01 1.073100079786535987e+00 9.397233635490818138e-01
2.362500000000000155e-01 1.073330149625826735e+00 9.397548068213884553e-01 1.073343490651360366e+00 9.397233635490818138e-01
2.367500000000000160e-01 1.073571454487118215e+00 9.397547695383585697e-01 1.073584778328624090e+00 9.397233635490818138e-01
2.372500000000000164e-01 1.073810620686999284e+00 9.397547321905870277e-01 1.073823927342850482e+00 9.397233635490818138e-01
2.377500000000000169e-01 1.074047632590350076e+00 9.397546947991365363e-01 1.074060922067810786e+00 9.397233635490818138e-01
2.382500000000000173e-01 1.074282474404689047e+00 9.397546573967437977e-01 1.074295746724834633e+00 9.397233635490818138e-01
2.387500000000000178e-01 1.074515130182825517e+00 9.397546200175832531e-01 1.074528385381136264e+00 9.397233635490818138e-01
2.392500000000000182e-01 1.074745583825231776e+00 9.397545826876604336e-01 1.074758821948139431e+00 9.397233635490818138e-01
2.397500000000000187e-01 1.074973819080586646e+00 9.397545454196076786e-01 1.074987040179834263e+00 9.397233635490818138e-01
2.402499999999999913e-01 1.075199819544394586e+00 9.397545082120446480e-01 1.075213023671127921e+00 9.397233635490818138e-01
2.407499999999999918e-01 1.075423568656273865e+00 9.397544710521441580e-01 1.075436755856220117e+00 9.397233635490818138e-01
2.412499999999999922e-01 1.075645049696306588e+00 9.397544339204146890e-01 1.075658220006980192e+00 9.397233635490818138e-01
2.417499999999999927e-01 1.075864245780776995e+00 9.397543967970629630e-01 1.075877399231352838e+00 9.397233635490818138e-01
2.422499999999999931e-01 1.076081139857767877e+00 9.397543596685881129e-01 1.076094276471748046e+00 9.397233635490818138e-01
2.427499999999999936e-01 1.076295714703736639e+00 9.397543225322995131e-01 1.076308834503490575e+00 9.397233635490818138e-01
2.432499999999999940e-01 1.076507952921766487e+00 9.397542853967056908e-01 1.076521055933250093e+00 9.397233635490818138e-01
2.437499999999999944e-01 1.076717836941724737e+00 9.397542482774928763e-01 1.076730923197498635e+00 9.397233635490818138e-01
2.442499999999999949e-01 1.076925349021497613e+00 9.397542111909039653e-01 1.076938418560957844e+00 9.397233635490818138e-01
2.447499999999999953e-01 1.077130471248205268e+00 9.397541741473429688e-01 1.077143524115123929e+00 9.397233635490818138e-01
2.452499999999999958e-01 1.077333185538283500e+00 9.397541371474985583e-01 1.077346221776720903e+00 9.397233635490818138e-01
2.457499999999999962e-01 1.077533473636234751e+00 9.397541001818499051e-01 1.077546493286251961e+00 9.397233635490818138e-01
2.462499999999999967e-01 1.077731317112093246e+00 9.397540632332119781e-01 1.077744320206534434e+00 9.397233635490818138e-01
2.467499999999999971e-01 1.077926697357980412e+00 9.397540262814050305e-01 1.077939683921219416e+00 9.397233635490818138e-01
2.472499999999999976e-01 1.078119595584324575e+00 9.397539893089121854e-01 1.078132565633392437e+00 9.397233635490818138e-01
2.477499999999999980e-01 1.078309992816197660e+00 9.397539523062053979e-01 1.078322946364141721e+00 9.397233635490818138e-01
2.482499999999999984e-01 1.078497869890498340e+00 9.397539152751810398e-01 1.078510806951185064e+00 9.397233635490818138e-01
2.487499999999999989e-01 1.078683207454462778e+00 9.397538782293893833e-01 1.078696128047466063e+00 9.397233635490818138e-01
2.492499999999999993e-01 1.078865985965784979e+00 9.397538411905643763e-01 1.078878890119819633e+00 9.397233635490818138e-01
2.497499999999999998e-01 1.079046185693908422e+00 9.397538041823483290e-01 1.079059073447629080e+00 9.397233635490818138e-01
2.502499999999999725e-01 1.079223786721659195e+00 9.397537672233201578e-01 1.079236658121529802e+00 9.397233635490818138e-01
2.507500000000000284e-01 1.079398768946091103e+00 9.397537303218088667e-01 1.079411624042082796e+00 9.397233635490818138e-01
2.512499999999999734e-01 1.079571112077881256e+00 9.397536934743663251e-01 1.079583950918527213e+00 9.397233635490818138e-01
2.517500000000000293e-01 1.079740795638996165e+00 9.397536566683604153e-01 1.079753618267548232e+00 9.397233635490818138e-01
2.522499999999999742e-01 1.079907798959067522e+00 9.397536198875944269e-01 1.079920605412002965e+00 9.397233635490818138e-01
2.527500000000000302e-01 1.080072101171509091e+00 9.397535831188180699e-01 1.080084891479770937e+00 9.397233635490818138e-01
2.532499999999999751e-01 1.080233681210173158e+00 9.397535463568431613e-01 1.080246455402553485e+00 9.397233635490818138e-01
2.537500000000000311e-01 1.080392517807324815e+00 9.397535096066169658e-01 1.080405275914714469e+00 9.397233635490818138e-01
2.542499999999999760e-01 1.080548589493145473e+00 9.397534728818013328e-01 1.080561331552184257e+00 9.397233635490818138e-01
2.547500000000000320e-01 1.080701874596350365e+00 9.397534362005911523e-01 1.080714600651329516e+00 9.397233635490818138e-01
2.552499999999999769e-01 1.080852351245404686e+00 9.397533995803077911e-01 1.080865061347894507e+00 9.397233635490818138e-01
2.557500000000000329e-01 1.080999997369496812e+00 9.397533630325678455e-01 1.081012691575959916e+00 9.397233635490818138e-01
2.562499999999999778e-01 1.081144790698707059e+00 9.397533265604766095e-01 1.081157469066925003e+00 9.397233635490818138e-01
2.567500000000000338e-01 1.081286708763021354e+00 9.397532901585752274e-01 1.081299371348515281e+00 9.397233635490818138e-01
2.572499999999999787e-01 1.081425728890318849e+00 9.397532538154127479e-01 1.081438375743843272e+00 9.397233635490818138e-01
2.577500000000000346e-01 1.081561828203634334e+00 9.397532175178293645e-01 1.081574459370463037e+00 9.397233635490818138e-01
2.582499999999999796e-01 1.081694983618349815e+00 9.397531812555541819e-01 1.081707599139488440e+00 9.397233635490818138e-01
2.587500000000000355e-01 1.081825171839878141e+00 9.397531450246947582e-01 1.081837771754739608e+00 9.397233635490818138e-01
2.592499999999999805e-01 1.081952369362238819e+00 9.397531088291110057e-01 1.081964953711886945e+00 9.397233635490818138e-01
2.597500000000000364e-01 1.082076552467757580e+00 9.397530726793237310e-01 1.082089121297696410e+00 9.397233635490818138e-01
2.602499999999999813e-01 1.082197697227588851e+00 9.397530365894011251e-01 1.082210250589245693e+00 9.397233635490818138e-01
2.607500000000000373e-01 1.082315779502710296e+00 9.397530005728583768e-01 1.082328317453204125e+00 9.397233635490818138e-01
2.612499999999999822e-01 1.082430774944822094e+00 9.397529646388859126e-01 1.082443297545155891e+00 9.397233635490818138e-01
2.617500000000000382e-01 1.082542658996663132e+00 9.397529287900773243e-01 1.082555166308961203e+00 9.397233635490818138e-01
2.622499999999999831e-01 1.082651406891405488e+00 9.397528930223043586e-01 1.082663898976106154e+00 9.397233635490818138e-01
2.627500000000000391e-01 1.082756993651295963e+00 9.397528573267290852e-01 1.082769470565188907e+00 9.397233635490818138e-01
2.632499999999999840e-01 1.082859394085672555e+00 9.397528216932317102e-01 1.082871855881355261e+00 9.397233635490818138e-01
2.637500000000000400e-01 1.082958582788924096e+00 9.397527861140984040e-01 1.082971029515817474e+00 9.397233635490818138e-01
2.642499999999999849e-01 1.083054534138898628e+00 9.397527505868010778e-01 1.083066965845418173e+00 9.397233635490818138e-01
2.647500000000000409e-01 1.083147222296076517e+00 9.397527151150115721e-01 1.083159639032222454e+00 9.397233635490818138e-01
2.652499999999999858e-01 1.083236621203636396e+00 9.397526797076054539e-01 1.083249023023169499e+00 9.397233635490818138e-01
2.657500000000000417e-01 1.083322704588220109e+00 9.397526443760619852e-01 1.083335091549753049e+00 9.397233635490818138e-01
2.662499999999999867e-01 1.083405445961057811e+00 9.397526091311454444e-01 1.083417818127758281e+00 9.397233635490818138e-01
2.667500000000000426e-01 1.083484818619007140e+00 9.397525739799454936e-01 1.083497176057061750e+00 9.397233635490818138e-01
2.672499999999999876e-01 1.083560795645072350e+00 9.397525389242002980e-01 1.083573138421447091e+00 9.397233635490818138e-01
2.677500000000000435e-01 1.083633349908251553e+00 9.397525039603633612e-01 1.083645678088490216e+00 9.397233635490818138e-01
2.682499999999999885e-01 1.083702454062752896e+00 9.397524690813595649e-01 1.083714767709505811e+00 9.397233635490818138e-01
2.687500000000000444e-01 1.083768080546802182e+00 9.397524342793995844e-01 1.083780379719528897e+00 9.397233635490818138e-01
2.692499999999999893e-01 1.083830201581456487e+00 9.397523995489109883e-01 1.083842486337353250e+00 9.397233635490818138e-01
2.697500000000000453e-01 1.083888789169814570e+00 9.397523648886423331e-01 1.083901059565621994e+00 9.397233635490818138e-01
2.702499999999999902e-01 1.083943815096927166e+00 9.397523303022887742e-01 1.083956071191000348e+00 9.397233635490818138e-01
2.707500000000000462e-01 1.083995250930396725e+00 9.397522957974884239e-01 1.084007492784350601e+00 9.397233635490818138e-01
2.712499999999999911e-01 1.084043068021621092e+00 9.397522613835833649e-01 1.084055295701044530e+00 9.397233635490818138e-01
2.717500000000000471e-01 1.084087237507207480e+00 9.397522270689286916e-01 1.084099451081252941e+00 9.397233635490818138e-01
2.722499999999999920e-01 1.084127730310304294e+00 9.397521928586389794e-01 1.084139929850335582e+00 9.397233635490818138e-01
2.727500000000000480e-01 1.084164517141547268e+00 9.397521587534748422e-01 1.084176702719325647e+00 9.397233635490818138e-01
2.732499999999999929e-01 1.084197568499397857e+00 9.397521247501894326e-01 1.084209740185408277e+00 9.397233635490818138e-01
2.737500000000000488e-01 1.084226854670065521e+00 9.397520908431420406e-01 1.084239012532519641e+00 9.397233635490818138e-01
2.742499999999999938e-01 1.084252345727179101e+00 9.397520570265858186e-01 1.084264489831974654e+00 9.397233635490818138e-01
2.747500000000000497e-01 1.084274011531598303e+00 9.397520232968821219e-01 1.084286141943200166e+00 9.397233635490818138e-01
2.752499999999999947e-01 1.084291821731599104e+00 9.397519896539180406e-01 1.084303938514511678e+00 9.397233635490818138e-01
2.757500000000000506e-01 1.084305745763617823e+00 9.397519561013332190e-01 1.084317848983958443e+00 9.397233635490818138e-01
2.762499999999999956e-01 1.084315752853596271e+00 9.397519226455396391e-01 1.084327842580251833e+00 9.397233635490818138e-01
2.767500000000000515e-01 1.084321812018731679e+00 9.397518892939007440e-01 1.084333888323757877e+00 9.397233635490818138e-01
2.772499999999999964e-01 1.084323892069412487e+00 9.397518560526930687e-01 1.084335955027582177e+00 9.397233635490818138e-01
2.777500000000000524e-01 1.084321961611022012e+00 9.397518229254974154e-01 1.084334011298706546e+00 9.397233635490818138e-01
2.782499999999999973e-01 1.084315989045459450e+00 9.397517899125140683e-01 1.084328025539213147e+00 9.397233635490818138e-01
2.787500000000000533e-01 1.084305942572268755e+00 9.397517570109898966e-01 1.084317965947602547e+00 9.397233635490818138e-01
2.792499999999999982e-01 1.084291790189444438e+00 9.397517242165627227e-01 1.084303800520154404e+00 9.397233635490818138e-01
2.797500000000000542e-01 1.084273499694174747e+00 9.397516915250625491e-01 1.084285497052427827e+00 9.397233635490818138e-01
2.802499999999999991e-01 1.084251038683675450e+00 9.397516589341666782e-01 1.084263023140777493e+00 9.397233635490818138e-01
2.807500000000000551e-01 1.084224374556420845e+00 9.397516264443879219e-01 1.084236346184007438e+00 9.397233635490818138e-01
2.812500000000000000e-01 1.084193474513854394e+00 9.397515940591122385e-01 1.084205433385089012e+00 9.397233635490818138e-01
2.817500000000000560e-01 1.084158305562549218e+00 9.397515617837145507e-01 1.084170251752960334e+00 9.397233635490818138e-01
2.822500000000000009e-01 1.084118834516745178e+00 9.397515296240701588e-01 1.084130768104435205e+00 9.397233635490818138e-01
2.827500000000000568e-01 1.084075028000997643e+00 9.397514975849745600e-01 1.084086949066196404e+00 9.397233635490818138e-01
2.832500000000000018e-01 1.084026852452727674e+00 9.397514656689610613e-01 1.084038761076848933e+00 9.397233635490818138e-01
2.837500000000000577e-01 1.083974274124607451e+00 9.397514338758834462e-01 1.083986170389134029e+00 9.397233635490818138e-01
2.842500000000000027e-01 1.083917259086613072e+00 9.397514022033679471e-01 1.083929143072169365e+00 9.397233635490818138e-01
2.847500000000000586e-01 1.083855773227923924e+00 9.397513706479586615e-01 1.083867645013829595e+00 9.397233635490818138e-01
2.852500000000000036e-01 1.083789782258783641e+00 9.397513392065730553e-01 1.083801641923204828e+00 9.397233635490818138e-01
2.857500000000000595e-01 1.083719251712526477e+00 9.397513078777828266e-01 1.083731099333174352e+00 9.397233635490818138e-01
2.862500000000000044e-01 1.083644146947954079e+00 9.397512766625100156e-01 1.083655982603065837e+00 9.397233635490818138e-01
2.867500000000000604e-01 1.083564433152155226e+00 9.397512455639315254e-01 1.083576256921440661e+00 9.397233635490818138e-01
2.872500000000000053e-01 1.083480075343695059e+00 9.397512145866477873e-01 1.083491887308934976e+00 9.397233635490818138e-01
2.877500000000000613e-01 1.083391038376163573e+00 9.397511837354213249e-01 1.083402838621282838e+00 9.397233635490818138e-01
2.882500000000000062e-01 1.083297286941766302e+00 9.397511530139162073e-01 1.083309075552372658e+00 9.397233635490818138e-01
2.887499999999999512e-01 1.083198785574903233e+00 9.397511224238312977e-01 1.083210562637473728e+00 9.397233635490818138e-01
2.892500000000000071e-01 1.083095498655513467e+00 9.397510919647136252e-01 1.083107264256498281e+00 9.397233635490818138e-01
2.897499999999999520e-01 1.082987390412340822e+00 9.397510616344759704e-01 1.082999144637481148e+00 9.397233635490818138e-01
2.902500000000000080e-01 1.082874424925995838e+00 9.397510314304058365e-01 1.082886167860068749e+00 9.397233635490818138e-01
2.907499999999999529e-01 1.082756566132141884e+00 9.397510013503146409e-01 1.082768297859175721e+00 9.397233635490818138e-01
2.912500000000000089e-01 1.082633777824883792e+00 9.397509713934706355e-01 1.082645498428774555e+00 9.397233635490818138e-01
2.917499999999999538e-01 1.082506023660460448e+00 9.397509415610161287e-01 1.082517733225755840e+00 9.397233635490818138e-01
2.922500000000000098e-01 1.082373267161314656e+00 9.397509118557862973e-01 1.082384965773927066e+00 9.397233635490818138e-01
2.927499999999999547e-01 1.082235471720551345e+00 9.397508822815960894e-01 1.082247159468171960e+00 9.397233635490818138e-01
2.932500000000000107e-01 1.082092600606554988e+00 9.397508528422502394e-01 1.082104277578652907e+00 9.397233635490818138e-01
2.937499999999999556e-01 1.081944616967782435e+00 9.397508235405919175e-01 1.081956283255206763e+00 9.397233635490818138e-01
2.942500000000000115e-01 1.081791483837529988e+00 9.397507943778774520e-01 1.081803139531847480e+00 9.397233635490818138e-01
2.947499999999999565e-01 1.081633164138562586e+00 9.397507653536680827e-01 1.081644809331353096e+00 9.397233635490818138e-01
2.952500000000000124e-01 1.081469620687731226e+00 9.397507364662492924e-01 1.081481255470058578e+00 9.397233635490818138e-01
2.957499999999999574e-01 1.081300816200478243e+00 9.397507077134463760e-01 1.081312440662697272e+00 9.397233635490818138e-01
2.962500000000000133e-01 1.081126713295478936e+00 9.397506790935633569e-01 1.081138327527442877e+00 9.397233635490818138e-01
2.967499999999999583e-01 1.080947274499449495e+00 9.397506506061447107e-01 1.080958878591026684e+00 9.397233635490818138e-01
2.972500000000000142e-01 1.080762462252271572e+00 9.397506222523064334e-01 1.080774056294009799e+00 9.397233635490818138e-01
2.977499999999999591e-01 1.080572238912499206e+00 9.397505940345562969e-01 1.080583822996212584e+00 9.397233635490818138e-01
2.982500000000000151e-01 1.080376566763141089e+00 9.397505659561733449e-01 1.080388140982240897e+00 9.397233635490818138e-01
2.987499999999999600e-01 1.080175408017695293e+00 9.397505380203587944e-01 1.080186972467158224e+00 9.397233635490818138e-01
2.992500000000000160e-01 1.079968724826323445e+00 9.397505102294351209e-01 1.079980279602327675e+00 9.397233635490818138e-01
2.997499999999999609e-01 1.079756479281981374e+00 9.397504825843550069e-01 1.079768024481336353e+00 9.397233635490818138e-01
3.002500000000000169e-01 1.079538633426552430e+00 9.397504550846693672e-01 1.079550169146116234e+00 9.397233635490818138e-01
3.007499999999999618e-01 1.079315149256896866e+00 9.397504277289303598e-01 1.079326675593160312e+00 9.397233635490818138e-01
3.012500000000000178e-01 1.079085988730943857e+00 9.397504005153861639e-01 1.079097505779906818e+00 9.397233635490818138e-01
3.017499999999999627e-01 1.078851113773894088e+00 9.397503734427457012e-01 1.078862621631261343e+00 9.397233635490818138e-01
3.022500000000000187e-01 1.078610486284626191e+00 9.397503465107518439e-01 1.078621985046244180e+00 9.397233635490818138e-01
3.027499999999999636e-01 1.078364068142415588e+00 9.397503197204135628e-01 1.078375557904807547e+00 9.397233635490818138e-01
3.032500000000000195e-01 1.078111821213937116e+00 9.397502930738399485e-01 1.078123302074771139e+00 9.397233635490818138e-01
3.037499999999999645e-01 1.077853707360603375e+00 9.397502665737431649e-01 1.077865179418947994e+00 9.397233635490818138e-01
3.042500000000000204e-01 1.077589688446031868e+00 9.397502402227730922e-01 1.077601151802338730e+00 9.397233635490818138e-01
3.047499999999999654e-01 1.077319726343742623e+00 9.397502140228904954e-01 1.077331181099556723e+00 9.397233635490818138e-01
3.052500000000000213e-01 1.077043782944822947e+00 9.397501879749732279e-01 1.077055229202335873e+00 9.397233635490818138e-01
3.057499999999999662e-01 1.076761820165655248e+00 9.397501620787632737e-01 1.076773258027232671e+00 9.397233635490818138e-01
3.062500000000000222e-01 1.076473799955592670e+00 9.397501363331679514e-01 1.076485229523424847e+00 9.397233635490818138e-01
3.067499999999999671e-01 1.076179684304747752e+00 9.397501107368025908e-01 1.076191105680731841e+00 9.397233635490818138e-01
3.072500000000000231e-01 1.075879435251801741e+00 9.397500852886107037e-01 1.075890848537680133e+00 9.397233635490818138e-01
3.077499999999999680e-01 1.075573014892119872e+00 9.397500599883543693e-01 1.075584420189830137e+00 9.397233635490818138e-01
3.082500000000000240e-01 1.075260385386039630e+00 9.397500348368295064e-01 1.075271782798156384e+00 9.397233635490818138e-01
3.087499999999999689e-01 1.074941508967514281e+00 9.397500098357449705e-01 1.074952898597635764e+00 9.397233635490818138e-01
3.092500000000000249e-01 1.074616347952999096e+00 9.397499849873209854e-01 1.074627729905971663e+00 9.397233635490818138e-01
3.097499999999999698e-01 1.074284864750524537e+00 9.397499602937474661e-01 1.074296239132430220e+00 9.397233635490818138e-01
3.102500000000000258e-01 1.073947021868933538e+00 9.397499357566740930e-01 1.073958388786869111e+00 9.397233635490818138e-01
3.107499999999999707e-01 1.073602781927173400e+00 9.397499113769098855e-01 1.073614141488904439e+00 9.397233635490818138e-01
3.112500000000000266e-01 1.073252107663621224e+00 9.397498871543907839e-01 1.073263459977215062e+00 9.397233635490818138e-01
3.117499999999999716e-01 1.072894961945400460e+00 9.397498630884114634e-01 1.072906307118963065e+00 9.397233635490818138e-01
3.122500000000000275e-01 1.072531307777870424e+00 9.397498391780415572e-01 1.072542645919451587e+00 9.397233635490818138e-01
3.127499999999999725e-01 1.072161108314113376e+00 9.397498154225646383e-01 1.072172439531804189e+00 9.397233635490818138e-01
3.132500000000000284e-01 1.071784326864734460e+00 9.397497918218287172e-01 1.071795651266908678e+00 9.397233635490818138e-01
3.137499999999999734e-01 1.071400926907794648e+00 9.397497683764060028e-01 1.071412244603419328e+00 9.397233635490818138e-01
3.142500000000000293e-01 1.071010872098999922e+00 9.397497450875214042e-01 1.071022183197917865e+00 9.397233635490818138e-01
3.147499999999999742e-01 1.070614126282172229e+00 9.397497219567972904e-01 1.070625430895274510e+00 9.397233635490818138e-01
3.152500000000000302e-01 1.070210653499802378e+00 9.397496989859028815e-01 1.070221951739056765e+00 9.397233635490818138e-01
3.157499999999999751e-01 1.069800418003828746e+00 9.397496761761983119e-01 1.069811709982149139e+00 9.397233635490818138e-01
3.162500000000000311e-01 1.069383384266457293e+00 9.397496535284899366e-01 1.069394670097480127e+00 9.397233635490818138e-01
3.167499999999999760e-01 1.068959516991053960e+00 9.397496310429738209e-01 1.068970796788881072e+00 9.397233635490818138e-01
3.172500000000000320e-01 1.068528781123109450e+00 9.397496087193558667e-01 1.068540055002109135e+00 9.397233635490818138e-01
3.177499999999999769e-01 1.068091141861239102e+00 9.397495865571175999e-01 1.068102409935952180e+00 9.397233635490818138e-01
3.182500000000000329e-01 1.067646564668328635e+00 9.397495645558311406e-01 1.067657827053515751e+00 9.397233635490818138e-01
3.187499999999999778e-01 1.067195015282823123e+00 9.397495427154354264e-01 1.067206272093622399e+00 9.397233635490818138e-01
3.192500000000000338e-01 1.066736459730149189e+00 9.397495210363719931e-01 1.066747711082295602e+00 9.397233635490818138e-01
3.197499999999999787e-01 1.066270864334430524e+00 9.397494995195450063e-01 1.066282110344454859e+00 9.397233635490818138e-01
3.202500000000000346e-01 1.065798195730264908e+00 9.397494781661434038e-01 1.065809436515625874e+00 9.397233635490818138e-01
3.207499999999999796e-01 1.065318420874780569e+00 9.397494569773867656e-01 1.065329656553882565e+00 9.397233635490818138e-01
3.212500000000000355e-01 1.064831507059699423e+00 9.397494359542906128e-01 1.064842737751810375e+00 9.397233635490818138e-01
3.217499999999999805e-01 1.064337421923531535e+00 9.397494150975145288e-01 1.064348647748639243e+00 9.397233635490818138e-01
3.222500000000000364e-01 1.063836133463802014e+00 9.397493944073396221e-01 1.063847354542458268e+00 9.397233635490818138e-01
3.227499999999999813e-01 1.063327610049376482e+00 9.397493738837575661e-01 1.063338826502577383e+00 9.397233635490818138e-01
3.232500000000000373e-01 1.062811820432796317e+00 9.397493535266425724e-01 1.062823032381940758e+00 9.397233635490818138e-01
3.237499999999999822e-01 1.062288733762764892e+00 9.397493333359330236e-01 1.062299941329688080e+00 9.397233635490818138e-01
3.242500000000000382e-01 1.061758319596732836e+00 9.397493133117693631e-01 1.061769522903792895e+00 9.397233635490818138e-01
3.247499999999999831e-01 1.061220547913582113e+00 9.397492934545665921e-01 1.061231747083787758e+00 9.397233635490818138e-01
3.252500000000000391e-01 1.060675389126488177e+00 9.397492737649862926e-01 1.060686584283607514e+00 9.397233635490818138e-01
3.257499999999999840e-01 1.060122814095862509e+00 9.397492542438476981e-01 1.060134005364500531e+00 9.397233635490818138e-01
3.262500000000000400e-01 1.059562794142415054e+00 9.397492348919957994e-01 1.059573981648029406e+00 9.397233635490818138e-01
3.267499999999999849e-01 1.058995301060276395e+00 9.397492157101812182e-01 1.059006484929142511e+00 9.397233635490818138e-01
3.272500000000000409e-01 1.058420307130205185e+00 9.397491966989698353e-01 1.058431487489343459e+00 9.397233635490818138e-01
3.277499999999999858e-01 1.057837785132796249e+00 9.397491778587157008e-01 1.057848962109886992e+00 9.397233635490818138e-01
3.282500000000000417e-01 1.057247708361804150e+00 9.397491591896032226e-01 1.057258882085125418e+00 9.397233635490818138e-01
3.287499999999999867e-01 1.056650050637404803e+00 9.397491406917303225e-01 1.056661221235796422e+00 9.397233635490818138e-01
3.292500000000000426e-01 1.056044786319599194e+00 9.397491223652290060e-01 1.056055953922485857e+00 9.397233635490818138e-01
3.297499999999999876e-01 1.055431890321623989e+00 9.397491042103471859e-01 1.055443055059070989e+00 9.397233635490818138e-01
3.302500000000000435e-01 1.054811338123447184e+00 9.397490862275030832e-01 1.054822500126244345e+00 9.397233635490818138e-01
3.307499999999999885e-01 1.054183105785315044e+00 9.397490684172731257e-01 1.054194265185044221e+00 9.397233635490818138e-01
3.312500000000000444e-01 1.053547169961390750e+00 9.397490507803248905e-01 1.053558326890475794e+00 9.397233635490818138e-01
3.317499999999999893e-01 1.052903507913401482e+00 9.397490333173240673e-01 1.052914662505114896e+00 9.397233635490818138e-01
3.322500000000000453e-01 1.052252097524337238e+00 9.397490160288587413e-01 1.052263249912772203e+00 9.397233635490818138e-01
3.327499999999999902e-01 1.051592917312121678e+00 9.397489989153993140e-01 1.051604067632148309e+00 9.397233635490818138e-01
3.332500000000000462e-01 1.050925946443301395e+00 9.397489819772919528e-01 1.050937094830520779e+00 9.397233635490818138e-01
3.337499999999999911e-01 1.050251164746743626e+00 9.397489652148057759e-01 1.050262311337461396e+00 9.397233635490818138e-01
3.342500000000000471e-01 1.049568552727280446e+00 9.397489486281920268e-01 1.049579697658506561e+00 9.397233635490818138e-01
3.347499999999999920e-01 1.048878091579395377e+00 9.397489322177350335e-01 1.048889234988862329e+00 9.397233635490818138e-01
3.352500000000000480e-01 1.048179763200880243e+00 9.397489159837951744e-01 1.048190905227086578e+00 9.397233635490818138e-01
3.357499999999999929e-01 1.047473550206524662e+00 9.397488999268091003e-01 1.047484690988774947e+00 9.397233635490818138e-01
3.362500000000000488e-01 1.046759435941746474e+00 9.397488840472771887e-01 1.046770575620183497e+00 9.397233635490818138e-01
3.367499999999999938e-01 1.046037404496226175e+00 9.397488683457361214e-01 1.046048543211855586e+00 9.397233635490818138e-01
3.372500000000000497e-01 1.045307440717518466e+00 9.397488528227183613e-01 1.045318578612215665e+00 9.397233635490818138e-01
3.377499999999999947e-01 1.044569530224602971e+00 9.397488374787267285e-01 1.044580667441104893e+00 9.397233635490818138e-01
3.382500000000000506e-01 1.043823659421372341e+00 9.397488223142154151e-01 1.043834796103265017e+00 9.397233635490818138e-01
3.387499999999999956e-01 1.043069815510083043e+00 9.397488073295944266e-01 1.043080951801789169e+00 9.397233635490818138e-01
3.392500000000000515e-01 1.042307986504703132e+00 9.397487925252362428e-01 1.042319122551476074e+00 9.397233635490818138e-01
3.397499999999999964e-01 1.041538161244228933e+00 9.397487779014945808e-01 1.041549297192151613e+00 9.397233635490818138e-01
3.402500000000000524e-01 1.040760329405893803e+00 9.397487634587334826e-01 1.040771465401887363e+00 9.397233635490818138e-01
3.407499999999999973e-01 1.039974481518288973e+00 9.397487491973421925e-01 1.039985617710134314e+00 9.397233635490818138e-01
3.412500000000000533e-01 1.039180608974418663e+00 9.397487351177505888e-01 1.039191745510781084e+00 9.397233635490818138e-01
3.417499999999999982e-01 1.038378704044650158e+00 9.397487212204230778e-01 1.038389841075100017e+00 9.397233635490818138e-01
3.422500000000000542e-01 1.037568759889546222e+00 9.397487075058477135e-01 1.037579897564580467e+00 9.397233635490818138e-01
3.427499999999999991e-01 1.036750770572624436e+00 9.397486939745149925e-01 1.036761909043673713e+00 9.397233635490818138e-01
3.432500000000000551e-01 1.035924731072936256e+00 9.397486806269034210e-01 1.035935870492372679e+00 9.397233635490818138e-01
3.437500000000000000e-01 1.035090637297586325e+00 9.397486674634704107e-01 1.035101777818715041e+00 9.397233635490818138e-01
3.442500000000000560e-01 1.034248486094038189e+00 9.397486544846470613e-01 1.034259627871094045e+00 9.397233635490818138e-01
3.447500000000000009e-01 1.033398275262296995e+00 9.397486416908508167e-01 1.033409418450453199e+00 9.397233635490818138e-01
3.452500000000000568e-01 1.032540003566975173e+00 9.397486290824977884e-01 1.032551148322345513e+00 9.397233635490818138e-01
3.457500000000000018e-01 1.031673670749132077e+00 9.397486166600197421e-01 1.031684817228787132e+00 9.397233635490818138e-01
3.462500000000000577e-01 1.030799277537968850e+00 9.397486044238662073e-01 1.030810425899955529e+00 9.397233635490818138e-01
3.467500000000000027e-01 1.029916825662403390e+00 9.397485923745003689e-01 1.029927976065753592e+00 9.397233635490818138e-01
3.472500000000000586e-01 1.029026317862379303e+00 9.397485805123937386e-01 1.029037470467124793e+00 9.397233635490818138e-01
3.477500000000000036e-01 1.028127757900037187e+00 9.397485688380172730e-01 1.028138912867217147e+00 9.397233635490818138e-01
3.482500000000000595e-01 1.027221150570650998e+00 9.397485573518324919e-01 1.027232308062318689e+00 9.397233635490818138e-01
3.487500000000000044e-01 1.026306501713408981e+00 9.397485460542849278e-01 1.026317661892629296e+00 9.397233635490818138e-01
3.492500000000000604e-01 1.025383818221905496e+00 9.397485349458001291e-01 1.025394981252757853e+00 9.397233635490818138e-01
3.497500000000000053e-01 1.024453108054458772e+00 9.397485240267945406e-01 1.024464274102037775e+00 9.397233635490818138e-01
3.502500000000000613e-01 1.023514380244147315e+00 9.397485132977052569e-01 1.023525549474586738e+00 9.397233635490818138e-01
3.507500000000000062e-01 1.022567644908656481e+00 9.397485027590322115e-01 1.022578817489157688e+00 9.397233635490818138e-01
3.512500000000000622e-01 1.021612913259795974e+00 9.397484924113810312e-01 1.021624089358690535e+00 9.397233635490818138e-01
3.517500000000000071e-01 1.020650197612832377e+00 9.397484822554922346e-01 1.020661377399648240e+00 9.397233635490818138e-01
3.522499999999999520e-01 1.019679511395591653e+00 9.397484722922023748e-01 1.019690695041103767e+00 9.397233635490818138e-01
3.527500000000000080e-01 1.018700869157270761e+00 9.397484625222916055e-01 1.018712056833490420e+00 9.397233635490818138e-01
3.532499999999999529e-01 1.017714286577122262e+00 9.397484529462087899e-01 1.017725478457154775e+00 9.397233635490818138e-01
3.537500000000000089e-01 1.016719780472833179e+00 9.397484435637055711e-01 1.016730976730572777e+00 9.397233635490818138e-01
3.542499999999999538e-01 1.015717368808584764e+00 9.397484343735098555e-01 1.015728569618270516e+00 9.397233635490818138e-01
3.547500000000000098e-01 1.014707070702757008e+00 9.397484253732624193e-01 1.014718276238483430e+00 9.397233635490818138e-01
3.552499999999999547e-01 1.013688906435043613e+00 9.397484165599778727e-01 1.013700116870486223e+00 9.397233635490818138e-01
3.557500000000000107e-01 1.012662897452909494e+00 9.397484079312541372e-01 1.012674112961588602e+00 9.397233635490818138e-01
3.562499999999999556e-01 1.011629066377434771e+00 9.397483994872042334e-01 1.011640287133849458e+00 9.397233635490818138e-01
3.567500000000000115e-01 1.010587437008652500e+00 9.397483912327151412e-01 1.010598663190441782e+00 9.397233635490818138e-01
3.572499999999999565e-01 1.009538034330755618e+00 9.397483831792370346e-01 1.009549266121678945e+00 9.397233635490818138e-01
3.577500000000000124e-01 1.008480884517725329e+00 9.397483753449428212e-01 1.008492122110724587e+00 9.397233635490818138e-01
3.582499999999999574e-01 1.007416014939791049e+00 9.397483677521536460e-01 1.007427258538916570e+00 9.397233635490818138e-01
3.587500000000000133e-01 1.006343454171077179e+00 9.397483604215091102e-01 1.006354703990782973e+00 9.397233635490818138e-01
3.592499999999999583e-01 1.005263231998071882e+00 9.397483533635060393e-01 1.005274488258667498e+00 9.397233635490818138e-01
3.597500000000000142e-01 1.004175379427949100e+00 9.397483465695930516e-01 1.004186642346989844e+00 9.397233635490818138e-01
3.602499999999999591e-01 1.003079928695146839e+00 9.397483400064647885e-01 1.003091198476175894e+00 9.397233635490818138e-01
3.607500000000000151e-01 1.001976913264148727e+00 9.397483336177727686e-01 1.001988190086150032e+00 9.397233635490818138e-01
3.612499999999999600e-01 1.000866367827132120e+00 9.397483273363710365e-01 1.000877651839497728e+00 9.397233635490818138e-01
3.617500000000000160e-01 9.997483282963385287e-01 9.397483211071676612e-01 9.997596196242215516e-01 9.397233635490818138e-01
3.622499999999999609e-01 9.986228317931598042e-01 9.397483149161196536e-01 9.986341305561059478e-01 9.397233635490818138e-01
3.627500000000000169e-01 9.974899166380678528e-01 9.397483088163085529e-01 9.975012229806823338e-01 9.397233635490818138e-01
3.632499999999999618e-01 9.963496223468637503e-01 9.397483029391826559e-01 9.963609364748284847e-01 9.397233635490818138e-01
3.637500000000000178e-01 9.952019896385333464e-01 9.397482974793742727e-01 9.952133118478979634e-01 9.397233635490818138e-01
3.642499999999999627e-01 9.940470604586386649e-01 9.397482926451090623e-01 9.940583911425155961e-01 9.397233635490818138e-01
3.647500000000000187e-01 9.928848780189440948e-01 9.397482885726478052e-01 9.928962176349079849e-01 9.397233635490818138e-01
3.652499999999999636e-01 9.917154868501063536e-01 9.397482852121578079e-01 9.917268358348447777e-01 9.397233635490818138e-01
3.657500000000000195e-01 9.905389328596354570e-01 9.397482822020563065e-01 9.905502914851570528e-01 9.397233635490818138e-01
3.662499999999999645e-01 9.893552633866866675e-01 9.397482787504640722e-01 9.893666315608309336e-01 9.397233635490818138e-01
3.667500000000000204e-01 9.881645272543666536e-01 9.397482735224023109e-01 9.881759042676808713e-01 9.397233635490818138e-01
3.672499999999999654e-01 9.869667748391318662e-01 9.397482644902188653e-01 9.869781590405982685e-01 9.397233635490818138e-01
3.677500000000000213e-01 9.857620581943280502e-01 9.397482486664161527e-01 9.857734465413705571e-01 9.397233635490818138e-01
3.682499999999999662e-01 9.845504312692819893e-01 9.397482216307300185e-01 9.845618186560622931e-01 9.397233635490818138e-01
3.687500000000000222e-01 9.833319502531180367e-01 9.397481767972344358e-01 9.833433284919821382e-01 9.397233635490818138e-01
3.692499999999999671e-01 9.821066740648756177e-01 9.397481043741142681e-01 9.821180303742159667e-01 9.397233635490818138e-01
3.697500000000000231e-01 9.808746652001397726e-01 9.397479895600933109e-01 9.808859798416863507e-01 9.397233635490818138e-01
3.702499999999999680e-01 9.796359917634864800e-01 9.397478082174373082e-01 9.796472336428442285e-01 9.397233635490818138e-01
3.707500000000000240e-01 9.783907323941665179e-01 9.397475163991377833e-01 9.784018497308744067e-01 9.397233635490818138e-01
3.712499999999999689e-01 9.771389868202913220e-01 9.397470279467163845e-01 9.771498872584769568e-01 9.397233635490818138e-01
3.717500000000000249e-01 9.758808914425505243e-01 9.397461815974335053e-01 9.758914065722341658e-01 9.397233635490818138e-01
3.722499999999999698e-01 9.746166018527846475e-01 9.397447787513990569e-01 9.746264692065210733e-01 9.397233635490818138e-01
3.727500000000000258e-01 9.733462182054559708e-01 9.397427422677659958e-01 9.733551378769864648e-01 9.397233635490818138e-01
3.732499999999999707e-01 9.720697626785756995e-01 9.397401634767935663e-01 9.720774764736170859e-01 9.397233635490818138e-01
3.737500000000000266e-01 9.707872094183932488e-01 9.397372374624279878e-01 9.707935500533391160e-01 9.397233635490818138e-01
3.742499999999999716e-01 9.694985090928993632e-01 9.397342102844022937e-01 9.695034248322317305e-01 9.397233635490818138e-01
3.747500000000000275e-01 9.682036056416103431e-01 9.397313431764017233e-01 9.682071681772748128e-01 9.397233635490818138e-01
3.752499999999999725e-01 9.669024524244513863e-01 9.397288783284115654e-01 9.669048485977006502e-01 9.397233635490818138e-01
3.757500000000000284e-01 9.655950337799823480e-01 9.397269935969466692e-01 9.655965357358976542e-01 9.397233635490818138e-01
3.762499999999999734e-01 9.642813995587858900e-01 9.397257303583591570e-01 9.642823003579223951e-01 9.397233635490818138e-01
3.767500000000000293e-01 9.629616862890464368e-01 9.397249501562869867e-01 9.629622143435671022e-01 9.397233635490818138e-01
3.772499999999999742e-01 9.616360612875926028e-01 9.397244531891892905e-01 9.616363506760429170e-01 9.397233635490818138e-01
3.777500000000000302e-01 9.603046628224343184e-01 9.397241038787995659e-01 9.603047834312253839e-01 9.397233635490818138e-01
3.782499999999999751e-01 9.589675980137630784e-01 9.397238348166870869e-01 9.589675877665087000e-01 9.397233635490818138e-01
3.787500000000000311e-01 9.576249555137581471e-01 9.397236197434174487e-01 9.576248399092722741e-01 9.397233635490818138e-01
3.792499999999999760e-01 9.562768162787671500e-01 9.397234507703599027e-01 9.562766171449293973e-01 9.397233635490818138e-01
3.797500000000000320e-01 9.549232606975458504e-01 9.397233234070404562e-01 9.549229978045857825e-01 9.397233635490818138e-01
3.802499999999999769e-01 9.535643714398345239e-01 9.397232306027599735e-01 9.535640612523471615e-01 9.397233635490818138e-01
3.807500000000000329e-01 9.522002332123113977e-01 9.397231632447687888e-01 9.521998878721816828e-01 9.397233635490818138e-01
3.812499999999999778e-01 9.508309313480904912e-01 9.397231130611363170e-01 9.508305590544902097e-01 9.397233635490818138e-01
3.817500000000000338e-01 9.494565509110586277e-01 9.397230744385658419e-01 9.494561571822195400e-01 9.397233635490818138e-01
3.822499999999999787e-01 9.480771766828508529e-01 9.397230443977953041e-01 9.480767656166942947e-01 9.397233635490818138e-01
3.827500000000000346e-01 9.466928936034662012e-01 9.397230216336964759e-01 9.466924686830410218e-01 9.397233635490818138e-01
3.832499999999999796e-01 9.453037872372153094e-01 9.397230055147698380e-01 9.453033516552888926e-01 9.397233635490818138e-01
3.837500000000000355e-01 9.439099440546805386e-01 9.397229954693110399e-01 9.439095007411001381e-01 9.397233635490818138e-01
3.842499999999999805e-01 9.425114515145236460e-01 9.397229907858950515e-01 9.425110030662194882e-01 9.397233635490818138e-01
3.847500000000000364e-01 9.411083980238887925e-01 9.397229906631103802e-01 9.411079466585317022e-01 9.397233635490818138e-01
3.852499999999999813e-01 9.397008728726186089e-01 9.397229943116001127e-01 9.397004204318648579e-01 9.397233635490818138e-01
3.857500000000000373e-01 9.382889661977877882e-01 9.397230009922500349e-01 9.382885141694147224e-01 9.397233635490818138e-01
3.862499999999999822e-01 9.368727689808085124e-01 9.397230099875331089e-01 9.368723185069419701e-01 9.397233635490818138e-01
3.867500000000000382e-01 9.354523730477222188e-01 9.397230205661426528e-01 9.354519249156026950e-01 9.397233635490818138e-01
3.872499999999999831e-01 9.340278710457015077e-01 9.397230319956074718e-01 9.340274256845518819e-01 9.397233635490818138e-01
3.877500000000000391e-01 9.325993563899224181e-01 9.397230436137449239e-01 9.325989139032313524e-01 9.397233635490818138e-01
3.882499999999999840e-01 9.311669231966935856e-01 9.397230549266516464e-01 9.311664834434150162e-01 9.397233635490818138e-01
3.887500000000000400e-01 9.297306662285508283e-01 9.397230656810183769e-01 9.297302289409788978e-01 9.397233635490818138e-01
3.892499999999999849e-01 9.282906808721186342e-01 9.397230758693198016e-01 9.282902457774321325e-01 9.397233635490818138e-01
3.897500000000000409e-01 9.268470631514639235e-01 9.397230856632488027e-01 9.268466300612075992e-01 9.397233635490818138e-01
3.902499999999999858e-01 9.253999097607461533e-01 9.397230953089437122e-01 9.253994786087200719e-01 9.397233635490818138e-01
3.907500000000000417e-01 9.239493180933173733e-01 9.397231050300451916e-01 9.239488889252043258e-01 9.397233635490818138e-01
3.912499999999999867e-01 9.224953862516649394e-01 9.397231149695284280e-01 9.224949591853466302e-01 9.397233635490818138e-01
3.917500000000000426e-01 9.210382130351191243e-01 9.397231251759706749e-01 9.210377882137150696e-01 9.397233635490818138e-01
3.922499999999999876e-01 9.195778979117732455e-01 9.397231356209556630e-01 9.195774754650032357e-01 9.397233635490818138e-01
3.927500000000000435e-01 9.181145409838562532e-01 9.397231462288901938e-01 9.181141210040897338e-01 9.397233635490818138e-01
3.932499999999999885e-01 9.166482429532734066e-01 9.397231569057808986e-01 9.166478254859219410e-01 9.397233635490818138e-01
3.937500000000000444e-01 9.151791050900143221e-01 9.397231675617934155e-01 9.151786901352793047e-01 9.397233635490818138e-01
3.942499999999999893e-01 9.137072292034277288e-01 9.397231781275043883e-01 9.137068167263194818e-01 9.397233635490818138e-01
3.947500000000000453e-01 9.122327176162312590e-01 9.397231885644447003e-01 9.122323075620647481e-01 9.397233635490818138e-01
3.952499999999999902e-01 9.107556731416188711e-01 9.397231988691083782e-01 9.107552654537106607e-01 9.397233635490818138e-01
3.957500000000000462e-01 9.092761990642961312e-01 9.397232090690121886e-01 9.092757936998309143e-01 9.397233635490818138e-01
3.962499999999999911e-01 9.077943991254585621e-01 9.397232192109742366e-01 9.077939960654892726e-01 9.397233635490818138e-01
3.967500000000000471e-01 9.063103775100829207e-01 9.397232293447665974e-01 9.063099767612436963e-01 9.397233635490818138e-01
3.972499999999999920e-01 9.048242388337841557e-01 9.397232395076979827e-01 9.048238404220788622e-01 9.397233635490818138e-01
3.977500000000000480e-01 9.033360881263281517e-01 9.397232497156876585e-01 9.033356920862486428e-01 9.397233635490818138e-01
3.982499999999999929e-01 9.018460308103941614e-01 9.397232599635965133e-01 9.018456371740936062e-01 9.397233635490818138e-01
3.987500000000000488e-01 9.003541726761302710e-01 9.397232702334300525e-01 9.003537814667469386e-01 9.397233635490818138e-01
3.992499999999999938e-01 8.988606198540699532e-01 9.397232805057119664e-01 8.988602310848740062e-01 9.397233635490818138e-01
3.997500000000000497e-01 8.973654787890370521e-01 9.397232907685819647e-01 8.973650924673222118e-01 9.397233635490818138e-01
4.002499999999999947e-01 8.958688562170218361e-01 9.397233010211593074e-01 8.958684723497750690e-01 9.398233635490818028e-01
4.007500000000000506e-01 8.943708591450970635e-01 9.397233112710302594e-01 8.943704777434255959e-01 9.398233635490818028e-01
4.012499999999999956e-01 8.928715948330064878e-01 9.397233215284903629e-01 8.928712159135951953e-01 9.398233635490818028e-01
4.017500000000000515e-01 8.913711707747264956e-01 9.397233318010439485e-01 8.913707943584177062e-01 9.398233635490818028e-01
4.022499999999999964e-01 8.898696946786111006e-01 9.397233420906584422e-01 8.898693207875204569e-01 9.398233635490818028e-01
4.027500000000000524e-01 8.883672744458358528e-01 9.397233523943405720e-01 8.883669031007511707e-01 9.398233635490818028e-01
4.032499999999999973e-01 8.868640181477360773e-01 9.397233627069100370e-01 8.868636493669430632e-01 9.398233635490818028e-01
4.037500000000000533e-01 8.853600340029708082e-01 9.397233730241284499e-01 8.853596678027360056e-01 9.398233635490818028e-01
4.042499999999999982e-01 8.838554303553891600e-01 9.397233833446451134e-01 8.838550667514691872e-01 9.398233635490818028e-01
4.047500000000000542e-01 8.823503156529100000e-01 9.397233936701084867e-01 8.823499546621479395e-01 9.398233635490818028e-01
4.052499999999999991e-01 8.808447984272835818e-01 9.397234040037792946e-01 8.808444400684751763e-01 9.398233635490818028e-01
4.057500000000000551e-01 8.793389872742762847e-01 9.397234143485944102e-01 8.793386315680133958e-01 9.398233635490818028e-01
4.062500000000000000e-01 8.778329908336830467e-01 9.397234247057263401e-01 8.778326378014232878e-01 9.398233635490818028e-01
4.067500000000000560e-01 8.763269177688626232e-01 9.397234350742722508e-01 8.763265674318246878e-01 9.398233635490818028e-01
4.072500000000000009e-01 8.748208767458156565e-01 9.397234454520528857e-01 8.748205291242800996e-01 9.398233635490818028e-01
4.077500000000000568e-01 8.733149764120744507e-01 9.397234558369558233e-01 8.733146315254181058e-01 9.398233635490818028e-01
4.082500000000000018e-01 8.718093253758587569e-01 9.397234662280664619e-01 8.718089832431888953e-01 9.398233635490818028e-01
4.087500000000000577e-01 8.703040321857518080e-01 9.397234766260441630e-01 8.703036928267623429e-01 9.398233635490818028e-01
4.092500000000000027e-01 8.687992053110338286e-01 9.397234870326600653e-01 8.687988687466063897e-01 9.398233635490818028e-01
4.097500000000000586e-01 8.672949531224010133e-01 9.397234974498637206e-01 8.672946193747177457e-01 9.398233635490818028e-01
4.102500000000000036e-01 8.657913838728470424e-01 9.397235078789331064e-01 8.657910529650313380e-01 9.398233635490818028e-01
4.107500000000000595e-01 8.642886056784522264e-01 9.397235183201122499e-01 8.642882776340063966e-01 9.398233635490818028e-01
4.112500000000000044e-01 8.627867264990503049e-01 9.397235287728262776e-01 8.627864013414204836e-01 9.398233635490818028e-01
4.117500000000000604e-01 8.612858541189185591e-01 9.397235392362617290e-01 8.612855318713423802e-01 9.398233635490818028e-01
4.122500000000000053e-01 8.597860961276292402e-01 9.397235497099418744e-01 8.597857768133314593e-01 9.398233635490818028e-01
4.127500000000000613e-01 8.582875599012975698e-01 9.397235601940037153e-01 8.582872435438282377e-01 9.398233635490818028e-01
4.132500000000000062e-01 8.567903525842786028e-01 9.397235706890919582e-01 8.567900392077896221e-01 9.398233635490818028e-01
4.137500000000000622e-01 8.552945810711964914e-01 9.397235811959933072e-01 8.552942707005302125e-01 9.398233635490818028e-01
4.142500000000000071e-01 8.538003519892627402e-01 9.397235917152364504e-01 8.538000446498110740e-01 9.398233635490818028e-01
4.147500000000000631e-01 8.523077716807301307e-01 9.397236022468729022e-01 8.523074673981708704e-01 9.398233635490818028e-01
4.152500000000000080e-01 8.508169461854278026e-01 9.397236127905280734e-01 8.508166449854850377e-01 9.398233635490818028e-01
4.157500000000000639e-01 8.493279812234419968e-01 9.397236233456703891e-01 8.493276831317969622e-01 9.398233635490818028e-01
4.162500000000000089e-01 8.478409821780019673e-01 9.397236339119575677e-01 8.478406872204007350e-01 9.398233635490818028e-01
4.167499999999999538e-01 8.463560540786920772e-01 9.397236444894889740e-01 8.463557622811855863e-01 9.398233635490818028e-01
4.172500000000000098e-01 8.448733015850232730e-01 9.397236550788479192e-01 8.448730129742488826e-01 9.398233635490818028e-01
4.177499999999999547e-01 8.433928289704213377e-01 9.397236656809260236e-01 8.433925435737875675e-01 9.398233635490818028e-01
4.182500000000000107e-01 8.419147401065885106e-01 9.397236762966074686e-01 8.419144579522608307e-01 9.398233635490818028e-01
4.187499999999999556e-01 8.404391384481035843e-01 9.397236869264566916e-01 8.404388595648362159e-01 9.398233635490818028e-01
4.192500000000000115e-01 8.389661270172772412e-01 9.397236975705471895e-01 8.389658514341392648e-01 9.398233635490818028e-01
4.197499999999999565e-01 8.374958083891571592e-01 9.397237082284948251e-01 8.374955361352616201e-01 9.398233635490818028e-01
4.202500000000000124e-01 8.360282846767410625e-01 9.397237188996716561e-01 8.360280157811034174e-01 9.398233635490818028e-01
4.207499999999999574e-01 8.345636575164154802e-01 9.397237295834919291e-01 8.345633920079813528e-01 9.398233635490818028e-01
4.212500000000000133e-01 8.331020280537579925e-01 9.397237402796392303e-01 8.331017659615501669e-01 9.398233635490818028e-01
4.217499999999999583e-01 8.316434969297280544e-01 9.397237509881295470e-01 8.316432382830424297e-01 9.398233635490818028e-01
4.222500000000000142e-01 8.301881642672669370e-01 9.397237617092002449e-01 8.301879090957897667e-01 9.398233635490818028e-01
4.227499999999999591e-01 8.287361296582451686e-01 9.397237724430982375e-01 8.287358779920738217e-01 9.398233635490818028e-01
4.232500000000000151e-01 8.272874921507629153e-01 9.397237831898843652e-01 8.272872440202867494e-01 9.398233635490818028e-01
4.237499999999999600e-01 8.258423502366498692e-01 9.397237939493544578e-01 8.258421056724033482e-01 9.398233635490818028e-01
4.242500000000000160e-01 8.244008018392194881e-01 9.397238047211164957e-01 8.244005608717647204e-01 9.398233635490818028e-01
4.247499999999999609e-01 8.229629443012698164e-01 9.397238155047689112e-01 8.229627069611871182e-01 9.398233635490818028e-01
4.252500000000000169e-01 8.215288743733994981e-01 9.397238263000903258e-01 8.215286406913971939e-01 9.398233635490818028e-01
4.257499999999999618e-01 8.200986882026917169e-01 9.397238371071521268e-01 8.200984582097713416e-01 9.398233635490818028e-01
4.262500000000000178e-01 8.186724813217871599e-01 9.397238479263007038e-01 8.186722550494062167e-01 9.398233635490818028e-01
4.267499999999999627e-01 8.172503486383533300e-01 9.397238587580371005e-01 8.172501261185223242e-01 9.398233635490818028e-01
4.272500000000000187e-01 8.158323844248829282e-01 9.397238696028571425e-01 8.158321656901593721e-01 9.398233635490818028e-01
4.277499999999999636e-01 8.144186823088213067e-01 9.397238804611378615e-01 8.144184673922421069e-01 9.398233635490818028e-01
4.282500000000000195e-01 8.130093352629201853e-01 9.397238913331169563e-01 8.130091241979221506e-01 9.398233635490818028e-01
4.287499999999999645e-01 8.116044355959045609e-01 9.397239022189540769e-01 8.116042284162754417e-01 9.398233635490818028e-01
4.292500000000000204e-01 8.102040749434298306e-01 9.397239131188233063e-01 8.102038716833160903e-01 9.398233635490818028e-01
4.297499999999999654e-01 8.088083442593682060e-01 9.397239240329741117e-01 8.088081449533193190e-01 9.398233635490818028e-01
4.302500000000000213e-01 8.074173338074873696e-01 9.397239349617207971e-01 8.074171384904963444e-01 9.398233635490818028e-01
4.307499999999999662e-01 8.060311331534573132e-01 9.397239459053614574e-01 8.060309418609519216e-01 9.398233635490818028e-01
4.312500000000000222e-01 8.046498311572252149e-01 9.397239568640731733e-01 8.046496439249948285e-01 9.398233635490818028e-01
4.317499999999999671e-01 8.032735159656800850e-01 9.397239678378506156e-01 8.032733328297566588e-01 9.398233635490818028e-01
4.322500000000000231e-01 8.019022750055619930e-01 9.397239788265284721e-01 8.019020960021292499e-01 9.398233635490818028e-01
4.327499999999999680e-01 8.005361949766496288e-01 9.397239898298858085e-01 8.005360201420039790e-01 9.398233635490818028e-01
4.332500000000000240e-01 7.991753618452568375e-01 9.397240008477953932e-01 7.991751912158586713e-01 9.398233635490818028e-01
4.337499999999999689e-01 7.978198608380300261e-01 9.397240118803440456e-01 7.978196944506273924e-01 9.398233635490818028e-01
4.342500000000000249e-01 7.964697764360998411e-01 9.397240229278602808e-01 7.964696143278918727e-01 9.398233635490818028e-01
4.347499999999999698e-01 7.951251923696711632e-01 9.397240339908308204e-01 7.951250345783890117e-01 9.398233635490818028e-01
4.352500000000000258e-01 7.937861916128892137e-01 9.397240450697360581e-01 7.937860381768025997e-01 9.398233635490818028e-01
4.357499999999999707e-01 7.924528563791013447e-01 9.397240561648706469e-01 7.924527073368952124e-01 9.398233635490818028e-01
4.362500000000000266e-01 7.911252681163039036e-01 9.397240672762312563e-01 7.911251235068994525e-01 9.398233635490818028e-01
4.367499999999999716e-01 7.898035075028704277e-01 9.397240784035296723e-01 7.898033673652429254e-01 9.398233635490818028e-01
4.372500000000000275e-01 7.884876544434767931e-01 9.397240895463221388e-01 7.884875188165426652e-01 9.398233635490818028e-01
4.377499999999999725e-01 7.871777880652631731e-01 9.397241007042173022e-01 7.871776569879167518e-01 9.398233635490818028e-01
4.382500000000000284e-01 7.858739867142959801e-01 9.397241118770729429e-01 7.858738602255562755e-01 9.398233635490818028e-01
4.387499999999999734e-01 7.845763279523872979e-01 9.397241230650994481e-01 7.845762060916161573e-01 9.398233635490818028e-01
4.392500000000000293e-01 7.832848885542484929e-01 9.397241342688286148e-01 7.832847713613584339e-01 9.398233635490818028e-01
4.397499999999999742e-01 7.819997445050504981e-01 9.397241454889482259e-01 7.819996320205977458e-01 9.398233635490818028e-01
4.402500000000000302e-01 7.807209709982725343e-01 9.397241567260639084e-01 7.807208632634081713e-01 9.398233635490818028e-01
4.407499999999999751e-01 7.794486424338310515e-01 9.397241679804865244e-01 7.794485394901088382e-01 9.398233635490818028e-01
4.412500000000000311e-01 7.781828324163908572e-01 9.397241792521323633e-01 7.781827343055176538e-01 9.398233635490818028e-01
4.417499999999999760e-01 7.769236137538614306e-01 9.397241905405825380e-01 7.769235205174669368e-01 9.398233635490818028e-01
4.422500000000000320e-01 7.756710584560243538e-01 9.397242018452948153e-01 7.756709701355819497e-01 9.398233635490818028e-01
4.427499999999999769e-01 7.744252377334137627e-01 9.397242131658721798e-01 7.744251543703165597e-01 9.398233635490818028e-01
4.432500000000000329e-01 7.731862219964276139e-01 9.397242245022900953e-01 7.731861436322344794e-01 9.398233635490818028e-01
4.437499999999999778e-01 7.719540808548329691e-01 9.397242358549728891e-01 7.719540075315500793e-01 9.398233635490818028e-01
4.442500000000000338e-01 7.707288831176080102e-01 9.397242472246778444e-01 7.707288148779054548e-01 9.398233635490818028e-01
4.447499999999999787e-01 7.695106967931395481e-01 9.397242586122241947e-01 7.695106336803851921e-01 9.398233635490818028e-01
4.452500000000000346e-01 7.682995890896675562e-01 9.397242700181808184e-01 7.682995311477764933e-01 9.398233635490818028e-01
4.457499999999999796e-01 7.670956264159369820e-01 9.397242814426568502e-01 7.670955736890500143e-01 9.398233635490818028e-01
4.462500000000000355e-01 7.658988743818799794e-01 9.397242928852997945e-01 7.658988269140690752e-01 9.398233635490818028e-01
4.467499999999999805e-01 7.647093977994513514e-01 9.397243043455115741e-01 7.647093556345340160e-01 9.398233635490818028e-01
4.472500000000000364e-01 7.635272606835157294e-01 9.397243158227881477e-01 7.635272238651187315e-01 9.398233635490818028e-01
4.477499999999999813e-01 7.623525262530377322e-01 9.397243273170263755e-01 7.623524948248471267e-01 9.398233635490818028e-01
4.482500000000000373e-01 7.611852569325515683e-01 9.397243388286349308e-01 7.611852309386543114e-01 9.398233635490818028e-01
4.487499999999999822e-01 7.600255143540516345e-01 9.397243503584050694e-01 7.600254938391766135e-01 9.398233635490818028e-01
4.492500000000000382e-01 7.588733593591433513e-01 9.397243619071937726e-01 7.588733443687138980e-01 9.398233635490818028e-01
4.497499999999999831e-01 7.577288520014584527e-01 9.397243734755796885e-01 7.577288425813998307e-01 9.398233635490818028e-01
4.502500000000000391e-01 7.565920515491629805e-01 9.397243850636602946e-01 7.565920477455766457e-01 9.398233635490818028e-01
4.507499999999999840e-01 7.554630164874711618e-01 9.397243966710804308e-01 7.554630183463166837e-01 9.398233635490818028e-01
4.512500000000000400e-01 7.543418045212268996e-01 9.397244082972611157e-01 7.543418120881645317e-01 9.398233635490818028e-01
4.517499999999999849e-01 7.532284725776028367e-01 9.397244199417054134e-01 7.532284858980328179e-01 9.398233635490818028e-01
4.522500000000000409e-01 7.521230768089919305e-01 9.397244316042218104e-01 7.521230959282629858e-01 9.398233635490818028e-01
4.527499999999999858e-01 7.510256725962447533e-01 9.397244432849787277e-01 7.510256975598796902e-01 9.398233635490818028e-01
4.532500000000000417e-01 7.499363145521152907e-01 9.397244549843950523e-01 7.499363454059742029e-01 9.398233635490818028e-01
4.537499999999999867e-01 7.488550565249518787e-01 9.397244667029350795e-01 7.488550933152684497e-01 9.398233635490818028e-01
4.542500000000000426e-01 7.477819516025525637e-01 9.397244784409246598e-01 7.477819943758211574e-01 9.398233635490818028e-01
4.547499999999999876e-01 7.467170521160668706e-01 9.397244901984513898e-01 7.467171009188763309e-01 9.398233635490818028e-01
4.552500000000000435e-01 7.456604096439927165e-01 9.397245019753730499e-01 7.456604645228652739e-01 9.398233635490818028e-01
4.557499999999999885e-01 7.446120750162735780e-01 9.397245137714047569e-01 7.446121360175427251e-01 9.398233635490818028e-01
4.562500000000000444e-01 7.435720983184557209e-01 9.397245255862457514e-01 7.435721654882532228e-01 9.398233635490818028e-01
4.567499999999999893e-01 7.425405288960067463e-01 9.397245374197001899e-01 7.425406022803235917e-01 9.398233635490818028e-01
4.572500000000000453e-01 7.415174153587936745e-01 9.397245492717551940e-01 7.415174950035920975e-01 9.398233635490818028e-01
4.577499999999999902e-01 7.405028055856911484e-01 9.397245611426041645e-01 7.405028915370474030e-01 9.398233635490818028e-01
4.582500000000000462e-01 7.394967467293860341e-01 9.397245730325818336e-01 7.394968390335735497e-01 9.398233635490818028e-01
4.587499999999999911e-01 7.384992852213491110e-01 9.397245849420265973e-01 7.384993839248341629e-01 9.398233635490818028e-01
4.592500000000000471e-01 7.375104667768935807e-01 9.397245968711297470e-01 7.375105719262259329e-01 9.398233635490818028e-01
4.597499999999999920e-01 7.365303364003465969e-01 9.397246088198318859e-01 7.365304480419692101e-01 9.398233635490818028e-01
4.602500000000000480e-01 7.355589383901910416e-01 9.397246207878362512e-01 7.355590565702648798e-01 9.398233635490818028e-01
4.607499999999999929e-01 7.345963163442492672e-01 9.397246327747438288e-01 7.345964411085628143e-01 9.398233635490818028e-01
4.612500000000000488e-01 7.336425131649018105e-01 9.397246447802362068e-01 7.336426445589210310e-01 9.398233635490818028e-01
4.617499999999999938e-01 7.326975710644143547e-01 9.397246568042262327e-01 7.326977091334282433e-01 9.398233635490818028e-01
4.622500000000000497e-01 7.317615315704317780e-01 9.397246688468885445e-01 7.317616763597342144e-01 9.398233635490818028e-01
4.627499999999999947e-01 7.308344355316537255e-01 9.397246809085488817e-01 7.308345870866345129e-01 9.398233635490818028e-01
4.632500000000000506e-01 7.299163231236067695e-01 9.397246929894986778e-01 7.299164814897289855e-01 9.398233635490818028e-01
4.637499999999999956e-01 7.290072338545383612e-01 9.397247050898296372e-01 7.290073990771679391e-01 9.398233635490818028e-01
4.642500000000000515e-01 7.281072065712175245e-01 9.397247172093652345e-01 7.281073786954326277e-01 9.398233635490818028e-01
4.647499999999999964e-01 7.272162794647756279e-01 9.397247293477245522e-01 7.272164585351972299e-01 9.398233635490818028e-01
4.652500000000000524e-01 7.263344900765014156e-01 9.397247415044752694e-01 7.263346761372421190e-01 9.398233635490818028e-01
4.657499999999999973e-01 7.254618753036662371e-01 9.397247536792975309e-01 7.254620683984022156e-01 9.398233635490818028e-01
4.662500000000000533e-01 7.245984714054762854e-01 9.397247658720991881e-01 7.245986715775946108e-01 9.398233635490818028e-01
4.667499999999999982e-01 7.237443140090946692e-01 9.397247780830220165e-01 7.237445213018545154e-01 9.398233635490818028e-01
4.672500000000000542e-01 7.228994381158304616e-01 9.397247903123383539e-01 7.228996525724438182e-01 9.398233635490818028e-01
4.677499999999999991e-01 7.220638781073815959e-01 9.397248025602799038e-01 7.220640997709764086e-01 9.398233635490818028e-01
4.682500000000000551e-01 7.212376677521296076e-01 9.397248148268639856e-01 7.212378966655793588e-01 9.398233635490818028e-01
4.687500000000000000e-01 7.204208402114127274e-01 9.397248271118064933e-01 7.204210764170922987e-01 9.398233635490818028e-01
4.692500000000000560e-01 7.196134280456806254e-01 9.397248394145739647e-01 7.196136715852794463e-01 9.398233635490818028e-01
4.697500000000000009e-01 7.188154632206262828e-01 9.397248517345738739e-01 7.188157141350840496e-01 9.398233635490818028e-01
4.702500000000000568e-01 7.180269771132460344e-01 9.397248640714008783e-01 7.180272354428748338e-01 9.398233635490818028e-01
4.707500000000000018e-01 7.172480005180065232e-01 9.397248764250001329e-01 7.172482663027344163e-01 9.398233635490818028e-01
4.712500000000000577e-01 7.164785636531413315e-01 9.397248887956398677e-01 7.164788369327491635e-01 9.398233635490818028e-01
4.717500000000000027e-01 7.157186961671300196e-01 9.397249011836871224e-01 7.157189769813023794e-01 9.398233635490818028e-01
4.722500000000000586e-01 7.149684271452274587e-01 9.397249135892975502e-01 7.149687155333835920e-01 9.398233635490818028e-01
4.727500000000000036e-01 7.142277851159305468e-01 9.397249260121999237e-01 7.142280811169008370e-01 9.398233635490818028e-01
4.732500000000000595e-01 7.134967980572866075e-01 9.397249384517141202e-01 7.134971017089845047e-01 9.398233635490818028e-01
4.737500000000000044e-01 7.127754934030183787e-01 9.397249509069953710e-01 7.127758047422965149e-01 9.398233635490818028e-01
4.742500000000000604e-01 7.120638980485571867e-01 9.397249633773837596e-01 7.120642171113349406e-01 9.398233635490818028e-01
4.747500000000000053e-01 7.113620383571515049e-01 9.397249758626474714e-01 7.113623651787206459e-01 9.398233635490818028e-01
4.752500000000000613e-01 7.106699401661460413e-01 9.397249883629881229e-01 7.106702747814842569e-01 9.398233635490818028e-01
4.757500000000000062e-01 7.099876287934248076e-01 9.397250008787989550e-01 7.099879712373252660e-01 9.398233635490818028e-01
4.762500000000000622e-01 7.093151290439390078e-01 9.397250134103030117e-01 7.093154793508750222e-01 9.398233635490818028e-01
4.767500000000000071e-01 7.086524652161574345e-01 9.397250259572657027e-01 7.086528234199181986e-01 9.398233635490818028e-01
4.772500000000000631e-01 7.079996611083105851e-01 9.397250385189379607e-01 7.080000272416027141e-01 9.398233635490818028e-01
4.777500000000000080e-01 7.073567400244458181e-01 9.397250510942788404e-01 7.073571141186368871e-01 9.398233635490818028e-01
4.782500000000000639e-01 7.067237247802364841e-01 9.397250636823504255e-01 7.067241068654284142e-01 9.398233635490818028e-01
4.787500000000000089e-01 7.061006377088552277e-01 9.397250762826897530e-01 7.061010278142357821e-01 9.398233635490818028e-01
4.792500000000000648e-01 7.054875006669690807e-01 9.397250888954370440e-01 7.054878988212501811e-01 9.398233635490818028e-01
4.797500000000000098e-01 7.048843350409670361e-01 9.397251015211118830e-01 7.048847412726648720e-01 9.398233635490818028e-01
4.802499999999999547e-01 7.042911617533709201e-01 9.397251141601217217e-01 7.042915760907113576e-01 9.398233635490818028e-01
4.807500000000000107e-01 7.037080012691815378e-01 9.397251268122819301e-01 7.037084237396400432e-01 9.398233635490818028e-01
4.812499999999999556e-01 7.031348736019893408e-01 9.397251394766412691e-01 7.031353042316756952e-01 9.398233635490818028e-01
4.817500000000000115e-01 7.025717983196489991e-01 9.397251521517648865e-01 7.025722371329282678e-01 9.398233635490818028e-01
4.822499999999999565e-01 7.020187945496987325e-01 9.397251648363345033e-01 7.020192415692513288e-01 9.398233635490818028e-01
4.827500000000000124e-01 7.014758809847163601e-01 9.397251775297263965e-01 7.014763362320672879e-01 9.398233635490818028e-01
4.832499999999999574e-01 7.009430758879511281e-01 9.397251902322028005e-01 7.009435393841404460e-01 9.398233635490818028e-01
4.837500000000000133e-01 7.004203970992929351e-01 9.397252029445559707e-01 7.004208688652844295e-01 9.398233635490818028e-01
4.842499999999999583e-01 6.999078620415238872e-01 9.397252156673929768e-01 6.999083420980506398e-01 9.398233635490818028e-01
4.847500000000000142e-01 6.994054877264579417e-01 9.397252284004515843e-01 6.994059760933321046e-01 9.398233635490818028e-01
4.852499999999999591e-01 6.989132907606780964e-01 9.397252411423746565e-01 6.989137874559291363e-01 9.398233635490818028e-01
4.857500000000000151e-01 6.984312873507420028e-01 9.397252538911227138e-01 6.984317923900569269e-01 9.398233635490818028e-01
4.862499999999999600e-01 6.979594933079342756e-01 9.397252666448445702e-01 6.979600067047935230e-01 9.398233635490818028e-01
4.867500000000000160e-01 6.974979240529837199e-01 9.397252794027275424e-01 6.974984458194637416e-01 9.398233635490818028e-01
4.872499999999999609e-01 6.970465946211753527e-01 9.397252921652882174e-01 6.970471247689747907e-01 9.398233635490818028e-01
4.877500000000000169e-01 6.966055196679926675e-01 9.397253049338492037e-01 6.966060582090719544e-01 9.398233635490818028e-01
4.882499999999999618e-01 6.961747134752256372e-01 9.397253177094251342e-01 6.961752604215470930e-01 9.398233635490818028e-01
4.887500000000000178e-01 6.957541899569181787e-01 9.397253304916590722e-01 6.957547453193757558e-01 9.398233635490818028e-01
4.892499999999999627e-01 6.953439626647204275e-01 9.397253432785077631e-01 6.953445264517842395e-01 9.398233635490818028e-01
4.897500000000000187e-01 6.949440447923191932e-01 9.397253560669606154e-01 6.949446170092525854e-01 9.398233635490818028e-01
4.902499999999999636e-01 6.945544491792530195e-01 9.397253688544531247e-01 6.945550298284529633e-01 9.398233635490818028e-01
4.907500000000000195e-01 6.941751883147686542e-01 9.397253816401405224e-01 6.941757773971127810e-01 9.398233635490818028e-01
4.912499999999999645e-01 6.938062743423678569e-01 9.397253944251922064e-01 6.938068718588105144e-01 9.398233635490818028e-01
4.917500000000000204e-01 6.934477190652821310e-01 9.397254072118206292e-01 6.934483250176896041e-01 9.398233635490818028e-01
4.922499999999999654e-01 6.930995339525393151e-01 9.397254200015350278e-01 6.931001483431226129e-01 9.398233635490818028e-01
4.927500000000000213e-01 6.927617301447024367e-01 9.397254327936508389e-01 6.927623529742756858e-01 9.398233635490818028e-01
4.932499999999999662e-01 6.924343184585960431e-01 9.397254455850392318e-01 6.924349497246119478e-01 9.398233635490818028e-01
4.937500000000000222e-01 6.921173093907158069e-01 9.397254583714077514e-01 6.921179490863205164e-01 9.398233635490818028e-01
4.942499999999999671e-01 6.918107131198607540e-01 9.397254711494453794e-01 6.918113612346626917e-01 9.398233635490818028e-01
4.947500000000000231e-01 6.915145395100115167e-01 9.397254839185460451e-01 6.915151960322424296e-01 9.398233635490818028e-01
4.952499999999999680e-01 6.912287981144175086e-01 9.397254966809513999e-01 6.912294630332050938e-01 9.398233635490818028e-01
4.957500000000000240e-01 6.909534981810374621e-01 9.397255094400657205e-01 6.909541714873497220e-01 9.398233635490818028e-01
4.962499999999999689e-01 6.906886486586472085e-01 9.397255221978755291e-01 6.906893303441622445e-01 9.398233635490818028e-01
4.967500000000000249e-01 6.904342582023391683e-01 9.397255349530505564e-01 6.904349482567802010e-01 9.398233635490818028e-01
4.972499999999999698e-01 6.901903351773459594e-01 9.397255477010056923e-01 6.901910335858570944e-01 9.398233635490818028e-01
4.977500000000000258e-01 6.899568876611295032e-01 9.397255604360280623e-01 6.899575944033656816e-01 9.398233635490818028e-01
4.982499999999999707e-01 6.897339234447135148e-01 9.397255731542493162e-01 6.897346384963044530e-01 9.398233635490818028e-01
4.987500000000000266e-01 6.895214500346974473e-01 9.397255858556314845e-01 6.895221733703339462e-01 9.398233635490818028e-01
4.992499999999999716e-01 6.893194746570483478e-01 9.397255985436497872e-01 6.893202062533163588e-01 9.398233635490818028e-01
4.997500000000000275e-01 6.891280042626228841e-01 9.397256112227317937e-01 6.891287440987883262e-01 9.398233635490818028e-01
5.002500000000000835e-01 6.889470455332069587e-01 9.397256238949721618e-01 6.889477935893352223e-01 9.397233635490818138e-01
5.007500000000000284e-01 6.887766048864017998e-01 9.397256365581551085e-01 6.887773611398928519e-01 9.397233635490818138e-01
5.012499999999999734e-01 6.886166884783360143e-01 9.397256492063943423e-01 6.886174529009586598e-01 9.397233635490818138e-01
5.017500000000000293e-01 6.884673022044169866e-01 9.397256618330881439e-01 6.884680747617191177e-01 9.397233635490818138e-01
5.022500000000000853e-01 6.883284516995749058e-01 9.397256744343953638e-01 6.883292323530932899e-01 9.397233635490818138e-01
5.027500000000000302e-01 6.882001423396837403e-01 9.397256870110650695e-01 6.882009310506924660e-01 9.397233635490818138e-01
5.032499999999999751e-01 6.880823792452925858e-01 9.397256995674239111e-01 6.880831759776926404e-01 9.397233635490818138e-01
5.037500000000000311e-01 6.879751672870386692e-01 9.397257121081046272e-01 6.879759720076212837e-01 9.397233635490818138e-01
5.042500000000000870e-01 6.878785110912022382e-01 9.397257246345308568e-01 6.878793237670600691e-01 9.397233635490818138e-01
5.047500000000000320e-01 6.877924150435686945e-01 9.397257371433662687e-01 6.877932356382585599e-01 9.397233635490818138e-01
5.052499999999999769e-01 6.877168832908232554e-01 9.397257496279280975e-01 6.877177117616687374e-01 9.397233635490818138e-01
5.057500000000000329e-01 6.876519197401675942e-01 9.397257620817157653e-01 6.876527560383836057e-01 9.397233635490818138e-01
5.062500000000000888e-01 6.875975280588537686e-01 9.397257745018556818e-01 6.875983721324975262e-01 9.397233635490818138e-01
5.067500000000000338e-01 6.875537116754917299e-01 9.397257868902872957e-01 6.875545634733806200e-01 9.397233635490818138e-01
5.072499999999999787e-01 6.875204737837247171e-01 9.397257992519131298e-01 6.875213332578593572e-01 9.397233635490818138e-01
5.077500000000000346e-01 6.874978173474082244e-01 9.397258115908301290e-01 6.874986844523192087e-01 9.397233635490818138e-01
5.082500000000000906e-01 6.874857451053241197e-01 9.397258239069790076e-01 6.874866197947184787e-01 9.397233635490818138e-01
5.087500000000000355e-01 6.874842595737676865e-01 9.397258361953055861e-01 6.874851417965101019e-01 9.397233635490818138e-01
5.092499999999999805e-01 6.874933630465607237e-01 9.397258484480477403e-01 6.874942527444920515e-01 9.397233635490818138e-01
5.097500000000000364e-01 6.875130575934701449e-01 9.397258606588696495e-01 6.875139547025538311e-01 9.397233635490818138e-01
5.102500000000000924e-01 6.875433450590052731e-01 9.397258728263833127e-01 6.875442495133539111e-01 9.397233635490818138e-01
5.107500000000000373e-01 6.875842270634893172e-01 9.397258849547652781e-01 6.875851387998985764e-01 9.397233635490818138e-01
5.112499999999999822e-01 6.876357050069606958e-01 9.397258970507984532e-01 6.876366239670415048e-01 9.397233635490818138e-01
5.117500000000000382e-01 6.876977800746184588e-01 9.397259091189149594e-01 6.876987062028994124e-01 9.397233635490818138e-01
5.122499999999999831e-01 6.877704532412864946e-01 9.397259211573085746e-01 6.877713864801809907e-01 9.397233635490818138e-01
5.127500000000000391e-01 6.878537252727332518e-01 9.397259331578267094e-01 6.878546655574275803e-01 9.397233635490818138e-01
5.132499999999999840e-01 6.879475967235645362e-01 9.397259451100214989e-01 6.879485439801744651e-01 9.397233635490818138e-01
5.137499999999999289e-01 6.880520679336183942e-01 9.397259570069227408e-01 6.880530220820264553e-01 9.397233635490818138e-01
5.142499999999999849e-01 6.881671390259268550e-01 9.397259688487926699e-01 6.881680999856485403e-01 9.397233635490818138e-01
5.147500000000000409e-01 6.882928099081890849e-01 9.397259806424277384e-01 6.882937776036737176e-01 9.397233635490818138e-01
5.152499999999999858e-01 6.884290802773361806e-01 9.397259923965264328e-01 6.884300546395255571e-01 9.397233635490818138e-01
5.157499999999999307e-01 6.885759496247801925e-01 9.397260041161012989e-01 6.885769305881638269e-01 9.397233635490818138e-01
5.162499999999999867e-01 6.887334172397537868e-01 9.397260157991979002e-01 6.887344047367399691e-01 9.397233635490818138e-01
5.167500000000000426e-01 6.889014822093715296e-01 9.397260274374868994e-01 6.889024761651724171e-01 9.397233635490818138e-01
5.172499999999999876e-01 6.890801434160629402e-01 9.397260390200564695e-01 6.890811437466456413e-01 9.397233635490818138e-01
5.177499999999999325e-01 6.892693995340333224e-01 9.397260505383251417e-01 6.892704061480227073e-01 9.397233635490818138e-01
5.182499999999999885e-01 6.894692490266011164e-01 9.397260619897760403e-01 6.894702618301763453e-01 9.397233635490818138e-01
5.187500000000000444e-01 6.896796901457614704e-01 9.397260733788114218e-01 6.896807090482423019e-01 9.397233635490818138e-01
5.192499999999999893e-01 6.899007209343928082e-01 9.397260847141850615e-01 6.899017458517936463e-01 9.397233635490818138e-01
5.197499999999999343e-01 6.901323392303867488e-01 9.397260960040073607e-01 6.901333700849293651e-01 9.397233635490818138e-01
5.202499999999999902e-01 6.903745426706988653e-01 9.397261072507395729e-01 6.903755793862942358e-01 9.397233635490818138e-01
5.207500000000000462e-01 6.906273286930683097e-01 9.397261184489767993e-01 6.906283711890102150e-01 9.397233635490818138e-01
5.212499999999999911e-01 6.908906945342051520e-01 9.397261295875158904e-01 6.908917427205382156e-01 9.397233635490818138e-01
5.217499999999999361e-01 6.911646372252219228e-01 9.397261406547766649e-01 6.911656910024543965e-01 9.397233635490818138e-01
5.222499999999999920e-01 6.914491535866655880e-01 9.397261516446295815e-01 6.914502128501571754e-01 9.397233635490818138e-01
5.227500000000000480e-01 6.917442402257463208e-01 9.397261625594014456e-01 6.917453048724966358e-01 9.397233635490818138e-01
5.232499999999999929e-01 6.920498935369683302e-01 9.397261734084523255e-01 6.920509634713241098e-01 9.397233635490818138e-01
5.237499999999999378e-01 6.923661097058309011e-01 9.397261842029631662e-01 6.923671848409730378e-01 9.397233635490818138e-01
5.242499999999999938e-01 6.926928847135682688e-01 9.397261949492570210e-01 6.926939649676583377e-01 9.397233635490818138e-01
5.247500000000000497e-01 6.930302143405862036e-01 9.397262056436946898e-01 6.930312996288118255e-01 9.397233635490818138e-01
5.252499999999999947e-01 6.933780941660228070e-01 9.397262162722600509e-01 6.933791843923359233e-01 9.397233635490818138e-01
5.257499999999999396e-01 6.937365195617606339e-01 9.397262268170440969e-01 6.937376146157907542e-01 9.397233635490818138e-01
5.262499999999999956e-01 6.941054856816368801e-01 9.397262372686725485e-01 6.941065854455096273e-01 9.397233635490818138e-01
5.267500000000000515e-01 6.944849874510763410e-01 9.397262476381078589e-01 6.944860918156380292e-01 9.397233635490818138e-01
5.272499999999999964e-01 6.948750195660052809e-01 9.397262579567613461e-01 6.948761284471078881e-01 9.397233635490818138e-01
5.277499999999999414e-01 6.952755765072794469e-01 9.397262682570404202e-01 6.952766898465500001e-01 9.397233635490818138e-01
5.282499999999999973e-01 6.956866525656963951e-01 9.397262785393727391e-01 6.956877703051144168e-01 9.397233635490818138e-01
5.287500000000000533e-01 6.961082418593828036e-01 9.397262887485222649e-01 6.961093638972579711e-01 9.397233635490818138e-01
5.292499999999999982e-01 6.965403383230125423e-01 9.397262987852962324e-01 6.965414644794258869e-01 9.397233635490818138e-01
5.297499999999999432e-01 6.969829356648349350e-01 9.397263085590176201e-01 6.969840656887059671e-01 9.397233635490818138e-01
5.302499999999999991e-01 6.974360273144964983e-01 9.397263180518884429e-01 6.974371609413864137e-01 9.397233635490818138e-01
5.307500000000000551e-01 6.978996063996458776e-01 9.397263273472241663e-01 6.979007434314657976e-01 9.397233635490818138e-01
5.312500000000000000e-01 6.983736657736361320e-01 9.397263365928019141e-01 6.983748061291016329e-01 9.397233635490818138e-01
5.317499999999999449e-01 6.988581980784364101e-01 9.397263459191211865e-01 6.988593417789804585e-01 9.397233635490818138e-01
5.322500000000000009e-01 6.993531957974973290e-01 9.397263553697929872e-01 6.993543428986481736e-01 9.397233635490818138e-01
5.327500000000000568e-01 6.998586512610291965e-01 9.397263648920364254e-01 6.998598017767598822e-01 9.397233635490818138e-01
5.332500000000000018e-01 7.003745566049742743e-01 9.397263743862420693e-01 7.003757104712859949e-01 9.397233635490818138e-01
5.337499999999999467e-01 7.009009037192384106e-01 9.397263837696174793e-01 7.009020608076423908e-01 9.397233635490818138e-01
5.342500000000000027e-01 7.014376842210350294e-01 9.397263930080030914e-01 7.014388443767853865e-01 9.397233635490818138e-01
5.347500000000000586e-01 7.019848894605322798e-01 9.397264021063232997e-01 7.019860525332256573e-01 9.397233635490818138e-01
5.352500000000000036e-01 7.025425105392028025e-01 9.397264110825425121e-01 7.025436763930059669e-01 9.397233635490818138e-01
5.357499999999999485e-01 7.031105383196952774e-01 9.397264199523054362e-01 7.031117068316125041e-01 9.397233635490818138e-01
5.362500000000000044e-01 7.036889634238878699e-01 9.397264287287778739e-01 7.036901344818339288e-01 9.397233635490818138e-01
5.367500000000000604e-01 7.042777762292457000e-01 9.397264374246110386e-01 7.042789497315761205e-01 9.397233635490818138e-01
5.372500000000000053e-01 7.048769668705041624e-01 9.397264460469292313e-01 7.048781427216138651e-01 9.397233635490818138e-01
5.377499999999999503e-01 7.054865252427721112e-01 9.397264545903523114e-01 7.054877033433022415e-01 9.397233635490818138e-01
5.382500000000000062e-01 7.061064409984095791e-01 9.397264630378063810e-01 7.061076212362258353e-01 9.397233635490818138e-01
5.387500000000000622e-01 7.067367035368601336e-01 9.397264713704045480e-01 7.067378857858117591e-01 9.397233635490818138e-01
5.392500000000000071e-01 7.073773019937514839e-01 9.397264795783635272e-01 7.073784861208965991e-01 9.397233635490818138e-01
5.397499999999999520e-01 7.080282252353967687e-01 9.397264876649726872e-01 7.080294111112300781e-01 9.397233635490818138e-01
5.402500000000000080e-01 7.086894618595858120e-01 9.397264956425190885e-01 7.086906493649546279e-01 9.397233635490818138e-01
5.407500000000000639e-01 7.093610001991337288e-01 9.397265035244756204e-01 7.093621892260252304e-01 9.397233635490818138e-01
5.412500000000000089e-01 7.100428283245847627e-01 9.397265113186050733e-01 7.100440187715983953e-01 9.397233635490818138e-01
5.417499999999999538e-01 7.107349340440596297e-01 9.397265190236805399e-01 7.107361258093758405e-01 9.397233635490818138e-01
5.422500000000000098e-01 7.114373048994178106e-01 9.397265266307526232e-01 7.114384978748998778e-01 9.397233635490818138e-01
5.427500000000000657e-01 7.121499281595554676e-01 9.397265341281252349e-01 7.121511222288208209e-01 9.397233635490818138e-01
5.432500000000000107e-01 7.128727908131347046e-01 9.397265415071331951e-01 7.128739858541247587e-01 9.397233635490818138e-01
5.437499999999999556e-01 7.136058795634488972e-01 9.397265487652435301e-01 7.136070754533206939e-01 9.397233635490818138e-01
5.442500000000000115e-01 7.143491808264235132e-01 9.397265559052012662e-01 7.143503774455943756e-01 9.397233635490818138e-01
5.447500000000000675e-01 7.151026807300786547e-01 9.397265629321658320e-01 7.151038779639302678e-01 9.397233635490818138e-01
5.452500000000000124e-01 7.158663651132071148e-01 9.397265698517539567e-01 7.158675628521954382e-01 9.397233635490818138e-01
5.457499999999999574e-01 7.166402195226196925e-01 9.397265766698190692e-01 7.166414176622011301e-01 9.397233635490818138e-01
5.462500000000000133e-01 7.174242292101766783e-01 9.397265833922492373e-01 7.174254276507288086e-01 9.397233635490818138e-01
5.467500000000000693e-01 7.182183791310099430e-01 9.397265900230602487e-01 7.182195777765232325e-01 9.397233635490818138e-01
5.472500000000000142e-01 7.190226539425303987e-01 9.397265965614001182e-01 7.190238526972663191e-01 9.397233635490818138e-01
5.477499999999999591e-01 7.198370380025219673e-01 9.397266030000213100e-01 7.198382367665253634e-01 9.397233635490818138e-01
5.482500000000000151e-01 7.206615153648522343e-01 9.397266093270810750e-01 7.206627140306708368e-01 9.397233635490818138e-01
5.487500000000000711e-01 7.214960697732363260e-01 9.397266155306462920e-01 7.214972682257705383e-01 9.397233635490818138e-01
5.492500000000000160e-01 7.223406846548271476e-01 9.397266216033572928e-01 7.223418827744731985e-01 9.397233635490818138e-01
5.497499999999999609e-01 7.231953431152557954e-01 9.397266275448941109e-01 7.231965407828567782e-01 9.397233635490818138e-01
5.502500000000000169e-01 7.240600279356561586e-01 9.397266333615449385e-01 7.240612250372763237e-01 9.397233635490818138e-01
5.507500000000000728e-01 7.249347215710866266e-01 9.397266390636689337e-01 7.249359180011679671e-01 9.397233635490818138e-01
5.512500000000000178e-01 7.258194061496495708e-01 9.397266446623374625e-01 7.258206018118689151e-01 9.397233635490818138e-01
5.517499999999999627e-01 7.267140634716169334e-01 9.397266501662118188e-01 7.267152582774009106e-01 9.397233635490818138e-01
5.522500000000000187e-01 7.276186750080360088e-01 9.397266555793701848e-01 7.276198688732447017e-01 9.397233635490818138e-01
5.527500000000000746e-01 7.285332218982989438e-01 9.397266609005578974e-01 7.285344147391105141e-01 9.397233635490818138e-01
5.532500000000000195e-01 7.294576849464642354e-01 9.397266661239893626e-01 7.294588766756895382e-01 9.397233635490818138e-01
5.537499999999999645e-01 7.303920446164431368e-01 9.397266712413746559e-01 7.303932351414146318e-01 9.397233635490818138e-01
5.542500000000000204e-01 7.313362810266209602e-01 9.397266762444607124e-01 7.313374702491814983e-01 9.397233635490818138e-01
5.547500000000000764e-01 7.322903739445932869e-01 9.397266811272980691e-01 7.322915617631010621e-01 9.397233635490818138e-01
5.552500000000000213e-01 7.332543027827341797e-01 9.397266858876536233e-01 7.332554890952318605e-01 9.397233635490818138e-01
5.557499999999999662e-01 7.342280465948194390e-01 9.397266905273086168e-01 7.342292313022996675e-01 9.397233635490818138e-01
5.562500000000000222e-01 7.352115840737576402e-01 9.397266950512745964e-01 7.352127670824406547e-01 9.397233635490818138e-01
5.567500000000000782e-01 7.362048935498416435e-01 9.397266994662151207e-01 7.362060747719257892e-01 9.397233635490818138e-01
5.572500000000000231e-01 7.372079529890317451e-01 9.397267037785816957e-01 7.372091323419005526e-01 9.397233635490818138e-01
5.577499999999999680e-01 7.382207399906564049e-01 9.397267079930169409e-01 7.382219173951186653e-01 9.397233635490818138e-01
5.582500000000000240e-01 7.392432317843793399e-01 9.397267121114701860e-01 7.392444071626996793e-01 9.397233635490818138e-01
5.587500000000000799e-01 7.402754052264126639e-01 9.397267161331738228e-01 7.402765785008669219e-01 9.397233635490818138e-01
5.592500000000000249e-01 7.413172367955189745e-01 9.397267200553516275e-01 7.413184078877201877e-01 9.397233635490818138e-01
5.597499999999999698e-01 7.423687025891119173e-01 9.397267238743411966e-01 7.423698714200130944e-01 9.397233635490818138e-01
5.602500000000000258e-01 7.434297783197321152e-01 9.397267275867832170e-01 7.434309448099326589e-01 9.397233635490818138e-01
5.607500000000000817e-01 7.445004393117029551e-01 9.397267311905923570e-01 7.445016033819003010e-01 9.397233635490818138e-01
5.612500000000000266e-01 7.455806604979268171e-01 9.397267346854730752e-01 7.455818220694022669e-01 9.397233635490818138e-01
5.617499999999999716e-01 7.466704164166548807e-01 9.397267380728080433e-01 7.466715754118081749e-01 9.397233635490818138e-01
5.622500000000000275e-01 7.477696812084033695e-01 9.397267413548653359e-01 7.477708375512396310e-01 9.397233635490818138e-01
5.627500000000000835e-01 7.488784286130872880e-01 9.397267445335357738e-01 7.488795822294431748e-01 9.397233635490818138e-01
5.632500000000000284e-01 7.499966319673949666e-01 9.397267476091381022e-01 7.499977827846856515e-01 9.397233635490818138e-01
5.637499999999999734e-01 7.511242642022304405e-01 9.397267505800279697e-01 7.511254121486848900e-01 9.397233635490818138e-01
5.642500000000000293e-01 7.522612978397960060e-01 9.397267534434534664e-01 7.522624428435591426e-01 9.397233635490818138e-01
5.647500000000000853e-01 7.534077049901944934e-01 9.397267561972171279e-01 7.534088469788022824e-01 9.397233635490818138e-01
5.652500000000000302e-01 7.545634573480342056e-01 9.397267588408352301e-01 7.545645962482988578e-01 9.397233635490818138e-01
5.657499999999999751e-01 7.557285261895723139e-01 9.397267613749523685e-01 7.557296619273616844e-01 9.397233635490818138e-01
5.662500000000000311e-01 7.569028823703131126e-01 9.397267637991417732e-01 7.569040148698026327e-01 9.397233635490818138e-01
5.667500000000000870e-01 7.580864963223756803e-01 9.397267661098887004e-01 7.580876255050481571e-01 9.397233635490818138e-01
5.672500000000000320e-01 7.592793380507740775e-01 9.397267683008362349e-01 7.592804638352844693e-01 9.397233635490818138e-01
5.677499999999999769e-01 7.604813771288634339e-01 9.397267703656280169e-01 7.604824994326332410e-01 9.397233635490818138e-01
5.682500000000000329e-01 7.616925826941024491e-01 9.397267723015869656e-01 7.616937014363920344e-01 9.397233635490818138e-01
5.687500000000000888e-01 7.629129234449827379e-01 9.397267741120056694e-01 7.629140385502846122e-01 9.397233635490818138e-01
5.692500000000000338e-01 7.641423676391185804e-01 9.397267758062310961e-01 7.641434790397823029e-01 9.397233635490818138e-01
5.697499999999999787e-01 7.653808830917548933e-01 9.397267773978439376e-01 7.653819907294563407e-01 9.397233635490818138e-01
5.702500000000000346e-01 7.666284371749756410e-01 9.397267789006504835e-01 7.666295410003810540e-01 9.397233635490818138e-01
5.707500000000000906e-01 7.678849968185996744e-01 9.397267803217125293e-01 7.678860967875902332e-01 9.397233635490818138e-01
5.712500000000000355e-01 7.691505285122345326e-01 9.397267816532086648e-01 7.691516245775693594e-01 9.397233635490818138e-01
5.717499999999999805e-01 7.704249983047291028e-01 9.397267828697439818e-01 7.704260904058226611e-01 9.397233635490818138e-01
5.722500000000000364e-01 7.717083717958775901e-01 9.397267839388097066e-01 7.717094598544742556e-01 9.397233635490818138e-01
5.727500000000000924e-01 7.730006141200969072e-01 9.397267848443019433e-01 7.730016980499377910e-01 9.397233635490818138e-01
5.732500000000000373e-01 7.743016899298554856e-01 9.397267856099478234e-01 7.743027696606303856e-01 9.397233635490818138e-01
5.737499999999999822e-01 7.756115633909783647e-01 9.397267863033696988e-01 7.756126388947675032e-01 9.397233635490818138e-01
5.742500000000000382e-01 7.769301981951846070e-01 9.397267870120226130e-01 7.769312694981882483e-01 9.397233635490818138e-01
5.747500000000000941e-01 7.782575575815807722e-01 9.397267878044017753e-01 7.782586247522741418e-01 9.397233635490818138e-01
5.752500000000000391e-01 7.795936043492817102e-01 9.397267887053470936e-01 7.795946674719079761e-01 9.397233635490818138e-01
5.757499999999999840e-01 7.809383008487291722e-01 9.397267897062271391e-01 7.809393600035112737e-01 9.397233635490818138e-01
5.762500000000000400e-01 7.822916089575066012e-01 9.397267908014852456e-01 7.822926642231408101e-01 9.397233635490818138e-01
5.767499999999999849e-01 7.836534900632486922e-01 9.397267920154414034e-01 7.836545415346685139e-01 9.397233635490818138e-01
5.772500000000000409e-01 7.850239050752045866e-01 9.397267933835622422e-01 7.850249528680087741e-01 9.397233635490818138e-01
5.777499999999999858e-01 7.864028144641285190e-01 9.397267948866698806e-01 7.864038586774411144e-01 9.397233635490818138e-01
5.782499999999999307e-01 7.877901783021129534e-01 9.397267963820334913e-01 7.877912189399901566e-01 9.397233635490818138e-01
5.787499999999999867e-01 7.891859562626242219e-01 9.397267975955652108e-01 7.891869931538864069e-01 9.397233635490818138e-01
5.792500000000000426e-01 7.905901075595089811e-01 9.397267982121870755e-01 7.905911403371062018e-01 9.397233635490818138e-01
5.797499999999999876e-01 7.920025908436486572e-01 9.397267980378090080e-01 7.920036190259831521e-01 9.397233635490818138e-01
5.802499999999999325e-01 7.934233641141534843e-01 9.397267971434983824e-01 7.934243872739064063e-01 9.397233635490818138e-01
5.807499999999999885e-01 7.948523847087265448e-01 9.397267958863451121e-01 7.948534026500991834e-01 9.397233635490818138e-01
5.812500000000000444e-01 7.962896094004294767e-01 9.397267947588205939e-01 7.962906222384640298e-01 9.397233635490818138e-01
5.817499999999999893e-01 7.977349945635825446e-01 9.397267941216944642e-01 7.977360026365402090e-01 9.397233635490818138e-01
5.822499999999999343e-01 7.991884963157791510e-01 9.397267939682324434e-01 7.991894999545240408e-01 9.397233635490818138e-01
5.827499999999999902e-01 8.006500705343988500e-01 9.397267938875377702e-01 8.006510698143739502e-01 9.397233635490818138e-01
5.832500000000000462e-01 8.021196727146771011e-01 9.397267932869050044e-01 8.021206673490328676e-01 9.397233635490818138e-01
5.837499999999999911e-01 8.035972577475893885e-01 9.397267917516757274e-01 8.035982472016938161e-01 9.397233635490818138e-01
5.842499999999999361e-01 8.050827797642082784e-01 9.397267893052079213e-01 8.050837635252025004e-01 9.397233635490818138e-01
5.847499999999999920e-01 8.065761921564074122e-01 9.397267863840019775e-01 8.065771699815126317e-01 9.397233635490818138e-01
5.852500000000000480e-01 8.080774477526507793e-01 9.397267835554972137e-01 8.080784197412649306e-01 9.397233635490818138e-01
5.857499999999999929e-01 8.095864990154881813e-01 9.397267811915062108e-01 8.095874654834329665e-01 9.397233635490818138e-01
5.862499999999999378e-01 8.111032981266308450e-01 9.397267793188676110e-01 8.111042593950927859e-01 9.397233635490818138e-01
5.867499999999999938e-01 8.126277969225098596e-01 9.397267777154246771e-01 8.126287531712624856e-01 9.397233635490818138e-01
5.872500000000000497e-01 8.141599467585973748e-01 9.397267761286280940e-01 8.141608980148535846e-01 9.397233635490818138e-01
5.877499999999999947e-01 8.156996984163312758e-01 9.397267744312280957e-01 8.157006446367126573e-01 9.397233635490818138e-01
5.882499999999999396e-01 8.172470021043647392e-01 9.397267726267295451e-01 8.172479432557797629e-01 9.397233635490818138e-01
5.887499999999999956e-01 8.188018075199656742e-01 9.397267707565413186e-01 8.188027435993247005e-01 9.397233635490818138e-01
5.892500000000000515e-01 8.203640639035686410e-01 9.397267688159209875e-01 8.203649949032928435e-01 9.397233635490818138e-01
5.897499999999999964e-01 8.219337200474599037e-01 9.397267667408442104e-01 8.219346459127591098e-01 9.397233635490818138e-01
5.902499999999999414e-01 8.235107242651416026e-01 9.397267644546442034e-01 8.235116448824810753e-01 9.397233635490818138e-01
5.907499999999999973e-01 8.250950243516121940e-01 9.397267619258662386e-01 8.250959395775530059e-01 9.397233635490818138e-01
5.912500000000000533e-01 8.266865675620405085e-01 9.397267591952631616e-01 8.266874772741669153e-01 9.397233635490818138e-01
5.917499999999999982e-01 8.282853006203986235e-01 9.397267563566725768e-01 8.282862047604838684e-01 9.397233635490818138e-01
5.922499999999999432e-01 8.298911697522982633e-01 9.397267535043585251e-01 8.298920683375898832e-01 9.397233635490818138e-01
5.927499999999999991e-01 8.315041207232387599e-01 9.397267506788943292e-01 8.315050138206023789e-01 9.397233635490818138e-01
5.932500000000000551e-01 8.331240988606241071e-01 9.397267478457623779e-01 8.331249865398270282e-01 9.397233635490818138e-01
5.937500000000000000e-01 8.347510490491050206e-01 9.397267449203328127e-01 8.347519313420728171e-01 9.397233635490818138e-01
5.942499999999999449e-01 8.363849157067633211e-01 9.397267418210581980e-01 8.363857925920351599e-01 9.397233635490818138e-01
5.947500000000000009e-01 8.380256427607575276e-01 9.397267385142060725e-01 8.380265141738297840e-01 9.397233635490818138e-01
5.952500000000000568e-01 8.396731736366271903e-01 9.397267350230812388e-01 8.396740394925924500e-01 9.397233635490818138e-01
5.957500000000000018e-01 8.413274512621595758e-01 9.397267314022895723e-01 8.413283114762120096e-01 9.397233635490818138e-01
5.962499999999999467e-01 8.429884180767397428e-01 9.397267276997436358e-01 8.429892725771824802e-01 9.397233635490818138e-01
5.967500000000000027e-01 8.446560160377825088e-01 9.397267239312275811e-01 8.446568647745292813e-01 9.397233635490818138e-01
5.972500000000000586e-01 8.463301866232935122e-01 9.397267200788506081e-01 8.463310295758882384e-01 9.397233635490818138e-01
5.977500000000000036e-01 8.480108708349221036e-01 9.397267161097984101e-01 8.480117080196657442e-01 9.397233635490818138e-01
5.982499999999999485e-01 8.496980092050829825e-01 9.397267120047063660e-01 8.496988406773164915e-01 9.397233635490818138e-01
5.987500000000000044e-01 8.513915418076687391e-01 9.397267077838202809e-01 8.513923676557438869e-01 9.397233635490818138e-01
5.992500000000000604e-01 8.530914082700548073e-01 9.397267035177526706e-01 8.530922285997880605e-01 9.397233635490818138e-01
5.997500000000000053e-01 8.547975477856795123e-01 9.397266993091678566e-01 8.547983626948418845e-01 9.397233635490818138e-01
6.002499999999999503e-01 8.565098991263196959e-01 9.397266952417413499e-01 8.565107086695742389e-01 9.397233635490818138e-01
6.007500000000000062e-01 8.582284006475007221e-01 9.397266913172812597e-01 8.582292047987615247e-01 9.397233635490818138e-01
6.012500000000000622e-01 8.599529902744338372e-01 9.397266874255802982e-01 8.599537889062296436e-01 9.397233635490818138e-01
6.017500000000000071e-01 8.616836054616814344e-01 9.397266833858950452e-01 8.616843983678968977e-01 9.397233635490818138e-01
6.022499999999999520e-01 8.634201831411399963e-01 9.397266790518764568e-01 8.634209701149399008e-01 9.397233635490818138e-01
6.027500000000000080e-01 8.651626596947546988e-01 9.397266744145733597e-01 8.651634406370705133e-01 9.397233635490818138e-01
6.032500000000000639e-01 8.669109709853419776e-01 9.397266696267014829e-01 8.669117459858977082e-01 9.397233635490818138e-01
6.037500000000000089e-01 8.686650524425573172e-01 9.397266649259683469e-01 8.686658217784214431e-01 9.397233635490818138e-01
6.042499999999999538e-01 8.704248391572646515e-01 9.397266605139771301e-01 8.704256032006247867e-01 9.397233635490818138e-01
6.047500000000000098e-01 8.721902659260093449e-01 9.397266564803787858e-01 8.721910250111742924e-01 9.397233635490818138e-01
6.052500000000000657e-01 8.739612672223023848e-01 9.397266528127873331e-01 8.739620215452179597e-01 9.397233635490818138e-01
6.057500000000000107e-01 8.757377771252483623e-01 9.397266494510942980e-01 8.757385267183109834e-01 9.397233635490818138e-01
6.062499999999999556e-01 8.775197292596680354e-01 9.397266463159743566e-01 8.775204740304092255e-01 9.397233635490818138e-01
6.067500000000000115e-01 8.793070567775742585e-01 9.397266432880304610e-01 8.793077965700122345e-01 9.397233635490818138e-01
6.072500000000000675e-01 8.810996923707028472e-01 9.397266401800293822e-01 8.811004270183611098e-01 9.397233635490818138e-01
6.077500000000000124e-01 8.828975682897399757e-01 9.397266367537657761e-01 8.828982976537804728e-01 9.397233635490818138e-01
6.082499999999999574e-01 8.847006163604311801e-01 9.397266327857658474e-01 8.847013403560894940e-01 9.397233635490818138e-01
6.087500000000000133e-01 8.865087680034092754e-01 9.397266281442542279e-01 8.865094866111364880e-01 9.397233635490818138e-01
6.092500000000000693e-01 8.883219542619104070e-01 9.397266228386497167e-01 8.883226675154081153e-01 9.397233635490818138e-01
6.097500000000000142e-01 8.901401058280868916e-01 9.397266170255359485e-01 8.901408137807580445e-01 9.397233635490818138e-01
6.102499999999999591e-01 8.919631530544127607e-01 9.397266109724460303e-01 8.919638557392247646e-01 9.397233635490818138e-01
6.107500000000000151e-01 8.937910259462354956e-01 9.397266049877766037e-01 8.937917233479367729e-01 9.397233635490818138e-01
6.112500000000000711e-01 8.956236541424460462e-01 9.397265993316650246e-01 8.956243461941035822e-01 9.397233635490818138e-01
6.117500000000000160e-01 8.974609668954023345e-01 9.397265941329966399e-01 8.974616535001416207e-01 9.397233635490818138e-01
6.122499999999999609e-01 8.993028930599706872e-01 9.397265893452941832e-01 8.993035741288331053e-01 9.397233635490818138e-01
6.127500000000000169e-01 9.011493610980232383e-01 9.397265847637535918e-01 9.011500365886122577e-01 9.397233635490818138e-01
6.132500000000000728e-01 9.030002990983916344e-01 9.397265800971054128e-01 9.030009690389221300e-01 9.397233635490818138e-01
6.137500000000000178e-01 9.048556348068828026e-01 9.397265750669053785e-01 9.048562992956720175e-01 9.397233635490818138e-01
6.142499999999999627e-01 9.067152956578893308e-01 9.397265695040228906e-01 9.067159548367641486e-01 9.397233635490818138e-01
6.147500000000000187e-01 9.085792087980224530e-01 9.397265634135044676e-01 9.085798628077077499e-01 9.397233635490818138e-01
6.152500000000000746e-01 9.104473010937159660e-01 9.397265569812424113e-01 9.104479500273026105e-01 9.397233635490818138e-01
6.157500000000000195e-01 9.123194991213516847e-01 9.397265505134930752e-01 9.123201429934443274e-01 9.397233635490818138e-01
6.162499999999999645e-01 9.141957291460687252e-01 9.397265443297944110e-01 9.141963678889392098e-01 9.397233635490818138e-01
6.167500000000000204e-01 9.160759170990775413e-01 9.397265386477225979e-01 9.160765505874483017e-01 9.397233635490818138e-01
6.172500000000000764e-01 9.179599885634026624e-01 9.397265335019110433e-01 9.179606166594863614e-01 9.397233635490818138e-01
6.177500000000000213e-01 9.198478687757987160e-01 9.397265287303717685e-01 9.198484913784783501e-01 9.397233635490818138e-01
6.182499999999999662e-01 9.217394826459928137e-01 9.397265240303704914e-01 9.217400997269146190e-01 9.397233635490818138e-01
6.187500000000000222e-01 9.236347547871822661e-01 9.397265190565754489e-01 9.236353664025347410e-01 9.397233635490818138e-01
6.192500000000000782e-01 9.255336095496169424e-01 9.397265135292358629e-01 9.255342158246206985e-01 9.397233635490818138e-01
6.197500000000000231e-01 9.274359710496938858e-01 9.397265073251486189e-01 9.274365721402939577e-01 9.397233635490818138e-01
6.202499999999999680e-01 9.293417631876810248e-01 9.397265005235140300e-01 9.293423592309454362e-01 9.397233635490818138e-01
6.207500000000000240e-01 9.312509096487786575e-01 9.397264933841605883e-01 9.312515007186479288e-01 9.397233635490818138e-01
6.212500000000000799e-01 9.331633338886111684e-01 9.397264862612390024e-01 9.331639199726875500e-01 9.397233635490818138e-01
6.217500000000000249e-01 9.350789591100174825e-01 9.397264794826023504e-01 9.350795401160990616e-01 9.397233635490818138e-01
6.222499999999999698e-01 9.369977082411474756e-01 9.397264732345679272e-01 9.369982840322915729e-01 9.397233635490818138e-01
6.227500000000000258e-01 9.389195039253324104e-01 9.397264674935674744e-01 9.389200743716832331e-01 9.397233635490818138e-01
6.232500000000000817e-01 9.408442685298485930e-01 9.397264620340767260e-01 9.408448335584258526e-01 9.397233635490818138e-01
6.237500000000000266e-01 9.427719241720911025e-01 9.397264565075433840e-01 9.427724837971226401e-01 9.397233635490818138e-01
6.242499999999999716e-01 9.447023927555603384e-01 9.397264505603759588e-01 9.447029470796352024e-01 9.397233635490818138e-01
6.247500000000000275e-01 9.466355960070242936e-01 9.397264439560247817e-01 9.466361451918863246e-01 9.397233635490818138e-01
6.252500000000000835e-01 9.485714555059344688e-01 9.397264366660247337e-01 9.485719997207319176e-01 9.397233635490818138e-01
6.257500000000000284e-01 9.505098926964667960e-01 9.397264288917045461e-01 9.505104320608472879e-01 9.397233635490818138e-01
6.262499999999999734e-01 9.524508288778141818e-01 9.397264209972873150e-01 9.524513634216364988e-01 9.397233635490818138e-01
6.267500000000000293e-01 9.543941851785593400e-01 9.397264133780800499e-01 9.543947148342006859e-01 9.397233635490818138e-01
6.272500000000000853e-01 9.563398825272154680e-01 9.397264063136784307e-01 9.563404071582826127e-01 9.397233635490818138e-01
6.277500000000000302e-01 9.582878416329747573e-01 9.397263998611439240e-01 9.582883610892859449e-01 9.397233635490818138e-01
6.282499999999999751e-01 9.602379829879508222e-01 9.397263938351764212e-01 9.602384971652688783e-01 9.397233635490818138e-01
6.287500000000000311e-01 9.621902268921572743e-01 9.397263878812490701e-01 9.621907357739923894e-01 9.397233635490818138e-01
6.292500000000000870e-01 9.641444934921145071e-01 9.397263816037892958e-01 9.641449971599365121e-01 9.397233635490818138e-01
6.297500000000000320e-01 9.661007028222461379e-01 9.397263747045863092e-01 9.661012014313787866e-01 9.397233635490818138e-01
6.302499999999999769e-01 9.680587748394209324e-01 9.397263670936525370e-01 9.680592685674443976e-01 9.397233635490818138e-01
6.307500000000000329e-01 9.700186294407568965e-01 9.397263589334992062e-01 9.700191184251730769e-01 9.397233635490818138e-01
6.312500000000000888e-01 9.719801864585719819e-01 9.397263505905778525e-01 9.719806707465779017e-01 9.397233635490818138e-01
6.317500000000000338e-01 9.739433656365676928e-01 9.397263425098817402e-01 9.739438451657307372e-01 9.397233635490818138e-01
6.322499999999999787e-01 9.759080865984457454e-01 9.397263350594768916e-01 9.759085612158209244e-01 9.397233635490818138e-01
6.327500000000000346e-01 9.778742688219144163e-01 9.397263283961637681e-01 9.778747383362055290e-01 9.397233635490818138e-01
6.332500000000000906e-01 9.798418316309964737e-01 9.397263224044811736e-01 9.798422958794632542e-01 9.397233635490818138e-01
6.337500000000000355e-01 9.818106942121445080e-01 9.397263167338519851e-01 9.818111531184368079e-01 9.397233635490818138e-01
6.342499999999999805e-01 9.837807756479782784e-01 9.397263109077357290e-01 9.837812292532400749e-01 9.397233635490818138e-01
6.347500000000000364e-01 9.857519949583328778e-01 9.397263044616871452e-01 9.857524434182759476e-01 9.397233635490818138e-01
6.352500000000000924e-01 9.877242711410276765e-01 9.397262970797939374e-01 9.877247146892217389e-01 9.397233635490818138e-01
6.357500000000000373e-01 9.896975232051009597e-01 9.397262887011450516e-01 9.896979620899665209e-01 9.397233635490818138e-01
6.362499999999999822e-01 9.916716701860228689e-01 9.397262795547627334e-01 9.916721045995748884e-01 9.397233635490818138e-01
6.367500000000000382e-01 9.936466311360976356e-01 9.397262700930559820e-01 9.936470611591675661e-01 9.397233635490818138e-01
6.372500000000000941e-01 9.956223250959235216e-01 9.397262608470220435e-01 9.956227506788116743e-01 9.397233635490818138e-01
6.377500000000000391e-01 9.975986710589908046e-01 9.397262522554042929e-01 9.975990920443409404e-01 9.397233635490818138e-01
6.382499999999999840e-01 9.995755879421293066e-01 9.397262445164982214e-01 9.995760041241669169e-01 9.397233635490818138e-01
6.387500000000000400e-01 1.001552994576226929e+00 9.397262375211312690e-01 1.001553405776042016e+00 9.397233635490818138e-01
6.392500000000000959e-01 1.003530809724987760e+00 9.397262309021772175e-01 1.003531215853763703e+00 9.397233635490818138e-01
6.397500000000000409e-01 1.005508952124626987e+00 9.397262241700283791e-01 1.005509353213857704e+00 9.397233635490818138e-01
6.402499999999999858e-01 1.007487340531333153e+00 9.397262168786256753e-01 1.007487736722185945e+00 9.397233635490818138e-01
6.407499999999999307e-01 1.009465893766070987e+00 9.397262087799832520e-01 1.009466285260528506e+00 9.397233635490818138e-01
6.412499999999999867e-01 1.011444530745292170e+00 9.397261999231918406e-01 1.011444917733109072e+00 9.397233635490818138e-01
6.417500000000000426e-01 1.013423170484993863e+00 9.397261906462580638e-01 1.013423553073023120e+00 9.397233635490818138e-01
6.422499999999999876e-01 1.015401732076319785e+00 9.397261814499304755e-01 1.015402110248673440e+00 9.397233635490818138e-01
6.427499999999999325e-01 1.017380134645042178e+00 9.397261728069696840e-01 1.017380508270098849e+00 9.397233635490818138e-01
6.432499999999999885e-01 1.019358297312702222e+00 9.397261649782360227e-01 1.019358666195227192e+00 9.397233635490818138e-01
6.437500000000000444e-01 1.021336139177836611e+00 9.397261579086657601e-01 1.021336503136128560e+00 9.397233635490818138e-01
6.442499999999999893e-01 1.023313579328167577e+00 9.397261512523304994e-01 1.023313938265093537e+00 9.397233635490818138e-01
6.447499999999999343e-01 1.025290536878008085e+00 9.397261445013268544e-01 1.025290890820766965e+00 9.397233635490818138e-01
6.452499999999999902e-01 1.027266931015742291e+00 9.397261371554032072e-01 1.027267280114087633e+00 9.397233635490818138e-01
6.457500000000000462e-01 1.029242681050134944e+00 9.397261288857865491e-01 1.029243025534230194e+00 9.397233635490818138e-01
6.462499999999999911e-01 1.031217706445469062e+00 9.397261196547693762e-01 1.031218046554426282e+00 9.397233635490818138e-01
6.467499999999999361e-01 1.033191926833159080e+00 9.397261097414097986e-01 1.033192262737746780e+00 9.397233635490818138e-01
6.472499999999999920e-01 1.035165261994424046e+00 9.397260996476851647e-01 1.035165593742741530e+00 9.397233635490818138e-01
6.477500000000000480e-01 1.037137631824003092e+00 9.397260899265089673e-01 1.037137959329051062e+00 9.397233635490818138e-01
6.482499999999999929e-01 1.039108956290128560e+00 9.397260809964973483e-01 1.039109279362887550e+00 9.397233635490818138e-01
6.487499999999999378e-01 1.041079155405391088e+00 9.397260729994330042e-01 1.041079473822458246e+00 9.397233635490818138e-01
6.492499999999999938e-01 1.043048149222340015e+00 9.397260657589945332e-01 1.043048462803276122e+00 9.397233635490818138e-01
6.497500000000000497e-01 1.045015857856727015e+00 9.397260588555037542e-01 1.045016166523379697e+00 9.397233635490818138e-01
6.502499999999999947e-01 1.046982201527210332e+00 9.397260517683526659e-01 1.046982505328451163e+00 9.397233635490818138e-01
6.507499999999999396e-01 1.048947100598826898e+00 9.397260440330592601e-01 1.048947399696873672e+00 9.397233635490818138e-01
6.512499999999999956e-01 1.050910475622103935e+00 9.397260353806161648e-01 1.050910770244639414e+00 9.397233635490818138e-01
6.517500000000000515e-01 1.052872247359523339e+00 9.397260258265148769e-01 1.052872537730161984e+00 9.397233635490818138e-01
6.522499999999999964e-01 1.054832336789285341e+00 9.397260156682517573e-01 1.054832623059033914e+00 9.397233635490818138e-01
6.527499999999999414e-01 1.056790665084120784e+00 9.397260053793996537e-01 1.056790947288630100e+00 9.397233635490818138e-01
6.532499999999999973e-01 1.058747153575454680e+00 9.397259954436871787e-01 1.058747431632617086e+00 9.397233635490818138e-01
6.537500000000000533e-01 1.060701723717103029e+00 9.397259861883706655e-01 1.060701997465345769e+00 9.397233635490818138e-01
6.542499999999999982e-01 1.062654297062464170e+00 9.397259776715756185e-01 1.062654566326174832e+00 9.397233635490818138e-01
6.547499999999999432e-01 1.064604795265955861e+00 9.397259696703421650e-01 1.064605059923632080e+00 9.397233635490818138e-01
6.552499999999999991e-01 1.066553140108178255e+00 9.397259617681583688e-01 1.066553400139481189e+00 9.397233635490818138e-01
6.557500000000000551e-01 1.068499253534023419e+00 9.397259534957189686e-01 1.068499509032706296e+00 9.397233635490818138e-01
6.562500000000000000e-01 1.070443057692993527e+00 9.397259444805911022e-01 1.070443308843300967e+00 9.397233635490818138e-01
6.567499999999999449e-01 1.072384474973882451e+00 9.397259345736679315e-01 1.072384721996055834e+00 9.397233635490818138e-01
6.572500000000000009e-01 1.074323428023871596e+00 9.397259239140616227e-01 1.074323671104110645e+00 9.397233635490818138e-01
6.577500000000000568e-01 1.076259839743641589e+00 9.397259128956211294e-01 1.076260078972463230e+00 9.397233635490818138e-01
6.582500000000000018e-01 1.078193633260621009e+00 9.397259020422782383e-01 1.078193868601350358e+00 9.397233635490818138e-01
6.587499999999999467e-01 1.080124731891600298e+00 9.397258918410764661e-01 1.080124963189468934e+00 9.397233635490818138e-01
6.592500000000000027e-01 1.082053059106957482e+00 9.397258825820113959e-01 1.082053286137123038e+00 9.397233635490818138e-01
6.597500000000000586e-01 1.083978538509916767e+00 9.397258742584508884e-01 1.083978761049211759e+00 9.397233635490818138e-01
6.602500000000000036e-01 1.085901093841069365e+00 9.397258665736046845e-01 1.085901311738099118e+00 9.397233635490818138e-01
6.607499999999999485e-01 1.087820649005144968e+00 9.397258590404011791e-01 1.087820862226413610e+00 9.397233635490818138e-01
6.612500000000000044e-01 1.089737128108147379e+00 9.397258511243498091e-01 1.089737336749616370e+00 9.397233635490818138e-01
6.617500000000000604e-01 1.091650455495802197e+00 9.397258423912315806e-01 1.091650659758556463e+00 9.397233635490818138e-01
6.622500000000000053e-01 1.093560555787143951e+00 9.397258326353026270e-01 1.093560755921824112e+00 9.397233635490818138e-01
6.627499999999999503e-01 1.095467353894813645e+00 9.397258219544968316e-01 1.095467550128014889e+00 9.397233635490818138e-01
6.632500000000000062e-01 1.097370775022032063e+00 9.397258107307568942e-01 1.097370967487842464e+00 9.397233635490818138e-01
6.637500000000000622e-01 1.099270744635946429e+00 9.397257995109622453e-01 1.099270933336149891e+00 9.397233635490818138e-01
6.642500000000000071e-01 1.101167188428030741e+00 9.397257888354714206e-01 1.101167373233789215e+00 9.397233635490818138e-01
6.647499999999999520e-01 1.103060032273819546e+00 9.397257790651963871e-01 1.103060212969330101e+00 9.397233635490818138e-01
6.652500000000000080e-01 1.104949202205491199e+00 9.397257702595198658e-01 1.104949378560727613e+00 9.397233635490818138e-01
6.657500000000000639e-01 1.106834624409815948e+00 9.397257621608934297e-01 1.106834796256768616e+00 9.397233635490818138e-01
6.662500000000000089e-01 1.108716225251761056e+00 9.397257542880200765e-01 1.108716392538452888e+00 9.397233635490818138e-01
6.667499999999999538e-01 1.110593931312187310e+00 9.397257460873718049e-01 1.110594094120226361e+00 9.397233635490818138e-01
6.672500000000000098e-01 1.112467669428847117e+00 9.397257370979055224e-01 1.112467827951081123e+00 9.397233635490818138e-01
6.677500000000000657e-01 1.114337366733189727e+00 9.397257270984167299e-01 1.114337521215553517e+00 9.397233635490818138e-01
6.682500000000000107e-01 1.116202950672119165e+00 9.397257161951819704e-01 1.116203101334538594e+00 9.397233635490818138e-01
6.687499999999999556e-01 1.118064349002182434e+00 9.397257047964764354e-01 1.118064495966062610e+00 9.397233635490818138e-01
6.692500000000000115e-01 1.119921489755540289e+00 9.397256934682829410e-01 1.119921633005844130e+00 9.397233635490818138e-01
6.697500000000000675e-01 1.121774301191620804e+00 9.397256827319298012e-01 1.121774440587798516e+00 9.397233635490818138e-01
6.702500000000000124e-01 1.123622711751465220e+00 9.397256728734113551e-01 1.123622847084362109e+00 9.397233635490818138e-01
6.707499999999999574e-01 1.125466650032775240e+00 9.397256638365834025e-01 1.125466781106721825e+00 9.397233635490818138e-01
6.712500000000000133e-01 1.127306044796975382e+00 9.397256552520619755e-01 1.127306171504924182e+00 9.397233635490818138e-01
6.717500000000000693e-01 1.129140825001855752e+00 9.397256465743446530e-01 1.129140947367860859e+00 9.397233635490818138e-01
6.722500000000000142e-01 1.130970919844521472e+00 9.397256372611764164e-01 1.130971038023087738e+00 9.397233635490818138e-01
6.727499999999999591e-01 1.132796258803711487e+00 9.397256269491438552e-01 1.132796373036597304e+00 9.397233635490818138e-01
6.732500000000000151e-01 1.134616771671650426e+00 9.397256155873712213e-01 1.134616882212399869e+00 9.397233635490818138e-01
6.737500000000000711e-01 1.136432388561624984e+00 9.397256034734861041e-01 1.136432495592029079e+00 9.397233635490818138e-01
6.742500000000000160e-01 1.138243039883942487e+00 9.397255911564028619e-01 1.138243143453920858e+00 9.397233635490818138e-01
6.747499999999999609e-01 1.140048656300537200e+00 9.397255792495274873e-01 1.140048756312646683e+00 9.397233635490818138e-01
6.752500000000000169e-01 1.141849168674754722e+00 9.397255682264418208e-01 1.141849264918088913e+00 9.397233635490818138e-01
6.757500000000000728e-01 1.143644508031470330e+00 9.397255582577989097e-01 1.143644600254414945e+00 9.397233635490818138e-01
6.762500000000000178e-01 1.145434605543888873e+00 9.397255491587028775e-01 1.145434693539023385e+00 9.397233635490818138e-01
6.767499999999999627e-01 1.147219392551368289e+00 9.397255404692197445e-01 1.147219476221333689e+00 9.397233635490818138e-01
6.772500000000000187e-01 1.148998800595817826e+00 9.397255316126464919e-01 1.148998879981449672e+00 9.397233635490818138e-01
6.777500000000000746e-01 1.150772761462545590e+00 9.397255220713222057e-01 1.150772836728756410e+00 9.397233635490818138e-01
6.782500000000000195e-01 1.152541207217284924e+00 9.397255115464824282e-01 1.152541278600367480e+00 9.397233635490818138e-01
6.787499999999999645e-01 1.154304070230541601e+00 9.397255000668207625e-01 1.154304137959492715e+00 9.397233635490818138e-01
6.792500000000000204e-01 1.156061283176519794e+00 9.397254879934575644e-01 1.156061347393692262e+00 9.397233635490818138e-01
6.797500000000000764e-01 1.157812779002669101e+00 9.397254759002130475e-01 1.157812839713013187e+00 9.397233635490818138e-01
6.802500000000000213e-01 1.159558490881204662e+00 9.397254643790460271e-01 1.159558547948023488e+00 9.397233635490818138e-01
6.807499999999999662e-01 1.161298352158316671e+00 9.397254538372743493e-01 1.161298405347788165e+00 9.397233635490818138e-01
6.812500000000000222e-01 1.163032296317612957e+00 9.397254443516731559e-01 1.163032345377689403e+00 9.397233635490818138e-01
6.817500000000000782e-01 1.164760256973059960e+00 9.397254356472903858e-01 1.164760301717183477e+00 9.397233635490818138e-01
6.822500000000000231e-01 1.166482167891134347e+00 9.397254272014460286e-01 1.166482208257439979e+00 9.397233635490818138e-01
6.827499999999999680e-01 1.168197963027954644e+00 9.397254184098540186e-01 1.168197999098905759e+00 9.397233635490818138e-01
6.832500000000000240e-01 1.169907576568680607e+00 9.397254087614579365e-01 1.169907608548779843e+00 9.397233635490818138e-01
6.837500000000000799e-01 1.171610942961346602e+00 9.397253979900459520e-01 1.171610971118379085e+00 9.397233635490818138e-01
6.842500000000000249e-01 1.173307996935199160e+00 9.397253861629784044e-01 1.173308021520430344e+00 9.397233635490818138e-01
6.847499999999999698e-01 1.174998673491503443e+00 9.397253736565185367e-01 1.174998694666253840e+00 9.397233635490818138e-01
6.852500000000000258e-01 1.176682907866744454e+00 9.397253610129158163e-01 1.176682925662924761e+00 9.397233635490818138e-01
6.857500000000000817e-01 1.178360635482978314e+00 9.397253487447737585e-01 1.178360649810269001e+00 9.397233635490818138e-01
6.862500000000000266e-01 1.180031791902783844e+00 9.397253371591758331e-01 1.180031802597834023e+00 9.397233635490818138e-01
6.867499999999999716e-01 1.181696312803606652e+00 9.397253262614635450e-01 1.181696319701774467e+00 9.397233635490818138e-01
6.872500000000000275e-01 1.183354133980234479e+00 9.397253157787947009e-01 1.183354136981666471e+00 9.397233635490818138e-01
6.877500000000000835e-01 1.185005191370255062e+00 9.397253052819600772e-01 1.185005190477198767e+00 9.397233635490818138e-01
6.882500000000000284e-01 1.186649421089231549e+00 9.397252943468612507e-01 1.186649416404890856e+00 9.397233635490818138e-01
6.887499999999999734e-01 1.188286759464032283e+00 9.397252827080720960e-01 1.188286751154651100e+00 9.397233635490818138e-01
6.892500000000000293e-01 1.189917143054647575e+00 9.397252703649859873e-01 1.189917131286307939e+00 9.397233635490818138e-01
6.897500000000000853e-01 1.191540508653957442e+00 9.397252575970338473e-01 1.191540493526085598e+00 9.397233635490818138e-01
6.902500000000000302e-01 1.193156793261791471e+00 9.397252448699509042e-01 1.193156774762991867e+00 9.397233635490818138e-01
6.907499999999999751e-01 1.194765934041783773e+00 9.397252326694944813e-01 1.194765912045197664e+00 9.397233635490818138e-01
6.912500000000000311e-01 1.196367868275215240e+00 9.397252213234393858e-01 1.196367842576292251e+00 9.397233635490818138e-01
6.917500000000000870e-01 1.197962533327892487e+00 9.397252108765239420e-01 1.197962503711517357e+00 9.397233635490818138e-01
6.922500000000000320e-01 1.199549866642725338e+00 9.397252010744525652e-01 1.199549832953991313e+00 9.397233635490818138e-01
6.927499999999999769e-01 1.201129805757453983e+00 9.397251914559974217e-01 1.201129767950803062e+00 9.397233635490818138e-01
6.932500000000000329e-01 1.202702288336275460e+00 9.397251815029594724e-01 1.202702246489124382e+00 9.397233635490818138e-01
6.937500000000000888e-01 1.204267252204237471e+00 9.397251708010316840e-01 1.204267206492278364e+00 9.397233635490818138e-01
6.942500000000000338e-01 1.205824635375912557e+00 9.397251591768869261e-01 1.205824586015686428e+00 9.397233635490818138e-01
6.947499999999999787e-01 1.207374376067912092e+00 9.397251467684962778e-01 1.207374323242900616e+00 9.397233635490818138e-01
6.952500000000000346e-01 1.208916412684790220e+00 9.397251339841914408e-01 1.208916356481526622e+00 9.397233635490818138e-01
6.957500000000000906e-01 1.210450683779912939e+00 9.397251213546546911e-01 1.210450624159086885e+00 9.397233635490818138e-01
6.962500000000000355e-01 1.211977128005096827e+00 9.397251093380312170e-01 1.211977064818944072e+00 9.397233635490818138e-01
6.967499999999999805e-01 1.213495684066002722e+00 9.397250981488485255e-01 1.213495617116120862e+00 9.397233635490818138e-01
6.972500000000000364e-01 1.215006290700031188e+00 9.397250876806000353e-01 1.215006219813124178e+00 9.397233635490818138e-01
6.977500000000000924e-01 1.216508886683828283e+00 9.397250775557068891e-01 1.216508811775764309e+00 9.397233635490818138e-01
6.982500000000000373e-01 1.218003410862068980e+00 9.397250672659842596e-01 1.218003331968916747e+00 9.397233635490818138e-01
6.987499999999999822e-01 1.219489802183551630e+00 9.397250563427259618e-01 1.219489719452287124e+00 9.397233635490818138e-01
6.992500000000000382e-01 1.220967999733588716e+00 9.397250445104123884e-01 1.220967913376187930e+00 9.397233635490818138e-01
6.997500000000000941e-01 1.222437942752234052e+00 9.397250317818296450e-01 1.222437852977294570e+00 9.397233635490818138e-01
7.002500000000000391e-01 1.223899570627876576e+00 9.397250184508422199e-01 1.223899477574321049e+00 9.397233635490818138e-01
7.007499999999999840e-01 1.225352822865781288e+00 9.397250049770722313e-01 1.225352726563817995e+00 9.397233635490818138e-01
7.012500000000000400e-01 1.226797639044359789e+00 9.397249918187690065e-01 1.226797539415901861e+00 9.397233635490818138e-01
7.017500000000000959e-01 1.228233958775844181e+00 9.397249792847728322e-01 1.228233855669939700e+00 9.397233635490818138e-01
7.022500000000000409e-01 1.229661721683938502e+00 9.397249674569159161e-01 1.229661614930336544e+00 9.397233635490818138e-01
7.027499999999999858e-01 1.231080867402676304e+00 9.397249562029786896e-01 1.231080756862267700e+00 9.397233635490818138e-01
7.032500000000000417e-01 1.232491335589861903e+00 9.397249452518099400e-01 1.232491221187456798e+00 9.397233635490818138e-01
7.037499999999999867e-01 1.233893065943031386e+00 9.397249342790493509e-01 1.233892947679893215e+00 9.397233635490818138e-01
7.042500000000000426e-01 1.235285998210732483e+00 9.397249229723189101e-01 1.235285876161709817e+00 9.397233635490818138e-01
7.047499999999999876e-01 1.236670072198954529e+00 9.397249110766752178e-01 1.236669946498888617e+00 9.397233635490818138e-01
7.052499999999999325e-01 1.238045227776903623e+00 9.397248984364535707e-01 1.238045098597180260e+00 9.397233635490818138e-01
7.057499999999999885e-01 1.239411404883556944e+00 9.397248850408064236e-01 1.239411272397931807e+00 9.397233635490818138e-01
7.062500000000000444e-01 1.240768543532380974e+00 9.397248710615332401e-01 1.240768407873947821e+00 9.397233635490818138e-01
7.067499999999999893e-01 1.242116583811687880e+00 9.397248568722869067e-01 1.242116445025439386e+00 9.397233635490818138e-01
7.072499999999999343e-01 1.243455465885185518e+00 9.397248430686362397e-01 1.243455323875968466e+00 9.397233635490818138e-01
7.077499999999999902e-01 1.244785130002882045e+00 9.397248305321559414e-01 1.244784984468457978e+00 9.397233635490818138e-01
7.082500000000000462e-01 1.246105516527587165e+00 9.397248205573849322e-01 1.246105366861196995e+00 9.397233635490818138e-01
7.087499999999999911e-01 1.247416565965703494e+00 9.397248149938450812e-01 1.247416411123922764e+00 9.397233635490818138e-01
7.092499999999999361e-01 1.248718218962104665e+00 9.397248162546353312e-01 1.248718057333967790e+00 9.397233635490818138e-01
7.097499999999999920e-01 1.250010416227367749e+00 9.397248270305718076e-01 1.250010245572399370e+00 9.397233635490818138e-01
7.102500000000000480e-01 1.251293098449600016e+00 9.397248499111549025e-01 1.251292915920302562e+00 9.397233635490818138e-01
7.107499999999999929e-01 1.252566206286886308e+00 9.397248873716034234e-01 1.252566008455008317e+00 9.397233635490818138e-01
7.112499999999999378e-01 1.253829680438564020e+00 9.397249420984220558e-01 1.253829463246459719e+00 9.397233635490818138e-01
7.117499999999999938e-01 1.255083461649836751e+00 9.397250170225424082e-01 1.255083220353638840e+00 9.397233635490818138e-01
7.122500000000000497e-01 1.256327490558793336e+00 9.397251146819016743e-01 1.256327219821026686e+00 9.397233635490818138e-01
7.127499999999999947e-01 1.257561707544360807e+00 9.397252365894102066e-01 1.257561401675137303e+00 9.397233635490818138e-01
7.132499999999999396e-01 1.258786052870956684e+00 9.397253838623250699e-01 1.258785705921132037e+00 9.397233635490818138e-01
7.137499999999999956e-01 1.260000467195194984e+00 9.397255593948801167e-01 1.260000072539551486e+00 9.397233635490818138e-01
7.142500000000000515e-01 1.261204892005665767e+00 9.397257697501023577e-01 1.261204441483018801e+00 9.397233635490818138e-01
7.147499999999999964e-01 1.262399269262774126e+00 9.397260236386290044e-01 1.262398752673141722e+00 9.397233635490818138e-01
7.152499999999999414e-01 1.263583539994683758e+00 9.397263259451067441e-01 1.263582945997427043e+00 9.397233635490818138e-01
7.157499999999999973e-01 1.264757642799530624e+00 9.397266713544650818e-01 1.264756961306324312e+00 9.397233635490818138e-01
7.162500000000000533e-01 1.265921513800381204e+00 9.397270441567711075e-01 1.265920738410304391e+00 9.397233635490818138e-01
7.167499999999999982e-01 1.267075089081679318e+00 9.397274286471087867e-01 1.267074217077096110e+00 9.397233635490818138e-01
7.172499999999999432e-01 1.268218309910655206e+00 9.397278314240652408e-01 1.268217337028991532e+00 9.397233635490818138e-01
7.177499999999999991e-01 1.269351127712731397e+00 9.397283026540652617e-01 1.269350037940227383e+00 9.397233635490818138e-01
7.182500000000000551e-01 1.270473502601668248e+00 9.397289299147417729e-01 1.270472259434526352e+00 9.397233635490818138e-01
7.187500000000000000e-01 1.271585392637296863e+00 9.397297922008425175e-01 1.271583941082686797e+00 9.397233635490818138e-01
7.192499999999999449e-01 1.272686740077168865e+00 9.397309013501899955e-01 1.272685022400342536e+00 9.397233635490818138e-01
7.197500000000000009e-01 1.273777473675287819e+00 9.397322117570688915e-01 1.273775442845759720e+00 9.397233635490818138e-01
7.202500000000000568e-01 1.274857529392796618e+00 9.397337088374074776e-01 1.274855141817825332e+00 9.397233635490818138e-01
7.207500000000000018e-01 1.275926880884374670e+00 9.397355392984193534e-01 1.275924058654073212e+00 9.397233635490818138e-01
7.212499999999999467e-01 1.276985562793889750e+00 9.397381111327767211e-01 1.276982132628954325e+00 9.397233635490818138e-01
7.217500000000000027e-01 1.278033669666812866e+00 9.397420889748719919e-01 1.278029302952090829e+00 9.397233635490818138e-01
7.222500000000000586e-01 1.279071270581339403e+00 9.397480291499522576e-01 1.279065508766755288e+00 9.397233635490818138e-01
7.227500000000000036e-01 1.280098282161246992e+00 9.397558365683351678e-01 1.280090689148446925e+00 9.397233635490818138e-01
7.232499999999999485e-01 1.281114475785499973e+00 9.397647948797590578e-01 1.281104783103598654e+00 9.397233635490818138e-01
7.237500000000000044e-01 1.282119550049679146e+00 9.397738760564819938e-01 1.282107729568425558e+00 9.397233635490818138e-01
7.242500000000000604e-01 1.283113187960096990e+00 9.397819849578590290e-01 1.283099467407939676e+00 9.397233635490818138e-01
7.247500000000000053e-01 1.284095105053750352e+00 9.397881652622717130e-01 1.284079935415058937e+00 9.397233635490818138e-01
7.252499999999999503e-01 1.285065130183651094e+00 9.397919456759971091e-01 1.285049072309911500e+00 9.397233635490818138e-01
7.257500000000000062e-01 1.286023327062627564e+00 9.397938610212250854e-01 1.286006816739231118e+00 9.397233635490818138e-01
7.262500000000000622e-01 1.286969847956901170e+00 9.397948255484532831e-01 1.286953107275981445e+00 9.397233635490818138e-01
7.267500000000000071e-01 1.287904745782861404e+00 9.397953290883819255e-01 1.287887882419090246e+00 9.397233635490818138e-01
7.272499999999999520e-01 1.288828012526696432e+00 9.397956009756314177e-01 1.288811080593307068e+00 9.397233635490818138e-01
7.277500000000000080e-01 1.289739613290195486e+00 9.397957557503615611e-01 1.289722640149294719e+00 9.397233635490818138e-01
7.282500000000000639e-01 1.290639500324999744e+00 9.397958532440394697e-01 1.290622499363842879e+00 9.397233635490818138e-01
7.287500000000000089e-01 1.291527619465212329e+00 9.397959261568382683e-01 1.291510596440273551e+00 9.397233635490818138e-01
7.292499999999999538e-01 1.292403913063537413e+00 9.397959926165517786e-01 1.292386869508977298e+00 9.397233635490818138e-01
7.297500000000000098e-01 1.293268321100197848e+00 9.397960608536317650e-01 1.293251256628127344e+00 9.397233635490818138e-01
7.302500000000000657e-01 1.294120781855915503e+00 9.397961321230907661e-01 1.294103695784661667e+00 9.397233635490818138e-01
7.307500000000000107e-01 1.294961232825487141e+00 9.397962046155380333e-01 1.294944124895271997e+00 9.397233635490818138e-01
7.312499999999999556e-01 1.295789611377959671e+00 9.397962762769690448e-01 1.295772481807732301e+00 9.397233635490818138e-01
7.317500000000000115e-01 1.296605855019833609e+00 9.397963459317316692e-01 1.296588704302348960e+00 9.397233635490818138e-01
7.322500000000000675e-01 1.297409901426677337e+00 9.397964134119297652e-01 1.297392730093556823e+00 9.397233635490818138e-01
7.327500000000000124e-01 1.298201688372454088e+00 9.397964792466906303e-01 1.298184496831794377e+00 9.397233635490818138e-01
7.332499999999999574e-01 1.298981153631670216e+00 9.397965442340457942e-01 1.298963942105490377e+00 9.397233635490818138e-01
7.337500000000000133e-01 1.299748234900433008e+00 9.397966090925782279e-01 1.299731003443273414e+00 9.397233635490818138e-01
7.342500000000000693e-01 1.300502869756332336e+00 9.397966742786240113e-01 1.300485618316407077e+00 9.397233635490818138e-01
7.347500000000000142e-01 1.301244995655245651e+00 9.397967399613070816e-01 1.301227724141371667e+00 9.397233635490818138e-01
7.352499999999999591e-01 1.301974549951422588e+00 9.397968060964356773e-01 1.301957258282699703e+00 9.397233635490818138e-01
7.357500000000000151e-01 1.302691469925555401e+00 9.397968725339456153e-01 1.302674158055997289e+00 9.397233635490818138e-01
7.362500000000000711e-01 1.303395692809975026e+00 9.397969391125433614e-01 1.303378360731108465e+00 9.397233635490818138e-01
7.367500000000000160e-01 1.304087155805965903e+00 9.397970057190037085e-01 1.304069803535634842e+00 9.397233635490818138e-01
7.372499999999999609e-01 1.304765796092087760e+00 9.397970723085933287e-01 1.304748423658507850e+00 9.397233635490818138e-01
7.377500000000000169e-01 1.305431550825838505e+00 9.397971388953878513e-01 1.305414158253912049e+00 9.397233635490818138e-01
7.382500000000000728e-01 1.306084357141720886e+00 9.397972055267865832e-01 1.306066944445289701e+00 9.397233635490818138e-01
7.387500000000000178e-01 1.306724152149248308e+00 9.397972722562188963e-01 1.306706719329703281e+00 9.397233635490818138e-01
7.392499999999999627e-01 1.307350872932852459e+00 9.397973391235568963e-01 1.307333419982295464e+00 9.397233635490818138e-01
7.397500000000000187e-01 1.307964456554730592e+00 9.397974061467727624e-01 1.307946983461070189e+00 9.397233635490818138e-01
7.402500000000000746e-01 1.308564840060166823e+00 9.397974733235594513e-01 1.308547346811834267e+00 9.397233635490818138e-01
7.407500000000000195e-01 1.309151960484531640e+00 9.397975406391132491e-01 1.309134447073395435e+00 9.397233635490818138e-01
7.412499999999999645e-01 1.309725754860949554e+00 9.397976080758386752e-01 1.309708221282964047e+00 9.397233635490818138e-01
7.417500000000000204e-01 1.310286160227899011e+00 9.397976756215851157e-01 1.310268606481837850e+00 9.397233635490818138e-01
7.422500000000000764e-01 1.310833113636145075e+00 9.397977432742830040e-01 1.310815539721258416e+00 9.397233635490818138e-01
7.427500000000000213e-01 1.311366552154929810e+00 9.397978110421922882e-01 1.311348958068551118e+00 9.397233635490818138e-01
7.432499999999999662e-01 1.311886412877449670e+00 9.397978789402956501e-01 1.311868798613439191e+00 9.397233635490818138e-01
7.437500000000000222e-01 1.312392632926134839e+00 9.397979469844019995e-01 1.312374998474688192e+00 9.397233635490818138e-01
7.442500000000000782e-01 1.312885149458043132e+00 9.397980151851292874e-01 1.312867494806898572e+00 9.397233635490818138e-01
7.447500000000000231e-01 1.313363899670989765e+00 9.397980835437532710e-01 1.313346224807609541e+00 9.397233635490818138e-01
7.452499999999999680e-01 1.313828820810579501e+00 9.397981520510979569e-01 1.313811125724577700e+00 9.397233635490818138e-01
7.457500000000000240e-01 1.314279850178231568e+00 9.397982206894341939e-01 1.314262134863361187e+00 9.397233635490818138e-01
7.462500000000000799e-01 1.314716925139878700e+00 9.397982894362821860e-01 1.314699189595134099e+00 9.397233635490818138e-01
7.467500000000000249e-01 1.315139983134945068e+00 9.397983582685394133e-01 1.315122227364712293e+00 9.397233635490818138e-01
7.472499999999999698e-01 1.315548961685334639e+00 9.397984271654957755e-01 1.315531185698836758e+00 9.397233635490818138e-01
7.477500000000000258e-01 1.315943798404309195e+00 9.397984961100518397e-01 1.315926002214768298e+00 9.397233635490818138e-01
7.482500000000000817e-01 1.316324431005140960e+00 9.397985650882800801e-01 1.316306614629040972e+00 9.397233635490818138e-01
7.487500000000000266e-01 1.316690797309842731e+00 9.397986340880463141e-01 1.316672960766522849e+00 9.397233635490818138e-01
7.492499999999999716e-01 1.317042835258151801e+00 9.397987030976060474e-01 1.317024978569714122e+00 9.397233635490818138e-01
7.497500000000000275e-01 1.317380482916885587e+00 9.397987721048334242e-01 1.317362606108284595e+00 9.397233635490818138e-01
7.502500000000000835e-01 1.317703678489744235e+00 9.397988410972910600e-01 1.317685781588862293e+00 9.397233635490818138e-01
7.507500000000000284e-01 1.318012360327535770e+00 9.397989100629799974e-01 1.317994443365088975e+00 9.397233635490818138e-01
7.512499999999999734e-01 1.318306466938778065e+00 9.397989789913839820e-01 1.318288529947969634e+00 9.397233635490818138e-01
7.517500000000000293e-01 1.318585937000363861e+00 9.397990478743978304e-01 1.318567980016330576e+00 9.397233635490818138e-01
7.522500000000000853e-01 1.318850709368600160e+00 9.397991167068349139e-01 1.318832732427732246e+00 9.397233635490818138e-01
7.527500000000000302e-01 1.319100723090157024e+00 9.397991854863603223e-01 1.319082726229445335e+00 9.397233635490818138e-01
7.532499999999999751e-01 1.319335917413283266e+00 9.397992542128410509e-01 1.319317900669814136e+00 9.397233635490818138e-01
7.537500000000000311e-01 1.319556231799103863e+00 9.397993228872825178e-01 1.319538195209793541e+00 9.397233635490818138e-01
7.542500000000000870e-01 1.319761605933180038e+00 9.397993915106112039e-01 1.319743549534795113e+00 9.397233635490818138e-01
7.547500000000000320e-01 1.319951979737313152e+00 9.397994600826373723e-01 1.319933903566738120e+00 9.397233635490818138e-01
7.552499999999999769e-01 1.320127293381708533e+00 9.397995286014358962e-01 1.320109197476354801e+00 9.397233635490818138e-01
7.557500000000000329e-01 1.320287487297546747e+00 9.397995970631891627e-01 1.320269371695786731e+00 9.397233635490818138e-01
7.562500000000000888e-01 1.320432502189794022e+00 9.397996654623205215e-01 1.320414366931373928e+00 9.397233635490818138e-01
7.567500000000000338e-01 1.320562279050323307e+00 9.397997337916084160e-01 1.320544124176750600e+00 9.397233635490818138e-01
7.572499999999999787e-01 1.320676759171176329e+00 9.397998020420670340e-01 1.320658584726137397e+00 9.397233635490818138e-01
7.577500000000000346e-01 1.320775884158075009e+00 9.397998702026327811e-01 1.320757690187913891e+00 9.397233635490818138e-01
7.582500000000000906e-01 1.320859595944170906e+00 9.397999382600572549e-01 1.320841382498398442e+00 9.397233635490818138e-01
7.587500000000000355e-01 1.320927836804244304e+00 9.398000061995488430e-01 1.320909603935902288e+00 9.397233635490818138e-01
7.592499999999999805e-01 1.320980549369418888e+00 9.398000740065479697e-01 1.320962297135031438e+00 9.397233635490818138e-01
7.597500000000000364e-01 1.321017676642323835e+00 9.398001416695349608e-01 1.320999405101191737e+00 9.397233635490818138e-01
7.602500000000000924e-01 1.321039162012576318e+00 9.398002091832171612e-01 1.321020871225335735e+00 9.397233635490818138e-01
7.607500000000000373e-01 1.321044949272387914e+00 9.398002765510702350e-01 1.321026639298984451e+00 9.397233635490818138e-01
7.612499999999999822e-01 1.321034982631994925e+00 9.398003437862502141e-01 1.321016653529444307e+00 9.397233635490818138e-01
7.617500000000000382e-01 1.321009206734818253e+00 9.398004109104184378e-01 1.320990858555231684e+00 9.397233635490818138e-01
7.622500000000000941e-01 1.320967566672484494e+00 9.398004779507432849e-01 1.320949199461799006e+00 9.397233635490818138e-01
7.627500000000000391e-01 1.320910007999785307e+00 9.398005449359376762e-01 1.320891621797408932e+00 9.397233635490818138e-01
7.632499999999999840e-01 1.320836476749917443e+00 9.398006118923949437e-01 1.320818071589275666e+00 9.397233635490818138e-01
7.637500000000000400e-01 1.320746919450136003e+00 9.398006788411966683e-01 1.320728495359903221e+00 9.397233635490818138e-01
7.642500000000000959e-01 1.320641283137842681e+00 9.398007457962165301e-01 1.320622840143615973e+00 9.397233635490818138e-01
7.647500000000000409e-01 1.320519515377124531e+00 9.398008127630418373e-01 1.320501053503354782e+00 9.397233635490818138e-01
7.652499999999999858e-01 1.320381564275574515e+00 9.398008797383028412e-01 1.320363083547646532e+00 9.397233635490818138e-01
7.657500000000000417e-01 1.320227378501361182e+00 9.398009467092406366e-01 1.320208878947771503e+00 9.397233635490818138e-01
7.662500000000000977e-01 1.320056907300588334e+00 9.398010136537656711e-01 1.320038388955114383e+00 9.397233635490818138e-01
7.667500000000000426e-01 1.319870100515157185e+00 9.398010805415524249e-01 1.319851563418774631e+00 9.397233635490818138e-01
7.672499999999999876e-01 1.319666908601080157e+00 9.398011473365778246e-01 1.319648352803289404e+00 9.397233635490818138e-01
7.677500000000000435e-01 1.319447282647327135e+00 9.398012140009209814e-01 1.319428708206593193e+00 9.397233635490818138e-01
7.682499999999999885e-01 1.319211174394878672e+00 9.398012804989703817e-01 1.319192581378100471e+00 9.397233635490818138e-01
7.687500000000000444e-01 1.318958536255862235e+00 9.398013468007581084e-01 1.318939924737070557e+00 9.397233635490818138e-01
7.692499999999999893e-01 1.318689321332265019e+00 9.398014128832745673e-01 1.318670691391011562e+00 9.397233635490818138e-01
7.697499999999999343e-01 1.318403483434332113e+00 9.398014787294700634e-01 1.318384835154308377e+00 9.397233635490818138e-01
7.702499999999999902e-01 1.318100977098789706e+00 9.398015443256872992e-01 1.318082310567048054e+00 9.397233635490818138e-01
7.707500000000000462e-01 1.317781757607165982e+00 9.398016096590147139e-01 1.317763072913948008e+00 9.397233635490818138e-01
7.712499999999999911e-01 1.317445781004579874e+00 9.398016747161078710e-01 1.317427078243424976e+00 9.397233635490818138e-01
7.717499999999999361e-01 1.317093004119207489e+00 9.398017394841784444e-01 1.317074283386828526e+00 9.397233635490818138e-01
7.722499999999999920e-01 1.316723384582243916e+00 9.398018039536102375e-01 1.316704645977789134e+00 9.397233635490818138e-01
7.727500000000000480e-01 1.316336880848029356e+00 9.398018681206419256e-01 1.316318124471734796e+00 9.397233635490818138e-01
7.732499999999999929e-01 1.315933452213866817e+00 9.398019319883008649e-01 1.315914678165482021e+00 9.397233635490818138e-01
7.737499999999999378e-01 1.315513058839301141e+00 9.398019955645983137e-01 1.315494267216937851e+00 9.397233635490818138e-01
7.742499999999999938e-01 1.315075661765010562e+00 9.398020588583253510e-01 1.315056852664963749e+00 9.397233635490818138e-01
7.747500000000000497e-01 1.314621222931541711e+00 9.398021218740362226e-01 1.314602396449278787e+00 9.397233635490818138e-01
7.752499999999999947e-01 1.314149705198448537e+00 9.398021846083239872e-01 1.314130861430462538e+00 9.397233635490818138e-01
7.757499999999999396e-01 1.313661072364206150e+00 9.398022470488849311e-01 1.313642211410086968e+00 9.397233635490818138e-01
7.762499999999999956e-01 1.313155289186865637e+00 9.398023091765954629e-01 1.313136411150883864e+00 9.397233635490818138e-01
7.767500000000000515e-01 1.312632321405198033e+00 9.398023709694931505e-01 1.312613426396974869e+00 9.397233635490818138e-01
7.772499999999999964e-01 1.312092135759959755e+00 9.398024324068945390e-01 1.312073223894173912e+00 9.397233635490818138e-01
7.777499999999999414e-01 1.311534700014865606e+00 9.398024934720713430e-01 1.311515771410341813e+00 9.397233635490818138e-01
7.782499999999999973e-01 1.310959982977146110e+00 9.398025541527528226e-01 1.310941037755822602e+00 9.397233635490818138e-01
7.787500000000000533e-01 1.310367954517567268e+00 9.398026144397300108e-01 1.310348992803787027e+00 9.397233635490818138e-01
7.792499999999999982e-01 1.309758585590417024e+00 9.398026743245104786e-01 1.309739607510770565e+00 9.397233635490818138e-01
7.797499999999999432e-01 1.309131848253412223e+00 9.398027337971409656e-01 1.309112853937082654e+00 9.397233635490818138e-01
7.802499999999999991e-01 1.308487715687964847e+00 9.398027928452244995e-01 1.308468705267296528e+00 9.397233635490818138e-01
7.807500000000000551e-01 1.307826162219872579e+00 9.398028514548857348e-01 1.307807135830721279e+00 9.397233635490818138e-01
7.812500000000000000e-01 1.307147163340564022e+00 9.398029096141152783e-01 1.307128121121871933e+00 9.397233635490818138e-01
7.817499999999999449e-01 1.306450695728782252e+00 9.398029673183931898e-01 1.306431637820842262e+00 9.397233635490818138e-01
7.822500000000000009e-01 1.305736737272655379e+00 9.398030245775946812e-01 1.305717663813761975e+00 9.397233635490818138e-01
7.827500000000000568e-01 1.305005267091428500e+00 9.398030814220059703e-01 1.304986178213136450e+00 9.397233635490818138e-01
7.832500000000000018e-01 1.304256265556234418e+00 9.398031379045113098e-01 1.304237161378106746e+00 9.397233635490818138e-01
7.837499999999999467e-01 1.303489714309418401e+00 9.398031940963735842e-01 1.303470594934749816e+00 9.397233635490818138e-01
7.842500000000000027e-01 1.302705596281976685e+00 9.398032500758966012e-01 1.302686461796148887e+00 9.397233635490818138e-01
7.847500000000000586e-01 1.301903895709960679e+00 9.398033059123025446e-01 1.301884746182555785e+00 9.397233635490818138e-01
7.852500000000000036e-01 1.301084598150697769e+00 9.398033616498564502e-01 1.301065433641304336e+00 9.397233635490818138e-01
7.857499999999999485e-01 1.300247690500411002e+00 9.398034172981166723e-01 1.300228511066711778e+00 9.397233635490818138e-01
7.862500000000000044e-01 1.299393161014013920e+00 9.398034728322151032e-01 1.299373966719800766e+00 9.397233635490818138e-01
7.867500000000000604e-01 1.298520999327114289e+00 9.398035282029607584e-01 1.298501790247955423e+00 9.397233635490818138e-01
7.872500000000000053e-01 1.297631196478965521e+00 9.398035833520602678e-01 1.297611972704338701e+00 9.397233635490818138e-01
7.877499999999999503e-01 1.296723744934947131e+00 9.398036382253407428e-01 1.296704506567289528e+00 9.397233635490818138e-01
7.882500000000000062e-01 1.295798638606841635e+00 9.398036927778142813e-01 1.295779385759417979e+00 9.397233635490818138e-01
7.887500000000000622e-01 1.294855872870689151e+00 9.398037469686519874e-01 1.294836605666626728e+00 9.397233635490818138e-01
7.892500000000000071e-01 1.293895444582868315e+00 9.398038007495798096e-01 1.293876163156907788e+00 9.397233635490818138e-01
7.897499999999999520e-01 1.292917352096133898e+00 9.398038540540515351e-01 1.292898056598897893e+00 9.397233635490818138e-01
7.902500000000000080e-01 1.291921595277491841e+00 9.398039067947066005e-01 1.291902285880345724e+00 9.397233635490818138e-01
7.907500000000000639e-01 1.290908175528447721e+00 9.398039588728166471e-01 1.290888852426166356e+00 9.397233635490818138e-01
7.912500000000000089e-01 1.289877095807550944e+00 9.398040101975806415e-01 1.289857759216487043e+00 9.397233635490818138e-01
7.917499999999999538e-01 1.288828360653148097e+00 9.398040607082516207e-01 1.288809010804234045e+00 9.397233635490818138e-01
7.922500000000000098e-01 1.287761976204642167e+00 9.398041103903704840e-01 1.287742613332602648e+00 9.397233635490818138e-01
7.927500000000000657e-01 1.286677950220568745e+00 9.398041592796380073e-01 1.286658574552210332e+00 9.397233635490818138e-01
7.932500000000000107e-01 1.285576292093087103e+00 9.398042074518464517e-01 1.285556903837948184e+00 9.397233635490818138e-01
7.937499999999999556e-01 1.284457012859818059e+00 9.398042550023670838e-01 1.284437612205590717e+00 9.397233635490818138e-01
7.942500000000000115e-01 1.283320125214360896e+00 9.398043020216901855e-01 1.283300712328017124e+00 9.397233635490818138e-01
7.947500000000000675e-01 1.282165643517152009e+00 9.398043485734076663e-01 1.282146218551220906e+00 9.397233635490818138e-01
7.952500000000000124e-01 1.280993583807383374e+00 9.398043946786797109e-01 1.280974146909867439e+00 9.397233635490818138e-01
7.957499999999999574e-01 1.279803963816603662e+00 9.398044403086982523e-01 1.279784515142659895e+00 9.397233635490818138e-01
7.962500000000000133e-01 1.278596802983730463e+00 9.398044853854494729e-01 1.278577342707175601e+00 9.397233635490818138e-01
7.967500000000000693e-01 1.277372122471902571e+00 9.398045297912605012e-01 1.277352650794499445e+00 9.397233635490818138e-01
7.972500000000000142e-01 1.276129945187089776e+00 9.398045733879902830e-01 1.276110462343358787e+00 9.397233635490818138e-01
7.977499999999999591e-01 1.274870295798602671e+00 9.398046160456023923e-01 1.274850802053948629e+00 9.397233635490818138e-01
7.982500000000000151e-01 1.273593200760573696e+00 9.398046576766705407e-01 1.273573696401337108e+00 9.397233635490818138e-01
7.987500000000000711e-01 1.272298688332608618e+00 9.398046982692491724e-01 1.272279173648416029e+00 9.397233635490818138e-01
7.992500000000000160e-01 1.270986788597237016e+00 9.398047379075746832e-01 1.270967263858493013e+00 9.397233635490818138e-01
7.997499999999999609e-01 1.269657533471751254e+00 9.398047767708459510e-01 1.269637998907394927e+00 9.397233635490818138e-01
8.002500000000000169e-01 1.268310956713562643e+00 9.398048151058999711e-01 1.268291412495199166e+00 9.397233635490818138e-01
8.007500000000000728e-01 1.266947093920035128e+00 9.398048531787596138e-01 1.266927540157402055e+00 9.397233635490818138e-01
8.012500000000000178e-01 1.265565982526211775e+00 9.398048912188645687e-01 1.265546419275719314e+00 9.397233635490818138e-01
8.017499999999999627e-01 1.264167661804430187e+00 9.398049293735902809e-01 1.264148089088366289e+00 9.397233635490818138e-01
8.022500000000000187e-01 1.262752172869100686e+00 9.398049676869362212e-01 1.262732590699839008e+00 9.397233635490818138e-01
8.027500000000000746e-01 1.261319558687596487e+00 9.398050061063348837e-01 1.261299967090244500e+00 9.397233635490818138e-01
8.032500000000000195e-01 1.259869864095433112e+00 9.398050445101304717e-01 1.259850263124051351e+00 9.397233635490818138e-01
8.037499999999999645e-01 1.258403135812378837e+00 9.398050827407755659e-01 1.258383525558427252e+00 9.397233635490818138e-01
8.042500000000000204e-01 1.256919422455754498e+00 9.398051206287943993e-01 1.256899803050915754e+00 9.397233635490818138e-01
8.047500000000000764e-01 1.255418774549498018e+00 9.398051580004600503e-01 1.255399146166709112e+00 9.397233635490818138e-01
8.052500000000000213e-01 1.253901244529909587e+00 9.398051946740331175e-01 1.253881607385281871e+00 9.397233635490818138e-01
8.057499999999999662e-01 1.252366886751479447e+00 9.398052304584046945e-01 1.252347241106530618e+00 9.397233635490818138e-01
8.062500000000000222e-01 1.250815757495749914e+00 9.398052651673305391e-01 1.250796103656301783e+00 9.397233635490818138e-01
8.067500000000000782e-01 1.249247914983705909e+00 9.398052986509002338e-01 1.249228253291370772e+00 9.397233635490818138e-01
8.072500000000000231e-01 1.247663419388344908e+00 9.398053308301487219e-01 1.247643750203886626e+00 9.397233635490818138e-01
8.077499999999999680e-01 1.246062332842032827e+00 9.398053617123196535e-01 1.246042656525105041e+00 9.397233635490818138e-01
8.082500000000000240e-01 1.244444719435481517e+00 9.398053913722521635e-01 1.244425036328720813e+00 9.397233635490818138e-01
8.087500000000000799e-01 1.242810645209614595e+00 9.398054199071093073e-01 1.242790955633378491e+00 9.397233635490818138e-01
8.092500000000000249e-01 1.241160178147150184e+00 9.398054473917195617e-01 1.241140482404764933e+00 9.397233635490818138e-01
8.097499999999999698e-01 1.239493388169987886e+00 9.398054738617334092e-01 1.239473686556959109e+00 9.397233635490818138e-01
8.102500000000000258e-01 1.237810347143282641e+00 9.398054993275776203e-01 1.237790639953232352e+00 9.397233635490818138e-01
8.107500000000000817e-01 1.236111128879659793e+00 9.398055237917577465e-01 1.236091416406188026e+00 9.397233635490818138e-01
8.112500000000000266e-01 1.234395809135247601e+00 9.398055472340989258e-01 1.234376091677289455e+00 9.397233635490818138e-01
8.117499999999999716e-01 1.232664465596388093e+00 9.398055695600808779e-01 1.232644743475748594e+00 9.397233635490818138e-01
8.122500000000000275e-01 1.230917177868583234e+00 9.398055905615945171e-01 1.230897451456745895e+00 9.397233635490818138e-01
8.127500000000000835e-01 1.229154027487999956e+00 9.398056099760367932e-01 1.229134297219042660e+00 9.397233635490818138e-01
8.132500000000000284e-01 1.227375097971018070e+00 9.398056277095103717e-01 1.227355364301905283e+00 9.397233635490818138e-01
8.137499999999999734e-01 1.225580474895182626e+00 9.398056441944782069e-01 1.225560738181446174e+00 9.397233635490818138e-01
8.142500000000000293e-01 1.223770245966928183e+00 9.398056606932789769e-01 1.223750506266200411e+00 9.397233635490818138e-01
8.147500000000000853e-01 1.221944501002437455e+00 9.398056792407916138e-01 1.221924757892121516e+00 9.397233635490818138e-01
8.152500000000000302e-01 1.220103331773907618e+00 9.398057020171537435e-01 1.220083584316937975e+00 9.397233635490818138e-01
8.157499999999999751e-01 1.218246831753424964e+00 9.398057302835071125e-01 1.218227078713747913e+00 9.397233635490818138e-01
8.162500000000000311e-01 1.216375095874149936e+00 9.398057634100072111e-01 1.216355336164014256e+00 9.397233635490818138e-01
8.167500000000000870e-01 1.214488220441076738e+00 9.398057985385142032e-01 1.214468453649932389e+00 9.397233635490818138e-01
8.172500000000000320e-01 1.212586303203420979e+00 9.398058309236152486e-01 1.212566530046014668e+00 9.397233635490818138e-01
8.177499999999999769e-01 1.210669443509300169e+00 9.398058546244387745e-01 1.210649666110156009e+00 9.397233635490818138e-01
8.182500000000000329e-01 1.208737742468802834e+00 9.398058632014296698e-01 1.208717964473870587e+00 9.397233635490818138e-01
8.187500000000000888e-01 1.206791303064720600e+00 9.398058501596626702e-01 1.206771529632010953e+00 9.397233635490818138e-01
8.192500000000000338e-01 1.204830230131608726e+00 9.398058093848916661e-01 1.204810467931736184e+00 9.397233635490818138e-01
8.197499999999999787e-01 1.202854630667195668e+00 9.398057357328928330e-01 1.202834887560814137e+00 9.397233635490818138e-01
8.202500000000000346e-01 1.200864614585334333e+00 9.398056287919420715e-01 1.200844898535339489e+00 9.397233635490818138e-01
8.207500000000000906e-01 1.198860294473056420e+00 9.398054917913907236e-01 1.198840612686685070e+00 9.397233635490818138e-01
8.212500000000000355e-01 1.196841784517654439e+00 9.398053270779475055e-01 1.196822143647871206e+00 9.397233635490818138e-01
8.217499999999999805e-01 1.194809199755576978e+00 9.398051330552481542e-01 1.194789606839286922e+00 9.397233635490818138e-01
8.222500000000000364e-01 1.192762656041892244e+00 9.398049041144231897e-01 1.192743119453701706e+00 9.397233635490818138e-01
8.227500000000000924e-01 1.190702270695503273e+00 9.398046334132039714e-01 1.190682800440687528e+00 9.397233635490818138e-01
8.232500000000000373e-01 1.188628163027540818e+00 9.398043151758253000e-01 1.188608770490381383e+00 9.397233635490818138e-01
8.237499999999999822e-01 1.186540453666806050e+00 9.398039419264310190e-01 1.186521152016590364e+00 9.397233635490818138e-01
8.242500000000000382e-01 1.184439262550218697e+00 9.398034961124213105e-01 1.184420069139333620e+00 9.397233635490818138e-01
8.247500000000000941e-01 1.182324707198353142e+00 9.398029429703460558e-01 1.182305647666673565e+00 9.397233635490818138e-01
8.252500000000000391e-01 1.180196903927192897e+00 9.398022356899579099e-01 1.180178015076009723e+00 9.397233635490818138e-01
8.257499999999999840e-01 1.178055973114636501e+00 9.398013376110603279e-01 1.178037300494693129e+00 9.397233635490818138e-01
8.262500000000000400e-01 1.175902044935941193e+00 9.398002464144381563e-01 1.175883634680082279e+00 9.397233635490818138e-01
8.267500000000000959e-01 1.173735259409971921e+00 9.397989943293010295e-01 1.173717149999006670e+00 9.397233635490818138e-01
8.272500000000000409e-01 1.171555757040293688e+00 9.397976089499033847e-01 1.171537980406603729e+00 9.397233635490818138e-01
8.277499999999999858e-01 1.169363658144274565e+00 9.397960265634028865e-01 1.169346261424625055e+00 9.397233635490818138e-01
8.282500000000000417e-01 1.167159038255135783e+00 9.397939893644460252e-01 1.167142130119117382e+00 9.397233635490818138e-01
8.287500000000000977e-01 1.164941911505406713e+00 9.397909765962511042e-01 1.164925725077609497e+00 9.397233635490818138e-01
8.292500000000000426e-01 1.162712243820199109e+00 9.397862595810995145e-01 1.162697186385683645e+00 9.397233635490818138e-01
8.297499999999999876e-01 1.160470061982933565e+00 9.397793588769407513e-01 1.160456655603057108e+00 9.397233635490818138e-01
8.302500000000000435e-01 1.158215556784936373e+00 9.397704758318774498e-01 1.158204275739094014e+00 9.397233635490818138e-01
8.307500000000000995e-01 1.155949052418260958e+00 9.397603634657774041e-01 1.155940191227824210e+00 9.397233635490818138e-01
8.312500000000000444e-01 1.153670941811131723e+00 9.397500554613867907e-01 1.153664547902436333e+00 9.397233635490818138e-01
8.317499999999999893e-01 1.151381639124235745e+00 9.397406673778071484e-01 1.151377492969291261e+00 9.397233635490818138e-01
8.322500000000000453e-01 1.149081538566755656e+00 9.397332246147429569e-01 1.149079174981428197e+00 9.397233635490818138e-01
8.327499999999999902e-01 1.146770947495140636e+00 9.397283833805705200e-01 1.146769743811622666e+00 9.397233635490818138e-01
8.332500000000000462e-01 1.144449946876443747e+00 9.397258491322992846e-01 1.144449350624961115e+00 9.397233635490818138e-01
8.337499999999999911e-01 1.142118444703756008e+00 9.397246005488540943e-01 1.142118147850978538e+00 9.397233635490818138e-01
8.342499999999999361e-01 1.139776435736728155e+00 9.397239740922737061e-01 1.139776289155374212e+00 9.397233635490818138e-01
8.347499999999999920e-01 1.137424000422701642e+00 9.397236591657549543e-01 1.137423929411278900e+00 9.397233635490818138e-01
8.352500000000000480e-01 1.135061257934167234e+00 9.397235018925784722e-01 1.135061224670110835e+00 9.397233635490818138e-01
8.357499999999999929e-01 1.132688346783986777e+00 9.397234243617554883e-01 1.132688332132105291e+00 9.397233635490818138e-01
8.362499999999999378e-01 1.130305415809629288e+00 9.397233871160965979e-01 1.130305410116370091e+00 9.397233635490818138e-01
8.367499999999999938e-01 1.127912619628298696e+00 9.397233701835301378e-01 1.127912618030629588e+00 9.397233635490818138e-01
8.372500000000000497e-01 1.125510116278215733e+00 9.397233633151705900e-01 1.125510116340621813e+00 9.397233635490818138e-01
8.377499999999999947e-01 1.123098066004152740e+00 9.397233613367055316e-01 1.123098066539141460e+00 9.397233635490818138e-01
8.382499999999999396e-01 1.120676630651690431e+00 9.397233616279769830e-01 1.120676631114759791e+00 9.397233635490818138e-01
8.387499999999999956e-01 1.118245973312686381e+00 9.397233626866468015e-01 1.118245973520250569e+00 9.397233635490818138e-01
8.392500000000000515e-01 1.115806258166561316e+00 9.397233636552549951e-01 1.115806258140749074e+00 9.397233635490818138e-01
8.397499999999999964e-01 1.113357650411389121e+00 9.397233641700553086e-01 1.113357650261553644e+00 9.397233635490818138e-01
8.402499999999999414e-01 1.110900316199396665e+00 9.397233642273066234e-01 1.110900316035788871e+00 9.397233635490818138e-01
8.407499999999999973e-01 1.108434422562557753e+00 9.397233640086651851e-01 1.108434422451711754e+00 9.397233635490818138e-01
8.412500000000000533e-01 1.105960137341607696e+00 9.397233637222672797e-01 1.105960137299877299e+00 9.397233635490818138e-01
8.417499999999999982e-01 1.103477629130190429e+00 9.397233635085813219e-01 1.103477629140038774e+00 9.397233635490818138e-01
8.422499999999999432e-01 1.100987067235619676e+00 9.397233634157560189e-01 1.100987067267878539e+00 9.397233635490818138e-01
8.427499999999999991e-01 1.098488621650884456e+00 9.397233634223720600e-01 1.098488621681540156e+00 9.397233635490818138e-01
8.432500000000000551e-01 1.095982463030768184e+00 9.397233634776629430e-01 1.095982463048054134e+00 9.397233635490818138e-01
8.437500000000000000e-01 1.093468762666201410e+00 9.397233635353484660e-01 1.093468762669536964e+00 9.397233635490818138e-01
8.442499999999999449e-01 1.090947692454400153e+00 9.397233635702761934e-01 1.090947692449290463e+00 9.397233635490818138e-01
8.447500000000000009e-01 1.088419424865037177e+00 9.397233635788234674e-01 1.088419424857862250e+00 9.397233635490818138e-01
8.452500000000000568e-01 1.085884132903974120e+00 9.397233635702373356e-01 1.085884132898876864e+00 9.397233635490818138e-01
8.457500000000000018e-01 1.083341990076690298e+00 9.397233635566207832e-01 1.083341990074890848e+00 9.397233635490818138e-01
8.462499999999999467e-01 1.080793170352475130e+00 9.397233635463866364e-01 1.080793170353157473e+00 9.397233635490818138e-01
8.467500000000000027e-01 1.078237848129644627e+00 9.397233635423803966e-01 1.078237848131299748e+00 9.397233635490818138e-01
8.472500000000000586e-01 1.075676198201606759e+00 9.397233635433069887e-01 1.075676198203032952e+00 9.397233635490818138e-01
8.477500000000000036e-01 1.073108395723100905e+00 9.397233635462954870e-01 1.073108395723797903e+00 9.397233635490818138e-01
8.482499999999999485e-01 1.070534616176393783e+00 9.397233635489523618e-01 1.070534616176447962e+00 9.397233635490818138e-01
8.487500000000000044e-01 1.067955035337170289e+00 9.397233635502183491e-01 1.067955035336920933e+00 9.397233635490818138e-01
8.492500000000000604e-01 1.065369829240199628e+00 9.397233635501986981e-01 1.065369829239954935e+00 9.397233635490818138e-01
8.497500000000000053e-01 1.062779174144952155e+00 9.397233635495493287e-01 1.062779174144863781e+00 9.397233635490818138e-01
8.502499999999999503e-01 1.060183246501290810e+00 9.397233635488970727e-01 1.060183246501362087e+00 9.397233635490818138e-01
8.507500000000000062e-01 1.057582222915339987e+00 9.397233635485581216e-01 1.057582222915494752e+00 9.397233635490818138e-01
8.512500000000000622e-01 1.054976280115472731e+00 9.397233635485379155e-01 1.054976280115629494e+00 9.397233635490818138e-01
8.517500000000000071e-01 1.052365594918464264e+00 9.397233635486810233e-01 1.052365594918585501e+00 9.397233635490818138e-01
8.522499999999999520e-01 1.049750344195798490e+00 9.397233635488315695e-01 1.049750344195883978e+00 9.397233635490818138e-01
8.527500000000000080e-01 1.047130704840074422e+00 9.397233635489119496e-01 1.047130704840142590e+00 9.397233635490818138e-01
8.532500000000000639e-01 1.044506853731555607e+00 9.397233635489179449e-01 1.044506853731621554e+00 9.397233635490818138e-01
8.537500000000000089e-01 1.041878967704869652e+00 9.397233635488857484e-01 1.041878967704942038e+00 9.397233635490818138e-01
8.542499999999999538e-01 1.039247223515915586e+00 9.397233635488527748e-01 1.039247223515999297e+00 9.397233635490818138e-01
8.547500000000000098e-01 1.036611797808962177e+00 9.397233635488377868e-01 1.036611797809050106e+00 9.397233635490818138e-01
8.552500000000000657e-01 1.033972867083977398e+00 9.397233635488402292e-01 1.033972867084063330e+00 9.397233635490818138e-01
8.557500000000000107e-01 1.031330607664146637e+00 9.397233635488497772e-01 1.031330607664227017e+00 9.397233635490818138e-01
8.562499999999999556e-01 1.028685195663709084e+00 9.397233635488586589e-01 1.028685195663788354e+00 9.397233635490818138e-01
8.567500000000000115e-01 1.026036806955952452e+00 9.397233635488624337e-01 1.026036806956032388e+00 9.397233635490818138e-01
8.572500000000000675e-01 1.023385617141580717e+00 9.397233635488629888e-01 1.023385617141659543e+00 9.397233635490818138e-01
8.577500000000000124e-01 1.020731801517248627e+00 9.397233635488625447e-01 1.020731801517325676e+00 9.397233635490818138e-01
8.582499999999999574e-01 1.018075535044456803e+00 9.397233635488630998e-01 1.018075535044534741e+00 9.397233635490818138e-01
8.587500000000000133e-01 1.015416992318763700e+00 9.397233635488632109e-01 1.015416992318841638e+00 9.397233635490818138e-01
8.592500000000000693e-01 1.012756347539260471e+00 9.397233635488637660e-01 1.012756347539335300e+00 9.397233635490818138e-01
8.597500000000000142e-01 1.010093774478397322e+00 9.397233635488639880e-01 1.010093774478470596e+00 9.397233635490818138e-01
8.602499999999999591e-01 1.007429446452174027e+00 9.397233635488644321e-01 1.007429446452249522e+00 9.397233635490818138e-01
8.607500000000000151e-01 1.004763536290635528e+00 9.397233635488635439e-01 1.004763536290712800e+00 9.397233635490818138e-01
8.612500000000000711e-01 1.002096216308764332e+00 9.397233635488640990e-01 1.002096216308839161e+00 9.397233635490818138e-01
8.617500000000000160e-01 9.994276582777004148e-01 9.397233635488669856e-01 9.994276582777734674e-01 9.397233635490818138e-01
8.622499999999999609e-01 9.967580333963911299e-01 9.397233635488688730e-01 9.967580333964650707e-01 9.397233635490818138e-01
8.627500000000000169e-01 9.940875122636083638e-01 9.397233635488698722e-01 9.940875122636836370e-01 9.397233635490818138e-01
8.632500000000000728e-01 9.914162648503435094e-01 9.397233635488695391e-01 9.914162648504187825e-01 9.397233635490818138e-01
8.637500000000000178e-01 9.887444604726409736e-01 9.397233635488676518e-01 9.887444604727149144e-01 9.397233635490818138e-01
8.642499999999999627e-01 9.860722677648319223e-01 9.397233635488669856e-01 9.860722677649064183e-01 9.397233635490818138e-01
8.647500000000000187e-01 9.833998546531873552e-01 9.397233635488663195e-01 9.833998546532642937e-01 9.397233635490818138e-01
8.652500000000000746e-01 9.807273883300348105e-01 9.397233635488658754e-01 9.807273883301103057e-01 9.397233635490818138e-01
8.657500000000000195e-01 9.780550352282634252e-01 9.397233635488667636e-01 9.780550352283372550e-01 9.397233635490818138e-01
8.662499999999999645e-01 9.753829609963035052e-01 9.397233635488668746e-01 9.753829609963785563e-01 9.397233635490818138e-01
8.667500000000000204e-01 9.727113304735937049e-01 9.397233635488655423e-01 9.727113304736700883e-01 9.397233635490818138e-01
8.672500000000000764e-01 9.700403076664176893e-01 9.397233635488649872e-01 9.700403076664926294e-01 9.397233635490818138e-01
8.677500000000000213e-01 9.673700557243116727e-01 9.397233635488654313e-01 9.673700557243845033e-01 9.397233635490818138e-01
8.682499999999999662e-01 9.647007369168542068e-01 9.397233635488659864e-01 9.647007369169284807e-01 9.397233635490818138e-01
8.687500000000000222e-01 9.620325126109864344e-01 9.397233635488657644e-01 9.620325126110628178e-01 9.397233635490818138e-01
8.692500000000000782e-01 9.593655432488096269e-01 9.397233635488657644e-01 9.593655432488836787e-01 9.397233635490818138e-01
8.697500000000000231e-01 9.566999883258431314e-01 9.397233635488659864e-01 9.566999883259148518e-01 9.397233635490818138e-01
8.702499999999999680e-01 9.540360063697785886e-01 9.397233635488664305e-01 9.540360063698519744e-01 9.397233635490818138e-01
8.707500000000000240e-01 9.513737549197656129e-01 9.397233635488657644e-01 9.513737549198419963e-01 9.397233635490818138e-01
8.712500000000000799e-01 9.487133905061548855e-01 9.397233635488646541e-01 9.487133905062273831e-01 9.397233635490818138e-01
8.717500000000000249e-01 9.460550686307447332e-01 9.397233635488642101e-01 9.460550686308150103e-01 9.397233635490818138e-01
8.722499999999999698e-01 9.433989437475507334e-01 9.397233635488635439e-01 9.433989437476222317e-01 9.397233635490818138e-01
8.727500000000000258e-01 9.407451692440900182e-01 9.397233635488626557e-01 9.407451692441618496e-01 9.397233635490818138e-01
8.732500000000000817e-01 9.380938974231409766e-01 9.397233635488615455e-01 9.380938974232109206e-01 9.397233635490818138e-01
8.737500000000000266e-01 9.354452794850449671e-01 9.397233635488603243e-01 9.354452794851131348e-01 9.397233635490818138e-01
8.742499999999999716e-01 9.327994655105011912e-01 9.397233635488602133e-01 9.327994655105708022e-01 9.397233635490818138e-01
8.747500000000000275e-01 9.301566044438892567e-01 9.397233635488596581e-01 9.301566044439610881e-01 9.397233635490818138e-01
8.752500000000000835e-01 9.275168440771145439e-01 9.397233635488592141e-01 9.275168440771837108e-01 9.397233635490818138e-01
8.757500000000000284e-01 9.248803310339270833e-01 9.397233635488593251e-01 9.248803310339940298e-01 9.397233635490818138e-01
8.762499999999999734e-01 9.222472107548034259e-01 9.397233635488599912e-01 9.222472107548717046e-01 9.397233635490818138e-01
8.767500000000000293e-01 9.196176274823486541e-01 9.397233635488606573e-01 9.196176274824174879e-01 9.397233635490818138e-01
8.772500000000000853e-01 9.169917242471581353e-01 9.397233635488613235e-01 9.169917242472244157e-01 9.397233635490818138e-01
8.777500000000000302e-01 9.143696428542590349e-01 9.397233635488613235e-01 9.143696428543236498e-01 9.397233635490818138e-01
8.782499999999999751e-01 9.117515238700082403e-01 9.397233635488612125e-01 9.117515238700746316e-01 9.397233635490818138e-01
8.787500000000000311e-01 9.091375066095759294e-01 9.397233635488622117e-01 9.091375066096444302e-01 9.397233635490818138e-01
8.792500000000000870e-01 9.065277291248807767e-01 9.397233635488634329e-01 9.065277291249458358e-01 9.397233635490818138e-01
8.797500000000000320e-01 9.039223281930293119e-01 9.397233635488646541e-01 9.039223281930909293e-01 9.397233635490818138e-01
8.802499999999999769e-01 9.013214393053350371e-01 9.397233635488656533e-01 9.013214393053973206e-01 9.397233635490818138e-01
8.807500000000000329e-01 8.987251966567730843e-01 9.397233635488656533e-01 8.987251966568361450e-01 9.397233635490818138e-01
8.812500000000000888e-01 8.961337331359824354e-01 9.397233635488643211e-01 8.961337331360423875e-01 9.397233635490818138e-01
8.817500000000000338e-01 8.935471803157284398e-01 9.397233635488637660e-01 8.935471803157855053e-01 9.397233635490818138e-01
8.822499999999999787e-01 8.909656684439087870e-01 9.397233635488633219e-01 8.909656684439672958e-01 9.397233635490818138e-01
8.827500000000000346e-01 8.883893264350388730e-01 9.397233635488635439e-01 8.883893264351000463e-01 9.397233635490818138e-01
8.832500000000000906e-01 8.858182818622261090e-01 9.397233635488633219e-01 8.858182818622841737e-01 9.397233635490818138e-01
8.837500000000000355e-01 8.832526609496123005e-01 9.397233635488626557e-01 8.832526609496683667e-01 9.397233635490818138e-01
8.842499999999999805e-01 8.806925885653392738e-01 9.397233635488624337e-01 8.806925885653970054e-01 9.397233635490818138e-01
8.847500000000000364e-01 8.781381882149837947e-01 9.397233635488636549e-01 8.781381882150444129e-01 9.397233635490818138e-01
8.852500000000000924e-01 8.755895820354668846e-01 9.397233635488652093e-01 8.755895820355245052e-01 9.397233635490818138e-01
8.857500000000000373e-01 8.730468907894115560e-01 9.397233635488658754e-01 8.730468907894656239e-01 9.397233635490818138e-01
8.862499999999999822e-01 8.705102338600042566e-01 9.397233635488666526e-01 8.705102338600572143e-01 9.397233635490818138e-01
8.867500000000000382e-01 8.679797292463122815e-01 9.397233635488684289e-01 8.679797292463681258e-01 9.397233635490818138e-01
8.872500000000000941e-01 8.654554935590610398e-01 9.397233635488695391e-01 8.654554935591138864e-01 9.397233635490818138e-01
8.877500000000000391e-01 8.629376420168263229e-01 9.397233635488702053e-01 8.629376420168775041e-01 9.397233635490818138e-01
8.882499999999999840e-01 8.604262884427331670e-01 9.397233635488704273e-01 8.604262884427862357e-01 9.397233635490818138e-01
8.887500000000000400e-01 8.579215452615659432e-01 9.397233635488697612e-01 8.579215452616202331e-01 9.397233635490818138e-01
8.892500000000000959e-01 8.554235234973220914e-01 9.397233635488698722e-01 8.554235234973748270e-01 9.397233635490818138e-01
8.897500000000000409e-01 8.529323327711866298e-01 9.397233635488702053e-01 8.529323327712364788e-01 9.397233635490818138e-01
8.902499999999999858e-01 8.504480812999500872e-01 9.397233635488700942e-01 8.504480813000002692e-01 9.397233635490818138e-01
8.907500000000000417e-01 8.479708758948416580e-01 9.397233635488706494e-01 8.479708758948936165e-01 9.397233635490818138e-01
8.912500000000000977e-01 8.455008219607782483e-01 9.397233635488704273e-01 8.455008219608268760e-01 9.397233635490818138e-01
8.917500000000000426e-01 8.430380234960028751e-01 9.397233635488700942e-01 8.430380234960502817e-01 9.397233635490818138e-01
8.922499999999999876e-01 8.405825830921477282e-01 9.397233635488703163e-01 8.405825830921969111e-01 9.397233635490818138e-01
8.927500000000000435e-01 8.381346019346972431e-01 9.397233635488699832e-01 8.381346019347485354e-01 9.397233635490818138e-01
8.932500000000000995e-01 8.356941798038163283e-01 9.397233635488687620e-01 8.356941798038648450e-01 9.397233635490818138e-01
8.937500000000000444e-01 8.332614150755741633e-01 9.397233635488683179e-01 8.332614150756197935e-01 9.397233635490818138e-01
8.942499999999999893e-01 8.308364047235364813e-01 9.397233635488683179e-01 8.308364047235854422e-01 9.397233635490818138e-01
8.947500000000000453e-01 8.284192443207603063e-01 9.397233635488679848e-01 8.284192443208107104e-01 9.397233635490818138e-01
8.952500000000001013e-01 8.260100280421069918e-01 9.397233635488676518e-01 8.260100280421566188e-01 9.397233635490818138e-01
8.957500000000000462e-01 8.236088486669322917e-01 9.397233635488679848e-01 8.236088486669814746e-01 9.397233635490818138e-01
8.962499999999999911e-01 8.212157975821302580e-01 9.397233635488688730e-01 8.212157975821794409e-01 9.397233635490818138e-01
8.967499999999999361e-01 8.188309647855067652e-01 9.397233635488688730e-01 8.188309647855543938e-01 9.397233635490818138e-01
8.972499999999999920e-01 8.164544388895049742e-01 9.397233635488684289e-01 8.164544388895519367e-01 9.397233635490818138e-01
8.977500000000000480e-01 8.140863071252492089e-01 9.397233635488673187e-01 8.140863071252995020e-01 9.397233635490818138e-01
8.982499999999999929e-01 8.117266553469162371e-01 9.397233635488670966e-01 8.117266553469625334e-01 9.397233635490818138e-01
8.987499999999999378e-01 8.093755680363947658e-01 9.397233635488673187e-01 8.093755680364446148e-01 9.397233635490818138e-01
8.992499999999999938e-01 8.070331283083180818e-01 9.397233635488670966e-01 8.070331283083713725e-01 9.397233635490818138e-01
8.997500000000000497e-01 8.046994179153255100e-01 9.397233635488662085e-01 8.046994179153752480e-01 9.397233635490818138e-01
9.002499999999999947e-01 8.023745172536445036e-01 9.397233635488662085e-01 8.023745172536923542e-01 9.397233635490818138e-01
9.007499999999999396e-01 8.000585053689841519e-01 9.397233635488653203e-01 8.000585053690335569e-01 9.397233635490818138e-01
9.012499999999999956e-01 7.977514599626798208e-01 9.397233635488643211e-01 7.977514599627294478e-01 9.397233635490818138e-01
9.017500000000000515e-01 7.954534573981161261e-01 9.397233635488648762e-01 7.954534573981631995e-01 9.397233635490818138e-01
9.022499999999999964e-01 7.931645727074173591e-01 9.397233635488648762e-01 7.931645727074606578e-01 9.397233635490818138e-01
9.027499999999999414e-01 7.908848795983957070e-01 9.397233635488646541e-01 7.908848795984436686e-01 9.397233635490818138e-01
9.032499999999999973e-01 7.886144504617762507e-01 9.397233635488646541e-01 7.886144504618276541e-01 9.397233635490818138e-01
9.037500000000000533e-01 7.863533563786250236e-01 9.397233635488646541e-01 7.863533563786749836e-01 9.397233635490818138e-01
9.042499999999999982e-01 7.841016671280285344e-01 9.397233635488643211e-01 7.841016671280749417e-01 9.397233635490818138e-01
9.047499999999999432e-01 7.818594511950227588e-01 9.397233635488644321e-01 7.818594511950707204e-01 9.397233635490818138e-01
9.052499999999999991e-01 7.796267757787372910e-01 9.397233635488646541e-01 7.796267757787893604e-01 9.397233635490818138e-01
9.057500000000000551e-01 7.774037068007603191e-01 9.397233635488649872e-01 7.774037068008083917e-01 9.397233635490818138e-01
9.062500000000000000e-01 7.751903089136857883e-01 9.397233635488653203e-01 7.751903089137293090e-01 9.397233635490818138e-01
9.067499999999999449e-01 7.729866455098954869e-01 9.397233635488649872e-01 7.729866455099430045e-01 9.397233635490818138e-01
9.072500000000000009e-01 7.707927787305541845e-01 9.397233635488646541e-01 7.707927787306027012e-01 9.397233635490818138e-01
9.077500000000000568e-01 7.686087694747506527e-01 9.397233635488648762e-01 7.686087694747952836e-01 9.397233635490818138e-01
9.082500000000000018e-01 7.664346774088379721e-01 9.397233635488646541e-01 7.664346774088797165e-01 9.397233635490818138e-01
9.087499999999999467e-01 7.642705609759687935e-01 9.397233635488642101e-01 7.642705609760109819e-01 9.397233635490818138e-01
9.092500000000000027e-01 7.621164774057931357e-01 9.397233635488636549e-01 7.621164774058395430e-01 9.397233635490818138e-01
9.097500000000000586e-01 7.599724827243257153e-01 9.397233635488629888e-01 7.599724827243682368e-01 9.397233635490818138e-01
9.102500000000000036e-01 7.578386317639312919e-01 9.397233635488622117e-01 7.578386317639711489e-01 9.397233635490818138e-01
9.107499999999999485e-01 7.557149781735263971e-01 9.397233635488616565e-01 7.557149781735658101e-01 9.397233635490818138e-01
9.112500000000000044e-01 7.536015744288817597e-01 9.397233635488608794e-01 7.536015744289243923e-01 9.397233635490818138e-01
9.117500000000000604e-01 7.514984718430962607e-01 9.397233635488599912e-01 7.514984718431386712e-01 9.397233635490818138e-01
9.122500000000000053e-01 7.494057205771587071e-01 9.397233635488595471e-01 7.494057205771972319e-01 9.397233635490818138e-01
9.127499999999999503e-01 7.473233696506746959e-01 9.397233635488593251e-01 7.473233696507149970e-01 9.397233635490818138e-01
9.132500000000000062e-01 7.452514669527202651e-01 9.397233635488595471e-01 7.452514669527632307e-01 9.397233635490818138e-01
9.137500000000000622e-01 7.431900592527880267e-01 9.397233635488596581e-01 7.431900592528276617e-01 9.397233635490818138e-01
9.142500000000000071e-01 7.411391922118393261e-01 9.397233635488599912e-01 7.411391922118742981e-01 9.397233635490818138e-01
9.147499999999999520e-01 7.390989103934799687e-01 9.397233635488599912e-01 7.390989103935148297e-01 9.397233635490818138e-01
9.152500000000000080e-01 7.370692572752366445e-01 9.397233635488595471e-01 7.370692572752779448e-01 9.397233635490818138e-01
9.157500000000000639e-01 7.350502752599299416e-01 9.397233635488595471e-01 7.350502752599693546e-01 9.397233635490818138e-01
9.162500000000000089e-01 7.330420056870856627e-01 9.397233635488588810e-01 7.330420056871208567e-01 9.397233635490818138e-01
9.167499999999999538e-01 7.310444888444818101e-01 9.397233635488573267e-01 7.310444888445178924e-01 9.397233635490818138e-01
9.172500000000000098e-01 7.290577639797728438e-01 9.397233635488562165e-01 7.290577639798151433e-01 9.397233635490818138e-01
9.177500000000000657e-01 7.270818693121711140e-01 9.397233635488553283e-01 7.270818693122091947e-01 9.397233635490818138e-01
9.182500000000000107e-01 7.251168420441574947e-01 9.397233635488553283e-01 7.251168420441923557e-01 9.397233635490818138e-01
9.187499999999999556e-01 7.231627183733129183e-01 9.397233635488549952e-01 7.231627183733529973e-01 9.397233635490818138e-01
9.192500000000000115e-01 7.212195335042064226e-01 9.397233635488549952e-01 7.212195335042496103e-01 9.397233635490818138e-01
9.197500000000000675e-01 7.192873216602880815e-01 9.397233635488555503e-01 7.192873216603273834e-01 9.397233635490818138e-01
9.202500000000000124e-01 7.173661160958441085e-01 9.397233635488555503e-01 7.173661160958789695e-01 9.397233635490818138e-01
9.207499999999999574e-01 7.154559491080191291e-01 9.397233635488555503e-01 7.154559491080556555e-01 9.397233635490818138e-01
9.212500000000000133e-01 7.135568520488680955e-01 9.397233635488562165e-01 7.135568520489090627e-01 9.397233635490818138e-01
9.217500000000000693e-01 7.116688553374403980e-01 9.397233635488561054e-01 7.116688553374767023e-01 9.397233635490818138e-01
9.222500000000000142e-01 7.097919884718557615e-01 9.397233635488554393e-01 7.097919884718888461e-01 9.397233635490818138e-01
9.227499999999999591e-01 7.079262800414590773e-01 9.397233635488553283e-01 7.079262800414949375e-01 9.397233635490818138e-01
9.232500000000000151e-01 7.060717577389881150e-01 9.397233635488549952e-01 7.060717577390274169e-01 9.397233635490818138e-01
9.237500000000000711e-01 7.042284483727294653e-01 9.397233635488546621e-01 7.042284483727658806e-01 9.397233635490818138e-01
9.242500000000000160e-01 7.023963778786899148e-01 9.397233635488546621e-01 7.023963778787236656e-01 9.397233635490818138e-01
9.247499999999999609e-01 7.005755713328007950e-01 9.397233635488542181e-01 7.005755713328387646e-01 9.397233635490818138e-01
9.252500000000000169e-01 6.987660529631235518e-01 9.397233635488542181e-01 6.987660529631641859e-01 9.397233635490818138e-01
9.257500000000000728e-01 6.969678461620394394e-01 9.397233635488551062e-01 6.969678461620785193e-01 9.397233635490818138e-01
9.262500000000000178e-01 6.951809734984341071e-01 9.397233635488552173e-01 6.951809734984685241e-01 9.397233635490818138e-01
9.267499999999999627e-01 6.934054567298831850e-01 9.397233635488555503e-01 6.934054567299213767e-01 9.397233635490818138e-01
9.272500000000000187e-01 6.916413168148642931e-01 9.397233635488555503e-01 6.916413168149067037e-01 9.397233635490818138e-01
9.277500000000000746e-01 6.898885739248936666e-01 9.397233635488553283e-01 6.898885739249328575e-01 9.397233635490818138e-01
9.282500000000000195e-01 6.881472474566712183e-01 9.397233635488546621e-01 6.881472474567077446e-01 9.397233635490818138e-01
9.287499999999999645e-01 6.864173560442156097e-01 9.397233635488548842e-01 6.864173560442581312e-01 9.397233635490818138e-01
9.292500000000000204e-01 6.846989175709936593e-01 9.397233635488553283e-01 6.846989175710413988e-01 9.397233635490818138e-01
9.297500000000000764e-01 6.829919491819741451e-01 9.397233635488555503e-01 6.829919491820205524e-01 9.397233635490818138e-01
9.302500000000000213e-01 6.812964672956809409e-01 9.397233635488551062e-01 6.812964672957232404e-01 9.397233635490818138e-01
9.307499999999999662e-01 6.796124876162039641e-01 9.397233635488546621e-01 6.796124876162493722e-01 9.397233635490818138e-01
9.312500000000000222e-01 6.779400251452155635e-01 9.397233635488552173e-01 6.779400251452651904e-01 9.397233635490818138e-01
9.317500000000000782e-01 6.762790941939026412e-01 9.397233635488554393e-01 6.762790941939513800e-01 9.397233635490818138e-01
9.322500000000000231e-01 6.746297083948533668e-01 9.397233635488562165e-01 6.746297083948981088e-01 9.397233635490818138e-01
9.327499999999999680e-01 6.729918807139354531e-01 9.397233635488573267e-01 6.729918807139841919e-01 9.397233635490818138e-01
9.332500000000000240e-01 6.713656234621335761e-01 9.397233635488581038e-01 6.713656234621842023e-01 9.397233635490818138e-01
9.337500000000000799e-01 6.697509483073014191e-01 9.397233635488591030e-01 6.697509483073482706e-01 9.397233635490818138e-01
9.342500000000000249e-01 6.681478662858784112e-01 9.397233635488593251e-01 6.681478662859189344e-01 9.397233635490818138e-01
9.347499999999999698e-01 6.665563878145578380e-01 9.397233635488596581e-01 6.665563878146020249e-01 9.397233635490818138e-01
9.352500000000000258e-01 6.649765227019341918e-01 9.397233635488606573e-01 6.649765227019847069e-01 9.397233635490818138e-01
9.357500000000000817e-01 6.634082801600439394e-01 9.397233635488614345e-01 6.634082801600879042e-01 9.397233635490818138e-01
9.362500000000000266e-01 6.618516688158306849e-01 9.397233635488617676e-01 6.618516688158703198e-01 9.397233635490818138e-01
9.367499999999999716e-01 6.603066967226246531e-01 9.397233635488613235e-01 6.603066967226688400e-01 9.397233635490818138e-01
9.372500000000000275e-01 6.587733713715264727e-01 9.397233635488612125e-01 6.587733713715738793e-01 9.397233635490818138e-01
9.377500000000000835e-01 6.572516997026965901e-01 9.397233635488615455e-01 6.572516997027409991e-01 9.397233635490818138e-01
9.382500000000000284e-01 6.557416881166060474e-01 9.397233635488616565e-01 6.557416881166401312e-01 9.397233635490818138e-01
9.387499999999999734e-01 6.542433424851998858e-01 9.397233635488619896e-01 6.542433424852375223e-01 9.397233635490818138e-01
9.392500000000000293e-01 6.527566681630529999e-01 9.397233635488623227e-01 6.527566681630949663e-01 9.397233635490818138e-01
9.397500000000000853e-01 6.512816699983867696e-01 9.397233635488623227e-01 6.512816699984235180e-01 9.397233635490818138e-01
9.402500000000000302e-01 6.498183523440115295e-01 9.397233635488623227e-01 6.498183523440406173e-01 9.397233635490818138e-01
9.407499999999999751e-01 6.483667190682285142e-01 9.397233635488626557e-01 6.483667190682613768e-01 9.397233635490818138e-01
9.412500000000000311e-01 6.469267735656855089e-01 9.397233635488626557e-01 6.469267735657251439e-01 9.397233635490818138e-01
9.417500000000000870e-01 6.454985187680893910e-01 9.397233635488626557e-01 6.454985187681281378e-01 9.397233635490818138e-01
9.422500000000000320e-01 6.440819571548594968e-01 9.397233635488626557e-01 6.440819571548945799e-01 9.397233635490818138e-01
9.427499999999999769e-01 6.426770907637151531e-01 9.397233635488628778e-01 6.426770907637522345e-01 9.397233635490818138e-01
9.432500000000000329e-01 6.412839212012058088e-01 9.397233635488629888e-01 6.412839212012462209e-01 9.397233635490818138e-01
9.437500000000000888e-01 6.399024496531189321e-01 9.397233635488633219e-01 6.399024496531552364e-01 9.397233635490818138e-01
9.442500000000000338e-01 6.385326768948045295e-01 9.397233635488639880e-01 6.385326768948389464e-01 9.397233635490818138e-01
9.447499999999999787e-01 6.371746033014509258e-01 9.397233635488646541e-01 6.371746033014878963e-01 9.397233635490818138e-01
9.452500000000000346e-01 6.358282288582636221e-01 9.397233635488649872e-01 6.358282288583084751e-01 9.397233635490818138e-01
9.457500000000000906e-01 6.344935531705646614e-01 9.397233635488643211e-01 6.344935531706025200e-01 9.397233635490818138e-01
9.462500000000000355e-01 6.331705754737448899e-01 9.397233635488648762e-01 6.331705754737776415e-01 9.397233635490818138e-01
9.467499999999999805e-01 6.318592946432192159e-01 9.397233635488650982e-01 6.318592946432582957e-01 9.397233635490818138e-01
9.472500000000000364e-01 6.305597092042769525e-01 9.397233635488653203e-01 6.305597092043194740e-01 9.397233635490818138e-01
9.477500000000000924e-01 6.292718173417919392e-01 9.397233635488649872e-01 6.292718173418292427e-01 9.397233635490818138e-01
9.482500000000000373e-01 6.279956169098676044e-01 9.397233635488648762e-01 6.279956169099036867e-01 9.397233635490818138e-01
9.487499999999999822e-01 6.267311054414261839e-01 9.397233635488648762e-01 6.267311054414625993e-01 9.397233635490818138e-01
9.492500000000000382e-01 6.254782801576737050e-01 9.397233635488639880e-01 6.254782801577145612e-01 9.397233635490818138e-01
9.497500000000000941e-01 6.242371379775051299e-01 9.397233635488639880e-01 6.242371379775393248e-01 9.397233635490818138e-01
9.502500000000000391e-01 6.230076755267456301e-01 9.397233635488640990e-01 6.230076755267812683e-01 9.397233635490818138e-01
9.507499999999999840e-01 6.217898891474060719e-01 9.397233635488643211e-01 6.217898891474482603e-01 9.397233635490818138e-01
9.512500000000000400e-01 6.205837749067895093e-01 9.397233635488639880e-01 6.205837749068341402e-01 9.397233635490818138e-01
9.517500000000000959e-01 6.193893286064912074e-01 9.397233635488644321e-01 6.193893286065306203e-01 9.397233635490818138e-01
9.522500000000000409e-01 6.182065457913226147e-01 9.397233635488649872e-01 6.182065457913608064e-01 9.397233635490818138e-01
9.527499999999999858e-01 6.170354217581713874e-01 9.397233635488655423e-01 6.170354217582147971e-01 9.397233635490818138e-01
9.532500000000000417e-01 6.158759515647403981e-01 9.397233635488660974e-01 6.158759515647933558e-01 9.397233635490818138e-01
9.537500000000000977e-01 6.147281300382098079e-01 9.397233635488673187e-01 6.147281300382598790e-01 9.397233635490818138e-01
9.542500000000000426e-01 6.135919517837560289e-01 9.397233635488687620e-01 6.135919517838016590e-01 9.397233635490818138e-01
9.547499999999999876e-01 6.124674111930460407e-01 9.397233635488709824e-01 6.124674111930945575e-01 9.397233635490818138e-01
9.552500000000000435e-01 6.113545024526298999e-01 9.397233635488728698e-01 6.113545024526768623e-01 9.397233635490818138e-01
9.557500000000000995e-01 6.102532195521833680e-01 9.397233635488757564e-01 6.102532195522288871e-01 9.397233635490818138e-01
9.562500000000000444e-01 6.091635562927213421e-01 9.397233635488784209e-01 6.091635562927636416e-01 9.397233635490818138e-01
9.567499999999999893e-01 6.080855062946722844e-01 9.397233635488804193e-01 6.080855062947209122e-01 9.397233635490818138e-01
9.572500000000000453e-01 6.070190630059083547e-01 9.397233635488808634e-01 6.070190630059666415e-01 9.397233635490818138e-01
9.577500000000001013e-01 6.059642197096497540e-01 9.397233635488806414e-01 6.059642197097062644e-01 9.397233635490818138e-01
9.582500000000000462e-01 6.049209695322494973e-01 9.397233635488809744e-01 6.049209695322986802e-01 9.397233635490818138e-01
9.587499999999999911e-01 6.038893054509271163e-01 9.397233635488813075e-01 6.038893054509807401e-01 9.397233635490818138e-01
9.592500000000000471e-01 6.028692203014394124e-01 9.397233635488809744e-01 6.028692203014985873e-01 9.397233635490818138e-01
9.597499999999999920e-01 6.018607067855958892e-01 9.397233635488803083e-01 6.018607067856488468e-01 9.397233635490818138e-01
9.602500000000000480e-01 6.008637574786671598e-01 9.397233635488803083e-01 6.008637574787216717e-01 9.397233635490818138e-01
9.607499999999999929e-01 5.998783648367986832e-01 9.397233635488797532e-01 5.998783648368595234e-01 9.397233635490818138e-01
9.612499999999999378e-01 5.989045212042640731e-01 9.397233635488800862e-01 5.989045212043223598e-01 9.397233635490818138e-01
9.617499999999999938e-01 5.979422188205933963e-01 9.397233635488801973e-01 5.979422188206543476e-01 9.397233635490818138e-01
9.622500000000000497e-01 5.969914498277124615e-01 9.397233635488796422e-01 5.969914498277691939e-01 9.397233635490818138e-01
9.627499999999999947e-01 5.960522062768893736e-01 9.397233635488789760e-01 5.960522062769399998e-01 9.397233635490818138e-01
9.632499999999999396e-01 5.951244801356467828e-01 9.397233635488783099e-01 5.951244801356966319e-01 9.397233635490818138e-01
9.637499999999999956e-01 5.942082632945833165e-01 9.397233635488773107e-01 5.942082632946389387e-01 9.397233635490818138e-01
9.642500000000000515e-01 5.933035475741041953e-01 9.397233635488775327e-01 5.933035475741544884e-01 9.397233635490818138e-01
9.647499999999999964e-01 5.924103247310044118e-01 9.397233635488775327e-01 5.924103247310498199e-01 9.397233635490818138e-01
9.652499999999999414e-01 5.915285864650356995e-01 9.397233635488775327e-01 5.915285864650875469e-01 9.397233635490818138e-01
9.657499999999999973e-01 5.906583244253869047e-01 9.397233635488775327e-01 5.906583244254467457e-01 9.397233635490818138e-01
9.662500000000000533e-01 5.897995302170242482e-01 9.397233635488773107e-01 5.897995302170795373e-01 9.397233635490818138e-01
9.667499999999999982e-01 5.889521954069407705e-01 9.397233635488776438e-01 5.889521954069928400e-01 9.397233635490818138e-01
9.672499999999999432e-01 5.881163115303733591e-01 9.397233635488779768e-01 5.881163115304346434e-01 9.397233635490818138e-01
9.677499999999999991e-01 5.872918700969259609e-01 9.397233635488783099e-01 5.872918700969936845e-01 9.397233635490818138e-01
9.682500000000000551e-01 5.864788625965606794e-01 9.397233635488780878e-01 5.864788625966214086e-01 9.397233635490818138e-01
9.687500000000000000e-01 5.856772805054977216e-01 9.397233635488783099e-01 5.856772805055548980e-01 9.397233635490818138e-01
9.692499999999999449e-01 5.848871152921051308e-01 9.397233635488783099e-01 5.848871152921637506e-01 9.397233635490818138e-01
9.697500000000000009e-01 5.841083584226379743e-01 9.397233635488783099e-01 5.841083584227066972e-01 9.397233635490818138e-01
9.702500000000000568e-01 5.833410013669411143e-01 9.397233635488779768e-01 5.833410013670081717e-01 9.397233635490818138e-01
9.707500000000000018e-01 5.825850356039836697e-01 9.397233635488775327e-01 5.825850356040462863e-01 9.397233635490818138e-01
9.712499999999999467e-01 5.818404526273939226e-01 9.397233635488777548e-01 5.818404526274586486e-01 9.397233635490818138e-01
9.717500000000000027e-01 5.811072439508987442e-01 9.397233635488775327e-01 5.811072439509684662e-01 9.397233635490818138e-01
9.722500000000000586e-01 5.803854011136535540e-01 9.397233635488773107e-01 5.803854011137211666e-01 9.397233635490818138e-01
9.727500000000000036e-01 5.796749156854836826e-01 9.397233635488768666e-01 5.796749156855455221e-01 9.397233635490818138e-01
9.732499999999999485e-01 5.789757792720662266e-01 9.397233635488763115e-01 5.789757792721339502e-01 9.397233635490818138e-01
9.737500000000000044e-01 5.782879835200556151e-01 9.397233635488763115e-01 5.782879835201296670e-01 9.397233635490818138e-01
9.742500000000000604e-01 5.776115201220917150e-01 9.397233635488763115e-01 5.776115201221546647e-01 9.397233635490818138e-01
9.747500000000000053e-01 5.769463808216824807e-01 9.397233635488773107e-01 5.769463808217354384e-01 9.397233635490818138e-01
9.752499999999999503e-01 5.762925574181086974e-01 9.397233635488783099e-01 5.762925574181665400e-01 9.397233635490818138e-01
9.757500000000000062e-01 5.756500417712211437e-01 9.397233635488791981e-01 5.756500417712860918e-01 9.397233635490818138e-01
9.762500000000000622e-01 5.750188258061186275e-01 9.397233635488790870e-01 5.750188258061782465e-01 9.397233635490818138e-01
9.767500000000000071e-01 5.743989015177359825e-01 9.397233635488788650e-01 5.743989015177920487e-01 9.397233635490818138e-01
9.772499999999999520e-01 5.737902609754288452e-01 9.397233635488784209e-01 5.737902609754919059e-01 9.397233635490818138e-01
9.777500000000000080e-01 5.731928963274532940e-01 9.397233635488781989e-01 5.731928963275253475e-01 9.397233635490818138e-01
9.782500000000000639e-01 5.726067998053464558e-01 9.397233635488781989e-01 5.726067998054136243e-01 9.397233635490818138e-01
9.787500000000000089e-01 5.720319637282149650e-01 9.397233635488779768e-01 5.720319637282746950e-01 9.397233635490818138e-01
9.792499999999999538e-01 5.714683805069999956e-01 9.397233635488778658e-01 5.714683805070678302e-01 9.397233635490818138e-01
9.797500000000000098e-01 5.709160426486843409e-01 9.397233635488783099e-01 5.709160426487580597e-01 9.397233635490818138e-01
9.802500000000000657e-01 5.703749427603566069e-01 9.397233635488786430e-01 5.703749427604180022e-01 9.397233635490818138e-01
9.807500000000000107e-01 5.698450735531961353e-01 9.397233635488794201e-01 5.698450735532485378e-01 9.397233635490818138e-01
9.812499999999999556e-01 5.693264278464769124e-01 9.397233635488797532e-01 5.693264278465330896e-01 9.397233635490818138e-01
9.817500000000000115e-01 5.688189985714477981e-01 9.397233635488803083e-01 5.688189985715144115e-01 9.397233635490818138e-01
9.822500000000000675e-01 5.683227787751432558e-01 9.397233635488801973e-01 5.683227787752059834e-01 9.397233635490818138e-01
9.827500000000000124e-01 5.678377616240741776e-01 9.397233635488796422e-01 5.678377616241283565e-01 9.397233635490818138e-01
9.832499999999999574e-01 5.673639404079269255e-01 9.397233635488796422e-01 5.673639404079809934e-01 9.397233635490818138e-01
9.837500000000000133e-01 5.669013085431747756e-01 9.397233635488801973e-01 5.669013085432348387e-01 9.397233635490818138e-01
9.842500000000000693e-01 5.664498595766147560e-01 9.397233635488806414e-01 5.664498595766708222e-01 9.397233635490818138e-01
9.847500000000000142e-01 5.660095871887907970e-01 9.397233635488815295e-01 5.660095871888375374e-01 9.397233635490818138e-01
9.852499999999999591e-01 5.655804851973919023e-01 9.397233635488816406e-01 5.655804851974457481e-01 9.397233635490818138e-01
9.857500000000000151e-01 5.651625475606383286e-01 9.397233635488815295e-01 5.651625475606986138e-01 9.397233635490818138e-01
9.862500000000000711e-01 5.647557683804984574e-01 9.397233635488815295e-01 5.647557683805515261e-01 9.397233635490818138e-01
9.867500000000000160e-01 5.643601419058643653e-01 9.397233635488818626e-01 5.643601419059074420e-01 9.397233635490818138e-01
9.872499999999999609e-01 5.639756625357030817e-01 9.397233635488825287e-01 5.639756625357488229e-01 9.397233635490818138e-01
9.877500000000000169e-01 5.636023248221500026e-01 9.397233635488828618e-01 5.636023248222031823e-01 9.397233635490818138e-01
9.882500000000000728e-01 5.632401234734911721e-01 9.397233635488821957e-01 5.632401234735413542e-01 9.397233635490818138e-01
9.887500000000000178e-01 5.628890533570811705e-01 9.397233635488819736e-01 5.628890533571193622e-01 9.397233635490818138e-01
9.892499999999999627e-01 5.625491095022068233e-01 9.397233635488819736e-01 5.625491095022543409e-01 9.397233635490818138e-01
9.897500000000000187e-01 5.622202871029713389e-01 9.397233635488819736e-01 5.622202871030305138e-01 9.397233635490818138e-01
9.902500000000000746e-01 5.619025815210033636e-01 9.397233635488821957e-01 5.619025815210590968e-01 9.397233635490818138e-01
9.907500000000000195e-01 5.615959882881056409e-01 9.397233635488819736e-01 5.615959882881590426e-01 9.397233635490818138e-01
9.912499999999999645e-01 5.613005031089317587e-01 9.397233635488813075e-01 5.613005031089913777e-01 9.397233635490818138e-01
9.917500000000000204e-01 5.610161218635567604e-01 9.397233635488813075e-01 5.610161218636242619e-01 9.397233635490818138e-01
9.922500000000000764e-01 5.607428406099850271e-01 9.397233635488815295e-01 5.607428406100442020e-01 9.397233635490818138e-01
9.927500000000000213e-01 5.604806555865534667e-01 9.397233635488813075e-01 5.604806555866027606e-01 9.397233635490818138e-01
9.932499999999999662e-01 5.602295632143590165e-01 9.397233635488814185e-01 5.602295632144100868e-01 9.397233635490818138e-01
9.937500000000000222e-01 5.599895600996063205e-01 9.397233635488809744e-01 5.599895600996642742e-01 9.397233635490818138e-01
9.942500000000000782e-01 5.597606430358756935e-01 9.397233635488813075e-01 5.597606430359277629e-01 9.397233635490818138e-01
9.947500000000000231e-01 5.595428090062988247e-01 9.397233635488804193e-01 5.595428090063444548e-01 9.397233635490818138e-01
9.952499999999999680e-01 5.593360551857602392e-01 9.397233635488816406e-01 5.593360551858045371e-01 9.397233635490818138e-01
9.957500000000000240e-01 5.591403789429847393e-01 9.397233635488797532e-01 5.591403789430429150e-01 9.397233635490818138e-01
9.962500000000000799e-01 5.589557778426433865e-01 9.397233635488823067e-01 5.589557778426944568e-01 9.397233635490818138e-01
9.967500000000000249e-01 5.587822496472398814e-01 9.397233635488770886e-01 5.587822496472829581e-01 9.397233635490818138e-01
9.972499999999999698e-01 5.586197923191209558e-01 9.397233635488866366e-01 5.586197923191656978e-01 9.397233635490818138e-01
9.977500000000000258e-01 5.584684040223627521e-01 9.397233635488715375e-01 5.584684040224172641e-01 9.397233635490818138e-01
9.982500000000000817e-01 5.583280831246125731e-01 9.397233635489001813e-01 5.583280831246570930e-01 9.397233635490818138e-01
9.987500000000000266e-01 5.581988281987816380e-01 9.397233635488544401e-01 5.581988281988338185e-01 9.397233635490818138e-01
9.992499999999999716e-01 5.580806380249156984e-01 9.397233635489359305e-01 5.580806380249486720e-01 9.397233635490818138e-01
9.997500000000000275e-01 5.579735115916514276e-01 9.397233635488018155e-01 5.579735115917277000e-01 9.397233635490818138e-01
